x,AP1_0-20,AP1_100-120,AP1_20-40,AP1_50-69,AP1_80-100,AP2_0-20,AP2_100-120,AP2_20-40,AP2_50-69,AP2_80-100,AP3_0-20,AP3_100-119,AP3_20-40,AP3_50-69,AP3_80-100,AP4_0-20,AP4_20-40,AP4_50-70,AP4_80-99,AP4_99-120,AT1_0-40,AT1_143-163,AT1_163-183,AT1_63-83,AT1_83-103,AT2_0-40,AT2_123-143,AT2_143-163,AT2_43-63,AT2_63-83,AT3_0-40,AT3_140-160,AT3_160-180,AT3_60-80,AT3_80-100,AT5_0-40,AT5_130-150,AT5_150-170,AT5_50-70,AT5_70-90
599.7592911,0.413199693,0.50547111,0.452184796,0.547289073,0.421492308,0.340260327,0.560725093,0.476106465,0.448692709,0.583672345,0.507788301,0.46218282,0.433942765,0.419374555,0.457020909,0.417707622,0.478134274,0.515136361,0.648708284,0.595340371,0.590128243,0.482434094,0.471236199,0.5474509,0.476858795,0.510013402,0.486727834,0.627428055,0.45619759,0.421537966,0.603694916,0.606405556,0.451919705,0.361105621,0.52601558,0.409947127,0.643336356,0.53144002,0.471198142,0.471424907
601.6877775,0.413567871,0.505242467,0.452107877,0.546794176,0.421023607,0.34008956,0.560598731,0.476012826,0.448485255,0.58421427,0.508222461,0.462034464,0.433704644,0.418928087,0.456650376,0.417388499,0.477811426,0.515029728,0.648393631,0.595299065,0.589762628,0.482098699,0.470519364,0.547451854,0.476808548,0.51014483,0.486687094,0.627255797,0.455888629,0.421226084,0.603509068,0.606740534,0.451522648,0.360777706,0.525664032,0.410044998,0.643776298,0.531602383,0.470659763,0.471252948
603.616264,0.413532406,0.504993081,0.452091694,0.54625684,0.420805037,0.339908421,0.560595334,0.476168245,0.448442459,0.58460921,0.508203387,0.462626398,0.434090614,0.418929964,0.456670344,0.417152554,0.477378309,0.514689505,0.64775455,0.595163882,0.590097129,0.482041776,0.469756365,0.547110319,0.47706902,0.509938359,0.486723691,0.626892328,0.455311596,0.421352774,0.603608906,0.606591463,0.45111984,0.360623777,0.525732219,0.410524786,0.644511878,0.531367481,0.470461339,0.471002281
605.5447505,0.413631141,0.50502032,0.452424884,0.546302199,0.420896053,0.339764595,0.560790956,0.476249069,0.448432356,0.584661305,0.508214951,0.46279031,0.434461176,0.418994904,0.456913352,0.417428672,0.477638185,0.514256954,0.648813844,0.595487177,0.590724349,0.481725097,0.469633222,0.546530187,0.477273256,0.510118842,0.486742705,0.627011895,0.455004752,0.421277165,0.603847682,0.606514037,0.451099813,0.360367596,0.525742829,0.410857856,0.644658804,0.531864941,0.4708983,0.470648617
607.4732369,0.414008707,0.505482912,0.452984929,0.546347082,0.421172351,0.339410961,0.561504483,0.475990742,0.448684841,0.584997058,0.508243084,0.462823898,0.434549063,0.419103682,0.45730412,0.417195648,0.478063464,0.514247835,0.650079966,0.595702946,0.591585457,0.481414616,0.47007671,0.54664439,0.477329254,0.511259794,0.486549616,0.627445757,0.454464555,0.421239674,0.604600668,0.606401503,0.451505333,0.360008508,0.525930285,0.411237329,0.64532268,0.532476187,0.471891731,0.470386446
609.4017234,0.414056808,0.505396724,0.452856779,0.545785427,0.421129465,0.338825434,0.561375558,0.475134015,0.448791146,0.585492373,0.508072615,0.462703764,0.434189171,0.418867826,0.456966072,0.416895479,0.477927089,0.514206946,0.649908721,0.595396817,0.591699898,0.481356829,0.469572484,0.54652822,0.476754189,0.511285543,0.486415297,0.627056837,0.453403622,0.421082288,0.604707956,0.606001079,0.451389879,0.359406054,0.525418282,0.4112221,0.645586967,0.53244102,0.472114652,0.470021576
611.3302099,0.413413823,0.504444301,0.451886803,0.545007825,0.420382172,0.338024944,0.560175359,0.474138975,0.448280543,0.585142672,0.507609844,0.462233454,0.433162242,0.418252289,0.456235588,0.416522861,0.477351427,0.51357758,0.649119735,0.59508121,0.590829968,0.480929136,0.468260586,0.545798063,0.475673169,0.510309398,0.485886306,0.625759304,0.452650219,0.420305997,0.603489578,0.605351746,0.450594217,0.358605355,0.524451315,0.41019395,0.644947529,0.531931698,0.471116751,0.469578087
613.2586963,0.413259625,0.504299998,0.451621234,0.544824421,0.420083523,0.337763667,0.560198247,0.474250346,0.448430389,0.585024238,0.507674158,0.462423027,0.433079749,0.41776529,0.456293195,0.416420221,0.477539003,0.51367873,0.649413824,0.595321655,0.589995146,0.480885118,0.468079597,0.545774698,0.475341588,0.510135889,0.485849828,0.625665247,0.45265308,0.420027643,0.603138626,0.605460882,0.450628459,0.358385205,0.524636805,0.409999579,0.645465434,0.531930923,0.470739365,0.469490528
615.1871828,0.412940711,0.50393945,0.450850457,0.543689251,0.41949448,0.337117672,0.559782982,0.473625958,0.447752565,0.584869683,0.507102132,0.461875379,0.432742506,0.416612655,0.455836833,0.415937245,0.477353483,0.513135493,0.648862541,0.594667017,0.58853513,0.48007527,0.467306048,0.544793487,0.474796563,0.508887172,0.485619277,0.625193596,0.452064395,0.419358522,0.602052987,0.604988396,0.450053692,0.357781082,0.524023175,0.408952415,0.645244718,0.531301618,0.469571054,0.468878269
617.1156693,0.41249752,0.503353775,0.450618356,0.542987585,0.419266671,0.336322129,0.559466183,0.472798765,0.447286874,0.585199714,0.506661355,0.461193502,0.43265751,0.415711284,0.45530346,0.415585607,0.476810485,0.513023973,0.648758233,0.594864964,0.587644041,0.479675502,0.466819376,0.544330955,0.474991977,0.507621169,0.485439807,0.62474376,0.45116809,0.419339776,0.600510359,0.604553998,0.449717879,0.357506722,0.523728609,0.408076286,0.644611716,0.530712843,0.469044596,0.468243986
619.0441557,0.411333412,0.502802849,0.449530572,0.54224962,0.418770105,0.335976392,0.558856785,0.472225547,0.446359247,0.584995329,0.505894125,0.460628211,0.431662589,0.41500029,0.454933226,0.415026367,0.476166904,0.51227349,0.64801693,0.594226539,0.586313069,0.478521049,0.465930313,0.543500185,0.474015981,0.506237507,0.484482139,0.624163806,0.450160801,0.418936074,0.598788917,0.603380561,0.449092239,0.356751978,0.523160577,0.407384515,0.643189967,0.530327678,0.467918426,0.467466354
620.9726422,0.409974575,0.502415061,0.447781056,0.541738629,0.418200582,0.335635275,0.558094919,0.471815914,0.445343047,0.584549606,0.504910409,0.460404187,0.430215836,0.414591193,0.454488009,0.414131403,0.475508213,0.510955393,0.646832347,0.593210161,0.584582984,0.477419734,0.46504721,0.542661369,0.472757518,0.50428313,0.483484656,0.623318076,0.449389368,0.418322086,0.596980035,0.602973938,0.448213935,0.355933905,0.522377431,0.405556828,0.642650008,0.530412614,0.466267526,0.466924638
622.9011286,0.40864113,0.501353979,0.44579792,0.541102111,0.417004377,0.334558636,0.556328773,0.470845342,0.444183111,0.583295643,0.503358126,0.459605277,0.428605497,0.413534284,0.453095496,0.412979931,0.474575698,0.509139836,0.644831002,0.5916664,0.581546485,0.476631075,0.463829726,0.541381359,0.471385628,0.501131535,0.482497156,0.622032762,0.4484182,0.417246372,0.593718052,0.602237403,0.446885079,0.354600698,0.521541238,0.402848214,0.641658902,0.529394329,0.463759333,0.465953916
624.8296151,0.407030016,0.499864876,0.443413824,0.539826334,0.415638864,0.333504111,0.55435884,0.469643593,0.442688823,0.581811547,0.501748443,0.458332539,0.426708549,0.412041783,0.451716483,0.411694646,0.47374472,0.507318974,0.642283976,0.589669883,0.578229129,0.47499305,0.462112367,0.539562821,0.469765484,0.498134047,0.48138994,0.62051177,0.447227001,0.416179031,0.590206623,0.600590765,0.445302248,0.352867603,0.52039814,0.400039673,0.639934719,0.527711987,0.460846215,0.464916468
626.7581016,0.405516773,0.499046534,0.441776574,0.539191425,0.41537559,0.332992196,0.553352892,0.468775421,0.441980988,0.581139505,0.500544369,0.457699448,0.425383687,0.41125977,0.451050043,0.410765022,0.473138899,0.506531,0.641239107,0.588831782,0.575607181,0.473678857,0.460938454,0.538346589,0.468802094,0.495747507,0.480381966,0.61969465,0.446165234,0.415452868,0.587613821,0.599911928,0.444880426,0.352206081,0.519729316,0.397739291,0.639500022,0.526876032,0.458851069,0.464155376
628.686588,0.40370506,0.498262912,0.439706951,0.537909806,0.414122492,0.332304418,0.551616311,0.467228174,0.440526456,0.580060959,0.498659343,0.456575334,0.423415005,0.410027236,0.44990465,0.409707308,0.472227097,0.50489825,0.639845073,0.587397873,0.572787285,0.472317696,0.459334254,0.536499321,0.466826797,0.492702961,0.479012966,0.618688643,0.445047975,0.413736999,0.584581733,0.5982638,0.444001526,0.350858182,0.518783808,0.395235002,0.637895107,0.52580446,0.456478149,0.462709635
630.6150745,0.402160883,0.496950895,0.43814978,0.53668493,0.412636995,0.331434667,0.550102293,0.466134429,0.439207762,0.579342723,0.497312874,0.455539435,0.421759903,0.408530116,0.448807895,0.408527911,0.471183747,0.503584206,0.638720274,0.586314559,0.571023881,0.471580237,0.458304286,0.534917414,0.465390474,0.489775032,0.478251547,0.61760217,0.444075197,0.412433088,0.582055986,0.596849561,0.442854911,0.349663317,0.517973959,0.393378675,0.636014342,0.524988055,0.454839677,0.461688042
632.543561,0.400693655,0.494962454,0.436533868,0.535484374,0.4112688,0.330386162,0.548493266,0.465096682,0.437822163,0.578231454,0.495663464,0.454381317,0.42008844,0.407044649,0.447505593,0.407172352,0.469463557,0.501942396,0.636947393,0.584953249,0.568926692,0.470228583,0.457035422,0.533096313,0.463875234,0.486893505,0.476937175,0.615879834,0.44290182,0.41091001,0.579242468,0.595378935,0.441695094,0.348667026,0.51679194,0.391370982,0.634229541,0.523909688,0.452722818,0.460563481
634.4720474,0.399602205,0.493756622,0.434915453,0.534376621,0.410437763,0.329369545,0.547052324,0.463751554,0.436439574,0.577176392,0.494407654,0.453259587,0.41885218,0.405829251,0.446042806,0.40639019,0.468159586,0.500377774,0.635228574,0.583872557,0.566700995,0.469010741,0.45596683,0.531382263,0.462476999,0.484766126,0.475871027,0.614573658,0.441817433,0.409791201,0.57669878,0.594219506,0.440747291,0.34755379,0.515687823,0.389402688,0.632953227,0.522690892,0.450764745,0.459256738
636.4005339,0.398037314,0.492490709,0.432799339,0.532617688,0.409375906,0.327924699,0.545191586,0.461897224,0.434690267,0.575604558,0.492888868,0.45187521,0.417346597,0.404133767,0.444093734,0.404722661,0.466819078,0.498711348,0.633091152,0.58263886,0.56402415,0.467929125,0.454418868,0.529221654,0.460606962,0.481953353,0.47452718,0.613499284,0.440145403,0.40842995,0.574048877,0.592870235,0.439341187,0.346072316,0.513883412,0.3871997,0.631187975,0.520969987,0.44869259,0.45744893
638.3290204,0.395860136,0.490842015,0.430509388,0.530761003,0.407626688,0.32665062,0.543277621,0.460267276,0.433394521,0.574215353,0.490905464,0.450348288,0.415320933,0.402261227,0.442568511,0.40249297,0.465140909,0.497122556,0.630760193,0.581110477,0.561276019,0.466516048,0.452697426,0.527480721,0.458765179,0.479120523,0.472994864,0.612195075,0.438469768,0.406926602,0.571114957,0.591260195,0.437905669,0.344421983,0.512125611,0.384671926,0.62934345,0.519423425,0.446652561,0.455970466
640.2575068,0.39383024,0.488979071,0.428767711,0.529674232,0.40620324,0.325405836,0.541539848,0.458960444,0.432645231,0.573588848,0.489216357,0.449223429,0.413606673,0.400555849,0.441429734,0.40118888,0.463607311,0.495751083,0.629509389,0.580212831,0.559049606,0.465323538,0.451581359,0.525924981,0.457578033,0.476698369,0.471775979,0.610700905,0.437066525,0.40558812,0.56818074,0.590120316,0.436817437,0.343217313,0.510998785,0.382922143,0.628037214,0.518170238,0.444713056,0.455048025
642.1859933,0.391966134,0.486924857,0.426423848,0.528039038,0.404765874,0.323953599,0.539801002,0.457238436,0.430843949,0.572146416,0.487310946,0.448018312,0.411657155,0.398799807,0.439637631,0.399844348,0.462121665,0.493475288,0.627922416,0.578719139,0.556736767,0.46353209,0.449814081,0.523731947,0.455526948,0.47367385,0.470116854,0.608897328,0.435384899,0.403600365,0.56535238,0.588306487,0.435301751,0.341848016,0.509328008,0.381150573,0.626124561,0.516621888,0.442209691,0.453647524
644.1144798,0.390480101,0.485256344,0.424499333,0.526853263,0.403595209,0.323003918,0.538103044,0.455579877,0.429309726,0.570694387,0.486175537,0.446643323,0.410090774,0.397246987,0.437742025,0.398451626,0.460671186,0.491886556,0.6267156,0.577143133,0.554524839,0.462067932,0.448261827,0.522265911,0.454014212,0.470470428,0.469028205,0.607387781,0.43373844,0.40184781,0.562604189,0.587063253,0.433996975,0.340691984,0.507993042,0.379256606,0.624436855,0.514929295,0.440228254,0.452291876
646.0429662,0.388815492,0.483284682,0.422598302,0.525630176,0.402180135,0.322013885,0.535564661,0.453837663,0.427870452,0.569282413,0.484948069,0.444877863,0.408424318,0.39534089,0.435938805,0.396946192,0.458839774,0.490177989,0.62479198,0.575830877,0.552122831,0.460532576,0.446533531,0.520512938,0.452473819,0.467414439,0.467602104,0.605574191,0.432031691,0.39995259,0.559382021,0.585648537,0.432463259,0.339483768,0.506591797,0.37724483,0.622622192,0.513117671,0.437956333,0.450737476
647.9714527,0.387604475,0.481877923,0.421402633,0.524774194,0.401322246,0.321175337,0.533930719,0.452836633,0.427189529,0.568641007,0.484254748,0.443739265,0.407626688,0.393950641,0.434685439,0.396096885,0.457563937,0.489239246,0.623543084,0.575620234,0.550011277,0.459498942,0.445264637,0.51939863,0.451586217,0.465070963,0.466641337,0.604153216,0.430635929,0.398729593,0.556968749,0.584495544,0.431595117,0.339206815,0.505699694,0.375665516,0.621578097,0.51204437,0.436408043,0.449825764
649.8999392,0.38628751,0.480417103,0.419715345,0.523603797,0.399896652,0.320333898,0.532102585,0.451536417,0.425762028,0.567304194,0.483183295,0.44233954,0.406365812,0.392631918,0.433220655,0.394920945,0.456320226,0.487547129,0.622433484,0.574260592,0.547590077,0.457883,0.443672448,0.517999351,0.450088769,0.462654054,0.465298742,0.602388144,0.429352224,0.397366583,0.554892302,0.582613468,0.430391908,0.338350981,0.504492581,0.373921096,0.620021462,0.510609686,0.434215069,0.448712766
651.8284256,0.385044485,0.478960633,0.417940438,0.521983922,0.39835608,0.319510996,0.530268013,0.450159431,0.424182594,0.565677464,0.482064754,0.44089669,0.404953539,0.391343802,0.432000905,0.393567204,0.455073893,0.485686988,0.620944023,0.572687209,0.545886815,0.456353784,0.442150742,0.516568482,0.44832629,0.461008579,0.463809431,0.600770295,0.428269804,0.396283418,0.553460777,0.580787778,0.429139733,0.337051988,0.503317595,0.372670472,0.618744373,0.509576201,0.43251887,0.447431862
653.7569121,0.384620786,0.477838933,0.417266399,0.521348655,0.397704184,0.318922162,0.529030085,0.449261069,0.423333406,0.564761162,0.481710762,0.440150827,0.404588372,0.390532017,0.431144446,0.393285692,0.454157293,0.485253841,0.620093048,0.57220757,0.545164287,0.455604136,0.441305727,0.515682995,0.447583169,0.460125715,0.46294722,0.599502027,0.427129388,0.395525575,0.552561939,0.580084383,0.428349167,0.336705238,0.502768159,0.372289628,0.617997885,0.508841991,0.432048887,0.446559966
655.6853986,0.384599626,0.476798654,0.41634652,0.520645738,0.396638095,0.318474084,0.528005183,0.448206812,0.421968669,0.563648224,0.48114869,0.439186394,0.403977036,0.389809966,0.430224359,0.392935067,0.453354836,0.483782768,0.619249284,0.571063697,0.545110583,0.4542436,0.440175146,0.514741421,0.446451068,0.460174769,0.462009996,0.598105371,0.426206321,0.394416571,0.552204072,0.57881093,0.427166998,0.335865855,0.501886368,0.372147143,0.616771817,0.507912278,0.431438953,0.445666611
657.613885,0.384571284,0.475697458,0.416284591,0.51979059,0.395902038,0.318003029,0.527232707,0.447394013,0.421300232,0.56328851,0.481245607,0.438028663,0.403914273,0.389204264,0.429272979,0.39231205,0.452462524,0.482734114,0.619225502,0.570358813,0.545950413,0.453451574,0.438942999,0.513908267,0.445786297,0.46089375,0.461659402,0.596862018,0.425082386,0.393527955,0.55284375,0.578045309,0.426495135,0.33542183,0.501089513,0.372989565,0.616104424,0.507121563,0.431669593,0.444827914
659.5423715,0.384346664,0.474417835,0.415978551,0.518678606,0.3949579,0.317519546,0.52646786,0.446709663,0.42000407,0.56283164,0.480738848,0.437044144,0.403642416,0.388477802,0.428420156,0.391616762,0.451655477,0.481725186,0.618455291,0.569275022,0.547524214,0.452304155,0.437441289,0.512655258,0.444697052,0.462440014,0.46051091,0.595542908,0.423831433,0.39242056,0.554648995,0.576870799,0.425387979,0.33480075,0.500208139,0.373617947,0.615027249,0.506765902,0.432136208,0.443676203
661.470858,0.384707183,0.473924428,0.416081667,0.517991126,0.394333839,0.317070752,0.526062369,0.446165264,0.419164896,0.562406063,0.48037672,0.436487317,0.403936088,0.387870729,0.427989393,0.391215682,0.451349735,0.481154889,0.617937565,0.568778932,0.54916513,0.451543212,0.436924845,0.512042522,0.444183856,0.464659661,0.45964089,0.594839156,0.422948718,0.391700268,0.556866765,0.576151192,0.424640834,0.334460944,0.499656916,0.374755263,0.614467621,0.506722569,0.43347472,0.443115085
663.3993444,0.384599358,0.473145515,0.415730298,0.51706624,0.392997891,0.316622317,0.524896324,0.445310742,0.417853057,0.560811877,0.479563564,0.435321569,0.403605938,0.387344122,0.427286297,0.390318602,0.450805128,0.479905188,0.616629064,0.567871988,0.550019205,0.450084418,0.435812861,0.510904133,0.443175226,0.466160595,0.458540171,0.59352535,0.421949118,0.390678525,0.558095336,0.574691355,0.423449486,0.333378762,0.498487204,0.37572813,0.613129914,0.505964935,0.433718443,0.44231993
665.3278309,0.384721816,0.471030653,0.417292804,0.517288566,0.393533498,0.314770997,0.522296846,0.443964988,0.419259608,0.561315835,0.481115162,0.433241785,0.405576676,0.385583282,0.425273091,0.390273899,0.448926657,0.481329978,0.61793673,0.568718493,0.550019741,0.450521469,0.43532443,0.509959102,0.444290459,0.465127259,0.459223837,0.592307925,0.420008332,0.389441133,0.557597756,0.575015724,0.424256921,0.334588379,0.497748256,0.377859414,0.613652885,0.503433228,0.435355097,0.442014992
667.2563174,0.386168957,0.467495173,0.424969912,0.521035671,0.399365008,0.310629576,0.517231345,0.441542804,0.427260131,0.568211734,0.488555908,0.430567414,0.414135039,0.382180989,0.421035618,0.39273122,0.444873869,0.489829451,0.625895083,0.575215757,0.548615813,0.456261426,0.437216401,0.509925961,0.45127371,0.45989266,0.464014947,0.591269851,0.415389419,0.388257295,0.554445982,0.581513703,0.430113286,0.34265852,0.498696744,0.384767711,0.617834151,0.497681439,0.441576928,0.442824274
669.1848038,0.384724706,0.466410637,0.422582656,0.519550264,0.397718728,0.310746342,0.515991509,0.440479636,0.424308032,0.566711307,0.486560166,0.429937929,0.412228525,0.38158226,0.420169294,0.391800761,0.444016904,0.486831874,0.62277776,0.573374867,0.548047543,0.453906953,0.434831023,0.508295059,0.448808998,0.459498048,0.461727023,0.589262784,0.41460523,0.387382179,0.553679824,0.579580903,0.428146303,0.341207147,0.497400463,0.3831864,0.614639044,0.497748047,0.439529181,0.44109264
671.1132903,0.381391793,0.46632725,0.413088292,0.513423681,0.390216768,0.312356174,0.516727567,0.440172076,0.414270878,0.557627439,0.477974355,0.429485351,0.402666092,0.381762058,0.420911551,0.388040692,0.444839418,0.476065755,0.612306893,0.564745307,0.546834052,0.446138918,0.429623932,0.505498528,0.439747006,0.461490124,0.455052257,0.587189853,0.416187048,0.385837585,0.553660154,0.570625186,0.420336425,0.332292765,0.494070739,0.374662459,0.607518435,0.500180483,0.431393266,0.438028097
673.0417768,0.378974855,0.464240521,0.409129053,0.510357916,0.386961013,0.311202884,0.513941526,0.438389063,0.410107821,0.553268373,0.474666893,0.42717579,0.398540169,0.379890919,0.418900073,0.385811418,0.443341136,0.471323222,0.607285857,0.560622752,0.543161809,0.442704558,0.426176995,0.502878845,0.435726047,0.458714426,0.451677442,0.584768534,0.414869398,0.383586138,0.550246537,0.566171825,0.416685998,0.328857362,0.491845012,0.370191097,0.603621602,0.498280555,0.426656187,0.435649484
674.9702632,0.376863867,0.462015033,0.406899869,0.508894205,0.385257483,0.30987671,0.510781407,0.436658829,0.407681048,0.550744951,0.47304073,0.424961925,0.39599812,0.377548665,0.416439086,0.384092718,0.441797227,0.468515456,0.603909075,0.558011711,0.538792312,0.440553546,0.423655897,0.500304163,0.433447033,0.454253614,0.449222565,0.582275271,0.413247645,0.381559581,0.545695186,0.56362915,0.414598316,0.327255368,0.490167677,0.366629273,0.600908458,0.496049017,0.423050791,0.433619082
676.8987497,0.374292523,0.459117562,0.403867215,0.506828487,0.382918686,0.30816564,0.506874025,0.434511185,0.404692441,0.547704399,0.470634401,0.422336131,0.392730325,0.374573737,0.413385957,0.382300824,0.439669251,0.465328723,0.599663556,0.55459851,0.533294737,0.437785566,0.420803189,0.496998876,0.430472821,0.448318928,0.446290195,0.579246283,0.4109869,0.378990889,0.539690435,0.560717642,0.411896735,0.325099885,0.487764269,0.361739129,0.597616494,0.49290514,0.418441057,0.431281239
678.8272362,0.371643007,0.456491113,0.400338143,0.504605889,0.380812228,0.306651473,0.502952337,0.432227701,0.401970923,0.544748187,0.467973948,0.41959852,0.389390856,0.371899128,0.410612583,0.3805767,0.43730104,0.461691231,0.595471203,0.551546097,0.527751148,0.434989691,0.418156981,0.494063765,0.427361697,0.442303717,0.443335861,0.576256871,0.408784896,0.376759887,0.533645332,0.557865739,0.409308136,0.322739869,0.485461891,0.356822968,0.594392776,0.489895225,0.413789183,0.429071546
680.7557226,0.369202405,0.454283506,0.396575868,0.502226114,0.37878567,0.305483401,0.499684364,0.430373877,0.399311602,0.541561604,0.465314329,0.417100459,0.386282325,0.369518459,0.40828827,0.378617465,0.435347229,0.458332419,0.591670692,0.548716903,0.522791624,0.432251811,0.415489465,0.491299629,0.424543321,0.436915219,0.440727919,0.573537529,0.407242566,0.374625921,0.528213263,0.55518645,0.406805694,0.32050553,0.483183056,0.352184415,0.591290891,0.487300068,0.409262419,0.427200049
682.6842091,0.367101133,0.452039808,0.393485725,0.500427663,0.377027571,0.304495394,0.497140586,0.429136366,0.397079736,0.5392524,0.463234484,0.415045053,0.383697778,0.367480785,0.406203479,0.377023429,0.433856994,0.456182867,0.588516951,0.546267867,0.518625915,0.430132926,0.413071483,0.489144951,0.42244795,0.432606906,0.438751668,0.571312606,0.40604645,0.373088628,0.52345413,0.553000867,0.404688269,0.318639249,0.481521726,0.34802708,0.588765383,0.485089302,0.405544579,0.425762922
684.6126956,0.364960223,0.450303018,0.390781611,0.499019206,0.375286788,0.30351463,0.494913906,0.427840263,0.3946895,0.536808312,0.460906684,0.413407654,0.380829245,0.365765452,0.404435277,0.37559405,0.43257302,0.453570217,0.585814238,0.543727696,0.514714479,0.428109795,0.411001533,0.487185925,0.420155674,0.429100275,0.436769068,0.569207489,0.404927611,0.37178126,0.519392252,0.550506055,0.402651221,0.316650003,0.480033457,0.344508499,0.586174548,0.483534396,0.402152836,0.424567074
686.541182,0.362985879,0.448712736,0.388362288,0.497704834,0.373780549,0.302382261,0.492496759,0.426421165,0.392516255,0.534476638,0.458849102,0.411710918,0.378389627,0.364164889,0.402646005,0.374117047,0.431221753,0.451265633,0.583445013,0.541437447,0.511076152,0.426174581,0.409177631,0.485108584,0.418074101,0.425628573,0.434827536,0.566972256,0.403603613,0.370117962,0.515501142,0.54828161,0.400933117,0.315040767,0.47845903,0.341580331,0.583654881,0.481906682,0.399012446,0.423501462
688.4696685,0.361540467,0.447554052,0.386245489,0.496795744,0.372700214,0.30189544,0.491221339,0.425641418,0.3909778,0.533013582,0.457437456,0.410575688,0.376643211,0.363324732,0.401471525,0.372893363,0.430381656,0.449560314,0.581602514,0.539927244,0.508849502,0.424847126,0.407740921,0.483943969,0.416610569,0.423301488,0.4332757,0.565507054,0.402996302,0.36899668,0.512775242,0.546660781,0.399650097,0.313575447,0.477583826,0.33917293,0.58205986,0.481025934,0.396666646,0.422569454
690.398155,0.359764934,0.446100533,0.38377735,0.495797008,0.3713395,0.301043153,0.4894979,0.424199253,0.389083296,0.531203687,0.455768466,0.40895319,0.374643892,0.362193227,0.400006086,0.371660292,0.429299563,0.447131544,0.579705954,0.538486004,0.506296456,0.423233092,0.405942708,0.482364088,0.414976388,0.420589447,0.431830972,0.563934028,0.402058035,0.367578775,0.509890556,0.544765294,0.39795512,0.312068343,0.476378411,0.336871207,0.580229223,0.479612738,0.394069046,0.421189606
692.3266414,0.358261406,0.445091426,0.381503284,0.494968504,0.370355934,0.300362885,0.488066018,0.423015773,0.387400508,0.529529929,0.454138428,0.407751143,0.372909129,0.361312002,0.39906323,0.370662838,0.428615123,0.445345342,0.577727437,0.537096202,0.504169285,0.421687812,0.404549539,0.481042922,0.413605243,0.41882816,0.430706292,0.562502086,0.401199907,0.366631866,0.507914007,0.543474376,0.396566719,0.310913503,0.475426674,0.334869802,0.578742981,0.478900135,0.392063975,0.420408785
694.2551279,0.356994063,0.444360197,0.379777551,0.494297683,0.369737148,0.299994677,0.486730367,0.422457904,0.386066109,0.528215528,0.452711642,0.407262892,0.371455699,0.360769659,0.398470342,0.369929612,0.428122163,0.444169909,0.576016009,0.53571862,0.502611339,0.420443624,0.403358549,0.480143458,0.412414551,0.417678833,0.429531008,0.561224163,0.400698423,0.366098613,0.506399512,0.542264819,0.395445377,0.309935272,0.474736512,0.333206862,0.577325583,0.478444755,0.390341759,0.420051873
696.1836144,0.355673671,0.44370079,0.37835452,0.493875444,0.369238794,0.299753606,0.485326558,0.422314942,0.384865016,0.527045071,0.451637179,0.406692892,0.370411605,0.360417485,0.398019552,0.369284898,0.427682281,0.442732692,0.57482022,0.535039604,0.501576304,0.419426978,0.40227291,0.479512364,0.41159156,0.416660488,0.428498834,0.560311913,0.400333941,0.365788937,0.504731953,0.541021287,0.394350737,0.309195668,0.474284172,0.332197219,0.576127708,0.477862567,0.389204323,0.419555932
698.1121008,0.353920847,0.442745745,0.376384258,0.492922336,0.368116707,0.29923138,0.483665258,0.421664655,0.383212775,0.525293887,0.44996497,0.405565858,0.369098574,0.3594248,0.397208214,0.368046075,0.426868409,0.44076401,0.572980583,0.533780217,0.500054955,0.417813212,0.4007577,0.478312701,0.41029191,0.415411502,0.42695874,0.558788896,0.39952451,0.364752769,0.502972901,0.539352655,0.392881453,0.308149546,0.473403275,0.330774158,0.574462056,0.476736933,0.387835175,0.41850251
700.0405873,0.352138281,0.44118911,0.37419942,0.491701663,0.366581053,0.298293114,0.481465936,0.420395404,0.38133058,0.523618817,0.448325902,0.403992802,0.367528826,0.357932508,0.395725638,0.366742074,0.425785422,0.438598782,0.570811093,0.531874001,0.497980237,0.415726483,0.398933828,0.47663936,0.408589125,0.413822085,0.425151765,0.556468606,0.398400396,0.363399863,0.501130521,0.537478507,0.391290039,0.306924164,0.472137511,0.329031616,0.572431564,0.474822372,0.385957092,0.417248249
701.9690738,0.350766927,0.439659506,0.372327745,0.490725905,0.365130693,0.297712415,0.479344398,0.419342458,0.379430562,0.521805704,0.447135687,0.402549148,0.366098046,0.356802493,0.394241303,0.365606755,0.424911171,0.436344475,0.568780422,0.529977262,0.496414512,0.413863957,0.397079945,0.475304991,0.406785965,0.412372828,0.423416644,0.554483473,0.397728473,0.362255633,0.499527425,0.535601199,0.389754891,0.305663824,0.471021116,0.327516824,0.5705387,0.47340408,0.384068072,0.416275263
703.8975602,0.349034846,0.437610984,0.370123029,0.489370644,0.363290012,0.296993494,0.47654891,0.41790244,0.377050906,0.519354701,0.445543885,0.400730371,0.364275068,0.355109304,0.392292947,0.364218146,0.42349112,0.433927476,0.566331744,0.527350426,0.494402707,0.411672354,0.394575685,0.473725379,0.404544771,0.409983307,0.421257168,0.55223906,0.396748751,0.360515296,0.497249305,0.532905519,0.3876836,0.304245561,0.469486862,0.325269282,0.568102241,0.471538901,0.381522119,0.414947808
705.8260467,0.347147435,0.435368687,0.367628276,0.487736821,0.361428827,0.296201408,0.473921508,0.416649073,0.374687731,0.516862273,0.444009274,0.398897022,0.362258792,0.353382528,0.390388012,0.362910271,0.4220846,0.43131575,0.563373685,0.524569273,0.492203027,0.409285724,0.392137229,0.4721075,0.402361393,0.40744251,0.419255793,0.54980725,0.395499259,0.358763486,0.494628072,0.530379713,0.38555339,0.302746177,0.467975706,0.322794318,0.566084743,0.469530076,0.378897369,0.413540214
707.7545332,0.34511888,0.432932824,0.365114689,0.486020327,0.359432042,0.295368701,0.471040636,0.415448457,0.372364968,0.514207542,0.442391872,0.397034198,0.359975338,0.351672739,0.388334185,0.361568272,0.420597523,0.428562135,0.560008883,0.521864235,0.489674181,0.406717092,0.389656782,0.470395923,0.400043875,0.40427801,0.417112589,0.547145367,0.394076645,0.356718898,0.491769016,0.528039932,0.383576632,0.301024616,0.466190845,0.320432931,0.563670099,0.467469156,0.375796854,0.412079424
709.6830196,0.343575418,0.430900812,0.363035798,0.484877795,0.357841492,0.294857889,0.46841675,0.41479674,0.370518118,0.512227774,0.440954953,0.395540476,0.358009249,0.350233376,0.386561364,0.360705227,0.419608325,0.426733673,0.557441473,0.519601226,0.487334788,0.404703349,0.387450069,0.469379693,0.398325056,0.401256621,0.415287673,0.545004725,0.393353283,0.355554909,0.489206821,0.526163101,0.38196978,0.299776137,0.464985967,0.318130791,0.56140691,0.465993345,0.373073339,0.411016732
711.6115061,0.341940999,0.429109484,0.360744148,0.48387289,0.356276214,0.294454694,0.465906352,0.414388657,0.368633151,0.510095954,0.439213544,0.394008636,0.356103271,0.348970532,0.384879321,0.359690338,0.419092119,0.424695402,0.554933906,0.517274499,0.48447147,0.402691305,0.385209739,0.468390524,0.396573097,0.398083538,0.413430393,0.543178439,0.393086404,0.354622692,0.485809892,0.524185359,0.380094886,0.298761934,0.464137703,0.315540403,0.559375703,0.464338332,0.37019673,0.410024554
713.5399926,0.340149343,0.427777678,0.35861361,0.483613551,0.355178118,0.294432372,0.463516891,0.414514571,0.366915464,0.508160233,0.437838465,0.392663598,0.3544752,0.348243833,0.383626819,0.358691305,0.41909641,0.422809601,0.552813709,0.5155316,0.48151508,0.40077427,0.383465409,0.46823746,0.395411432,0.394651413,0.4119322,0.541743577,0.393219411,0.354210913,0.482368708,0.522531092,0.378476292,0.298192382,0.463772029,0.313129514,0.557715416,0.462586105,0.367290318,0.4096421
715.468479,0.339194387,0.427903593,0.35727948,0.485261858,0.355675936,0.295796752,0.462385088,0.416796833,0.36631611,0.507234693,0.437305987,0.392604589,0.353782505,0.349257618,0.383900136,0.359021366,0.420573056,0.422358423,0.551536739,0.515003979,0.479499638,0.400164396,0.382930577,0.470202923,0.39619875,0.392184198,0.411799967,0.541603148,0.395076036,0.355921447,0.479965419,0.522369444,0.378061742,0.299009591,0.465578616,0.311258703,0.557426751,0.462098747,0.365287155,0.410933256
717.3969655,0.338582486,0.42860347,0.356365561,0.488360375,0.356929392,0.298017144,0.461759239,0.420568138,0.366610765,0.507071376,0.437067538,0.392822087,0.353700042,0.351154715,0.384939462,0.360414356,0.423148453,0.422691017,0.550782144,0.5154109,0.477579623,0.400218487,0.38318193,0.473590076,0.398314983,0.390109599,0.412269115,0.542401552,0.39829883,0.358880937,0.47743395,0.522826672,0.378357381,0.30119133,0.46897012,0.309897453,0.557614684,0.461823732,0.363925368,0.413155407
719.325452,0.337522358,0.428491205,0.355369568,0.490121514,0.357433796,0.299187332,0.460734457,0.422961265,0.366249084,0.506738186,0.436688036,0.392286927,0.353298753,0.351694763,0.385087162,0.360897392,0.424601853,0.422423452,0.549979627,0.515379071,0.475295722,0.39982605,0.383101046,0.47588855,0.399516761,0.387747377,0.412105978,0.542427421,0.400330245,0.360568434,0.474857867,0.522572458,0.378038377,0.302696615,0.470936239,0.308343083,0.557076097,0.460872114,0.362657249,0.414417565
721.2539384,0.335340649,0.426379174,0.352928698,0.488027066,0.355468512,0.297881156,0.458266675,0.421322912,0.363622367,0.504392445,0.434707224,0.390331447,0.351041704,0.349616021,0.38294065,0.35910818,0.422895908,0.419786125,0.547393858,0.512788117,0.472298801,0.397678047,0.380879343,0.474010438,0.396988302,0.384119153,0.409993589,0.54015851,0.399036527,0.358596474,0.471708953,0.520049512,0.375977725,0.300959289,0.468920052,0.305283308,0.554564953,0.458743811,0.359727919,0.41272822
723.1824249,0.332773,0.423364818,0.349619538,0.48434177,0.352209657,0.295337617,0.455147296,0.417387664,0.360226065,0.500848174,0.431987911,0.387549222,0.347831279,0.346443802,0.379858226,0.356287926,0.419727236,0.4157691,0.543860793,0.50914526,0.469414294,0.394361675,0.377548546,0.469904542,0.392686903,0.380280942,0.40702033,0.53702122,0.395920128,0.354866892,0.468307883,0.516512334,0.373250425,0.29712835,0.464610934,0.302002668,0.551194787,0.456462145,0.356101871,0.40951249
725.1109114,0.329826832,0.419844031,0.346201867,0.480602205,0.348913759,0.292238355,0.451411963,0.412838906,0.356897444,0.497139186,0.42905879,0.384352654,0.344491214,0.342724651,0.376323789,0.352909297,0.415979475,0.411600173,0.539655626,0.505169034,0.466018111,0.390753835,0.373651773,0.465208501,0.388363242,0.376059532,0.403947234,0.533323824,0.392015249,0.350424737,0.464302391,0.512850881,0.370212466,0.293136895,0.459989846,0.298647344,0.547600627,0.453749657,0.35238263,0.40612185
727.0393978,0.32714802,0.416551322,0.343093634,0.477074891,0.346278936,0.289602757,0.447987854,0.408983469,0.354015559,0.494240463,0.426431179,0.381341845,0.341478139,0.339431643,0.373097599,0.349913001,0.412797451,0.408008724,0.535848379,0.501769423,0.462714255,0.387639523,0.37008664,0.461110234,0.384533644,0.372059166,0.401097327,0.529860139,0.38827008,0.346661925,0.460661054,0.509587288,0.367681831,0.289869428,0.456307262,0.295269459,0.544427037,0.451128393,0.349154055,0.40306434
728.9678843,0.325045407,0.414101869,0.340453625,0.473947316,0.34434706,0.287702471,0.445100188,0.405892104,0.35154888,0.491675675,0.424348414,0.378816336,0.339098781,0.336868107,0.370437801,0.347614706,0.410437673,0.4048388,0.532623529,0.499097258,0.459913641,0.385045588,0.367125779,0.45758155,0.381467819,0.3685866,0.398653328,0.527062535,0.385229051,0.343783557,0.45739767,0.506754756,0.36576733,0.287172735,0.453307182,0.292372793,0.54155308,0.449104279,0.346343607,0.400498658
730.8963708,0.322429419,0.411296159,0.337618858,0.470698535,0.341778368,0.28516224,0.44156903,0.402123421,0.348726124,0.488635421,0.421802074,0.376292229,0.336527765,0.333637685,0.36720717,0.345002204,0.407278538,0.401641339,0.528906405,0.495817184,0.456729352,0.382104933,0.363731623,0.453465194,0.378019184,0.364571124,0.396004498,0.524002731,0.382020563,0.340243936,0.453644335,0.503356934,0.363413632,0.284105986,0.449756652,0.289185107,0.538322449,0.446846038,0.343101025,0.397674322
732.8248572,0.319635183,0.408361495,0.334558547,0.467308134,0.339065105,0.282341391,0.438025028,0.398379177,0.345779121,0.485628247,0.419044882,0.374033749,0.333680183,0.330366611,0.364084482,0.34222433,0.404215515,0.398414105,0.525095284,0.49237299,0.453112841,0.379048169,0.360468835,0.4495534,0.374151438,0.360683858,0.393305629,0.521033585,0.378724337,0.336713135,0.450165868,0.500105739,0.360919476,0.280716956,0.446065724,0.285702199,0.535290897,0.44456175,0.339645356,0.394791663
734.7533437,0.317199409,0.405836791,0.33188504,0.464632928,0.33711347,0.280190945,0.435060382,0.395545453,0.34329915,0.483301044,0.416678816,0.372119874,0.331284434,0.327951729,0.361801296,0.339976311,0.402160019,0.39557144,0.521623313,0.489466429,0.449673265,0.376379907,0.357884735,0.446612805,0.370951086,0.357137114,0.391240478,0.518563807,0.376042426,0.333808899,0.446829587,0.497466385,0.358798087,0.277954638,0.44324407,0.282734483,0.532721758,0.442602277,0.33654353,0.392546445
736.6818302,0.315599322,0.404332519,0.330006838,0.463143617,0.336162716,0.279083997,0.433401287,0.394256502,0.341846138,0.48187837,0.415214598,0.370970696,0.329826057,0.326530367,0.360566884,0.338618934,0.401070207,0.394014835,0.519403338,0.48781541,0.447504073,0.374677271,0.356094509,0.444894969,0.369143844,0.354481965,0.390127242,0.516837895,0.374619007,0.332230479,0.444182724,0.495865852,0.357506722,0.276311129,0.441673994,0.280671239,0.531194329,0.4415057,0.334641933,0.391392052
738.6103166,0.313993275,0.403196067,0.328074306,0.461672187,0.335305184,0.278180659,0.431728959,0.393197745,0.340561837,0.480202764,0.413874447,0.36998412,0.328409761,0.325144619,0.359257132,0.337248653,0.400150925,0.392317116,0.517275274,0.486237109,0.445343405,0.373044819,0.354237854,0.443066686,0.367440194,0.352038801,0.388798237,0.515047014,0.373458654,0.331004262,0.441474974,0.494608521,0.356306195,0.274890006,0.440357715,0.278523356,0.529625177,0.440140456,0.332654595,0.390328288
740.5388031,0.312404215,0.402081639,0.326293558,0.460578382,0.33443445,0.277508795,0.430069,0.39201954,0.339347661,0.478796035,0.412496597,0.369015336,0.327062279,0.323961288,0.357999533,0.336261719,0.399456501,0.390643477,0.515337467,0.484388351,0.443389326,0.371457547,0.352631956,0.441549271,0.36589238,0.349803537,0.387420058,0.513493896,0.372502655,0.330020696,0.439189494,0.493341744,0.355156004,0.273637563,0.439387828,0.276652068,0.528186142,0.438976288,0.330915034,0.389402837
742.4672896,0.311293811,0.40120095,0.324840993,0.459788054,0.333799601,0.276988596,0.428775877,0.391158313,0.338281482,0.477671921,0.411368698,0.368229717,0.326061487,0.323145837,0.356938034,0.335634172,0.398884147,0.389490873,0.513762116,0.482828856,0.441854835,0.370271981,0.351145148,0.440419048,0.364736825,0.347764462,0.386384815,0.512335718,0.371827364,0.329166174,0.437461674,0.492200553,0.354194641,0.272582322,0.438441664,0.275016308,0.526962399,0.438193619,0.329413921,0.38873744
744.395776,0.310245901,0.400338084,0.32363233,0.458945781,0.333072156,0.276335835,0.427256793,0.390375197,0.337186903,0.476545453,0.410411775,0.367278665,0.325299442,0.32226187,0.355950147,0.334772319,0.398287117,0.388265371,0.511972308,0.481436998,0.440496802,0.369041502,0.349533319,0.43944931,0.363526404,0.346004575,0.385626525,0.51137656,0.37116009,0.328136414,0.435835123,0.491043389,0.353258342,0.271535993,0.437505245,0.27354604,0.525721252,0.437430531,0.328056723,0.388092667
746.3242625,0.309281081,0.39938122,0.32254982,0.458059788,0.332278103,0.275690138,0.425555497,0.389751762,0.33580628,0.475343227,0.40955627,0.366210014,0.324530959,0.321368098,0.355006069,0.333984911,0.397846669,0.386949807,0.510260642,0.479890943,0.439300001,0.367684424,0.347988755,0.438554704,0.362172127,0.344606608,0.384735256,0.510179758,0.370434582,0.327118546,0.434639096,0.489794105,0.352247179,0.270470887,0.436474711,0.272459716,0.524473906,0.436687857,0.327078283,0.387592047
748.252749,0.308449447,0.398276627,0.321500808,0.457214236,0.331447899,0.275010496,0.424002767,0.389050364,0.334388345,0.474147052,0.408886582,0.365149826,0.323776096,0.320408165,0.353636622,0.333395064,0.39750731,0.385596812,0.508477211,0.478273749,0.438342005,0.366282076,0.34655562,0.437458754,0.360919565,0.343079299,0.383638501,0.508743405,0.369613379,0.326146036,0.433703899,0.488455445,0.351201773,0.269439161,0.435415566,0.271104097,0.523136377,0.43563652,0.326080292,0.38712284
750.1812354,0.308236837,0.397523135,0.321023226,0.45682022,0.33087483,0.274762183,0.423232108,0.388740212,0.33353284,0.473376065,0.408583671,0.364359021,0.323533684,0.319807172,0.352642268,0.333136976,0.397471309,0.384549648,0.507204711,0.477100283,0.438181877,0.365214705,0.34566161,0.436861247,0.360232323,0.342171282,0.383153111,0.508021414,0.369238079,0.325671405,0.433553666,0.487473369,0.350528985,0.268709511,0.434957415,0.270191133,0.522474825,0.435194701,0.325805396,0.38704282
752.1097219,0.308014572,0.396565288,0.320394695,0.456142575,0.330027491,0.274200767,0.421828777,0.388281822,0.332365423,0.472202033,0.408157289,0.363428086,0.323101848,0.319138318,0.351507038,0.332602084,0.396962255,0.383352041,0.50589478,0.475734681,0.437574297,0.364103496,0.344505906,0.435884476,0.359230369,0.341284633,0.382505268,0.50718677,0.368639916,0.324847162,0.433212906,0.486208975,0.349563748,0.267852157,0.434029698,0.269384056,0.521325469,0.434482515,0.325165272,0.386607826
754.0382084,0.3076092,0.39557153,0.31966269,0.455673307,0.329172999,0.273508489,0.420244128,0.387768656,0.331147194,0.471052557,0.407845736,0.362558216,0.322509021,0.31841436,0.350438505,0.3320553,0.396527648,0.382226437,0.504698992,0.474378496,0.436901391,0.363022089,0.343352765,0.434953362,0.358217627,0.340491503,0.381869227,0.506287992,0.368049681,0.324158013,0.432835817,0.485100657,0.348621488,0.267030209,0.433306724,0.268280059,0.52014631,0.433509499,0.324362516,0.385921985
755.9666948,0.307502389,0.394952893,0.319056481,0.455413401,0.328723013,0.273218483,0.419196218,0.387553424,0.330155551,0.470278442,0.407498062,0.361852288,0.322022796,0.317889273,0.34973523,0.331743628,0.396484166,0.381173819,0.50389266,0.473236352,0.436213881,0.361980826,0.342352569,0.434282035,0.357426584,0.339593321,0.38133508,0.505493581,0.367722869,0.323570639,0.432435155,0.484501481,0.348079652,0.266237915,0.432874411,0.26737982,0.519357741,0.432791471,0.323657632,0.385598898
757.8951813,0.307455897,0.394350201,0.318302453,0.455109954,0.328347862,0.273075819,0.418216795,0.387354583,0.329388171,0.469731092,0.407108545,0.361202985,0.321421474,0.317572474,0.349138737,0.331430674,0.396571428,0.380343944,0.502847433,0.472280592,0.43538478,0.361023277,0.34145382,0.433832496,0.356723726,0.338420361,0.380647182,0.504771829,0.367561102,0.323065013,0.431540608,0.483813792,0.347503781,0.26545468,0.432464629,0.266548634,0.518731296,0.432349473,0.322728783,0.385433495
759.8236678,0.307085037,0.393694788,0.317286879,0.454858541,0.328004956,0.272841454,0.417060524,0.386973053,0.328619391,0.468821824,0.406560034,0.360575259,0.320441842,0.317127019,0.348682582,0.330989033,0.396697491,0.379489422,0.501400948,0.471094638,0.434295595,0.359953463,0.340411127,0.433415532,0.355966628,0.33686614,0.380027264,0.50382489,0.367419451,0.322660565,0.430116177,0.48282215,0.346612781,0.264650911,0.432053328,0.265122354,0.518198013,0.431875587,0.32154575,0.384997517
761.7521542,0.306597501,0.393424839,0.316364527,0.454931587,0.327818334,0.272558481,0.415835708,0.386742502,0.327879578,0.46794349,0.405956089,0.360138476,0.319456488,0.316627622,0.348335773,0.330786616,0.396978527,0.378583133,0.50025177,0.469760299,0.432855755,0.358878046,0.339303255,0.432930648,0.355186939,0.334961295,0.379656672,0.502853274,0.367385119,0.322447091,0.428430885,0.482113332,0.345924348,0.263873637,0.43160519,0.263575256,0.517583311,0.431248277,0.320007265,0.384661019
763.6806407,0.306386113,0.393454969,0.315631121,0.455475152,0.327829152,0.27258569,0.414879233,0.38715452,0.327429414,0.467471302,0.405625314,0.359968871,0.318653703,0.316604495,0.348369241,0.330951184,0.397733301,0.378212184,0.499528021,0.468652159,0.431442559,0.35828808,0.33847484,0.432876527,0.354552299,0.333206326,0.379559726,0.502476811,0.367702991,0.322820842,0.426922798,0.481686056,0.345641851,0.263289124,0.431537807,0.262262255,0.517349422,0.43083027,0.318481088,0.384728372
765.6091272,0.305862784,0.392971337,0.314486086,0.455663234,0.327561378,0.27250421,0.41345346,0.387424022,0.326647282,0.466678977,0.404978752,0.359586775,0.317514658,0.31650278,0.348022908,0.330687106,0.398247957,0.377491921,0.498223633,0.467441767,0.429231167,0.357332855,0.337269604,0.432647556,0.353718698,0.33091557,0.378945976,0.501705647,0.367739886,0.322810233,0.424714386,0.480675787,0.345052689,0.262458026,0.431095093,0.260335326,0.516564369,0.42990917,0.316558003,0.384473264
767.5376136,0.305091739,0.392297775,0.313405573,0.455921978,0.327176988,0.272480577,0.412006736,0.387704819,0.325824857,0.465729266,0.404129356,0.35934484,0.316389799,0.316411704,0.34735617,0.330444545,0.398656368,0.376636267,0.496804506,0.466446042,0.427029312,0.356295079,0.336125463,0.43256405,0.353232205,0.328814059,0.378197938,0.500701725,0.368056744,0.323074043,0.422432959,0.479858637,0.344362319,0.261704862,0.430853516,0.258550584,0.515755177,0.429025233,0.31467554,0.384340316
769.4661001,0.304494351,0.391697645,0.312573969,0.456465364,0.32690388,0.272536427,0.4108091,0.388166994,0.325084448,0.46460253,0.403376281,0.359066933,0.315508544,0.316457182,0.346686453,0.330243021,0.399021596,0.376018763,0.495615005,0.465488732,0.425369799,0.355604172,0.335159302,0.432511568,0.352847099,0.327098757,0.377571762,0.500051618,0.368605345,0.323372215,0.420630217,0.479232281,0.343854994,0.261269152,0.430822045,0.25725621,0.51523006,0.428475112,0.313191086,0.384509265
771.3945866,0.303932011,0.391084701,0.311847091,0.457133025,0.326523513,0.272444308,0.409932077,0.388481259,0.324310124,0.463925749,0.402955264,0.358417302,0.314959973,0.316434145,0.3459768,0.330017,0.399211347,0.37515372,0.494568616,0.464693636,0.42438975,0.354742825,0.334385365,0.432554483,0.352441311,0.325694352,0.376924247,0.499615669,0.369037271,0.323305547,0.419445187,0.478505284,0.343465507,0.261123717,0.430665672,0.256126374,0.514366627,0.428039432,0.312222093,0.384708315
773.323073,0.303031743,0.389739841,0.310639918,0.457340747,0.325633764,0.271825254,0.408851594,0.388077289,0.32291168,0.46301952,0.402158678,0.357102364,0.314086348,0.315688014,0.344691277,0.329891086,0.398653895,0.373546898,0.493237108,0.463506252,0.423659176,0.353361845,0.333248973,0.432060987,0.351670653,0.324437648,0.376012951,0.498695821,0.368839324,0.322579592,0.418370634,0.477447867,0.342512518,0.260846913,0.43025741,0.255153745,0.512847185,0.42706418,0.311183423,0.384302497
775.2515595,0.302228034,0.388002604,0.309380174,0.457088053,0.324482322,0.270941377,0.407490134,0.387152225,0.321256876,0.461635053,0.401224047,0.35541603,0.313142031,0.314331442,0.34291923,0.329502285,0.397487998,0.37183997,0.491936356,0.462322265,0.423151016,0.351940006,0.33187139,0.431117475,0.350708872,0.323702931,0.374984682,0.497591317,0.367861032,0.321197271,0.417416573,0.475962609,0.341388583,0.26036793,0.429595947,0.254577547,0.511007249,0.426005453,0.310385227,0.383392811
777.180046,0.301666617,0.386475444,0.308740884,0.456757247,0.323220938,0.270353794,0.406348318,0.386054069,0.319881767,0.460369647,0.400754184,0.35389939,0.312637985,0.312915772,0.341212004,0.329092056,0.396253258,0.370203257,0.490851074,0.46165061,0.423234731,0.350649804,0.330641896,0.430257469,0.349913687,0.323811114,0.374295115,0.496556878,0.366938412,0.319800198,0.4173491,0.474419028,0.340563774,0.259974599,0.428859621,0.254400045,0.509502232,0.42523542,0.310159147,0.38261044
779.1085324,0.301001519,0.384659708,0.307974309,0.456105977,0.321637481,0.269557506,0.405111909,0.384472013,0.318443,0.459332496,0.400282502,0.352448493,0.312015474,0.311334282,0.339413285,0.328703463,0.39482519,0.368451774,0.489593983,0.460746825,0.423490644,0.34921056,0.329295903,0.428870142,0.348791569,0.323915243,0.373631746,0.495501637,0.366011471,0.317926675,0.417619854,0.472858429,0.339766532,0.259541869,0.427815467,0.254310906,0.507976353,0.424105555,0.309931576,0.38165462
781.0370189,0.30060029,0.382937551,0.307157815,0.455329984,0.320160866,0.268660098,0.403947264,0.383051425,0.316893816,0.458515465,0.399739593,0.351006716,0.311395496,0.309819579,0.337873399,0.327965468,0.393642664,0.367252558,0.488470197,0.459713101,0.423989445,0.347809583,0.328250259,0.427502364,0.347507685,0.324012309,0.372831762,0.494559348,0.364882737,0.315968394,0.417914659,0.471472681,0.339014262,0.25915724,0.426726162,0.254240066,0.506348073,0.423272848,0.309932649,0.380692184
782.9655054,0.300108612,0.38135004,0.306319147,0.454431266,0.318774372,0.267694384,0.402628779,0.381691277,0.315023184,0.457268476,0.398864836,0.349435836,0.310699731,0.308173358,0.336290091,0.327144086,0.392459959,0.365802526,0.487072438,0.458362073,0.423985958,0.346366465,0.326996863,0.426067114,0.346068919,0.323715806,0.371890932,0.493228167,0.363539964,0.314059883,0.417860985,0.469832152,0.338039905,0.258615464,0.425345719,0.253854424,0.50456059,0.422389328,0.309520692,0.379719287
784.8939918,0.299400419,0.380087405,0.305383682,0.453742921,0.317553967,0.266836375,0.401555508,0.380440891,0.313679904,0.456241995,0.397941858,0.348176301,0.310091376,0.306729883,0.334735841,0.326732188,0.391589463,0.364216417,0.485794574,0.45713532,0.423742771,0.345179349,0.325681418,0.424824089,0.345128924,0.323397517,0.371068597,0.492088377,0.362540156,0.312561363,0.417491227,0.468364418,0.3372069,0.258025259,0.424124241,0.253410995,0.503142893,0.421478182,0.308812469,0.378953069
786.8224783,0.298225254,0.378817677,0.304023504,0.452961028,0.316370875,0.266014755,0.400298387,0.37927556,0.3124924,0.455029249,0.396627784,0.346871972,0.309109807,0.30530566,0.333212137,0.32596302,0.390751779,0.362805337,0.484484553,0.455920249,0.422885329,0.343766659,0.324082315,0.423674405,0.344035804,0.32240662,0.370070368,0.490944535,0.361465156,0.311163664,0.416187912,0.466987371,0.3360762,0.257140398,0.422789603,0.25230968,0.501593828,0.420343667,0.307581991,0.378120989
788.7509648,0.296730906,0.377729654,0.302401334,0.452326089,0.315405428,0.26513657,0.399164468,0.378190964,0.311359704,0.453850985,0.395169824,0.345607579,0.307804495,0.303904474,0.332066447,0.324920952,0.390099406,0.361586422,0.48328042,0.455061972,0.421290874,0.342361987,0.322413415,0.422730029,0.342689574,0.32078889,0.369214505,0.489911526,0.360468119,0.309834242,0.414402515,0.465587437,0.335024029,0.256098807,0.421438187,0.250829548,0.499841571,0.419395596,0.305981666,0.377260923
790.6794512,0.295491666,0.377292126,0.300907344,0.452091336,0.31481114,0.264446944,0.398537725,0.377258867,0.310641825,0.453239799,0.393929392,0.344655454,0.306780547,0.302849174,0.331521511,0.324239105,0.389985144,0.360801935,0.482540637,0.454633892,0.419675171,0.341462225,0.321248502,0.422008485,0.341874182,0.319390029,0.368655413,0.488808215,0.360028356,0.30887571,0.412543505,0.464578122,0.334517717,0.255365729,0.42068854,0.249612644,0.4987185,0.418966949,0.304475069,0.376648307
792.6079377,0.294319361,0.3767156,0.299456894,0.451879531,0.314296961,0.263948411,0.397859067,0.376536429,0.309912503,0.452936977,0.392638236,0.343910128,0.30586493,0.301926017,0.330828428,0.323926836,0.389591157,0.360016555,0.48195821,0.454126835,0.418067247,0.340536594,0.320319116,0.421351194,0.341289431,0.317781031,0.368048638,0.48760733,0.359585553,0.307881325,0.410210669,0.46376884,0.333985239,0.254735202,0.420136929,0.248216838,0.497873545,0.41839391,0.302850336,0.376192719
794.5364242,0.293287456,0.375604957,0.298190981,0.45173502,0.313866019,0.263746232,0.397551715,0.376276761,0.309371799,0.452922344,0.391607732,0.343379498,0.304995835,0.301275849,0.329816014,0.323732585,0.389110088,0.358930379,0.481517941,0.453825742,0.416616619,0.339615732,0.319556862,0.421098471,0.340992033,0.316101342,0.367529064,0.487043113,0.359335393,0.307095736,0.407932341,0.46327728,0.333503693,0.25415042,0.419847608,0.247022703,0.496983439,0.417920917,0.301246107,0.376071811
796.4649106,0.292466611,0.37445122,0.297032803,0.451695085,0.313536584,0.263589829,0.397610754,0.375907987,0.308948249,0.452820212,0.390807301,0.34272477,0.30412519,0.300758988,0.328772426,0.323511273,0.388751447,0.358045608,0.481173337,0.453695327,0.415045649,0.338956147,0.318922043,0.420805335,0.340869278,0.314362377,0.367142648,0.486681879,0.3593041,0.306520343,0.40565154,0.463349104,0.333151788,0.253637165,0.419706345,0.245984048,0.496040553,0.417671919,0.299852222,0.375962913
798.3933971,0.292137861,0.374306589,0.296364009,0.452059925,0.31382522,0.263699293,0.398462355,0.37590459,0.309116334,0.453468829,0.39046219,0.342635363,0.303594559,0.300754189,0.328496814,0.323688418,0.388946116,0.358112842,0.481781662,0.454316258,0.413895428,0.338927507,0.318915457,0.42100969,0.34126687,0.313255608,0.367456138,0.486827493,0.359701395,0.306621879,0.403900743,0.464197844,0.333363503,0.253449649,0.41990751,0.245144963,0.49571535,0.418205947,0.298981428,0.37619704
800.3218836,0.291786343,0.374501735,0.295704752,0.452179432,0.314311266,0.26367414,0.399349958,0.375790417,0.309455752,0.454383999,0.390052319,0.342602342,0.302977741,0.300793767,0.328513592,0.323526949,0.389115512,0.358206481,0.482827783,0.455007881,0.41283679,0.339032114,0.318997413,0.421193779,0.341559619,0.312170237,0.367942125,0.486932576,0.359748602,0.306787789,0.401922435,0.464856654,0.333777457,0.253060549,0.419899374,0.244284421,0.4957937,0.418704212,0.297803491,0.376328528
802.25037,0.29114753,0.374893457,0.294669867,0.452116489,0.314807922,0.263389915,0.400355041,0.375255525,0.309871882,0.45540002,0.389487416,0.342586845,0.302202582,0.300628901,0.328864813,0.323182762,0.389222205,0.35861516,0.484146953,0.455901176,0.411652833,0.339355201,0.319285244,0.421222806,0.341655344,0.310739279,0.368573308,0.487100929,0.359304428,0.306719422,0.399715662,0.465439498,0.334246486,0.25234291,0.419621259,0.243358761,0.496099085,0.419160724,0.296696395,0.376236945
804.1788565,0.290907055,0.375744462,0.293879807,0.4521299,0.315548778,0.263392299,0.401928633,0.375046462,0.310701936,0.456830561,0.389152855,0.343174547,0.301607996,0.30079484,0.329523444,0.323230773,0.389747024,0.359557718,0.486056209,0.457440376,0.410617977,0.340006381,0.319703311,0.421503425,0.342172951,0.309496433,0.369646311,0.487681389,0.359178662,0.306877673,0.398014903,0.466300189,0.334994495,0.251889437,0.419665903,0.242612362,0.49671194,0.420079112,0.295844823,0.376422614
806.107343,0.291103095,0.376684666,0.293543577,0.452249974,0.316297531,0.263614327,0.403707206,0.375072479,0.311693043,0.458430529,0.389212459,0.343845129,0.301161051,0.30134505,0.330109924,0.323359102,0.390121907,0.360479236,0.488312393,0.459113926,0.409991413,0.340838909,0.320129395,0.421969682,0.343065441,0.308514446,0.370733261,0.488430321,0.359234214,0.307252795,0.396507114,0.467143029,0.336062789,0.251724571,0.420071423,0.24217318,0.497575551,0.421275437,0.295193434,0.376825631
808.0358294,0.291472852,0.37774986,0.293238133,0.45236811,0.317006946,0.26377064,0.40562731,0.37511602,0.312661022,0.460323155,0.389510036,0.344446003,0.300968587,0.302008182,0.330905348,0.323492467,0.390364528,0.361558765,0.490734011,0.460826367,0.409995586,0.3416695,0.320900351,0.422377229,0.343970388,0.307805717,0.371800661,0.489181519,0.359373659,0.307629764,0.395411342,0.468003333,0.337172478,0.251628339,0.420571685,0.242142856,0.498502016,0.422586888,0.294954121,0.377281636
809.9643159,0.292007715,0.378465891,0.293061137,0.452232599,0.317698926,0.263745546,0.40715006,0.374922335,0.313469768,0.462046564,0.389868379,0.344982713,0.301031291,0.302647382,0.331522673,0.323554844,0.390511811,0.362433732,0.492895931,0.462332904,0.410183638,0.342178702,0.32149443,0.422536492,0.344484508,0.307147443,0.37282142,0.489735842,0.359332204,0.307854205,0.394694626,0.468729615,0.338106126,0.251513809,0.420838654,0.242107466,0.49937436,0.423616201,0.294757724,0.37745446
811.8928024,0.292748541,0.379257292,0.293334246,0.452177107,0.318532407,0.264033228,0.408705145,0.374893069,0.314483643,0.463613093,0.390595883,0.345682383,0.301240593,0.303689897,0.332324058,0.323617309,0.390731215,0.36349085,0.4951213,0.464022607,0.410414577,0.343091488,0.322224826,0.423074931,0.345186323,0.306793839,0.373976409,0.490489572,0.359264255,0.308312118,0.394410551,0.469749659,0.339146554,0.251481295,0.42113474,0.242181331,0.500465989,0.424956113,0.294865042,0.377829462
813.8212888,0.293150544,0.379876465,0.293192595,0.451645285,0.318988889,0.26426661,0.409776658,0.374898553,0.315061688,0.464775324,0.3909733,0.346156031,0.300980449,0.304340214,0.332815945,0.323278755,0.390753627,0.364403278,0.497022927,0.465235949,0.409911841,0.34369576,0.32272166,0.423141569,0.34559536,0.305766463,0.374765366,0.490780175,0.358978003,0.308445364,0.393748164,0.470427275,0.3397699,0.251051903,0.421001494,0.24181588,0.501021683,0.425883919,0.294439554,0.377944261
815.7497753,0.292832613,0.379934579,0.292604029,0.450682878,0.319004864,0.264069468,0.410208046,0.374637514,0.315176219,0.465289682,0.390842795,0.346169621,0.300221801,0.304335803,0.332768708,0.32269305,0.390474945,0.364538431,0.498302013,0.465637565,0.408571064,0.343660206,0.322825134,0.422743469,0.345409185,0.303875059,0.374928921,0.490589499,0.358394206,0.308288813,0.392472923,0.470445782,0.33997643,0.25009346,0.420422912,0.240538478,0.501182854,0.426203996,0.293333292,0.377474606
817.6782618,0.291802168,0.379707307,0.291788101,0.449486971,0.318887562,0.263712764,0.410363764,0.374138653,0.315125763,0.465303361,0.390324712,0.345800638,0.299227953,0.304316312,0.332474619,0.321810693,0.389850199,0.364234418,0.498918355,0.46581912,0.406815112,0.343633652,0.322632939,0.422190011,0.344861448,0.301396996,0.37469846,0.490081429,0.357795864,0.307977587,0.390645623,0.470198005,0.339817882,0.248975813,0.419801921,0.238764912,0.500957072,0.426132232,0.29166624,0.376943946
819.6067482,0.290230185,0.379127294,0.290419042,0.448254019,0.318733573,0.263362169,0.410300672,0.373592019,0.31465432,0.465061545,0.389431536,0.345333785,0.298051357,0.304289937,0.331859559,0.320423543,0.389212221,0.364014924,0.499150753,0.466006279,0.404854774,0.343332499,0.322235167,0.421443224,0.344076335,0.29813689,0.374329299,0.489484757,0.357072324,0.30755803,0.38828823,0.469945729,0.339480907,0.247654855,0.419232011,0.236683279,0.50027895,0.425801098,0.289454341,0.376406521
821.5352347,0.28781873,0.378420383,0.288386732,0.446648955,0.318459481,0.262717992,0.409884244,0.372699857,0.313835055,0.464369982,0.38787806,0.344629198,0.296344757,0.303903162,0.33112362,0.318752527,0.388735771,0.363432407,0.498910755,0.465808123,0.402197152,0.342606574,0.321592182,0.420505494,0.343092471,0.294130117,0.373658419,0.488551944,0.356000781,0.306821495,0.385464162,0.469420493,0.338983834,0.245793536,0.418110639,0.234069675,0.499369472,0.42533794,0.286519945,0.375636488
823.4637212,0.28470239,0.377914101,0.286219329,0.44474408,0.318161219,0.261839479,0.409184724,0.371486783,0.31310451,0.463736951,0.3858293,0.343646407,0.294391334,0.303359747,0.330264419,0.316784531,0.387922406,0.36245802,0.498298794,0.465326756,0.399375588,0.342003793,0.320753306,0.419438243,0.341993511,0.289916098,0.372697562,0.487294883,0.354951799,0.305833012,0.382250011,0.468542665,0.338426203,0.243699104,0.416608959,0.231383473,0.498281121,0.424711168,0.283195019,0.37469992
825.3922076,0.281773567,0.37759009,0.284376949,0.443468243,0.318229437,0.261176288,0.409040779,0.370644897,0.31275171,0.463607043,0.384095222,0.342908651,0.292804956,0.303247958,0.329522341,0.314856023,0.387157947,0.361861289,0.498162448,0.465331942,0.397686243,0.341757447,0.320419669,0.418849647,0.341314554,0.286518216,0.372081965,0.486479729,0.354233116,0.305337071,0.379612654,0.468086571,0.338222742,0.24179469,0.415694714,0.229310527,0.497381091,0.424659669,0.280495614,0.374070346
827.3206941,0.279058099,0.377300829,0.282694012,0.4422369,0.318387121,0.260261029,0.409146905,0.369680136,0.312378138,0.463332683,0.382330626,0.341873288,0.291412503,0.30332765,0.328837514,0.312954843,0.386420369,0.361297935,0.498266995,0.465518057,0.396920621,0.341550678,0.320405126,0.418255925,0.340589702,0.283682108,0.371706963,0.485577315,0.353270501,0.304905057,0.377702624,0.467632204,0.338039577,0.239793792,0.414796025,0.227695554,0.496417671,0.424723089,0.278229803,0.37345621
829.2491806,0.276810527,0.377415329,0.281749487,0.441024333,0.318665087,0.259346277,0.409380436,0.368727416,0.312080562,0.463061005,0.380795658,0.340645015,0.290642232,0.303662568,0.328389943,0.311199099,0.385783583,0.360961556,0.498565674,0.465825528,0.39754197,0.341648281,0.320730269,0.417599499,0.339955986,0.281732172,0.371587664,0.48481223,0.352401286,0.304559559,0.377253085,0.467253596,0.337979347,0.237923637,0.413858086,0.227089137,0.495604038,0.424837559,0.276924402,0.372767657
831.177667,0.275431097,0.377809435,0.281836897,0.439896256,0.319185197,0.258706689,0.409254044,0.367943376,0.311790496,0.462723225,0.379770398,0.339536071,0.290726423,0.304356426,0.327840656,0.309788823,0.385278255,0.36084789,0.498553067,0.466137916,0.399898916,0.341956079,0.321207762,0.417016357,0.339680105,0.280996799,0.371755183,0.48432526,0.351812065,0.304285526,0.378907114,0.467162877,0.337955803,0.236635655,0.413068146,0.227621272,0.494882643,0.424902201,0.276779592,0.372188836
833.1061535,0.274605572,0.37798667,0.282641917,0.438771814,0.319488913,0.258180857,0.408325046,0.367219746,0.311087132,0.461845189,0.378915071,0.338332385,0.291551709,0.305084318,0.326902747,0.308549047,0.384572595,0.360275447,0.49766174,0.465932697,0.4036479,0.342173308,0.321446568,0.416527987,0.339267522,0.281269044,0.371762156,0.484014243,0.351149201,0.304012656,0.382169992,0.466606885,0.337940514,0.235663489,0.412316412,0.228798971,0.493893743,0.424597263,0.277592033,0.371753901
835.03464,0.273730397,0.377080917,0.283177227,0.43716678,0.318806469,0.257426858,0.405937076,0.366273344,0.309255451,0.459560454,0.377833664,0.336434662,0.29220894,0.30504173,0.325430155,0.307196617,0.383263856,0.358504891,0.495218903,0.464414179,0.407181352,0.341441303,0.320739329,0.415332407,0.33809498,0.281748772,0.370956838,0.483003855,0.349971533,0.303197384,0.385653764,0.46471265,0.337254584,0.234204397,0.411118299,0.229957163,0.491841793,0.423399657,0.278396368,0.370809913
836.9631264,0.272949249,0.375200003,0.283082545,0.434877604,0.317348987,0.256382167,0.402037531,0.364834785,0.306562483,0.456054479,0.376801103,0.334055632,0.292204261,0.304081798,0.323172182,0.305787206,0.381440014,0.355656892,0.491102487,0.461538076,0.409509301,0.33954832,0.31897974,0.413301587,0.33585301,0.281654656,0.369326741,0.481003404,0.348394006,0.301658511,0.388239622,0.461761743,0.335532725,0.232514739,0.409332603,0.230404332,0.488907814,0.421096712,0.278528899,0.369135201
838.8916129,0.27248165,0.372964442,0.282685667,0.432502836,0.315462649,0.255663991,0.397603571,0.363363922,0.303542167,0.452033907,0.376025558,0.331761777,0.291946381,0.302433699,0.320424795,0.30469653,0.379697591,0.352247357,0.485980004,0.457868427,0.410393387,0.33703953,0.316358417,0.411232352,0.332945764,0.280883998,0.367010951,0.478787005,0.346956491,0.299824715,0.389570534,0.458423704,0.333235502,0.23101376,0.407415301,0.230034932,0.485769123,0.418328911,0.278020173,0.367319077
840.8200994,0.271937907,0.370076954,0.281590998,0.429936022,0.312925696,0.25504452,0.392293781,0.361764967,0.299970239,0.447735727,0.375129551,0.329048693,0.29101792,0.300024241,0.317377001,0.303989559,0.378045619,0.34840101,0.480000407,0.453678191,0.409044832,0.333584875,0.312713206,0.408930808,0.329804987,0.278867394,0.363968253,0.475994438,0.345428467,0.297516018,0.388752192,0.454497814,0.330353767,0.229251102,0.405253917,0.228481472,0.482206225,0.415008783,0.276141495,0.365224212
842.7485858,0.271029055,0.366782904,0.279625088,0.427370995,0.310107648,0.254315853,0.386534601,0.359959424,0.296235412,0.443221897,0.374078274,0.326512247,0.28916651,0.297082424,0.314351767,0.303209126,0.376332939,0.344481468,0.473675489,0.449236363,0.405797064,0.329352677,0.308664083,0.406430036,0.326531887,0.275580525,0.360439807,0.472545952,0.343906939,0.294964194,0.385560274,0.450459927,0.327007949,0.227270082,0.402770638,0.225533932,0.478589863,0.411399901,0.272968829,0.363000602
844.6770723,0.269612044,0.363347203,0.276850849,0.424704373,0.307283074,0.253616869,0.380924761,0.358071506,0.292597741,0.438615501,0.372669101,0.324354321,0.286678612,0.293632507,0.311288238,0.302111119,0.374422669,0.340342283,0.4672966,0.444562733,0.400997788,0.324948937,0.304209381,0.403862625,0.322926342,0.271300495,0.356722385,0.468659937,0.34240669,0.292175889,0.380483419,0.446501106,0.323358476,0.225299954,0.400127441,0.221757352,0.474935502,0.407687694,0.26876694,0.360882282
846.6055588,0.268270999,0.360222638,0.273757339,0.422362059,0.304694504,0.253205448,0.375750929,0.356523395,0.289447457,0.434878975,0.371349812,0.322324961,0.284130275,0.290302902,0.3085998,0.301296562,0.372913539,0.336503714,0.46153447,0.440198958,0.395382404,0.320957661,0.299742788,0.401704371,0.319374681,0.266648114,0.353325635,0.465057284,0.34105286,0.289564848,0.3744241,0.442714483,0.32011804,0.223534226,0.397970706,0.217790201,0.471757382,0.404195547,0.264139414,0.359094322
848.5340452,0.266805589,0.357064366,0.270422816,0.420268178,0.302038044,0.2527906,0.370842308,0.354990512,0.286325425,0.431367993,0.369910985,0.320548862,0.281281531,0.286789924,0.306134462,0.300460666,0.37155807,0.332856745,0.45620358,0.435876191,0.389105588,0.316929698,0.295278192,0.399513006,0.315903932,0.26156047,0.349901378,0.461435825,0.339824229,0.287003785,0.367626488,0.439174831,0.31687057,0.221745491,0.395793259,0.213266283,0.468858629,0.400742739,0.259241581,0.357293159
850.4625317,0.264977336,0.353925645,0.26711452,0.418058842,0.299445748,0.252334148,0.366323113,0.353396565,0.283309817,0.42793873,0.368340552,0.318891913,0.278349757,0.283187121,0.303628087,0.299485624,0.370169491,0.329211295,0.451084137,0.431715697,0.382871181,0.312877297,0.290926039,0.397350788,0.312552214,0.256441385,0.346468121,0.457876086,0.338763803,0.284559488,0.36069265,0.435933739,0.313566595,0.220039874,0.393566549,0.208755806,0.465982497,0.397352874,0.254565239,0.355522543
852.3910182,0.263442934,0.351392865,0.264153659,0.4163104,0.29721874,0.25214383,0.362492979,0.352141291,0.280899405,0.425014585,0.367216498,0.317297816,0.275942236,0.28024289,0.301480323,0.298838854,0.369139582,0.32612887,0.446754605,0.428169221,0.377517879,0.309314013,0.287130177,0.395520449,0.309685528,0.25205496,0.343407482,0.454981208,0.33793819,0.282395303,0.354421496,0.433138251,0.310925454,0.218807697,0.391934276,0.205028579,0.463495165,0.39454031,0.250507563,0.354296178
854.3195046,0.262345493,0.348912179,0.261487246,0.414782912,0.295059353,0.251896292,0.358861774,0.350910127,0.278415054,0.422280401,0.366377532,0.315629989,0.273765057,0.27746135,0.299459189,0.298346877,0.368031532,0.323257446,0.442757636,0.425034255,0.373015434,0.306070656,0.283514142,0.393712103,0.307143658,0.248231709,0.340704262,0.452182412,0.337030977,0.280266643,0.349016368,0.430475742,0.308474392,0.217904434,0.390447587,0.201771528,0.461133868,0.392114282,0.247052938,0.353144526
856.2479911,0.261607796,0.346580505,0.259385973,0.413270116,0.293039948,0.25167194,0.35562104,0.349807471,0.276083082,0.41988191,0.365781575,0.313928455,0.272059023,0.274859935,0.29752627,0.297927439,0.366942793,0.320518941,0.439049184,0.422271013,0.369711131,0.303198427,0.280300409,0.39210555,0.304824471,0.245366275,0.338373244,0.449417293,0.336177438,0.278429866,0.34512648,0.428082973,0.306055456,0.217124745,0.388966501,0.199452609,0.459039569,0.390027046,0.244520709,0.351966947
858.1764776,0.261310279,0.344647288,0.258107096,0.412147343,0.291216552,0.251523674,0.352863729,0.349029422,0.274236679,0.417907327,0.365588844,0.312413275,0.271280468,0.272696048,0.295729041,0.297747374,0.366183311,0.318392307,0.436251909,0.419646204,0.367844492,0.300499141,0.277619839,0.390839875,0.302896261,0.243855149,0.336483985,0.447118253,0.335513622,0.276747048,0.342899561,0.426281124,0.304100603,0.216557801,0.387728989,0.198317811,0.457262456,0.388363898,0.242859542,0.351117462
860.104964,0.261876494,0.343139321,0.257935971,0.411702693,0.289943308,0.251744956,0.350967675,0.348668873,0.272800297,0.416570783,0.366116494,0.311279744,0.27132681,0.271196485,0.294411749,0.298109531,0.365982175,0.316964626,0.434507757,0.417720079,0.36764884,0.298446447,0.275416821,0.390349984,0.301568329,0.243941188,0.335243315,0.445677042,0.335224807,0.275470167,0.342316836,0.425124317,0.30290398,0.216547668,0.387112886,0.198214307,0.455894113,0.3872132,0.242593184,0.350920528
862.0334505,0.262964457,0.341706783,0.258250624,0.411376238,0.289006621,0.252160013,0.349517226,0.348345011,0.271582544,0.415301263,0.366911232,0.310154527,0.27171132,0.269955099,0.293274611,0.29857254,0.365759283,0.31558603,0.433108121,0.416242987,0.368178457,0.296865106,0.273582995,0.389897168,0.300579727,0.245013759,0.334166288,0.444436312,0.335056573,0.274389327,0.342838824,0.424283475,0.301860362,0.216813698,0.386698335,0.198895231,0.454571247,0.386167973,0.243073344,0.35076791
863.961937,0.264138281,0.340483338,0.259077132,0.411158919,0.288340807,0.25267154,0.348175347,0.348345131,0.270609617,0.414231449,0.367970586,0.309304684,0.272760719,0.268983066,0.292247683,0.299124777,0.36561656,0.314615309,0.432026654,0.415044099,0.36962232,0.295392305,0.272373497,0.389862061,0.300004214,0.247147635,0.333389461,0.443593919,0.335148305,0.273668975,0.344462544,0.424060673,0.30104512,0.217342645,0.386534452,0.200260177,0.45373252,0.385640472,0.244172335,0.350587338
865.8904234,0.265644044,0.339765221,0.260621041,0.411354154,0.287936896,0.25355491,0.347200394,0.34877339,0.269885749,0.413417608,0.36945039,0.308773547,0.274407804,0.268569291,0.291558862,0.300156087,0.365947992,0.314090401,0.431380033,0.414244562,0.371952087,0.294409722,0.271548182,0.390485108,0.299743533,0.250407934,0.332987577,0.443313509,0.335542381,0.273416758,0.347153991,0.424613446,0.300512522,0.218225911,0.386868775,0.202231541,0.453480065,0.385493159,0.246074393,0.350943893
867.8189099,0.267429501,0.339437127,0.262485445,0.41182667,0.287614286,0.254468769,0.346497059,0.349287182,0.269423932,0.412830204,0.371025175,0.308271199,0.276071787,0.268428028,0.291082472,0.301368892,0.366428047,0.313680261,0.431039959,0.413554668,0.374618977,0.293918967,0.271011502,0.391151428,0.299839169,0.254152864,0.332910001,0.443208694,0.336097121,0.273378313,0.35029301,0.425969392,0.300139159,0.219277501,0.387344062,0.204578504,0.453234524,0.385378182,0.2481457,0.351522863
869.7473963,0.269063383,0.339348227,0.264518201,0.412489682,0.287554204,0.25544405,0.346135676,0.34992367,0.269137859,0.412598997,0.372445405,0.308078378,0.27784431,0.268556267,0.290969282,0.302527696,0.367068768,0.31366086,0.430904627,0.413205951,0.377683192,0.293814987,0.270917445,0.392192334,0.300249636,0.258448541,0.333058417,0.443233877,0.336930364,0.273378938,0.35363549,0.428085297,0.300088853,0.220235392,0.387748092,0.206924215,0.45332557,0.385491073,0.250288129,0.352054447
871.6758828,0.270589679,0.339276314,0.266566157,0.413160026,0.287741363,0.256551117,0.34573859,0.350564688,0.269017428,0.412416458,0.373868525,0.308097035,0.279856503,0.268782169,0.291009068,0.303857654,0.367725372,0.31378904,0.430843592,0.412871659,0.380379379,0.293939978,0.2709333,0.393269986,0.300689369,0.262954175,0.333095819,0.443288147,0.337854773,0.273474485,0.356910199,0.43059507,0.300050795,0.22109966,0.388165921,0.209114864,0.453624189,0.385628313,0.252515465,0.352654278
873.6043693,0.272216618,0.339621782,0.268868476,0.414104998,0.288359284,0.257993728,0.34542653,0.35157752,0.269296587,0.412482023,0.375613004,0.308303535,0.281968236,0.269114405,0.291270614,0.305435151,0.368633926,0.314234644,0.430942595,0.412573785,0.383162737,0.294226617,0.271318585,0.394560575,0.301355004,0.267409682,0.333434999,0.443679392,0.339086711,0.274072498,0.36025548,0.433428794,0.300331295,0.22217086,0.388909996,0.211503506,0.45410198,0.386043936,0.254970491,0.353601277
875.5328557,0.273650289,0.33995682,0.271174639,0.415102482,0.288787156,0.259463161,0.345136493,0.352574438,0.269403666,0.412204891,0.377119005,0.308392763,0.283737093,0.269331723,0.29144609,0.306664497,0.369534999,0.314621478,0.430739254,0.412385046,0.385810196,0.294362247,0.271695077,0.395981759,0.301921666,0.271092057,0.333772898,0.443720907,0.340225905,0.274336845,0.363374412,0.435640693,0.300631762,0.223120466,0.389691591,0.213515356,0.454523146,0.38627401,0.25707531,0.35449928
877.4613422,0.275232583,0.340290189,0.273608267,0.416106254,0.289103776,0.260558397,0.345021963,0.353601843,0.2695328,0.412043005,0.37875092,0.308648378,0.285616338,0.269737989,0.291639656,0.307884276,0.370634973,0.314926654,0.430823892,0.412241369,0.388349712,0.294666559,0.271996588,0.397597969,0.30268079,0.273701817,0.33400619,0.443858206,0.341349334,0.274665833,0.36648035,0.436944127,0.300912052,0.224251196,0.390646756,0.215339392,0.45496431,0.386602432,0.259016663,0.355452508
879.3898287,0.277099133,0.341068506,0.276400298,0.417466104,0.289971322,0.26167053,0.345291615,0.354987264,0.269989043,0.412565529,0.380831987,0.309197932,0.287930012,0.270589232,0.292231798,0.309629738,0.372148514,0.315631986,0.431536257,0.412484735,0.391333371,0.295207262,0.272369802,0.399517328,0.303866148,0.275526196,0.334353954,0.444543242,0.342705816,0.275485396,0.369780183,0.437096924,0.3014507,0.225742683,0.391715556,0.217696056,0.455771357,0.387316436,0.26108554,0.356724203
881.3183151,0.279186815,0.342240483,0.279456019,0.419339031,0.291193634,0.263067484,0.345917225,0.356739372,0.270852208,0.413625836,0.383240491,0.309987545,0.290481389,0.271731853,0.293199539,0.31155768,0.373892426,0.316727906,0.432768404,0.413390636,0.394811183,0.295850426,0.272919416,0.401556671,0.305485606,0.277030468,0.335137129,0.445356309,0.344162911,0.276581705,0.373471051,0.436092257,0.302222639,0.227405563,0.393069774,0.220442817,0.456926048,0.38851437,0.263519436,0.358224005
883.2468016,0.281446397,0.343803346,0.28266561,0.421447963,0.29262504,0.26466611,0.346952498,0.35868752,0.272085369,0.415126711,0.385751814,0.311217993,0.293194115,0.273198545,0.294354558,0.31343016,0.375912845,0.318046212,0.434642822,0.414752066,0.399021536,0.296802551,0.273724109,0.403625101,0.307545125,0.278708786,0.336294025,0.446363181,0.345689267,0.277870893,0.377916545,0.434814602,0.303309113,0.229259759,0.394819647,0.223729044,0.458153397,0.390174955,0.266527176,0.359960169
885.1752881,0.283708543,0.345582724,0.286146462,0.423632413,0.294320971,0.266328454,0.348444849,0.36058867,0.273543954,0.41683957,0.388222426,0.312518448,0.296214581,0.274824023,0.295616448,0.315454066,0.377882063,0.319711298,0.437090397,0.416591048,0.403937995,0.297973812,0.274908841,0.405881464,0.310007066,0.28097263,0.337585062,0.447694898,0.347176254,0.279296994,0.382963359,0.433741301,0.304670304,0.231314689,0.396758586,0.227752373,0.459758878,0.391921848,0.270038545,0.361770272
887.1037745,0.286162823,0.347777218,0.290017456,0.426103354,0.296444207,0.268067569,0.35060969,0.362849742,0.275495619,0.418960035,0.390823811,0.313945502,0.299598306,0.276730567,0.29738909,0.317539752,0.380059183,0.321934223,0.440324754,0.419004828,0.409559429,0.299646318,0.276594639,0.408628345,0.312884241,0.284401625,0.339257985,0.449391872,0.348951519,0.281208664,0.388673156,0.433429509,0.30631122,0.23367922,0.399044484,0.23218675,0.462072641,0.394056469,0.274174035,0.363833666
889.032261,0.28846702,0.350227177,0.293620765,0.428598225,0.298689574,0.269646138,0.352855653,0.364934504,0.277557045,0.421333224,0.392990798,0.31534043,0.302785426,0.278770745,0.299162775,0.319416314,0.382155657,0.324214309,0.44386363,0.421567619,0.415115505,0.30157584,0.278190613,0.411248893,0.315710455,0.288485348,0.340847641,0.450852871,0.350592792,0.28306374,0.394531578,0.433770359,0.308006555,0.235988647,0.40122804,0.236762568,0.464223474,0.39627555,0.27832666,0.365836471
890.9607475,0.290208995,0.352639228,0.296903908,0.431133211,0.300878316,0.271023512,0.355151594,0.366820395,0.279581755,0.423735261,0.394764453,0.316660523,0.305620492,0.280776083,0.300726205,0.321197212,0.384046018,0.326559216,0.447413474,0.424083412,0.420299262,0.303344071,0.2799173,0.413591862,0.318594396,0.29286322,0.342344493,0.452241421,0.351999342,0.284872681,0.399983436,0.434452772,0.309754699,0.23819758,0.40326947,0.241321713,0.466089725,0.398548931,0.282369614,0.36754033
892.8892339,0.291401088,0.354556262,0.299681395,0.433402359,0.30274868,0.272188157,0.357135773,0.368644983,0.281261057,0.425514102,0.396121442,0.317797273,0.308014929,0.282480031,0.302185386,0.322624654,0.385746092,0.328507364,0.45036605,0.426045775,0.424570739,0.304913908,0.281457067,0.415474385,0.3211281,0.296879292,0.343689561,0.453384966,0.353395373,0.286399096,0.404451907,0.435273767,0.311146408,0.240225136,0.404984474,0.245015413,0.467628866,0.400352031,0.285804152,0.369014859
894.8177204,0.292051613,0.355925888,0.301650763,0.435211092,0.304012269,0.273093224,0.358178407,0.370047688,0.282300234,0.426607549,0.396872461,0.31857869,0.30982542,0.283788055,0.303365707,0.323632151,0.387180626,0.329624444,0.452033401,0.427280366,0.427205801,0.30619204,0.282386303,0.416881502,0.322921574,0.299596041,0.344529122,0.454008758,0.354617089,0.287638932,0.40735665,0.435902655,0.312041134,0.241917402,0.4063586,0.247529984,0.468747258,0.401492774,0.28816691,0.370355308
896.7462069,0.291800588,0.356771499,0.302607656,0.436606139,0.30474025,0.273832917,0.358219892,0.370937973,0.282614589,0.426879019,0.396901309,0.319008946,0.310670257,0.284536421,0.30384481,0.324221402,0.388363272,0.330004126,0.452158123,0.427548856,0.427920818,0.306600899,0.282594919,0.417787522,0.323998928,0.300563663,0.344660401,0.45405972,0.355573684,0.288563401,0.408131659,0.435779721,0.312350422,0.243111432,0.407344431,0.248571888,0.469090104,0.401916653,0.289148211,0.371304989
898.6746933,0.290985078,0.35686779,0.302479953,0.437648207,0.304958463,0.274340659,0.357292265,0.37142989,0.282229066,0.426151156,0.396368057,0.318990707,0.31054014,0.284605622,0.303584754,0.324531347,0.388912827,0.329515636,0.450861335,0.426765829,0.42667523,0.306082487,0.282111645,0.418325573,0.324251175,0.299473286,0.34412396,0.453589171,0.356241673,0.288866818,0.406861216,0.434950113,0.311944932,0.243675172,0.407861471,0.247788414,0.468486249,0.401485592,0.288641542,0.371702582
900.6031798,0.289879858,0.356418788,0.301520795,0.438387752,0.304630041,0.274603099,0.355647415,0.371775031,0.281186879,0.424825013,0.395551145,0.31865254,0.309686333,0.28419733,0.303032011,0.324604511,0.389147133,0.328300029,0.448379993,0.42520082,0.423716784,0.305040956,0.281166703,0.418467134,0.323635101,0.296468675,0.343120366,0.452742785,0.356729925,0.288850427,0.403813571,0.433689326,0.311032414,0.24375765,0.408021837,0.245638177,0.467335433,0.400573939,0.286805063,0.371916801
902.5316663,0.288318038,0.355531394,0.299915165,0.438672096,0.303926915,0.27467224,0.353297889,0.371806741,0.279542923,0.422830462,0.394417882,0.317918777,0.308236003,0.283348262,0.302063316,0.324431777,0.389183581,0.326598018,0.444829613,0.423054725,0.419525534,0.3035447,0.279567152,0.418064535,0.322454125,0.292191565,0.341789097,0.451370418,0.357103556,0.288456559,0.399400085,0.431988686,0.309721142,0.243554711,0.407758504,0.242439508,0.465623796,0.399066657,0.283807993,0.371828109
904.4601527,0.286945939,0.35460341,0.298296154,0.438905537,0.303393543,0.274783224,0.350967318,0.371894062,0.278031498,0.42076236,0.393510967,0.317193955,0.306762934,0.282623291,0.301079631,0.324525148,0.389169246,0.324909538,0.441232502,0.420971334,0.415298104,0.302080601,0.277935892,0.417813122,0.321390808,0.287677109,0.340583086,0.450079948,0.35748896,0.288047284,0.394862682,0.430491745,0.308465958,0.24346447,0.407554924,0.238826126,0.464016259,0.397601783,0.280635417,0.371697932
906.3886392,0.286207199,0.35388279,0.297014892,0.439427257,0.30319345,0.275233448,0.349187911,0.372232527,0.276913464,0.419150919,0.393099934,0.316836864,0.305687487,0.282297105,0.300416172,0.324892372,0.38943696,0.323568135,0.438155174,0.419233412,0.411688477,0.300929695,0.276766419,0.417761415,0.320732981,0.283710599,0.339762419,0.449229807,0.357919693,0.287755579,0.39103061,0.429460615,0.307523519,0.243542224,0.407606483,0.235836193,0.462937266,0.396526873,0.277940422,0.371870369
908.3171257,0.286279023,0.353775233,0.296424419,0.440543443,0.303436518,0.276116103,0.348055482,0.372943491,0.276382864,0.418225259,0.393268317,0.316900671,0.305412084,0.282412291,0.30038482,0.325683266,0.390142798,0.322972208,0.435900778,0.418241084,0.409425586,0.30053851,0.27637136,0.41828227,0.320834488,0.281008542,0.339602441,0.449093372,0.358743131,0.288016498,0.388783425,0.429161072,0.307353079,0.244047791,0.408255666,0.233989641,0.462510347,0.396173537,0.276335388,0.372551322
910.2456121,0.286884725,0.354397357,0.296664,0.442176849,0.304125071,0.277170897,0.3476336,0.374057919,0.276358992,0.418034673,0.393939435,0.31739071,0.305790752,0.282948345,0.300783545,0.326942623,0.391228497,0.32295537,0.434633851,0.418002218,0.40865007,0.300839335,0.27656585,0.419138163,0.321502477,0.279671043,0.33986187,0.449439883,0.359900415,0.288752794,0.388007402,0.429507047,0.30765906,0.245019794,0.409300387,0.23312892,0.462658972,0.396322608,0.27568543,0.373592257
912.1740986,0.287895828,0.355602413,0.297583938,0.444133431,0.305197358,0.278340399,0.348031223,0.375389546,0.276767969,0.41843614,0.395139545,0.318167955,0.306652188,0.283964634,0.301412433,0.328378707,0.392535836,0.323412001,0.434259027,0.41833955,0.40910235,0.301589638,0.277183443,0.420253903,0.322651714,0.279674888,0.340609938,0.450397789,0.361172199,0.289683074,0.388509452,0.430314362,0.308238387,0.246230572,0.410619408,0.233356982,0.463302463,0.396775842,0.275898248,0.374755621
914.1025851,0.289414883,0.357293874,0.298930287,0.446290821,0.306644827,0.279636443,0.34907043,0.376979172,0.277693778,0.419269145,0.396676093,0.319198251,0.307959616,0.285370022,0.302580893,0.329977572,0.394136459,0.32458958,0.434693784,0.419092327,0.41059497,0.302994311,0.278384447,0.421905607,0.324176699,0.280747384,0.341942668,0.451917946,0.362515569,0.291057736,0.39025405,0.431444764,0.309453964,0.247729138,0.412332088,0.234420255,0.464366823,0.397847831,0.276985168,0.376324564
916.0310715,0.291085303,0.35915038,0.300569534,0.448537946,0.308273256,0.281065762,0.350236505,0.378746688,0.278925866,0.420449883,0.398387164,0.320427805,0.309594721,0.286902577,0.303863883,0.331821263,0.395993024,0.325998843,0.435596436,0.420132041,0.412625253,0.304573715,0.279896677,0.423796207,0.325929016,0.282317787,0.343458503,0.453421175,0.364027262,0.292570978,0.392568558,0.432724237,0.310875446,0.249377906,0.414118081,0.235880166,0.465675294,0.399106324,0.278552681,0.37801525
917.959558,0.292682737,0.361161381,0.302566677,0.450896442,0.310004652,0.28262195,0.351668239,0.380657107,0.280370325,0.421887785,0.40015012,0.321740568,0.311422765,0.288648695,0.305284232,0.333716005,0.397988886,0.327470034,0.436892897,0.421531975,0.415231526,0.306173205,0.28163141,0.425976813,0.328016698,0.284297317,0.345149338,0.455077648,0.365805715,0.29414475,0.39524886,0.434419096,0.312372684,0.251122028,0.416018754,0.237756312,0.467176229,0.400606751,0.280440867,0.379640788
919.8880445,0.294247746,0.363097996,0.304542959,0.453241557,0.311819524,0.284116715,0.353374749,0.382407635,0.281775057,0.423461229,0.401713103,0.32301259,0.313201636,0.290366828,0.306702197,0.33547467,0.399772525,0.32915014,0.438414872,0.423009664,0.417993933,0.307969302,0.283372998,0.428094745,0.330116361,0.286478519,0.346905828,0.456608027,0.367477655,0.295715898,0.39793697,0.436177135,0.313973039,0.252905905,0.417784661,0.239749372,0.468662351,0.402229249,0.28229782,0.381432623
921.8165309,0.296017796,0.365187734,0.306616694,0.455812335,0.313806921,0.285779059,0.355374485,0.384233057,0.283400685,0.42540133,0.403712094,0.324476182,0.315168977,0.292210519,0.308191329,0.337469101,0.401604533,0.330998302,0.44011125,0.424836814,0.420772195,0.309959769,0.285248667,0.430318773,0.332466334,0.288923115,0.348818094,0.458418667,0.369336963,0.297401965,0.400792837,0.438023567,0.315756977,0.254844666,0.419697523,0.242026702,0.470460981,0.404041022,0.284473777,0.383513331
923.7450174,0.297715634,0.367322624,0.308757424,0.458372355,0.315779269,0.287442595,0.357375026,0.386197299,0.285094351,0.427267015,0.405781806,0.325996161,0.317103416,0.294014245,0.309812307,0.339615315,0.403643757,0.332819581,0.441923648,0.426701665,0.423748255,0.311910689,0.287039608,0.432477415,0.334822446,0.291426718,0.350663841,0.460374683,0.371277064,0.298977673,0.403799802,0.439926744,0.317450136,0.256904006,0.42186904,0.244595662,0.472320527,0.405801684,0.286723465,0.38556692
925.6735039,0.299592376,0.369431406,0.311049461,0.460885704,0.31783098,0.289176941,0.359476984,0.38825205,0.286843896,0.429085106,0.407822013,0.327484965,0.319140643,0.295766264,0.311402828,0.341748714,0.405880272,0.334853232,0.443973958,0.428471774,0.427196234,0.313943923,0.288850397,0.434861869,0.337187082,0.294188142,0.352584541,0.462422371,0.373251438,0.300671816,0.407069743,0.441958964,0.319204837,0.259100884,0.424163878,0.247259691,0.474267453,0.407576263,0.289062709,0.387523711
927.6019903,0.302158892,0.371949166,0.313882917,0.463678211,0.320154756,0.291320533,0.362174273,0.390565336,0.289016396,0.431309819,0.410362482,0.329171598,0.321677327,0.297843128,0.313366503,0.344230533,0.408447832,0.337247044,0.446489811,0.430694818,0.43129763,0.316392809,0.291183889,0.43782717,0.34005484,0.297628254,0.354931444,0.465020955,0.375496715,0.302714348,0.411002666,0.444375932,0.321498215,0.261626631,0.42658338,0.250351578,0.476550132,0.409887165,0.292020112,0.389863759
929.5304768,0.305206507,0.374767661,0.317153752,0.466705173,0.322656751,0.293599397,0.365236491,0.393009335,0.291377336,0.434064478,0.413263142,0.331053317,0.324696779,0.300157815,0.315510541,0.347314686,0.410971552,0.340056717,0.449600995,0.433313698,0.436002642,0.319179624,0.293891549,0.441039056,0.343377978,0.301810443,0.357672393,0.467872083,0.377880335,0.304825544,0.41567263,0.447086394,0.323996246,0.26442346,0.429236948,0.25414601,0.479140788,0.412487388,0.295667201,0.392570287
931.4589633,0.308648765,0.377925605,0.320819855,0.469891667,0.325318873,0.295945525,0.36861217,0.395611972,0.29400444,0.437252939,0.416443914,0.333153516,0.328146309,0.302743733,0.317789942,0.350523382,0.413590848,0.343268186,0.453290164,0.436336607,0.441328377,0.322240978,0.29685694,0.444371015,0.346901387,0.306758046,0.360725641,0.471035749,0.380408823,0.307135373,0.42114237,0.450131685,0.326678693,0.267503053,0.432354927,0.258495867,0.482182592,0.415407121,0.29992488,0.395311713
933.3874497,0.312657714,0.381544173,0.325123072,0.473433703,0.328370094,0.29857403,0.372658193,0.39842093,0.297204822,0.44087559,0.420081317,0.335669428,0.332037598,0.305553764,0.320533812,0.353979558,0.416613549,0.346795797,0.457721144,0.440068275,0.447409809,0.325825274,0.300352156,0.447856992,0.350712895,0.312374979,0.364127517,0.474677891,0.382975191,0.309716493,0.427342385,0.453668296,0.32996726,0.270990998,0.435827225,0.263473958,0.485587209,0.418817431,0.304713786,0.398193151
935.3159362,0.317401797,0.385815233,0.330225974,0.477434635,0.332152277,0.301567674,0.377727568,0.401743919,0.300968587,0.445286244,0.424464524,0.338839531,0.336525977,0.308899671,0.323866099,0.358163953,0.420038193,0.35115701,0.463291526,0.444684863,0.454418004,0.330226928,0.304766774,0.452020615,0.355249852,0.318695873,0.368247241,0.479064494,0.385870785,0.312861025,0.434325427,0.45807305,0.333988905,0.274950802,0.439832479,0.26917097,0.489806354,0.422930539,0.31029126,0.401512474
937.2444227,0.322610915,0.39056167,0.335817397,0.481472939,0.336323023,0.304599911,0.383355647,0.40528667,0.305135578,0.450197011,0.429047018,0.342220545,0.341265768,0.312635601,0.327468276,0.362299949,0.423568159,0.356042802,0.469546884,0.449862868,0.461665183,0.335066259,0.309623539,0.456353664,0.36014536,0.32520026,0.372724771,0.483753771,0.38887459,0.316248983,0.441510111,0.462829679,0.338274688,0.279067576,0.44407469,0.2748757,0.494506449,0.42730546,0.316127509,0.404998094
939.1729091,0.328002095,0.395707428,0.341605633,0.485537678,0.340615541,0.307550967,0.389231652,0.408755451,0.309759706,0.455560863,0.433679879,0.345632911,0.346071631,0.316449255,0.331220031,0.366270453,0.427075088,0.361155361,0.476355344,0.455526292,0.469085962,0.340180278,0.314651579,0.46090731,0.365301192,0.331752062,0.377376467,0.48863104,0.391956955,0.319642931,0.448708832,0.46780473,0.342783362,0.283017039,0.448186487,0.280619472,0.499228299,0.43182227,0.322006077,0.40851438
941.1013956,0.333361208,0.401210666,0.347212583,0.489781201,0.345114172,0.310516089,0.395614624,0.412248313,0.314576209,0.461319059,0.438408345,0.349420458,0.350726753,0.320523113,0.335425407,0.370319188,0.43072319,0.366645396,0.483794928,0.461695462,0.476451516,0.345742404,0.320019186,0.46573171,0.370781571,0.338306904,0.382290661,0.493720889,0.395281225,0.323158979,0.455856621,0.473151147,0.347645462,0.286773115,0.452020735,0.286479324,0.504206181,0.436792821,0.327854991,0.41215241
943.0298821,0.338622481,0.406925768,0.352683842,0.494310498,0.349976748,0.313635111,0.402461857,0.415773422,0.319699734,0.467421174,0.443240553,0.353606999,0.355110168,0.324864209,0.34002015,0.374335378,0.434611171,0.37243709,0.491641581,0.468296498,0.483356088,0.351606905,0.325817198,0.470730722,0.376511633,0.344677955,0.387476176,0.498933345,0.398653656,0.327001691,0.462542653,0.478784442,0.352700293,0.290518582,0.455929905,0.292057931,0.509627759,0.442042828,0.333582699,0.415923178
944.9583685,0.343544543,0.412787646,0.357795984,0.498662829,0.354984254,0.316711873,0.409324706,0.419392526,0.325093061,0.473746806,0.447933137,0.357900828,0.359122843,0.329117239,0.344735146,0.378220469,0.438629776,0.378350437,0.499567926,0.475048751,0.489763141,0.357358664,0.331561834,0.475986928,0.382181138,0.350465298,0.392654896,0.504194856,0.401971996,0.330851763,0.468293101,0.484594852,0.357768297,0.294240057,0.460096657,0.297346324,0.5152933,0.447105676,0.338872939,0.419762105
946.886855,0.348025948,0.418522418,0.362272322,0.502972543,0.359892219,0.319631338,0.416208148,0.423082083,0.330416173,0.480206728,0.452044487,0.362281412,0.362805307,0.333121449,0.349415392,0.381827652,0.442549258,0.384266704,0.507456124,0.48184967,0.495365143,0.362995058,0.337053806,0.481023133,0.38768363,0.355395347,0.397614807,0.509120882,0.405060112,0.334421068,0.472989261,0.490170926,0.362737685,0.297908127,0.464229494,0.302202731,0.520953178,0.451800555,0.343327582,0.423550069
948.8153415,0.35226655,0.42443794,0.366515309,0.507752597,0.364890814,0.322852463,0.423298001,0.426994056,0.335877597,0.486820042,0.455973774,0.366960704,0.366395831,0.337269455,0.354231834,0.385404646,0.446595401,0.390246361,0.515326738,0.488814384,0.500452697,0.368677706,0.342778891,0.486359179,0.393376768,0.359818548,0.402614087,0.514103115,0.408341199,0.338301986,0.476909131,0.49583897,0.367696345,0.301733673,0.468638539,0.306596309,0.526678264,0.456709415,0.347266972,0.427505881
950.7438279,0.356211364,0.430421948,0.370392203,0.512522638,0.369912416,0.326191038,0.430168569,0.431107521,0.341405839,0.493236393,0.459770113,0.371636629,0.369691193,0.341453969,0.359200954,0.38930741,0.450834334,0.395990431,0.522932827,0.495733798,0.505258858,0.374205709,0.348326325,0.491999835,0.399151653,0.363675445,0.407435298,0.51900816,0.411878735,0.342347085,0.480064422,0.501549959,0.372573584,0.305768043,0.473304987,0.310823888,0.532257795,0.461752117,0.350721747,0.43156004
952.6723144,0.360180259,0.436302394,0.374103278,0.517380953,0.375098497,0.329632372,0.437016547,0.435481966,0.347032011,0.499654949,0.46365869,0.376222312,0.372999161,0.345684707,0.364229321,0.393454969,0.45531249,0.401674539,0.530453265,0.502563059,0.510127962,0.379768819,0.353778362,0.498101503,0.405072898,0.367339879,0.412108392,0.523897588,0.415728331,0.346637219,0.483145684,0.507324219,0.377463371,0.309950978,0.478135824,0.315254271,0.537796795,0.466686904,0.354063809,0.435598284
954.6008009,0.364367634,0.442459792,0.378064901,0.522454381,0.38054654,0.333453804,0.44406119,0.440102547,0.352693737,0.506036818,0.467954338,0.381033063,0.376672059,0.350156933,0.369407415,0.397760272,0.4600676,0.407588303,0.537763596,0.509369254,0.515287578,0.385384887,0.359316349,0.504622579,0.411227465,0.3711586,0.41678834,0.52903831,0.420041978,0.351263702,0.486659557,0.513296962,0.382432938,0.314292997,0.483063817,0.320019424,0.543340266,0.471602291,0.357596606,0.439921349
956.5292873,0.369179875,0.449011147,0.382807821,0.527967989,0.386283517,0.33770439,0.451359451,0.445185989,0.35859105,0.512646496,0.472896814,0.386107087,0.381138891,0.35499239,0.374757171,0.402747899,0.465087324,0.413796932,0.545211077,0.516699731,0.521376193,0.391280413,0.364981413,0.511333525,0.418082803,0.375723332,0.421996117,0.5345456,0.424701542,0.356314093,0.491426051,0.5194031,0.387625217,0.319161892,0.48844111,0.325529069,0.549129844,0.476814777,0.361836046,0.444659203
958.4577738,0.374828875,0.455685407,0.388517588,0.533638656,0.392093927,0.342246622,0.458651245,0.450641155,0.364683539,0.519271374,0.478365004,0.390947521,0.386553824,0.360118508,0.380023152,0.408069968,0.470359176,0.420180947,0.552855313,0.524161041,0.528730571,0.39741677,0.370968521,0.518487334,0.425255984,0.381291151,0.42748338,0.540248573,0.429629534,0.361513644,0.497793138,0.525648952,0.393006951,0.324468672,0.494314879,0.331867278,0.554954469,0.48222509,0.366868198,0.449477851
960.3862603,0.381244928,0.462507963,0.395209998,0.539335549,0.397924513,0.346900761,0.465984493,0.456179589,0.37087062,0.52590102,0.48446545,0.3958323,0.392938823,0.365488619,0.385400832,0.413808435,0.475845158,0.426833928,0.560532272,0.531499207,0.537325919,0.403597325,0.377349764,0.526020467,0.432551295,0.387836307,0.432890475,0.546118319,0.434723914,0.366779864,0.50577718,0.532036066,0.398651749,0.329962611,0.50034833,0.339088082,0.560784996,0.487853557,0.372982621,0.454425901
962.3147467,0.388702422,0.469784111,0.403353751,0.545390129,0.404194057,0.351787955,0.473940283,0.462029845,0.377422929,0.533270657,0.491585195,0.40127638,0.400453746,0.371495724,0.391255587,0.420251548,0.48173058,0.434074908,0.568898022,0.539304674,0.547588408,0.410315484,0.384235412,0.53400743,0.440363973,0.395925671,0.438935637,0.552705586,0.440155327,0.372745425,0.515929997,0.538946569,0.404811859,0.335799456,0.506533504,0.347651184,0.56726414,0.494056404,0.380780011,0.459789932
964.2432332,0.397034496,0.477227777,0.412711978,0.551376104,0.410767794,0.356560707,0.482307136,0.467883021,0.384119093,0.540858686,0.499166608,0.406778604,0.408714563,0.377871841,0.397319704,0.426450342,0.487654299,0.44159919,0.577750564,0.547461808,0.559125066,0.417538643,0.391413927,0.542235136,0.448293924,0.405330002,0.445401013,0.559549987,0.445637077,0.378832191,0.527792454,0.546186447,0.41129607,0.341668904,0.512618363,0.357083857,0.574222863,0.500484884,0.389728546,0.465292603
966.1717197,0.405880928,0.484843224,0.422746122,0.557374179,0.417333663,0.360902488,0.490813345,0.473585784,0.390926003,0.548359334,0.507070601,0.412152022,0.417391002,0.384393364,0.403521627,0.432304412,0.493395835,0.449197918,0.586949706,0.556096137,0.571557105,0.424897343,0.398902029,0.55069983,0.456510782,0.415782243,0.452092946,0.566570938,0.450811774,0.384847194,0.541048348,0.553541839,0.417907923,0.347133517,0.518833756,0.366976231,0.581497848,0.507228911,0.399595737,0.47055459
968.1002061,0.415183276,0.492854625,0.433313966,0.563479483,0.423931181,0.365099311,0.499538183,0.479157686,0.397977203,0.55620712,0.515371382,0.417687535,0.426458865,0.391271651,0.409998059,0.438287348,0.49921909,0.457236707,0.596925259,0.565149486,0.584933937,0.4324826,0.406768918,0.559210002,0.464971989,0.42733252,0.459128618,0.574022412,0.45585683,0.390960366,0.555672765,0.56118685,0.424810886,0.352452606,0.525219262,0.377821684,0.58893615,0.514385343,0.41042462,0.475808769
970.0286926,0.425028861,0.501266599,0.444708318,0.56988591,0.430840403,0.369556457,0.509206891,0.484829187,0.405620426,0.565074265,0.524229228,0.423674077,0.436376423,0.39865315,0.416892022,0.444578111,0.505343199,0.466222793,0.607969344,0.574645042,0.599662006,0.440770388,0.415333509,0.56794095,0.47396487,0.440319687,0.466813505,0.582340539,0.461176783,0.397416472,0.571870327,0.569354296,0.432381183,0.358076215,0.531829238,0.389770418,0.59689635,0.522191107,0.422671199,0.481646001
971.9571791,0.434877247,0.509869933,0.456553787,0.576324403,0.438021302,0.374201685,0.519560575,0.490750194,0.41353339,0.574526012,0.533180952,0.42983833,0.446760923,0.406271011,0.424007386,0.450898886,0.511802971,0.475588828,0.619792163,0.584533989,0.615251005,0.449547529,0.424426645,0.576848745,0.483236104,0.454489946,0.475109607,0.591228664,0.466717571,0.404238105,0.589372575,0.577850044,0.44020474,0.363833815,0.538711727,0.402280718,0.60530901,0.530503631,0.435839832,0.487712383
973.8856655,0.444818556,0.518943548,0.468776882,0.582917452,0.445566684,0.379054904,0.530357718,0.49694106,0.421741277,0.584376216,0.542040467,0.43630147,0.45743832,0.414162785,0.431358755,0.457630098,0.518646359,0.485314369,0.63244617,0.595045388,0.631516039,0.458694816,0.434005529,0.586174369,0.492795855,0.469783366,0.483715236,0.600221038,0.472560823,0.41134277,0.608122945,0.586870551,0.448420823,0.369978011,0.54591459,0.415578276,0.614260495,0.539137423,0.449815691,0.493936092
975.814152,0.455255002,0.528911233,0.481914729,0.590296507,0.453586996,0.384410858,0.542293131,0.503819466,0.430913031,0.595273137,0.551586032,0.443501383,0.468973547,0.42282787,0.439420193,0.464910746,0.526109397,0.49602288,0.646459699,0.606534123,0.649051189,0.468435645,0.444321752,0.596629441,0.503337622,0.48681426,0.492974132,0.610027909,0.478904307,0.419099361,0.62808609,0.596992075,0.457441092,0.376913786,0.553822398,0.430202127,0.624267697,0.548450112,0.465146631,0.500849366
977.7426385,0.466044098,0.539412022,0.496122837,0.598247111,0.4620336,0.390169024,0.555270553,0.511577368,0.440874994,0.607066095,0.561805189,0.451341361,0.48136434,0.432113707,0.448309273,0.472254664,0.534031332,0.507525146,0.661662161,0.61878413,0.667639911,0.478718698,0.455255061,0.607973278,0.514513433,0.505419374,0.502889037,0.620412052,0.485598415,0.427370161,0.64912051,0.607905269,0.467053413,0.384581,0.562425971,0.446156502,0.63509506,0.558463573,0.481503963,0.508357167
979.6711249,0.477111429,0.550225019,0.511400282,0.606535494,0.470565706,0.396237761,0.568671167,0.51984334,0.451161981,0.619591594,0.572276533,0.45960921,0.494419217,0.441659003,0.457539529,0.479836762,0.542133868,0.519560635,0.677338958,0.631450832,0.686997354,0.489376962,0.466585875,0.619878232,0.526034892,0.525295675,0.513082504,0.631011546,0.492688924,0.43593353,0.671514273,0.61915189,0.476948619,0.392828971,0.571295679,0.463008225,0.64660722,0.569082558,0.498948038,0.515978038
981.5996114,0.488630116,0.561222494,0.527697861,0.61504817,0.479072481,0.402543604,0.582105815,0.528328896,0.461785942,0.632625639,0.582998037,0.46825403,0.507951915,0.451401353,0.466903061,0.487658948,0.55073911,0.531981587,0.693233728,0.644181311,0.707018971,0.500268221,0.478086591,0.631914616,0.537679195,0.546345234,0.523487926,0.641921282,0.500049829,0.444731444,0.694718719,0.630604804,0.486968666,0.401588023,0.580406904,0.48057273,0.658562481,0.58011508,0.517481267,0.523667455
983.5280979,0.501091778,0.572493374,0.54517287,0.623997033,0.488022596,0.408985853,0.596117973,0.537604511,0.473042667,0.645988703,0.594511807,0.47755608,0.522054017,0.461536139,0.476975054,0.495876282,0.560061574,0.54499656,0.709438562,0.657114089,0.727983475,0.511596203,0.490058661,0.644465983,0.549911141,0.568425298,0.534424722,0.65343225,0.507686257,0.454070538,0.719243228,0.642669857,0.497623056,0.410983115,0.590144575,0.498969883,0.671245456,0.591581285,0.537143767,0.531831384
985.4565843,0.513504326,0.583887696,0.562764883,0.632959306,0.496940315,0.415427119,0.610091209,0.547196209,0.484078884,0.659320176,0.606116951,0.486883044,0.536181033,0.471642494,0.487355143,0.504021645,0.569312751,0.557969511,0.725234091,0.669900119,0.748886526,0.522941589,0.501987875,0.657082081,0.562196791,0.590334713,0.545410395,0.665156782,0.515116155,0.463478625,0.744196594,0.654922485,0.508390784,0.420582682,0.60010761,0.517222881,0.683959663,0.602827072,0.556783974,0.53989172
987.3850708,0.525237143,0.595081031,0.579872787,0.641893625,0.505721986,0.421800226,0.623676479,0.556670487,0.494813263,0.672558069,0.617226303,0.49603799,0.549815476,0.481434017,0.49743849,0.511865497,0.578232408,0.570485771,0.740438282,0.682383358,0.768829703,0.534232974,0.513862491,0.669397354,0.573965013,0.611371994,0.556142628,0.676618338,0.522411764,0.472792447,0.768148541,0.666897237,0.518862307,0.430083871,0.610130668,0.534672976,0.696194172,0.613910794,0.575866759,0.547758579
989.3135573,0.536757648,0.606139719,0.596203029,0.651111305,0.514421344,0.428135604,0.63723588,0.566480279,0.505688846,0.685494781,0.628090143,0.505306005,0.562688589,0.491124928,0.507261515,0.519893885,0.58730346,0.58280772,0.755287886,0.694514573,0.787311733,0.545484126,0.52586931,0.681928158,0.585737705,0.631144047,0.56682986,0.687974811,0.53018111,0.482492089,0.790519714,0.678803921,0.529144108,0.439628631,0.620014846,0.550982952,0.70857203,0.624928534,0.593989849,0.555826306
991.2420437,0.547968745,0.617336512,0.610795856,0.660680652,0.522942662,0.434458047,0.650417566,0.576398432,0.516334236,0.698224485,0.638593733,0.514471889,0.574597538,0.500620306,0.517151058,0.527995229,0.596502304,0.59487021,0.769866168,0.706258237,0.803626895,0.556498766,0.537832856,0.694452405,0.597536385,0.648977518,0.57724303,0.699062169,0.53811276,0.492300898,0.810268164,0.690535069,0.539268792,0.449252129,0.629954934,0.565648913,0.720853984,0.635424495,0.610432625,0.563950002
993.1705302,0.558428586,0.62849021,0.623797417,0.67038238,0.531379223,0.440564334,0.663415432,0.586124957,0.526504695,0.710834801,0.648414373,0.523377836,0.585311353,0.509816468,0.526847482,0.535790443,0.605651081,0.606407642,0.783624947,0.717931986,0.817696512,0.56722343,0.549583733,0.706658602,0.609057844,0.664789796,0.587220967,0.709629536,0.546015024,0.501838386,0.827432036,0.702078402,0.549207866,0.45851019,0.64000845,0.578247368,0.732652009,0.645433962,0.625326455,0.571994841
995.0990167,0.568133295,0.639405727,0.635970712,0.680000424,0.539916456,0.44652018,0.67638576,0.595540941,0.536726832,0.723195255,0.657473266,0.532109916,0.595203638,0.518950105,0.536218286,0.543433666,0.61478126,0.617575765,0.7967484,0.729909301,0.830092311,0.577817082,0.560884595,0.718304157,0.620317042,0.679132819,0.597093999,0.719798267,0.554061294,0.511412024,0.842363298,0.71352613,0.558976054,0.467381954,0.649969816,0.589536369,0.743964851,0.655057311,0.638851523,0.579877973
997.0275031,0.578139126,0.650896907,0.648237407,0.690367818,0.549019337,0.452721387,0.68971926,0.605096042,0.547794044,0.736129224,0.666754305,0.541553617,0.605285287,0.528437674,0.546365678,0.551438451,0.623997152,0.629336059,0.810366392,0.742033362,0.842702925,0.588962734,0.572660327,0.730264127,0.632283747,0.693514407,0.607335567,0.730557799,0.562570214,0.521548867,0.856973052,0.725435674,0.569239378,0.476525068,0.660399437,0.60113281,0.755816102,0.665124238,0.652640104,0.588144183
998.9559896,0.588755846,0.663101554,0.661145031,0.701346219,0.558304191,0.45890975,0.703490615,0.614896119,0.559089184,0.749597788,0.676325262,0.551849186,0.615773737,0.53830421,0.557089865,0.559679568,0.633440018,0.641657472,0.824614763,0.75410974,0.856054246,0.60061413,0.584822059,0.7425403,0.644802809,0.708785057,0.617951989,0.742081821,0.571098626,0.53209722,0.872771382,0.737882137,0.579813242,0.48600477,0.670997083,0.613384187,0.76879847,0.675654709,0.667433262,0.596825778
1000.884476,0.60006541,0.676193714,0.675388873,0.713001847,0.568170846,0.465080142,0.718156993,0.625104785,0.570954382,0.763918698,0.686388016,0.562901676,0.627526283,0.549038887,0.568469048,0.568166733,0.64341861,0.654672325,0.840168774,0.767386377,0.870549023,0.613031149,0.597662449,0.755234361,0.657829463,0.725773871,0.629478097,0.754343092,0.579774499,0.543640912,0.890460551,0.751017809,0.59118396,0.495995045,0.682229459,0.626772344,0.782693386,0.687025845,0.683858871,0.605955541
1002.812963,0.611989856,0.690146148,0.69102025,0.725188613,0.578789353,0.471582294,0.733660161,0.63602978,0.583813667,0.779288709,0.697351635,0.574577212,0.640308976,0.560633659,0.580904305,0.576851428,0.654075265,0.668695271,0.856837809,0.781523466,0.886503279,0.626119494,0.611541808,0.76866585,0.671667576,0.744048893,0.641941309,0.767190337,0.589058101,0.555911005,0.909792125,0.765024126,0.603494823,0.506528616,0.694250047,0.64118737,0.797404945,0.699129343,0.701633215,0.615623593
1004.741449,0.624296606,0.704432428,0.707917213,0.737596393,0.589711487,0.478651166,0.749732375,0.647616744,0.597528517,0.79540199,0.709037006,0.58678025,0.653690398,0.572780311,0.593959212,0.586031795,0.665429056,0.683705747,0.874239981,0.796319902,0.903739095,0.639863729,0.626005471,0.782672167,0.68647182,0.763197899,0.654797256,0.780262291,0.598638833,0.568728507,0.930482328,0.77977854,0.616254807,0.517517149,0.70695132,0.656667054,0.813303709,0.711697876,0.720476151,0.625531137
1006.669935,0.637091756,0.718967497,0.725267887,0.75045532,0.600801766,0.485966146,0.766393185,0.659803808,0.61163801,0.811758876,0.721137047,0.599526405,0.667709053,0.585344613,0.607258439,0.595485985,0.676977038,0.699194312,0.891973853,0.811583817,0.921812832,0.654010355,0.640839756,0.797379017,0.701790631,0.783596337,0.667576909,0.793493688,0.608405113,0.58216095,0.952427506,0.794938564,0.629287779,0.528777361,0.719848812,0.672986329,0.82962358,0.724699676,0.740421116,0.635767758
1008.598422,0.650487363,0.73363471,0.742236555,0.763666749,0.612009645,0.493178487,0.783135533,0.67238605,0.625573754,0.828221083,0.733156204,0.612431824,0.681751132,0.598063052,0.620816886,0.604702592,0.688687384,0.714819133,0.910425663,0.827080011,0.940482855,0.668046117,0.655952036,0.81239593,0.717132688,0.805148304,0.680501878,0.807075083,0.618409634,0.595933855,0.975291014,0.810204089,0.642370939,0.540425777,0.732619703,0.689735293,0.845694244,0.737533987,0.760932326,0.646233737
1010.526908,0.663927376,0.74854809,0.759221017,0.777329206,0.623383462,0.500353813,0.80019623,0.685125411,0.639914453,0.84511447,0.745236456,0.625541389,0.695767462,0.611011624,0.635002434,0.614034176,0.700716674,0.73090905,0.929858863,0.843414545,0.96004802,0.682320952,0.671237409,0.827617049,0.733178198,0.827945232,0.693815529,0.821187377,0.628857493,0.610394776,0.999134183,0.825979292,0.655707121,0.552529693,0.746025324,0.707399845,0.862323701,0.750864327,0.782321095,0.656539202
1012.455395,0.67647171,0.763263702,0.775566339,0.790672243,0.634575069,0.507146537,0.817103446,0.697664499,0.654325485,0.861827433,0.757213056,0.638423562,0.709543824,0.623470068,0.648894966,0.623377264,0.7125085,0.746718407,0.949240148,0.859407961,0.979337275,0.696132481,0.685938597,0.842353582,0.748741388,0.851428628,0.706795514,0.834656119,0.639000654,0.624472797,1.022500157,0.841450155,0.668689787,0.5644449,0.759001076,0.725368738,0.878868401,0.764074087,0.803160012,0.666567802
1014.383881,0.688650727,0.777475834,0.791307569,0.803572237,0.645565033,0.513492942,0.83355242,0.710128367,0.668560743,0.87858057,0.768724501,0.650918901,0.72314918,0.63528496,0.66216886,0.632434905,0.72381258,0.761948049,0.968641758,0.875472188,0.998155832,0.709360778,0.700346351,0.856629193,0.763593376,0.874839783,0.719403684,0.847435951,0.648521841,0.638349473,1.045829773,0.856224418,0.681387603,0.576121151,0.771548212,0.742973268,0.895069599,0.776885569,0.823419154,0.676471531
1016.312368,0.70011431,0.791032255,0.806558192,0.815955877,0.655807853,0.519554138,0.84925288,0.722244322,0.682182074,0.89520669,0.779096842,0.663172543,0.735887825,0.646637142,0.675049901,0.640785456,0.734563887,0.776702642,0.986761749,0.89127636,1.015629768,0.72213757,0.714280903,0.8705284,0.778346658,0.896396637,0.731203556,0.859594226,0.657827914,0.651975393,1.067417145,0.870874822,0.69386059,0.587469637,0.7839517,0.759526789,0.911010742,0.78926456,0.842699051,0.685897887
1018.240854,0.710365713,0.804322481,0.820914686,0.827853084,0.665726602,0.525636137,0.864528239,0.733850181,0.695453525,0.91123271,0.788666308,0.675244153,0.747470438,0.657555759,0.687571228,0.64882797,0.745354891,0.791205466,1.003938079,0.90599674,1.030937076,0.734653413,0.727665722,0.883840919,0.792615235,0.915731311,0.742433131,0.871179879,0.666892469,0.664888859,1.085585475,0.885375023,0.705881178,0.598277032,0.79590416,0.774886012,0.92645961,0.800905406,0.860466659,0.694817841
1020.169341,0.719696581,0.817594826,0.833827734,0.839456558,0.675611675,0.531392276,0.879519343,0.744863927,0.708257377,0.925949514,0.797649801,0.686722696,0.758061826,0.668083489,0.699610174,0.656273127,0.755832851,0.805014133,1.020336986,0.920162022,1.044385314,0.746755719,0.74009496,0.896236181,0.806083441,0.932871997,0.753210843,0.882087827,0.67560935,0.677291155,1.10104394,0.899477601,0.717029929,0.608257711,0.806814075,0.788257837,0.940941095,0.81188643,0.876366735,0.703415155
1022.097827,0.728396297,0.829954088,0.845436335,0.850763142,0.684905827,0.536561251,0.893392801,0.755305231,0.720059991,0.939861119,0.805466413,0.69730103,0.76771003,0.677996457,0.71101886,0.662841737,0.765705526,0.817800879,1.036061525,0.933914304,1.056464434,0.758019209,0.751514256,0.908304155,0.818885028,0.947805524,0.763365209,0.892044425,0.683779955,0.688855708,1.113805652,0.913075686,0.727296293,0.617703557,0.81693548,0.799672604,0.954092205,0.822037041,0.8898229,0.711726844
1024.026314,0.736417353,0.841497362,0.85617435,0.861851156,0.693744302,0.541587412,0.906578302,0.765509903,0.731520951,0.95326668,0.812748492,0.707346916,0.776536584,0.687433064,0.72197485,0.669234991,0.775190592,0.829936862,1.051426411,0.947353125,1.066690326,0.768593013,0.762768984,0.920782566,0.831358731,0.960722148,0.772960722,0.901672006,0.691563666,0.699852288,1.125095963,0.926143825,0.737171769,0.626786172,0.827163577,0.810483277,0.966107488,0.831793904,0.901986361,0.719596505
1025.9548,0.743433714,0.85267204,0.8659904,0.872351229,0.702115119,0.546289802,0.919235408,0.775155365,0.742017686,0.965704918,0.819863796,0.716628671,0.784553289,0.696244895,0.731960475,0.675665796,0.783985078,0.841456831,1.065510035,0.960217357,1.075147748,0.778240025,0.7732324,0.932390094,0.842956305,0.972398579,0.781499743,0.910332143,0.699041486,0.71024698,1.134952664,0.938708782,0.746287465,0.635287583,0.836849988,0.82038492,0.977119625,0.840648055,0.913036823,0.726796269
1027.883287,0.750290096,0.863038301,0.875461102,0.882758617,0.710037589,0.550750077,0.931425512,0.784303427,0.751947522,0.97748214,0.82647258,0.725129545,0.792324662,0.704506814,0.741311729,0.681932747,0.792630792,0.852235317,1.079308748,0.972436309,1.083946347,0.787317932,0.783138692,0.94343555,0.853984356,0.98485595,0.789694428,0.918457448,0.706318021,0.719893157,1.144744396,0.951075673,0.75504905,0.643466294,0.846505523,0.829493165,0.987535655,0.848896027,0.923808813,0.733633459
1029.811773,0.75647682,0.871860325,0.884010255,0.892260373,0.716927171,0.554879904,0.942472994,0.792621434,0.760994136,0.987062156,0.832420945,0.732420683,0.799538732,0.711991429,0.749759793,0.687102795,0.800727725,0.861592174,1.091652632,0.983455181,1.092547536,0.795413017,0.792165101,0.953339219,0.864301383,0.997392952,0.797225535,0.925735056,0.712980807,0.727947176,1.153825641,0.962927043,0.76275146,0.651027381,0.855043948,0.838255942,0.997256041,0.856502652,0.934014142,0.73992312
1031.74026,0.761555552,0.879324913,0.891786039,0.900242805,0.723062575,0.558234274,0.951659679,0.799818158,0.768274188,0.995207071,0.837885499,0.7380898,0.806019843,0.718354046,0.756781459,0.691717327,0.807674825,0.869866788,1.102622509,0.993291974,1.10092032,0.802251816,0.800080121,0.961821735,0.873587728,1.009837031,0.803545892,0.931518793,0.718730748,0.734909832,1.161653161,0.974057436,0.768911362,0.657767713,0.861391306,0.84664458,1.005799294,0.862840235,0.943569005,0.745432734
1033.668746,0.765500546,0.884933531,0.897860289,0.906795144,0.727633119,0.560519218,0.958169281,0.805628061,0.773551881,1.001689792,0.841799617,0.741698623,0.810784101,0.722980201,0.76178056,0.695380807,0.812551379,0.875839055,1.110936046,1.000561357,1.107377887,0.807256818,0.80587548,0.968995392,0.880873084,1.020412326,0.807922959,0.935653567,0.723478079,0.740328729,1.168073773,0.983327329,0.773508489,0.662875414,0.865565002,0.853073895,1.011129379,0.86745739,0.95083493,0.749610245
1035.597232,0.767778277,0.888308167,0.90156281,0.912011266,0.729961634,0.561961949,0.962024093,0.809941113,0.7764135,1.005483627,0.844165623,0.743450165,0.813492298,0.725243032,0.763915002,0.697714746,0.815210819,0.878886163,1.115446091,1.004900455,1.111167789,0.810290396,0.80941391,0.973973095,0.885589838,1.028065681,0.80996424,0.938038349,0.726920187,0.743368149,1.171900272,0.990116179,0.776300788,0.666483879,0.868273616,0.856903017,1.013809323,0.869815767,0.955369234,0.752177656
1037.525719,0.768280387,0.889648259,0.90315634,0.915976346,0.730771005,0.562619328,0.963735998,0.812478185,0.777197897,1.006600857,0.845171511,0.74365139,0.814060152,0.725223064,0.763547063,0.699302733,0.816743135,0.879135311,1.117384553,1.006731987,1.112739921,0.811401129,0.811114311,0.976944327,0.887790084,1.032226086,0.810296714,0.93929863,0.729108691,0.744449914,1.173583508,0.994923472,0.777252257,0.668931603,0.87044996,0.858197868,1.01451385,0.869942009,0.957296133,0.753450155
1039.454205,0.767505288,0.88909632,0.90271616,0.918744206,0.730076849,0.56238246,0.963297009,0.813530028,0.776486516,1.005728602,0.844950378,0.742055833,0.812966228,0.723579764,0.761963189,0.699703217,0.817647696,0.877272844,1.116968274,1.006242275,1.11177063,0.810607374,0.810736835,0.97842598,0.887981117,1.032810688,0.809205413,0.939187109,0.730415523,0.743954539,1.173063993,0.998182952,0.776482999,0.67011714,0.871758759,0.857252538,1.012977362,0.868757963,0.956075191,0.754176617
1041.382692,0.766693056,0.88766253,0.901729763,0.920955837,0.728734672,0.561775386,0.961619616,0.81405431,0.775076985,1.004667401,0.844586074,0.739805639,0.811811745,0.721414685,0.760320365,0.699537814,0.81794256,0.875283897,1.115585208,1.004989028,1.110628128,0.80935216,0.80993855,0.978815317,0.887792289,1.03272748,0.807658613,0.938298583,0.731332839,0.743166327,1.171849489,1.000381112,0.775340199,0.671065509,0.872461796,0.855874062,1.011111498,0.867411613,0.954575241,0.75466454
1043.311178,0.766371846,0.885827005,0.90093112,0.922827363,0.727136135,0.561078429,0.959853888,0.814541996,0.773543477,1.003359199,0.843872607,0.738096416,0.81074512,0.719601035,0.758533478,0.699540198,0.817656636,0.873392284,1.114240527,1.003300428,1.109876752,0.807938993,0.808785915,0.978615165,0.8876369,1.033715129,0.806563854,0.937225223,0.731871188,0.742343187,1.171225071,1.001019359,0.774208307,0.672447741,0.87269789,0.855320394,1.009607553,0.866220295,0.953797817,0.754947186
1045.239665,0.766736805,0.88429898,0.901650906,0.92538029,0.725670815,0.560707211,0.959395051,0.816074491,0.772904158,1.00314343,0.843840897,0.737699568,0.810958862,0.718853056,0.757567167,0.700306416,0.818159819,0.87278527,1.114014387,1.002069354,1.110759735,0.806738496,0.807979703,0.979478121,0.888143897,1.037761688,0.806412339,0.936914027,0.732654333,0.742376447,1.172816753,1.000124216,0.773508966,0.675063312,0.873534858,0.856668532,1.009184003,0.865859091,0.95564431,0.756102502
1047.168151,0.767369151,0.883013308,0.903582752,0.928699076,0.724208534,0.56065625,0.959515691,0.817694724,0.772763789,1.003563762,0.844658375,0.738070607,0.812508225,0.718609095,0.75751853,0.701215088,0.819440722,0.872835398,1.113486409,1.001131058,1.113038182,0.805468738,0.8074314,0.980214596,0.888991535,1.043266177,0.806552529,0.93698436,0.733790994,0.743013322,1.176550388,0.997838676,0.773127377,0.678597987,0.874605596,0.859888971,1.00965333,0.865775228,0.960038245,0.757544637
1049.096638,0.768744111,0.881829977,0.905882359,0.932932317,0.72272706,0.560863972,0.959629655,0.819289207,0.772676945,1.004469037,0.845901787,0.738802135,0.814893961,0.718787313,0.757665575,0.702216387,0.821183741,0.873183966,1.113507628,1.000423431,1.116176963,0.804353297,0.806588113,0.98113966,0.890482724,1.05004251,0.806908429,0.937124252,0.734815836,0.744400382,1.181956649,0.994493723,0.772909641,0.682612181,0.876415968,0.864833295,1.011465907,0.866279423,0.96618849,0.759159029
1051.025124,0.77091372,0.880781949,0.908601582,0.937277675,0.721613228,0.561328292,0.95960772,0.821375906,0.772753716,1.006129742,0.847292662,0.739923,0.817805946,0.719761014,0.758061469,0.703769207,0.82336545,0.874188244,1.114441872,0.999901116,1.120441437,0.803575277,0.805716038,0.983074605,0.892382979,1.058155417,0.807602048,0.938187003,0.735865235,0.746322572,1.188617826,0.989929676,0.773227811,0.687327981,0.879398525,0.870692968,1.01329267,0.867433667,0.973203301,0.761498511
1052.953611,0.772980928,0.879248619,0.911604226,0.940854609,0.72040379,0.561799109,0.959382236,0.823563159,0.772614956,1.007613301,0.848517597,0.740654707,0.821006596,0.720870376,0.758481562,0.705301046,0.825539827,0.874872267,1.113990784,0.999533117,1.124882221,0.802427292,0.804697752,0.984681606,0.894417226,1.066285253,0.808311641,0.939240456,0.737088919,0.747735322,1.195095301,0.984919667,0.77342242,0.692190826,0.882329822,0.876530588,1.013961554,0.868443429,0.979814947,0.763843417
1054.882097,0.774907589,0.877416134,0.914283335,0.944376349,0.718816698,0.562309086,0.958824694,0.825886428,0.772077501,1.008635163,0.84970963,0.741165876,0.824146807,0.721348107,0.758803666,0.706788003,0.827816904,0.875118911,1.112819195,0.998618603,1.128517628,0.801131248,0.803880215,0.986133993,0.896335185,1.073796749,0.808785319,0.939956486,0.738589406,0.749230146,1.200460076,0.980425537,0.773184657,0.696748257,0.885129094,0.881508172,1.014466524,0.868845403,0.986062407,0.765801489
1056.810584,0.77610302,0.875225842,0.916030824,0.947419107,0.716951847,0.562928677,0.957764447,0.827566743,0.770958364,1.008237839,0.850246668,0.741783202,0.826134443,0.721053779,0.758680224,0.708060265,0.829530954,0.87478435,1.111478209,0.996255457,1.130757809,0.799473226,0.802896202,0.986620247,0.896803319,1.079509377,0.808876276,0.940257668,0.740284264,0.750171483,1.20420146,0.975952744,0.772666395,0.701042533,0.887006044,0.885139525,1.01426959,0.86860007,0.990577817,0.767387092
1058.73907,0.776782453,0.872870326,0.917685807,0.950221658,0.715430081,0.563696086,0.957137704,0.829215169,0.769697845,1.007661462,0.850640833,0.741889,0.82749927,0.720540822,0.758229792,0.709249914,0.830945134,0.874272466,1.109641194,0.994126737,1.132575393,0.797852337,0.802072883,0.987156987,0.897253156,1.084927201,0.808728397,0.940073252,0.741967559,0.750859618,1.207850814,0.972168565,0.771769404,0.705093682,0.888563573,0.888086855,1.013990283,0.868428528,0.994514465,0.768695533
1060.667557,0.777109981,0.870508015,0.91863507,0.952343643,0.713648379,0.564065993,0.955446422,0.830666542,0.767660558,1.006286621,0.850611866,0.740795374,0.827867746,0.719412148,0.757016122,0.709857106,0.831984818,0.872242451,1.106208801,0.991384864,1.132841706,0.796147287,0.800744593,0.987354755,0.896647573,1.088230014,0.807681024,0.939391136,0.74286449,0.750413477,1.209647655,0.969022989,0.770347416,0.708367229,0.889460683,0.889716446,1.012557864,0.866902232,0.996486962,0.769093096
1062.596043,0.776557922,0.867735445,0.918708682,0.953641355,0.711141765,0.563935697,0.952233374,0.831488311,0.764615297,1.003306031,0.849862337,0.739025593,0.82712996,0.717416704,0.754928291,0.709830463,0.831855416,0.868826568,1.102250099,0.987626433,1.13180387,0.794190228,0.798959911,0.986212552,0.894817352,1.088646054,0.805951595,0.938353598,0.74312371,0.748844326,1.209589362,0.966232598,0.768766642,0.710735738,0.889546275,0.889466047,1.009728193,0.864851654,0.99659884,0.768890381
1064.524529,0.774965823,0.864641726,0.917420745,0.954443276,0.708422065,0.563390732,0.948083758,0.831668615,0.761067629,0.999602437,0.848563671,0.736597478,0.825239539,0.714581847,0.752006948,0.709650397,0.830813408,0.865165412,1.097596049,0.983621836,1.129547238,0.791920364,0.796874464,0.984574139,0.892889977,1.086377382,0.80353564,0.936942816,0.743157446,0.747140408,1.208462834,0.963560104,0.766616344,0.712141991,0.889086843,0.886918545,1.00625205,0.862252891,0.995273471,0.76853776
1066.453016,0.773065269,0.86199528,0.915006995,0.955195308,0.705872059,0.562619328,0.944155455,0.831721008,0.757707894,0.995466769,0.847247362,0.73406446,0.82271558,0.711393356,0.748803973,0.709338129,0.829984963,0.861142814,1.092063785,0.980023861,1.126554489,0.789529085,0.794500172,0.982773006,0.890491545,1.082479477,0.801002502,0.935229361,0.743247747,0.745085418,1.205720544,0.960916221,0.764063239,0.712948859,0.888226092,0.88331145,1.002938032,0.858889222,0.991975248,0.768176556
1068.381502,0.771019757,0.859556437,0.912189066,0.955850661,0.703549564,0.561978459,0.940463006,0.831925511,0.754637063,0.991333365,0.845776021,0.732003748,0.8201949,0.708447099,0.746101201,0.708864212,0.829538405,0.857084215,1.086782575,0.976688504,1.123051643,0.787143707,0.792312503,0.981239378,0.888227582,1.077972412,0.798347116,0.933188498,0.74369067,0.743045688,1.201277733,0.958320081,0.761279285,0.713632047,0.88752526,0.878960073,0.999935269,0.855870545,0.987689793,0.767925978
1070.309989,0.768467009,0.856889784,0.908818543,0.956290245,0.701477289,0.561418414,0.935994804,0.831567943,0.751480758,0.987305522,0.843723416,0.729675114,0.816928983,0.705617249,0.743301392,0.708253801,0.828882217,0.852958441,1.08139348,0.972946107,1.117634296,0.784338772,0.78967011,0.979806781,0.886191487,1.072031021,0.795226276,0.930489719,0.743945599,0.740937829,1.193785071,0.95589149,0.758322656,0.714210629,0.886256337,0.873718143,0.996357739,0.852404356,0.981802464,0.767398536
1072.238475,0.765814483,0.854188502,0.905002296,0.956953764,0.699512959,0.560908318,0.931882501,0.831287146,0.748263299,0.983109415,0.841856658,0.727378428,0.81302011,0.702391744,0.740465879,0.707525849,0.828129411,0.848700941,1.075552106,0.96945858,1.111097693,0.781417847,0.786639154,0.978644967,0.884543478,1.065239668,0.792236447,0.927591741,0.744013667,0.738879323,1.185055614,0.953748047,0.755426764,0.714336812,0.884945929,0.867882788,0.992786586,0.84924221,0.975589156,0.766521335
1074.166962,0.762490511,0.851048768,0.899523079,0.956608415,0.696978569,0.560035527,0.927324593,0.830388486,0.744155705,0.978143811,0.839001596,0.724783659,0.808231413,0.69829303,0.737247407,0.706081867,0.826668024,0.8438586,1.068671227,0.965364218,1.103330612,0.777797639,0.782965243,0.976997554,0.882132351,1.057427406,0.788464248,0.92421639,0.74357909,0.735904872,1.175534725,0.950867534,0.751824856,0.713645875,0.88314873,0.860542238,0.988342583,0.845492482,0.968237638,0.764955342
1076.095448,0.758222222,0.847286046,0.892966747,0.955657244,0.694009364,0.558564186,0.921877921,0.828585207,0.739522696,0.972399294,0.835198343,0.721387625,0.802732229,0.694067478,0.733341932,0.704206109,0.824323535,0.838488996,1.061691999,0.960490108,1.09544158,0.773477674,0.778717935,0.974235475,0.878593385,1.048941731,0.783969343,0.920283198,0.742316842,0.732185066,1.16490674,0.947394133,0.747691453,0.712353945,0.880452633,0.852440953,0.983226717,0.840939462,0.959323645,0.762841582
1078.023935,0.752947271,0.842533529,0.885435402,0.953922987,0.690190792,0.556286216,0.915234029,0.825716019,0.734369934,0.965642631,0.83083719,0.717282653,0.79640156,0.689115107,0.72859019,0.701728761,0.821140826,0.831951201,1.05365479,0.954570234,1.086508512,0.768535614,0.773066163,0.969904363,0.873888791,1.037873507,0.778627634,0.915268898,0.740145206,0.727748215,1.153021216,0.942975998,0.742605567,0.709977567,0.876646399,0.843155324,0.976838768,0.835715473,0.949074566,0.760093033
1079.952421,0.746586084,0.837243617,0.876972914,0.95126915,0.685429275,0.553349435,0.907776237,0.821768701,0.728386641,0.958614945,0.825378537,0.712842226,0.789446473,0.683035672,0.723040164,0.69823277,0.817325056,0.824639082,1.044171929,0.947880268,1.075753212,0.762937546,0.76635915,0.964570463,0.868321061,1.02600956,0.773060918,0.909447193,0.737235963,0.722499311,1.140095472,0.937342048,0.736958086,0.70670563,0.872121155,0.833244622,0.969247162,0.829611599,0.938275337,0.756747842
1081.880908,0.739648402,0.831426382,0.867919445,0.948278725,0.680237532,0.549984276,0.900121868,0.8172158,0.721971273,0.951541185,0.819041252,0.708033562,0.782209694,0.676787019,0.717131317,0.694000781,0.813147724,0.81736654,1.034644842,0.940575421,1.06515789,0.756661773,0.759662271,0.959001958,0.862421513,1.014942765,0.767607391,0.903630495,0.733824432,0.716904879,1.127112031,0.931091666,0.731294632,0.703094602,0.867310107,0.823579073,0.962081552,0.823340416,0.927731395,0.752883375
1083.809394,0.732748151,0.824840784,0.858684778,0.944928288,0.67497766,0.546247423,0.892495096,0.811866283,0.715634704,0.944639146,0.812313199,0.702902138,0.775041044,0.671088338,0.711264253,0.689693511,0.80862385,0.810140729,1.026026487,0.932505846,1.055514932,0.750072241,0.752897263,0.952876687,0.856376827,1.004845262,0.761683762,0.897973239,0.7300089,0.710982025,1.115150332,0.924698591,0.725633681,0.699285328,0.861874938,0.814394414,0.955541909,0.817189097,0.917814076,0.748840034
1085.737881,0.726086974,0.818374157,0.850205481,0.941629708,0.669908643,0.542404771,0.885899365,0.806370139,0.70967716,0.93813616,0.805841148,0.698507845,0.768631518,0.666088641,0.70601368,0.685650408,0.803901613,0.803480744,1.018477559,0.924980164,1.047230482,0.744205058,0.746588767,0.946556985,0.850864291,0.997443616,0.756279349,0.892630339,0.726220667,0.705443919,1.105422258,0.918019652,0.720359921,0.695321202,0.856822848,0.806592464,0.949653685,0.811956227,0.909793079,0.74515146
1087.666367,0.719461501,0.812199175,0.841726661,0.937986851,0.664702117,0.538461626,0.879332006,0.8006109,0.70364666,0.931688964,0.799311936,0.694556713,0.762814939,0.660895824,0.700871646,0.681291699,0.799059987,0.796978056,1.010665536,0.917627633,1.040395856,0.738330185,0.740291953,0.939957082,0.844918311,0.991101682,0.75131458,0.886903226,0.722341716,0.699868739,1.097136497,0.910874426,0.714960754,0.691173851,0.851821601,0.799772501,0.943592548,0.806760669,0.902807236,0.741349697
1089.594854,0.712959886,0.805942297,0.833505452,0.934601188,0.659368396,0.534485877,0.872380435,0.794833243,0.697778225,0.925715625,0.792777002,0.690538704,0.757649064,0.655664206,0.695659697,0.676930249,0.794372559,0.790560007,1.002775669,0.90987736,1.034240842,0.732162237,0.734036386,0.933147073,0.838774383,0.985297918,0.74643904,0.881348431,0.718332708,0.694397688,1.089732051,0.90379411,0.709737241,0.687025666,0.8468045,0.79382509,0.937690258,0.80167675,0.896874309,0.737524569
1091.52334,0.706473827,0.799325109,0.825405955,0.931003213,0.653731763,0.530382037,0.864933372,0.788748443,0.69175446,0.919338346,0.786315978,0.686315656,0.752392948,0.65048641,0.690297484,0.672622263,0.789308846,0.784011006,0.994792938,0.901886523,1.027407885,0.725972354,0.72721982,0.926100731,0.832655072,0.97923553,0.741182029,0.875772297,0.713789999,0.68877846,1.082244635,0.896126568,0.704425275,0.682653964,0.841380477,0.788245738,0.931753755,0.796549976,0.891062677,0.733485043
1093.451826,0.70012641,0.792858005,0.817105114,0.926778555,0.648207903,0.52647537,0.857758105,0.782580733,0.685549676,0.912726104,0.780234575,0.681987822,0.746903479,0.645403326,0.685094059,0.668139458,0.784106135,0.777585447,0.986899436,0.894311309,1.021077633,0.71983707,0.719926536,0.919197917,0.826422811,0.973334253,0.73585546,0.870070279,0.7089535,0.683160424,1.074991822,0.888492703,0.699035287,0.678179801,0.83568567,0.782740712,0.925771236,0.791175723,0.884970903,0.72929436
1095.380313,0.69359231,0.786097825,0.808276653,0.92230171,0.642671466,0.522779167,0.850819111,0.776622832,0.679363012,0.905655384,0.774492145,0.677850604,0.741255283,0.640587151,0.680077255,0.663611293,0.778851092,0.771187007,0.97894454,0.886880457,1.014826298,0.71359098,0.712962985,0.912319601,0.820156395,0.966405749,0.730664968,0.864437282,0.704282045,0.677767158,1.067430019,0.88075161,0.693485498,0.67332989,0.830230892,0.776957691,0.919913411,0.785912216,0.878400743,0.725208461
1097.308799,0.687179506,0.779220164,0.799339294,0.9178406,0.637199402,0.519102871,0.843276143,0.770681739,0.673378229,0.898649573,0.768877804,0.67380023,0.735749304,0.636061311,0.674921095,0.659433782,0.773757517,0.764782667,0.970979691,0.879576504,1.0079211,0.707284749,0.706220031,0.905501604,0.813873589,0.958115816,0.725215554,0.858276069,0.699555874,0.672455788,1.058928013,0.872657895,0.687759876,0.667885005,0.82457149,0.771143138,0.913962185,0.7803213,0.871050537,0.721287251
1099.237286,0.681373239,0.773052275,0.791216195,0.913417459,0.632504582,0.515693665,0.836457074,0.765601397,0.668033302,0.892814755,0.763675213,0.670015872,0.730778873,0.632079184,0.670385242,0.655448198,0.769403577,0.759278893,0.963810444,0.873096406,1.001311064,0.701551259,0.69998014,0.89920795,0.808248878,0.950618804,0.720091164,0.852336049,0.695278466,0.667930305,1.051146746,0.865617454,0.682655811,0.662172616,0.819362044,0.765650332,0.908279717,0.775221884,0.863787472,0.717469096
1101.165772,0.675765753,0.767464101,0.783870399,0.908543825,0.628410399,0.512685061,0.830983996,0.760696232,0.66325897,0.88760525,0.758908153,0.666580737,0.725782871,0.628482938,0.666614056,0.651471376,0.765175998,0.754396856,0.957580924,0.867633641,0.99500078,0.696324825,0.694334567,0.893585682,0.803082287,0.94332552,0.715497077,0.846893609,0.69147104,0.663760185,1.043818712,0.859520495,0.678079069,0.656312704,0.814498365,0.760157347,0.903018892,0.770889521,0.856474459,0.713567019
1103.094259,0.670364678,0.762762129,0.77723515,0.903487444,0.624893308,0.510005116,0.826323867,0.755598485,0.659065962,0.883199215,0.754469991,0.663318872,0.72065562,0.625516176,0.663309634,0.647804439,0.761095941,0.749738038,0.952227116,0.863339901,0.989021122,0.691590726,0.689299762,0.888434052,0.798178792,0.936075211,0.71127528,0.841853678,0.68759197,0.659948766,1.036093831,0.854192138,0.673955739,0.650076807,0.809728682,0.754860342,0.898493886,0.766945779,0.849198699,0.710013628
1105.022745,0.664960265,0.758304238,0.769841194,0.897693813,0.621440589,0.507110655,0.82178843,0.750187516,0.655036747,0.878938079,0.749871433,0.660066962,0.715144575,0.622641683,0.659991503,0.643673837,0.756957948,0.745141268,0.947214305,0.859515786,0.982309401,0.68715626,0.684420586,0.882783651,0.793046594,0.927711546,0.706958711,0.837045252,0.683556497,0.656085551,1.02755475,0.849356413,0.669793427,0.643305957,0.804527342,0.749305189,0.893872917,0.762826264,0.840921342,0.706176579
1106.951232,0.659449935,0.753822803,0.761780202,0.891433239,0.618033648,0.504071832,0.817644477,0.744535744,0.651104629,0.874680698,0.745110095,0.656856954,0.709272444,0.619393229,0.656547427,0.639095962,0.752568007,0.740761042,0.942716062,0.856025636,0.974879026,0.682846487,0.679578543,0.877167821,0.787725866,0.918711007,0.70263809,0.832089484,0.679504156,0.652079523,1.018435836,0.844616234,0.66557765,0.636192322,0.798811197,0.743241668,0.889248669,0.758736253,0.831830561,0.701658607
1108.879718,0.65327704,0.749384224,0.753169298,0.884646595,0.614670038,0.500774205,0.813312292,0.738574326,0.647114336,0.870407462,0.73972398,0.653346419,0.702633381,0.615839005,0.65275234,0.634191573,0.747505605,0.736195624,0.93808502,0.85238266,0.966338754,0.678480208,0.67448324,0.870948195,0.782150924,0.908772469,0.698188424,0.826777399,0.674862623,0.647990048,1.008036256,0.839881837,0.661161363,0.628446341,0.792713463,0.736039817,0.884527683,0.754411399,0.821652055,0.696648598
1110.808205,0.646361172,0.745111227,0.743538737,0.877323568,0.611318469,0.497047067,0.808850884,0.731941581,0.643130064,0.866149545,0.733769596,0.64971149,0.69533819,0.611986279,0.648883283,0.62887311,0.741674542,0.731470525,0.933527648,0.848825634,0.956520736,0.674055934,0.669479966,0.863813519,0.776139855,0.897392213,0.693671107,0.821556091,0.669691145,0.643629432,0.99605459,0.835586369,0.656659424,0.620442867,0.786282837,0.727656662,0.879457712,0.749736667,0.810303032,0.691474319
1112.736691,0.639114201,0.74112767,0.733183384,0.869735479,0.608056247,0.493010879,0.804838359,0.72515434,0.639257789,0.86187619,0.727157295,0.646390915,0.687478483,0.608143687,0.645418763,0.623291254,0.735698223,0.726788223,0.929325759,0.8455652,0.945931673,0.669865012,0.664862037,0.856350422,0.769861639,0.884941876,0.689251781,0.816491485,0.664255381,0.639263988,0.983201742,0.831195831,0.652482748,0.612538636,0.780053437,0.718350768,0.874542236,0.745467961,0.798569024,0.686241925
1114.665178,0.631275713,0.737425923,0.722122312,0.861602783,0.6047526,0.488487035,0.800773025,0.717861176,0.63552165,0.857432723,0.71973455,0.643215895,0.679055035,0.604294896,0.641804814,0.617293894,0.72944808,0.722010493,0.924884021,0.842132807,0.934870541,0.66612494,0.660344243,0.848373711,0.763145149,0.871241689,0.684699953,0.811364472,0.658229291,0.634634316,0.9699049,0.826300621,0.648529351,0.604524672,0.773752332,0.708262503,0.869651914,0.741268933,0.786125362,0.680508852
1116.593664,0.623120606,0.734440386,0.711289763,0.853867948,0.601971388,0.483790994,0.797308207,0.710432291,0.632268548,0.853783846,0.712396502,0.640335202,0.671040177,0.600694835,0.638495624,0.611135423,0.723130405,0.717760563,0.920816541,0.839141786,0.923778653,0.662978292,0.656493664,0.84036094,0.756542087,0.857826471,0.680675566,0.806822181,0.652135611,0.630194008,0.956788063,0.822319984,0.64517808,0.596519768,0.767720699,0.697889507,0.865035594,0.737373888,0.77395004,0.674862206
1118.522151,0.615311801,0.731968164,0.701263905,0.846718431,0.599665344,0.479251981,0.794499636,0.703427374,0.629588127,0.85096097,0.705205083,0.638152421,0.663449287,0.597879708,0.636011541,0.605141521,0.71721983,0.714146674,0.917546391,0.836867332,0.912552357,0.660524487,0.653280735,0.832618296,0.750749707,0.84484899,0.677417755,0.802864373,0.646259964,0.626354873,0.944167972,0.819413185,0.642289758,0.588987827,0.762266159,0.687733352,0.861194849,0.734035075,0.762841046,0.669814169
1120.450637,0.608250499,0.730492532,0.692297578,0.840432882,0.597977638,0.475164682,0.792427957,0.696994722,0.627826691,0.848798931,0.698728859,0.636947572,0.656447411,0.595943987,0.634455919,0.599737942,0.712202907,0.71128124,0.914764762,0.835517526,0.90220201,0.658881664,0.650846541,0.825957656,0.746183634,0.832776129,0.674738824,0.799443722,0.640976906,0.623274207,0.932358265,0.817187607,0.640094519,0.582327545,0.757429957,0.678623557,0.858534157,0.731397688,0.752946079,0.665291011
1122.379123,0.601487637,0.729326487,0.683517635,0.834599197,0.596586823,0.471400499,0.79017657,0.691281855,0.626011491,0.846413374,0.692703784,0.636032343,0.64977771,0.594067514,0.633269012,0.59472084,0.707688868,0.708551347,0.91105181,0.833530843,0.892102599,0.657174468,0.648419023,0.819818735,0.741832495,0.821015775,0.671902657,0.796101332,0.636288583,0.620431006,0.920205951,0.814979613,0.637992203,0.576161146,0.753014266,0.669743598,0.855965734,0.72872752,0.742889225,0.660935044
1124.30761,0.594571352,0.72698915,0.674338341,0.828519702,0.594428658,0.467752337,0.786165714,0.685793161,0.623140335,0.842671156,0.68649596,0.634535611,0.6428141,0.591479003,0.631563067,0.589896321,0.703126669,0.70498544,0.905712843,0.829598963,0.881159902,0.654471219,0.644875228,0.813393593,0.736566007,0.808275223,0.668361247,0.792348266,0.631686211,0.617318273,0.907013535,0.811895132,0.634992003,0.570057809,0.748546839,0.660001934,0.852731586,0.725099683,0.73190701,0.656476974
1126.236096,0.587371886,0.723181963,0.664956152,0.822357535,0.591017723,0.464171737,0.779941142,0.680076897,0.618820965,0.837155998,0.680237353,0.631866813,0.635187745,0.58757931,0.628719985,0.5849545,0.698190749,0.699782848,0.897831023,0.82367605,0.868949175,0.650125444,0.639789939,0.806415975,0.730002582,0.793959796,0.663918316,0.787681162,0.627051055,0.613312185,0.892569244,0.807044446,0.630863369,0.563594639,0.743635356,0.648889899,0.848215342,0.720263839,0.720129669,0.651813388
1128.164583,0.5800969,0.71805793,0.655281782,0.81571573,0.58651489,0.460678607,0.771601558,0.674242854,0.612980962,0.829957008,0.674020588,0.628060341,0.62707454,0.582463384,0.624263406,0.579816282,0.692988575,0.692833245,0.887332201,0.815647423,0.855739236,0.644309819,0.633157313,0.799204946,0.722120821,0.778490067,0.658369541,0.782065094,0.622328281,0.608198941,0.877353609,0.800512671,0.625479221,0.55694896,0.73814714,0.63686806,0.842289805,0.714220583,0.707579017,0.646959722
1130.093069,0.573103249,0.711705506,0.645895422,0.808523834,0.581153035,0.457440615,0.761811495,0.668635607,0.606167614,0.821375787,0.668106854,0.623637736,0.619069099,0.576587379,0.618664443,0.574933648,0.688145995,0.684702277,0.875092268,0.805913329,0.842600942,0.637360275,0.625319779,0.792128801,0.713283777,0.763177276,0.652028322,0.776037931,0.617616653,0.602447927,0.862409949,0.793110847,0.619218349,0.550550342,0.732279778,0.624756634,0.835579693,0.707597375,0.694970369,0.641827047
1132.021556,0.566757798,0.704060376,0.63726145,0.801341236,0.57501018,0.45445323,0.751213551,0.663187146,0.598775923,0.812271059,0.662698627,0.618691444,0.611355543,0.569825709,0.612487733,0.570443451,0.683293819,0.67603302,0.861809075,0.795026481,0.829856098,0.629566669,0.616708577,0.784790516,0.703875899,0.748448789,0.645497561,0.769704759,0.613159657,0.596067011,0.848101318,0.785101712,0.612506151,0.544588804,0.726274729,0.612994432,0.828406692,0.700689375,0.6830495,0.636641502
1133.950042,0.561683416,0.696395814,0.629898906,0.794644058,0.568925917,0.452016681,0.741300225,0.658378661,0.591897607,0.804055035,0.658432066,0.613857567,0.604570985,0.563093424,0.606624484,0.566662908,0.678733468,0.668180525,0.849666059,0.784549594,0.818236887,0.622177422,0.608547568,0.778202772,0.694880903,0.735582352,0.639548004,0.764277756,0.609448314,0.590226889,0.835539401,0.777709901,0.606427312,0.539259613,0.721108019,0.60227108,0.822180688,0.694282591,0.673090041,0.632144809
1135.878529,0.557981908,0.689752936,0.62397325,0.788727462,0.563664019,0.45019576,0.733160973,0.654716551,0.58641535,0.797508895,0.655370116,0.610022187,0.599154174,0.557525218,0.601929724,0.563471079,0.675114572,0.661661267,0.839841962,0.775606513,0.808486104,0.615876317,0.601593912,0.772707939,0.687149525,0.724950075,0.634623051,0.760150194,0.60644567,0.585510015,0.825288832,0.771757126,0.601696372,0.534672856,0.716968358,0.59298861,0.817228138,0.689067006,0.665175319,0.628484547
1137.807015,0.555780053,0.684916198,0.619985998,0.784421742,0.559922576,0.449097812,0.727487028,0.652318835,0.582687855,0.793487728,0.653635442,0.607648909,0.595641077,0.55380547,0.598818719,0.561141312,0.67289567,0.657165229,0.833072126,0.76911664,0.801479638,0.611464977,0.596742153,0.769016445,0.681500554,0.717269242,0.631486356,0.757388115,0.604465842,0.58245486,0.818246484,0.768011212,0.598504901,0.531335056,0.713870645,0.586298287,0.814150453,0.685649455,0.659538746,0.626198113
1139.735502,0.555160344,0.682284653,0.618136466,0.781713009,0.557869017,0.448840797,0.724709392,0.651243746,0.580833554,0.791659951,0.653203487,0.606525064,0.594142973,0.55213511,0.597275794,0.560016394,0.672249436,0.655189335,0.8298949,0.765672684,0.797407866,0.609191298,0.594227672,0.767618835,0.678150773,0.713439524,0.630319536,0.756217062,0.603964746,0.581508458,0.81490761,0.766554356,0.596866131,0.529367626,0.71222657,0.582444549,0.813291669,0.684088767,0.656812429,0.625296772
1141.663988,0.556161046,0.681418002,0.618156254,0.780759513,0.557418287,0.449439913,0.724490523,0.65153116,0.580995858,0.791735888,0.653879046,0.606552482,0.594529331,0.552482665,0.597415984,0.560026705,0.672854662,0.655447423,0.830089211,0.764864743,0.796286762,0.608666301,0.593832493,0.76797843,0.677088439,0.713323593,0.630789101,0.756533265,0.604768753,0.582418382,0.814966023,0.766760051,0.596779227,0.528824449,0.712281346,0.581433952,0.814038157,0.684194148,0.657105744,0.625617504
1143.592475,0.558287203,0.682012558,0.619920909,0.781421363,0.55835557,0.450642407,0.725921392,0.652936876,0.582454324,0.793255031,0.655524433,0.607422233,0.596577287,0.554560184,0.599018812,0.560733676,0.674589872,0.657318354,0.832438767,0.76599282,0.79790324,0.609318495,0.595044374,0.76982677,0.677823305,0.716294885,0.632227719,0.758248031,0.60634172,0.584785402,0.817848623,0.768369079,0.597945094,0.529357433,0.713839412,0.58311969,0.815885186,0.685708284,0.659985602,0.627106428
1145.520961,0.560883462,0.683516026,0.622707248,0.782664478,0.560006022,0.451988429,0.728195667,0.655166984,0.584300041,0.795293927,0.657733262,0.608593464,0.599743485,0.55778414,0.601059318,0.561697781,0.676895142,0.660146713,0.835644364,0.768352568,0.801564217,0.610576868,0.59696877,0.77250731,0.679624975,0.721342921,0.634117842,0.760273576,0.608132601,0.587845683,0.822820246,0.770673573,0.599521935,0.530542731,0.716051638,0.586473227,0.818230212,0.68788296,0.664495707,0.629053414
1147.449448,0.563809633,0.685431361,0.626288176,0.784537911,0.562182486,0.453583956,0.731074989,0.658180535,0.586505711,0.797812998,0.660307467,0.610035658,0.603783667,0.561880946,0.603575647,0.563189387,0.679551661,0.663705409,0.839522719,0.77135247,0.806694508,0.612312913,0.599576771,0.775946259,0.682405114,0.728029907,0.636547208,0.762369931,0.610479534,0.591632426,0.829560637,0.773412764,0.601398885,0.532245517,0.718689263,0.591434956,0.82094413,0.690552533,0.670019865,0.631336272
1149.377934,0.566550314,0.687056363,0.630202174,0.786630273,0.564353645,0.455255002,0.733832717,0.66125828,0.588666975,0.800212324,0.662471533,0.611427128,0.607876599,0.565994561,0.606331468,0.564878821,0.682429612,0.667083681,0.843669653,0.774390101,0.812532961,0.613837898,0.602094233,0.779628098,0.685292423,0.735105991,0.63871491,0.764504433,0.61281848,0.595487118,0.836894453,0.776034474,0.603221536,0.534007728,0.721442878,0.597228706,0.823379874,0.692885041,0.675675511,0.633735597
1151.30642,0.568834305,0.688599646,0.634019256,0.788770258,0.566409647,0.456816405,0.736467481,0.664319694,0.590828478,0.802576542,0.664110601,0.612909019,0.611815989,0.569915354,0.608842671,0.566277206,0.685462415,0.670251787,0.847848237,0.777238905,0.818812788,0.61522007,0.60417819,0.78315115,0.688141465,0.74213028,0.640496194,0.766429007,0.614838421,0.599294901,0.844101667,0.77853024,0.604618549,0.535975397,0.724161088,0.603085399,0.825720012,0.694999635,0.681216717,0.636280835
1153.234907,0.570177853,0.690193534,0.637235463,0.790724516,0.568298995,0.458070666,0.738675594,0.66721797,0.592623234,0.804576457,0.664984882,0.614142895,0.615314722,0.573737442,0.610946059,0.567004502,0.688496947,0.672958851,0.851304054,0.779121757,0.824078739,0.61620152,0.605584443,0.786379158,0.691072404,0.74845463,0.641729176,0.767861843,0.617282271,0.602838159,0.850228786,0.780750155,0.605442882,0.537804365,0.726650596,0.608527184,0.827433825,0.697028995,0.685765445,0.638513505
1155.163393,0.570413709,0.691196144,0.639226496,0.792415023,0.569759786,0.459109932,0.740010262,0.669708371,0.593723476,0.805649817,0.664954543,0.614526153,0.617899954,0.577124119,0.612526357,0.56744796,0.690960765,0.674805403,0.853707671,0.780327618,0.827778935,0.61637634,0.606343567,0.789362788,0.693523645,0.753498197,0.642303288,0.768317699,0.619813263,0.6057266,0.854529977,0.782132745,0.605740249,0.539244294,0.728755891,0.612959266,0.828168869,0.698232889,0.68865937,0.6403566
1157.09188,0.569265485,0.691176534,0.639532864,0.793789327,0.570558131,0.459796906,0.740175307,0.671659827,0.593834162,0.805352628,0.663911045,0.613889456,0.619242787,0.579561353,0.613413513,0.567498982,0.692724705,0.675469041,0.854458511,0.780826986,0.829640269,0.615629137,0.606174946,0.791508377,0.694762826,0.756884634,0.641939282,0.767619789,0.621603608,0.608139098,0.856297672,0.782622695,0.605171382,0.540122807,0.730161011,0.615852654,0.827745259,0.698192537,0.689638972,0.641922235
1159.020366,0.566469014,0.689742386,0.637689114,0.794053495,0.570213437,0.459711075,0.738413036,0.67237401,0.592376471,0.803106368,0.661222398,0.612044215,0.618629277,0.58045876,0.612730861,0.566352904,0.693479478,0.673997998,0.853003621,0.779271483,0.828652322,0.613378823,0.603976429,0.791866183,0.694412947,0.757394314,0.639507771,0.765401483,0.622382462,0.609285355,0.854781806,0.781390667,0.602945089,0.539787292,0.730177224,0.616540313,0.82533884,0.696548164,0.687984169,0.642180026
1160.948853,0.562401831,0.686996818,0.633957803,0.793165565,0.568828583,0.459065229,0.734611154,0.671917617,0.589352369,0.799050212,0.657264709,0.609070003,0.616003573,0.580033541,0.610345721,0.564535797,0.692819357,0.670665681,0.849371314,0.775683463,0.825011551,0.609560072,0.600069344,0.7903772,0.692387462,0.755064845,0.635607421,0.761564791,0.622374475,0.609043777,0.84997195,0.778166533,0.599275112,0.538275123,0.728957474,0.614786923,0.821195304,0.693613827,0.683639467,0.641352952
1162.877339,0.556422353,0.682537675,0.627743304,0.790823281,0.566195071,0.457309484,0.728464425,0.669823766,0.584385812,0.792526543,0.651833057,0.604476273,0.611254334,0.578135371,0.606392682,0.561801255,0.690754771,0.66508615,0.842735171,0.76993829,0.818580568,0.603883564,0.594469547,0.786553979,0.68823421,0.748911321,0.630537271,0.756025016,0.621225536,0.606998742,0.841291547,0.773130476,0.594094932,0.53545773,0.726116359,0.610066712,0.814740658,0.68891567,0.676181853,0.63923943
1164.805826,0.548255384,0.676196814,0.618492961,0.786874533,0.562110364,0.454296321,0.720132828,0.665966868,0.577626228,0.783462048,0.644658029,0.598089874,0.604299664,0.574439228,0.600750983,0.557482481,0.68725723,0.657080591,0.833212018,0.762179315,0.809058726,0.596619725,0.587284267,0.780739963,0.682006001,0.737973869,0.623781085,0.748850703,0.618635476,0.603063762,0.828958929,0.766160071,0.587310851,0.531055748,0.721477926,0.602080882,0.806257427,0.682357013,0.665378451,0.63544184
1166.734312,0.538258493,0.668364286,0.606840968,0.781524003,0.556667268,0.450423926,0.709985673,0.660981894,0.569353342,0.772776961,0.635861158,0.590299189,0.595332325,0.56904614,0.593440592,0.551896691,0.682270229,0.647406757,0.821154594,0.752969623,0.796264946,0.588312387,0.578778625,0.77334404,0.673872769,0.7225582,0.615677595,0.740323722,0.614864886,0.597858727,0.81312716,0.757410407,0.579512656,0.525010467,0.715589285,0.5907318,0.796009064,0.674317062,0.651456118,0.630585372
1168.662799,0.526895583,0.659352779,0.593626916,0.775318444,0.550172567,0.445879638,0.698415577,0.655173063,0.559665024,0.761027813,0.625847399,0.581658781,0.585036159,0.562461138,0.584965229,0.545533955,0.676237702,0.636241257,0.807100296,0.742403567,0.781345606,0.579266012,0.569405019,0.764720738,0.664394379,0.703867495,0.606771469,0.731154919,0.610244989,0.591620684,0.794702172,0.747499406,0.571022749,0.517881155,0.708845854,0.576858997,0.784552693,0.6651389,0.635643423,0.624991357
1170.591285,0.514769435,0.649303436,0.579403996,0.768413603,0.542790473,0.440989256,0.685454369,0.648741782,0.548755825,0.748123527,0.615354955,0.572586119,0.57395649,0.554873765,0.575800717,0.53863436,0.669441938,0.623804867,0.791243911,0.730294287,0.765415728,0.569578826,0.559457541,0.755055726,0.653712213,0.683669448,0.597467661,0.721676588,0.605185747,0.584499955,0.775031507,0.736729503,0.561761916,0.51025492,0.701434255,0.561611712,0.772752881,0.655260623,0.619005322,0.618873954
1172.519772,0.502305806,0.638120711,0.564620972,0.76061064,0.534225643,0.435764939,0.670786083,0.641641319,0.537063539,0.734121382,0.604666829,0.563356102,0.56231916,0.546099484,0.565958977,0.531432092,0.662050009,0.610520363,0.773503661,0.716439605,0.748696148,0.558828354,0.548297584,0.744400024,0.641863406,0.66320008,0.58766681,0.711542845,0.599782944,0.576771319,0.75493753,0.724993527,0.551846564,0.502197146,0.693329811,0.545484722,0.760398209,0.644450426,0.602067173,0.612151265
1174.448258,0.490027577,0.626265466,0.549726546,0.752327085,0.524635255,0.430387884,0.654980123,0.634156644,0.525112987,0.719546497,0.594041705,0.554503322,0.550656974,0.536558688,0.555875421,0.524095714,0.654431999,0.59691757,0.754499614,0.701552927,0.731434524,0.547173798,0.536159456,0.733278275,0.629398704,0.643085361,0.577172577,0.701018155,0.593933046,0.568710625,0.734918118,0.712636471,0.541507721,0.4941414,0.68479073,0.529084444,0.748126626,0.632951856,0.585384607,0.605031252
1176.376745,0.478414387,0.614539683,0.535182834,0.743935645,0.514896691,0.425205529,0.639288127,0.626564085,0.513421535,0.705447972,0.584033966,0.546539903,0.539240062,0.526741385,0.546107173,0.517004788,0.647059441,0.583675742,0.735516906,0.686615229,0.713912487,0.535593987,0.523975134,0.722145736,0.616867125,0.623674631,0.566882372,0.690762877,0.587970674,0.560349464,0.7147609,0.700577855,0.531272173,0.486435264,0.676291347,0.512806356,0.736490071,0.621652544,0.569194615,0.598091722
1178.305231,0.467554927,0.60342592,0.521189332,0.73569417,0.505662739,0.420386344,0.62480855,0.618975639,0.502642453,0.692653,0.574868321,0.539804578,0.528075933,0.517144203,0.537217677,0.510421157,0.640187979,0.571261764,0.717765093,0.672349811,0.695983469,0.524635911,0.51233685,0.711531699,0.604762256,0.604792058,0.557430804,0.68116641,0.582302749,0.552165508,0.694239557,0.689472139,0.521760821,0.478869796,0.668191433,0.496677935,0.725925744,0.611189365,0.553313732,0.59137857
1180.233717,0.457354873,0.593214393,0.507563114,0.727828741,0.497096032,0.415831745,0.611915588,0.611779511,0.493132085,0.681398571,0.566231906,0.534137011,0.517215073,0.508192778,0.529532611,0.504133523,0.633666754,0.560202897,0.701784909,0.659743249,0.677313566,0.514457107,0.50146693,0.701396108,0.593401015,0.585866928,0.548604012,0.672237694,0.576835871,0.544497192,0.673186898,0.679519653,0.513130367,0.471417129,0.660677969,0.480614573,0.716721475,0.601684868,0.53742677,0.584961832
1182.162204,0.448099673,0.584493458,0.494729608,0.721106529,0.48987323,0.411722332,0.601115704,0.605515003,0.485488117,0.672258854,0.558530986,0.529650927,0.50691992,0.500241101,0.523267806,0.498554677,0.628035903,0.551141918,0.688217402,0.64929229,0.658588111,0.505637765,0.492011786,0.692365885,0.583457053,0.567527175,0.540904522,0.664429665,0.571874559,0.53789854,0.6521402,0.67131871,0.505718112,0.464568645,0.654098392,0.464983582,0.709281266,0.593558431,0.522102296,0.579345524
1184.09069,0.44011417,0.577700257,0.483110428,0.715726852,0.484192878,0.408439159,0.592668772,0.600404382,0.479698241,0.66523695,0.552063942,0.526538312,0.497535169,0.493761986,0.518471777,0.493869722,0.623701215,0.543927789,0.677051127,0.640711606,0.640290439,0.498276293,0.484247237,0.685074925,0.575249851,0.550555527,0.534650147,0.657994807,0.567860186,0.532875955,0.631682098,0.66502583,0.499674141,0.458818644,0.64877975,0.450288415,0.7038607,0.586953104,0.507916868,0.574787021
1186.019177,0.433773786,0.572862744,0.473168492,0.711587548,0.479989171,0.406108767,0.586300373,0.596722782,0.475384593,0.660023868,0.546788096,0.524560273,0.489661515,0.488983482,0.515084922,0.490209937,0.62068826,0.538419902,0.66825068,0.633999825,0.623416305,0.492494434,0.478061646,0.679605544,0.568991125,0.535509586,0.529861212,0.652845085,0.565038383,0.529550314,0.612928748,0.660520732,0.495203346,0.454314053,0.645004869,0.437053919,0.700056076,0.581815362,0.495671749,0.571449816
1187.947663,0.429049969,0.569599748,0.465500444,0.708870053,0.477452844,0.404708505,0.581555843,0.594591796,0.472502142,0.656394362,0.54289782,0.523563623,0.48365593,0.485855192,0.513290882,0.487733513,0.619049191,0.53461206,0.661575377,0.629015565,0.608923674,0.488468289,0.47362259,0.675997078,0.564416647,0.522885621,0.526480615,0.649265409,0.563503206,0.527735472,0.597157896,0.6577034,0.492267966,0.451007992,0.642767906,0.425880164,0.69765234,0.578196287,0.485843301,0.569340765
1189.87615,0.425928146,0.567998171,0.460407495,0.707602203,0.476471394,0.404222131,0.578601658,0.593863666,0.471160829,0.654398799,0.540644407,0.523602128,0.479718447,0.484619021,0.512858987,0.486416727,0.618633151,0.532597363,0.656863511,0.625778675,0.59745574,0.486192405,0.471050978,0.67411828,0.561537862,0.51319021,0.524545431,0.647465467,0.563007236,0.52734369,0.585104346,0.656506717,0.490740597,0.449051082,0.642086983,0.417247087,0.696727335,0.576048195,0.478702694,0.568471968
1191.804636,0.424640357,0.568392813,0.457974702,0.707742035,0.47693637,0.404560626,0.577740729,0.594510555,0.471381158,0.654117584,0.540089548,0.524778724,0.477961957,0.485139668,0.513549447,0.48637709,0.619540751,0.532364845,0.654387236,0.624430358,0.589805245,0.485730052,0.470435709,0.673841536,0.560537338,0.50688976,0.524319589,0.647266805,0.563476086,0.528636038,0.577429056,0.657014012,0.490867972,0.448358238,0.642890871,0.411544412,0.697445691,0.575561881,0.47467503,0.568895221
1193.733123,0.424864739,0.570397913,0.457821488,0.708735049,0.478646427,0.405521929,0.578611374,0.596330643,0.472967803,0.655459702,0.540756762,0.526918471,0.47809875,0.486981302,0.515389502,0.487196058,0.621610403,0.533576429,0.653885543,0.624835193,0.585868239,0.486873001,0.471684396,0.674930871,0.56098938,0.503865957,0.525616109,0.648444891,0.564866662,0.531071544,0.573854387,0.658921719,0.492299855,0.448731363,0.644717932,0.408825994,0.699565172,0.576620638,0.473513097,0.570226312
1195.661609,0.42650032,0.574030876,0.459688246,0.710448503,0.481635034,0.407264143,0.58147496,0.599095106,0.476036161,0.658526361,0.542642713,0.529985666,0.479922384,0.490262508,0.518525362,0.488786727,0.624574542,0.536474586,0.655544341,0.627233148,0.585314691,0.489804655,0.474775702,0.677551687,0.563336372,0.504070461,0.528452396,0.651233077,0.567040145,0.534498394,0.573897064,0.662301362,0.495041072,0.450213134,0.647408962,0.408877492,0.703267813,0.579185784,0.475020051,0.572218895
1197.590096,0.429133356,0.578951776,0.462854266,0.712872803,0.485577554,0.409416258,0.586102128,0.602227747,0.480165273,0.662885606,0.54530108,0.533901513,0.4827739,0.494579434,0.522814691,0.490936667,0.628163159,0.54079777,0.659278214,0.631415427,0.587029099,0.494205028,0.479241908,0.681154072,0.566960812,0.506544709,0.532384872,0.655189574,0.569606185,0.538706541,0.576663435,0.666866481,0.49912104,0.45236361,0.650720835,0.410992026,0.708221316,0.582978189,0.478199452,0.574704945
1199.518582,0.431977719,0.584512532,0.46632871,0.715765655,0.489956409,0.4113684,0.591822684,0.605508327,0.484975874,0.668213546,0.547908247,0.538407803,0.485874683,0.499277204,0.527617157,0.493176192,0.63177526,0.54609865,0.664427936,0.636654556,0.589875817,0.499395967,0.484526455,0.685114503,0.570999801,0.509839535,0.536815643,0.659657061,0.572175622,0.543155968,0.58050108,0.672047317,0.503903806,0.454503,0.65435791,0.413956791,0.713681817,0.587501645,0.48190406,0.57745111
1201.447069,0.434532851,0.590480089,0.469343483,0.718508482,0.494485587,0.413047373,0.597956598,0.608622432,0.490146548,0.673955202,0.550180733,0.543309629,0.488571256,0.503777027,0.532628953,0.495120287,0.634953976,0.551766038,0.670120955,0.642295778,0.592888176,0.505009592,0.490083963,0.688890398,0.575247288,0.512835145,0.541642785,0.664460003,0.574325264,0.547579706,0.583991706,0.677688599,0.508721888,0.456282169,0.657761395,0.416706473,0.71952635,0.592143118,0.485370278,0.580018044
1203.375555,0.436536819,0.596490562,0.471315503,0.72074914,0.498879939,0.414337099,0.603986859,0.610990286,0.495260298,0.679808915,0.551934779,0.548289537,0.49058485,0.507896483,0.537690222,0.496553987,0.637770355,0.557211161,0.675832689,0.64815861,0.595103025,0.510671914,0.495427579,0.691920817,0.579245031,0.514788866,0.54646188,0.669170916,0.57585603,0.551589847,0.58645761,0.683315039,0.513508081,0.457692325,0.660686195,0.418638647,0.725211918,0.596581638,0.487923563,0.582243979
1205.304042,0.437825948,0.60220319,0.472286433,0.722728014,0.502976775,0.415110886,0.610021532,0.612682343,0.500223219,0.685619533,0.553033412,0.552991033,0.491883099,0.511674106,0.542354107,0.49759236,0.640041709,0.562391758,0.681435823,0.653885961,0.596343756,0.516124308,0.500547647,0.694218278,0.58291322,0.515412569,0.55089581,0.673454225,0.576961875,0.555059791,0.587580562,0.688472152,0.518373072,0.458560079,0.663052857,0.419424415,0.730438709,0.600892603,0.489386231,0.584093094
1207.232528,0.438387513,0.607540727,0.47249493,0.724312127,0.506803036,0.41541642,0.615796745,0.613781214,0.50486505,0.690970242,0.553446054,0.557360232,0.492476523,0.51494658,0.546585083,0.498089463,0.641641259,0.567002952,0.686732531,0.659139156,0.596971691,0.521259725,0.505300462,0.695669055,0.586067796,0.514796555,0.555004179,0.677366257,0.577619731,0.558090746,0.587624669,0.693219423,0.522868097,0.458800167,0.664846063,0.419453561,0.73542583,0.604820848,0.489920527,0.585399151
1209.161014,0.438797176,0.612813056,0.472677976,0.725700736,0.510601461,0.415568084,0.62144345,0.614711523,0.509403706,0.69614166,0.553721428,0.561522841,0.492960364,0.518074393,0.550637007,0.498240411,0.643096387,0.571410179,0.692066908,0.664310992,0.597835302,0.526378751,0.509799004,0.696843743,0.588960111,0.513847232,0.559029996,0.681174934,0.5779863,0.561062276,0.587715447,0.697811186,0.527080536,0.458708167,0.666526258,0.419434607,0.740311682,0.608602703,0.490218997,0.586486816
1211.089501,0.439321309,0.617938399,0.473343134,0.727036417,0.514179111,0.415662438,0.62710315,0.615686774,0.513826549,0.701224983,0.554053128,0.565433621,0.49367848,0.521252692,0.554682672,0.498296231,0.644559503,0.575822175,0.697700381,0.669628501,0.59922111,0.531482339,0.514310718,0.698097765,0.591773331,0.513165593,0.563082039,0.684961081,0.578213632,0.563932419,0.588471472,0.702346087,0.531309307,0.458587438,0.668059707,0.419722527,0.744980216,0.612356305,0.490870416,0.587509573
1213.017987,0.440097243,0.622911692,0.474585176,0.728427529,0.517724216,0.415815353,0.632860065,0.616766512,0.518225253,0.706553698,0.554590464,0.569206297,0.494856298,0.524684012,0.558846653,0.498565733,0.646109283,0.580325365,0.703686655,0.675331175,0.601489186,0.536567152,0.519017935,0.699559033,0.594799638,0.513450801,0.56725055,0.688958049,0.578577638,0.566871881,0.590298593,0.707029998,0.535562098,0.458736032,0.669828713,0.420865119,0.749514103,0.616290629,0.492348522,0.588760316
1214.946474,0.441340357,0.62769562,0.476618469,0.729807615,0.52139926,0.416182935,0.638591707,0.618117869,0.52275151,0.712115169,0.555638909,0.573005855,0.496555299,0.528244674,0.562875271,0.49919039,0.647647977,0.585044324,0.709761024,0.681114435,0.604912877,0.541703284,0.523740292,0.701330602,0.598107576,0.515094519,0.57136637,0.693100989,0.579303145,0.569899023,0.59327817,0.711838603,0.539723098,0.459235251,0.671754599,0.423007041,0.75407052,0.620369375,0.494582206,0.590213835
1216.87496,0.443124145,0.632349014,0.479425251,0.731182694,0.525021255,0.416796148,0.644213498,0.619811535,0.527336717,0.717470944,0.557204843,0.576898515,0.498852342,0.531736076,0.566907525,0.499979913,0.649231911,0.589829206,0.715931475,0.68666929,0.60930711,0.546747684,0.528589189,0.703357995,0.601548731,0.517777205,0.575320721,0.697139144,0.580296874,0.572915316,0.597338796,0.716729105,0.543870986,0.460199714,0.673643887,0.426043719,0.758837283,0.624361277,0.497541398,0.591730118
1218.803447,0.445277423,0.636835277,0.482675493,0.7326805,0.528428912,0.417639285,0.649849713,0.621722758,0.53167218,0.722356617,0.559090197,0.58046329,0.501540542,0.53511399,0.570746422,0.500832915,0.650966644,0.594525576,0.721877217,0.692026258,0.614244044,0.551473022,0.533461869,0.705638945,0.605069339,0.521178722,0.579040587,0.700995207,0.581319571,0.576000512,0.602189481,0.721337378,0.547939658,0.461428404,0.675623477,0.42972219,0.763424397,0.628295422,0.501069427,0.593328178
1220.731933,0.447399646,0.640748739,0.486053109,0.734094679,0.531370044,0.418535948,0.65499109,0.623523951,0.535462558,0.72694695,0.560952127,0.583477199,0.504153609,0.538328767,0.57411468,0.50173831,0.652586877,0.598791599,0.72726953,0.697167397,0.619283974,0.555840015,0.53786993,0.70793283,0.608309329,0.524977505,0.582566857,0.704595745,0.582216918,0.57877928,0.607357144,0.725485742,0.551601708,0.462649316,0.67743516,0.43364498,0.767347693,0.631807625,0.504659176,0.594704807
1222.66042,0.449516267,0.64435041,0.489558995,0.735371709,0.534186602,0.419493645,0.659741759,0.62528187,0.538982809,0.731417239,0.562945783,0.58611387,0.506825864,0.541551352,0.577347279,0.502864182,0.654134512,0.602797747,0.732464612,0.702025115,0.624613643,0.559987843,0.542072117,0.710212171,0.611423194,0.529089689,0.58589828,0.708135843,0.583182931,0.581368208,0.612805903,0.72946167,0.555030525,0.463859826,0.679391801,0.437792689,0.77108413,0.635052443,0.508303404,0.596034646
1224.588906,0.451714218,0.64754039,0.493039757,0.736329675,0.536805451,0.420503318,0.664153576,0.626964509,0.542182326,0.735400319,0.565006614,0.588259101,0.509524882,0.54448843,0.580195487,0.504068971,0.655509949,0.606438398,0.737336457,0.706226289,0.630171835,0.563785136,0.54601711,0.712364495,0.614350438,0.533304095,0.588909984,0.7114501,0.584182143,0.583727717,0.618212581,0.733006001,0.558269799,0.465047121,0.681330025,0.442168802,0.774410427,0.638172746,0.511923492,0.597307861
1226.517393,0.45389086,0.650318503,0.496317089,0.737095237,0.538972437,0.421540499,0.668027043,0.628551602,0.54495132,0.738921821,0.567002118,0.589935601,0.51213491,0.547159791,0.582571983,0.50509429,0.656622589,0.60962522,0.741856158,0.709978521,0.635694802,0.567232311,0.549604058,0.714363396,0.616986692,0.537475407,0.59164381,0.714321196,0.585085392,0.585836887,0.623508394,0.736027658,0.561054826,0.46615535,0.682955861,0.446480781,0.776947677,0.641059399,0.515457332,0.598376334
1228.445879,0.45571363,0.65262115,0.49915266,0.73759979,0.540787876,0.422361374,0.671309948,0.629810095,0.547130823,0.741663635,0.56869328,0.591042101,0.514207721,0.549340248,0.584261,0.505776942,0.657376051,0.612300873,0.745657861,0.713312864,0.640669286,0.570073307,0.552600384,0.716184556,0.619096696,0.541309178,0.593735576,0.716806591,0.585739315,0.587563753,0.62824285,0.738342762,0.563048542,0.466821164,0.684332132,0.450314075,0.778757215,0.64334017,0.51841557,0.599205077
1230.374366,0.457285881,0.654459894,0.501474619,0.737884223,0.542437255,0.422986329,0.674091756,0.630913436,0.548928618,0.744123459,0.570008695,0.591842771,0.515791893,0.551183641,0.585471272,0.506500006,0.65793246,0.614479303,0.74911356,0.716291249,0.645019174,0.572420597,0.555095792,0.71792084,0.620864749,0.544782817,0.595490873,0.718991935,0.58632648,0.588990211,0.632302761,0.740307748,0.564618766,0.467218101,0.685627162,0.453942508,0.780203938,0.645101368,0.520792603,0.599974632
1232.302852,0.458711028,0.656092882,0.503297925,0.738015592,0.543864548,0.423684478,0.676721096,0.632062197,0.550555944,0.746479452,0.571226478,0.592269599,0.517134547,0.552929223,0.586528361,0.507321596,0.658404052,0.616431892,0.75254333,0.7190696,0.64866221,0.574407339,0.557344675,0.719390988,0.622615278,0.547656655,0.596988499,0.720853209,0.586815536,0.59046936,0.6356287,0.742144227,0.566063404,0.467499346,0.686631978,0.457072824,0.781383336,0.646587253,0.522711635,0.600797415
1234.231339,0.459699273,0.657423198,0.504510164,0.73787421,0.544932306,0.424218357,0.679073632,0.632741988,0.551767349,0.748170257,0.572075486,0.592162609,0.517836213,0.55417949,0.587147832,0.507726669,0.658653557,0.617920041,0.755399108,0.721418619,0.651244044,0.575957537,0.559124291,0.720454991,0.623882413,0.54946667,0.598045409,0.722382724,0.587028027,0.591525257,0.637686968,0.743469954,0.567100167,0.467325717,0.687126338,0.459195286,0.781964958,0.647603035,0.523716748,0.60134995
1236.159825,0.460248619,0.658640444,0.505249083,0.737554729,0.545803964,0.424424142,0.680909812,0.633070409,0.552606881,0.749489129,0.572583675,0.591921568,0.5180704,0.555141628,0.587623,0.507788777,0.658580422,0.619053662,0.75777483,0.723111033,0.652918458,0.577263534,0.560570061,0.721161246,0.624712765,0.550382435,0.598906875,0.723460078,0.587293565,0.591947496,0.638897359,0.744339705,0.567768991,0.466688037,0.68738991,0.4606134,0.78229779,0.648503363,0.523802519,0.60151428
1238.088311,0.460488856,0.659337461,0.505615473,0.736911058,0.546415389,0.424537182,0.682441413,0.633303523,0.553237021,0.750622511,0.572972298,0.591654003,0.518124044,0.555826902,0.588023424,0.507825851,0.65817219,0.620030046,0.759928167,0.724367857,0.653890133,0.578196645,0.561766267,0.721702337,0.625371277,0.550673544,0.599434614,0.724435866,0.587451637,0.592298627,0.639491439,0.745092034,0.568267405,0.465842158,0.687415421,0.461520433,0.78261143,0.649263978,0.523481905,0.601496756
1240.016798,0.460743248,0.659647822,0.505677819,0.735982716,0.546919525,0.424738765,0.683751404,0.633414745,0.553708076,0.751785219,0.573267639,0.591501415,0.518087804,0.55636245,0.58828342,0.507961214,0.657834232,0.620757639,0.761916161,0.725713372,0.654397011,0.57880795,0.562607288,0.72221303,0.62580055,0.550475657,0.599787176,0.725482583,0.587425172,0.592862606,0.639553785,0.746095896,0.568846941,0.464806795,0.687263846,0.462103397,0.782894194,0.649680257,0.522962153,0.601496875
1241.945284,0.460881948,0.659946442,0.505453646,0.734656096,0.547385335,0.424702585,0.684618652,0.633264244,0.554069459,0.752690792,0.57343024,0.591220975,0.517592728,0.556697309,0.588392198,0.507826746,0.657504082,0.62118876,0.763331413,0.72678405,0.654111564,0.579145193,0.562893867,0.721972048,0.625755906,0.549685478,0.60005188,0.726018548,0.587321401,0.593086302,0.639119387,0.746614993,0.569195211,0.463329941,0.686839879,0.46205163,0.783048391,0.649828792,0.521837533,0.601210177
1243.873771,0.461012155,0.66022408,0.505170822,0.733268976,0.547809005,0.424586624,0.685625851,0.633028686,0.554674327,0.753581285,0.573468328,0.590947449,0.516613543,0.556908667,0.588601828,0.507431567,0.657170475,0.621595681,0.764560103,0.727666914,0.6533252,0.579442561,0.563128829,0.721670389,0.625543833,0.548757374,0.600523531,0.726574957,0.587224841,0.593212962,0.638290584,0.746902823,0.569368839,0.461705506,0.686345339,0.46148929,0.78322351,0.650055885,0.520612895,0.600852072
1245.802257,0.461234391,0.660685122,0.504744589,0.731762528,0.548023641,0.424632937,0.686804473,0.632788479,0.555251777,0.754697621,0.573455632,0.59104079,0.515723169,0.557181299,0.588966131,0.50695914,0.656795561,0.622136533,0.765877008,0.728636742,0.652517319,0.579692304,0.563521743,0.72177887,0.625201643,0.54746294,0.601056039,0.727353394,0.587085128,0.593442559,0.636993647,0.747661114,0.56976068,0.460148275,0.685886264,0.460840285,0.78371942,0.650393963,0.519312799,0.600539148
1247.730744,0.461121619,0.661171615,0.504112363,0.729868174,0.548015893,0.424527019,0.687746465,0.632346094,0.555888951,0.755725265,0.57336247,0.591460645,0.514903963,0.557399452,0.589297473,0.506544232,0.65639782,0.622716248,0.767054379,0.729482412,0.651415348,0.579980195,0.563852429,0.721764326,0.624563098,0.545561552,0.601480424,0.72833395,0.5867486,0.593462229,0.635391593,0.74839443,0.570286453,0.458448857,0.685367405,0.459917635,0.784551501,0.650728762,0.517714143,0.600010097
1249.65923,0.460939199,0.661912799,0.503645897,0.728129864,0.548275888,0.424287498,0.68886739,0.631790817,0.556801677,0.757003188,0.57320714,0.592230916,0.514108658,0.557827652,0.590047002,0.506204665,0.656168222,0.623409986,0.768220305,0.730320394,0.650119841,0.580659211,0.564406157,0.72178489,0.624066114,0.54363817,0.602305651,0.729699314,0.586308002,0.593545318,0.633996964,0.749313712,0.57106787,0.456540167,0.684816062,0.458829522,0.78573364,0.651231945,0.516205013,0.599508643
1251.587717,0.460904717,0.663081586,0.503356934,0.726587176,0.548916578,0.424065888,0.690418899,0.631279588,0.557790756,0.758834004,0.573094487,0.59345752,0.513553679,0.55852747,0.591311216,0.505493999,0.655926645,0.624370515,0.769480348,0.731466949,0.649199307,0.581774473,0.565452754,0.721868753,0.623810589,0.541849315,0.603575885,0.731360495,0.585814238,0.593935251,0.63289237,0.750556409,0.572336435,0.454638094,0.684465647,0.45798862,0.787442029,0.6520226,0.514988661,0.599128127
1253.516203,0.460960299,0.664789259,0.503336072,0.725252628,0.549928665,0.424011856,0.692324579,0.630960047,0.559307098,0.761135578,0.573051333,0.595410287,0.513347208,0.55962795,0.59299165,0.504482925,0.655879974,0.625846028,0.771072268,0.733182847,0.649012089,0.583478928,0.567015231,0.722053051,0.623690784,0.540491283,0.605279684,0.733597398,0.585446537,0.594704866,0.632470489,0.752043366,0.574077129,0.452953637,0.684684634,0.45750162,0.789628148,0.653327167,0.514403701,0.5989393
1255.44469,0.461148947,0.667092383,0.503583014,0.724078774,0.551051974,0.423993886,0.694441557,0.630571008,0.561260641,0.763598561,0.572992444,0.597866774,0.51344353,0.561025441,0.595086575,0.503447711,0.655990958,0.627716541,0.772964656,0.735116124,0.64928937,0.585504532,0.56866318,0.722175956,0.623670161,0.539550424,0.607333124,0.73606962,0.585136831,0.595466733,0.63271749,0.754132211,0.576175749,0.451409549,0.684829891,0.457169861,0.792148352,0.654897571,0.514353514,0.598801196
1257.373176,0.461468667,0.669597626,0.504010975,0.723004997,0.552194357,0.423848361,0.696801722,0.630031168,0.563470244,0.766313255,0.573002815,0.600531816,0.513772964,0.562731504,0.597525835,0.502838969,0.656318545,0.629803717,0.774961114,0.736959994,0.649885416,0.587743223,0.57057929,0.722342968,0.623928726,0.539006531,0.609616816,0.738711834,0.584821939,0.596303165,0.633607388,0.756637871,0.57856369,0.450077027,0.684891701,0.457139343,0.795147419,0.656642377,0.514807403,0.598810732
1259.301663,0.461791158,0.67208463,0.50460124,0.722040653,0.553358316,0.423550874,0.69902128,0.62953943,0.565639794,0.769030809,0.572997391,0.603369355,0.514282644,0.564638615,0.600122452,0.502713025,0.656879663,0.631912887,0.776504874,0.738545179,0.650685132,0.589955032,0.57263726,0.722629547,0.624193728,0.53881669,0.611871958,0.741288841,0.584472775,0.597439229,0.634879708,0.758952737,0.580847263,0.448946238,0.685156047,0.457282305,0.798125803,0.658331811,0.515445709,0.598982692
1261.230149,0.461958438,0.674346566,0.505229115,0.721085072,0.554264367,0.423104733,0.700920343,0.629164755,0.567416668,0.771276772,0.573031723,0.606253743,0.514790893,0.566232026,0.602593422,0.502401173,0.65718919,0.633760095,0.777630568,0.739739537,0.651400089,0.591900289,0.57439357,0.722876072,0.624258459,0.538780153,0.61394918,0.743643641,0.584073782,0.59855026,0.635940313,0.761147499,0.582909703,0.447853804,0.685235262,0.457212538,0.800737679,0.659721851,0.516057611,0.598974466
1263.158635,0.462001652,0.676089525,0.505748987,0.7199682,0.554881692,0.422676474,0.702428401,0.628570199,0.568661392,0.773014903,0.573105276,0.608708322,0.514986634,0.567455649,0.604775012,0.501597524,0.65711689,0.635148406,0.778396189,0.740588665,0.651543736,0.593577266,0.575842857,0.72268945,0.624084651,0.538523793,0.615622282,0.745876789,0.5835464,0.599100411,0.636608005,0.763011575,0.584530771,0.44670099,0.685101867,0.456800133,0.802889943,0.660757184,0.516574204,0.598802269
1265.087122,0.461965531,0.677162349,0.506054223,0.718469679,0.555177927,0.422209591,0.703158677,0.62764442,0.569282949,0.774237633,0.572951078,0.610565841,0.514997959,0.568129241,0.6064623,0.500573277,0.656742275,0.635905921,0.778383732,0.740865231,0.651064754,0.594609857,0.576761365,0.721953571,0.623307467,0.537767172,0.616726935,0.747507513,0.582585454,0.599005997,0.636748493,0.764172554,0.585447788,0.445467472,0.684718609,0.455981523,0.804448783,0.661240101,0.516718447,0.59845072
1267.015608,0.461761087,0.677237034,0.505978644,0.716472328,0.554632306,0.421478808,0.702892721,0.626365602,0.569191575,0.774364591,0.572540104,0.611618698,0.514718294,0.567934453,0.606985986,0.499307573,0.655818582,0.635861278,0.777303815,0.740032077,0.6498577,0.594659388,0.576741219,0.720566928,0.621743619,0.536471307,0.617148638,0.74817425,0.581209362,0.598298848,0.636225164,0.764468253,0.585691869,0.443974882,0.683646202,0.45468995,0.804809868,0.661147177,0.516281784,0.597560465
1268.944095,0.461337507,0.675867081,0.505361199,0.713796377,0.552946448,0.420395821,0.701434612,0.624313414,0.567990601,0.773120463,0.571893036,0.611300707,0.513716996,0.56674546,0.605974317,0.497718304,0.654045522,0.634827495,0.775189877,0.738146067,0.64760983,0.593529403,0.575449347,0.71820724,0.619307518,0.534521103,0.616466582,0.74772805,0.579372346,0.596410334,0.634761155,0.763575852,0.584974349,0.442131758,0.681760311,0.452818066,0.8035568,0.660155416,0.514977455,0.595840335
1270.872581,0.460672289,0.672933042,0.504185736,0.710363567,0.550380886,0.419075996,0.698785603,0.621761203,0.56571573,0.771050692,0.571072996,0.609850585,0.512095153,0.564433932,0.603771567,0.496172398,0.651513457,0.632683992,0.77227819,0.735424817,0.644539237,0.591256499,0.573128045,0.715226531,0.615985632,0.53205806,0.614827394,0.746437073,0.576940119,0.59340626,0.632324696,0.761488557,0.583152354,0.440016896,0.679314077,0.450279087,0.801464856,0.658214331,0.513054967,0.593473613
1272.801068,0.459667355,0.668530464,0.502345622,0.706129551,0.54683733,0.417523205,0.694929957,0.618738234,0.562260032,0.7679618,0.569975734,0.607307196,0.509918928,0.560917139,0.600331962,0.494357914,0.648220241,0.629312217,0.768138945,0.7315166,0.640488327,0.587780714,0.569627821,0.711350322,0.611615241,0.528766394,0.6121943,0.744092941,0.573937058,0.589511335,0.628745914,0.757925808,0.580207467,0.437553793,0.676118314,0.447062612,0.798162043,0.655289888,0.510420084,0.59045136
1274.729554,0.45856452,0.663078308,0.500116467,0.70152241,0.542553067,0.415807664,0.690361142,0.615404487,0.557919562,0.76392585,0.568749547,0.603849173,0.507331669,0.556612313,0.596022725,0.492258042,0.644392252,0.625024796,0.763270915,0.72674197,0.635643542,0.583363891,0.56517452,0.706741035,0.606515348,0.525005341,0.608772933,0.740935326,0.570654809,0.584940434,0.624320507,0.753477335,0.576532781,0.434994817,0.672503769,0.443557769,0.793652833,0.651703238,0.507202566,0.587103069
1276.658041,0.457381725,0.656872511,0.497550666,0.696651459,0.537718534,0.413952112,0.685157299,0.611898363,0.553067148,0.759217143,0.567440212,0.599822819,0.504387259,0.551622987,0.591108918,0.490145981,0.640167594,0.620091319,0.758054435,0.721516728,0.630271912,0.578239739,0.560198426,0.701714933,0.600824535,0.52120471,0.604845285,0.73740536,0.567095995,0.579831362,0.619406641,0.748676062,0.572320998,0.432365924,0.668665111,0.439772397,0.78869921,0.647757828,0.503679514,0.583618701
1278.586527,0.456172973,0.650348485,0.494681001,0.691610098,0.53265214,0.411995679,0.679627359,0.608208716,0.548016489,0.754227877,0.566128552,0.595523357,0.501337886,0.546319246,0.585847318,0.488112986,0.635797024,0.615015686,0.752595305,0.716161549,0.624771416,0.572808266,0.554976821,0.696560502,0.594975889,0.517472446,0.600626111,0.73369956,0.563307405,0.574615002,0.614294171,0.743512392,0.567986369,0.429641157,0.664696097,0.435861617,0.783633113,0.643551826,0.500029683,0.579904199
1280.515014,0.455179423,0.643924057,0.491754383,0.686703265,0.527826607,0.41005066,0.674329042,0.604630113,0.543071389,0.749436975,0.564966559,0.591325819,0.498334408,0.541252255,0.580739856,0.486284226,0.631489158,0.610086024,0.747134447,0.710856915,0.619316816,0.56751281,0.549911022,0.691584766,0.589445949,0.513788044,0.596513629,0.72999078,0.559584796,0.569459856,0.609250963,0.738295615,0.563808918,0.426949412,0.660818279,0.432121426,0.778625786,0.639387727,0.496433824,0.576288462
1282.4435,0.453908354,0.637479603,0.48853299,0.681586564,0.522948205,0.407898813,0.668792605,0.600800276,0.537850857,0.744601071,0.5633744,0.586994231,0.495000452,0.535993755,0.575473487,0.48416093,0.626880825,0.604868054,0.74127984,0.705507994,0.613551378,0.562219381,0.544717789,0.686279058,0.583615184,0.509278774,0.592270017,0.725951016,0.555759966,0.563932002,0.603679895,0.732905865,0.559347212,0.423960835,0.656671882,0.427907199,0.773190975,0.635119617,0.49243781,0.572503269
1284.371987,0.452073872,0.631025553,0.485055983,0.676304102,0.518122196,0.405554026,0.663105249,0.596835732,0.532609165,0.739522636,0.561324537,0.582497656,0.491311073,0.53063482,0.570074975,0.481699288,0.622100532,0.59941268,0.735229254,0.700190961,0.607403994,0.556940496,0.539501309,0.680864751,0.577615082,0.503966153,0.587882757,0.721953332,0.551831186,0.558305144,0.597570598,0.727549136,0.554871798,0.420666128,0.652368069,0.423028976,0.767464578,0.630720556,0.487944782,0.568498552
1286.300473,0.450130105,0.624772668,0.481384486,0.671208322,0.513453126,0.403195202,0.657706022,0.592830062,0.527677357,0.734388769,0.559242308,0.578048706,0.487489879,0.525544643,0.564834476,0.479189575,0.617303073,0.594021618,0.729362905,0.695098877,0.601021647,0.551824272,0.534524858,0.675626159,0.571862996,0.498426437,0.583628654,0.718153834,0.547897875,0.552783608,0.591231585,0.72239399,0.550597072,0.417460263,0.648110569,0.418030858,0.762190759,0.626381278,0.483367771,0.564542413
1288.22896,0.448384076,0.61915338,0.477645248,0.666590273,0.509112239,0.400946379,0.653001666,0.588822246,0.523135006,0.729837656,0.557241261,0.573989034,0.483938873,0.520803332,0.560045779,0.476777673,0.61277467,0.589096189,0.724128187,0.690730333,0.595125496,0.547320426,0.530065954,0.67070955,0.566453516,0.493371487,0.57976371,0.714588523,0.544104159,0.547727168,0.585242093,0.717675269,0.546686471,0.414466977,0.64411366,0.413290322,0.757548273,0.622565091,0.479234189,0.560800433
1290.157446,0.446754217,0.614285171,0.474319875,0.662352204,0.505366623,0.398921132,0.649082124,0.585279524,0.51924479,0.726217628,0.555382848,0.570396245,0.480862677,0.516498268,0.555927873,0.474616259,0.608768046,0.584887505,0.71976316,0.687156916,0.589924932,0.543466508,0.526323795,0.666164935,0.56156987,0.489286095,0.576428235,0.711499274,0.540529788,0.54312706,0.580242872,0.71375531,0.543321311,0.411740452,0.640534103,0.409163922,0.753304243,0.619357109,0.475806177,0.557500422
1292.085932,0.445375174,0.610158384,0.47164616,0.658456922,0.502105236,0.397123039,0.645886064,0.58229506,0.516134202,0.723516822,0.553735077,0.567419291,0.478365809,0.512832403,0.552533984,0.472817361,0.605167866,0.581512928,0.716413975,0.684237838,0.585589409,0.540228486,0.5232656,0.662142754,0.557476521,0.486156195,0.573717117,0.708969593,0.537265182,0.538958728,0.576278985,0.710576713,0.540561795,0.409423172,0.637432992,0.406096876,0.749828279,0.616740286,0.473227352,0.55453825
1294.014419,0.444207758,0.606577873,0.469394952,0.655042887,0.49927479,0.395464212,0.643368781,0.579627812,0.513561428,0.721322,0.552258074,0.565123677,0.476293653,0.50975889,0.549640536,0.471207529,0.601885915,0.578807592,0.713914752,0.681907475,0.582130849,0.53763777,0.520730972,0.658681273,0.554063261,0.483770192,0.571499944,0.706964552,0.534347236,0.535230637,0.573185921,0.707804739,0.538324535,0.407430351,0.63460362,0.403752059,0.747038305,0.614651918,0.471226931,0.551803529
1295.942905,0.443184108,0.60356921,0.467534602,0.651970148,0.49691233,0.394076079,0.641511858,0.577173829,0.511596262,0.719717979,0.55088526,0.563165426,0.474511892,0.50709188,0.547174513,0.469641626,0.598938584,0.576606214,0.712317765,0.680324137,0.579346776,0.535614848,0.518690944,0.655687749,0.551100433,0.482051522,0.569680929,0.705422044,0.531710446,0.531806409,0.57080555,0.705508471,0.536530852,0.405840486,0.63210094,0.401799202,0.74483192,0.613016069,0.469735503,0.549508333
1297.871392,0.442382038,0.601485968,0.466177911,0.649327993,0.495078415,0.393067151,0.640631735,0.575143337,0.510347307,0.718967378,0.549709082,0.561727703,0.473207384,0.504908264,0.545390069,0.468318224,0.596555889,0.57513237,0.711801708,0.679503918,0.57736659,0.534196019,0.517398775,0.65334475,0.548789978,0.481296092,0.568315208,0.704459488,0.529476941,0.529036701,0.569217682,0.704032362,0.535275578,0.404650986,0.630276978,0.400595129,0.743429184,0.612067521,0.468867034,0.547718823
1299.799878,0.441609025,0.599940062,0.465115398,0.647137582,0.493640155,0.392161876,0.640541673,0.573409975,0.509490192,0.718650222,0.548717678,0.560825765,0.472277433,0.503104508,0.544024944,0.467138439,0.594638884,0.574300587,0.711948395,0.679317415,0.57611829,0.533178329,0.51656276,0.651463509,0.547051847,0.481174082,0.56736213,0.703830063,0.527498186,0.526670039,0.568267941,0.703038394,0.534263492,0.403725773,0.628768206,0.400016338,0.742441237,0.611513257,0.468459159,0.546191037
1301.728365,0.441038758,0.598987818,0.464463294,0.645415723,0.492716581,0.391355127,0.641014159,0.57210207,0.509283006,0.718918622,0.547882438,0.560426176,0.471901327,0.501853645,0.543261886,0.466189951,0.593072116,0.574078202,0.712994635,0.679910541,0.575839341,0.532771111,0.516337037,0.650316834,0.545939565,0.481656164,0.567022324,0.70359683,0.525929928,0.524789095,0.568130136,0.702525795,0.533735573,0.403195411,0.627686679,0.400034279,0.742175579,0.611458898,0.468830884,0.545069873
1303.656851,0.440660715,0.598705471,0.4644081,0.644058049,0.492286533,0.390752941,0.641941845,0.571203053,0.509645104,0.719657421,0.547294676,0.560497284,0.472062886,0.501123011,0.543053806,0.465497375,0.591885328,0.574402452,0.714615107,0.681093752,0.576349318,0.532850146,0.516742349,0.649870455,0.545443356,0.482884824,0.56702143,0.703772962,0.524771154,0.523314953,0.568922639,0.70261997,0.533814728,0.402903914,0.627000809,0.400824934,0.742508829,0.611892223,0.469740838,0.544321597
1305.585338,0.440470725,0.598927736,0.465041339,0.64296025,0.492267102,0.390406907,0.64322418,0.570560634,0.510329604,0.720688581,0.547073245,0.560841084,0.472635657,0.500891507,0.543183327,0.465047151,0.59106499,0.575282931,0.716420472,0.682611287,0.577637017,0.533332109,0.517415464,0.649877131,0.545409083,0.484745979,0.567277551,0.704375565,0.5237661,0.522204578,0.570537508,0.703054667,0.534246981,0.402781487,0.62652266,0.402272463,0.74307555,0.612646878,0.471113414,0.543832541
1307.513824,0.440593868,0.599616051,0.46616751,0.642107248,0.492642522,0.390140057,0.644638658,0.570236862,0.511242568,0.72202605,0.547042727,0.561445057,0.47365278,0.501090348,0.543793023,0.464764595,0.59051615,0.576499403,0.718319952,0.684001863,0.579626441,0.534204841,0.51839298,0.650081396,0.545680285,0.487171203,0.567895055,0.705266118,0.522952378,0.521592498,0.57287097,0.703669667,0.534879744,0.40291059,0.626265407,0.404226154,0.743901253,0.613594532,0.473010868,0.543616712
1309.442311,0.440745085,0.600478411,0.467558056,0.641416788,0.493187964,0.389861047,0.646130741,0.569956124,0.512314796,0.723509073,0.547073126,0.562307954,0.474921405,0.501495302,0.544619203,0.464422315,0.590212882,0.577732027,0.720091224,0.685412765,0.582057118,0.535205245,0.519556642,0.650235236,0.546208799,0.489948899,0.568692029,0.706106722,0.522244811,0.521061003,0.575704098,0.704577386,0.535617173,0.403157175,0.626080215,0.406539112,0.744978547,0.614575863,0.475174934,0.543413639
1311.370797,0.44086042,0.601491749,0.469169408,0.640851617,0.493844599,0.389664024,0.647648692,0.569702804,0.513483286,0.724929094,0.547137558,0.563345373,0.476352155,0.502140284,0.545524538,0.46410346,0.590035021,0.579057038,0.721831083,0.686973929,0.584838152,0.536377609,0.520819366,0.650495708,0.546956658,0.492804408,0.56950289,0.706966996,0.521561265,0.520663857,0.579038084,0.705555201,0.536479354,0.403328598,0.626009226,0.408980429,0.746225119,0.615667164,0.47751984,0.543237865
1313.299284,0.440951854,0.602601886,0.470665693,0.640418768,0.494495958,0.389353961,0.648973584,0.569491863,0.51448524,0.726200461,0.547175348,0.564444005,0.477789193,0.502866447,0.54649961,0.46377176,0.589830101,0.580341995,0.723378181,0.688424468,0.587594748,0.537632525,0.52214545,0.650746107,0.54773289,0.495427012,0.570355058,0.7078439,0.52093935,0.520365,0.582380772,0.706237912,0.53732729,0.40349701,0.625890911,0.411357731,0.747484088,0.61664778,0.479821354,0.543180823
1315.22777,0.440734416,0.603851557,0.471741766,0.64004612,0.495176136,0.38894251,0.65027523,0.569194853,0.515415251,0.727362573,0.546998501,0.565535307,0.478866279,0.50375694,0.547442675,0.463338047,0.589609623,0.58143419,0.724612832,0.689833045,0.590108693,0.53901428,0.52353853,0.650871754,0.548476279,0.497496575,0.57132405,0.708756149,0.520415246,0.520165324,0.585225701,0.706985712,0.538241804,0.40357247,0.625651062,0.413312256,0.748786151,0.617642283,0.481691092,0.543100774
1317.156257,0.439902335,0.605079055,0.472175598,0.639500201,0.495864838,0.388312519,0.651276886,0.568482995,0.516100645,0.728098094,0.546184361,0.566321433,0.479249537,0.504458189,0.548027933,0.462587744,0.589012444,0.582121789,0.725385487,0.690953195,0.591788769,0.540250123,0.524748623,0.650416672,0.548764348,0.498219728,0.571949005,0.709271491,0.519585609,0.519845307,0.587098062,0.70764333,0.53895539,0.403097153,0.625165105,0.414229959,0.749519527,0.618432939,0.482554764,0.542696059
1319.084743,0.438601613,0.606139183,0.471949548,0.638864517,0.496454775,0.387382537,0.652018845,0.567376912,0.516580462,0.728709698,0.54484725,0.566847086,0.47912696,0.504841089,0.548444748,0.46151197,0.588043869,0.582468092,0.725955188,0.692024589,0.592617393,0.541245878,0.525677085,0.649460733,0.548709095,0.497534633,0.572391391,0.70953697,0.518327057,0.51922524,0.587682843,0.707907915,0.539414883,0.402142435,0.624542117,0.414080024,0.749789476,0.618995726,0.482539356,0.542045832
1321.013229,0.436999142,0.607129693,0.47101301,0.637918711,0.496933073,0.386198729,0.652775586,0.566166878,0.516911805,0.729392231,0.543169141,0.567231357,0.47862488,0.505145431,0.548877954,0.460122794,0.586853623,0.582648933,0.726487815,0.693015873,0.592645586,0.542144179,0.526483536,0.648206413,0.548506439,0.495721012,0.572766483,0.709867835,0.516801119,0.518404901,0.587209046,0.708053768,0.539867818,0.400831014,0.623757362,0.413100183,0.749981284,0.619441628,0.48173067,0.541282952
1322.941716,0.435177624,0.60816437,0.469684869,0.636661112,0.497488618,0.384902954,0.653636515,0.564902604,0.517293274,0.730027914,0.541379511,0.567531824,0.477744281,0.505419195,0.549311161,0.458572745,0.58563602,0.582843304,0.727354527,0.693953514,0.592060089,0.542944551,0.527267456,0.64672488,0.54824543,0.493211597,0.573085427,0.710157514,0.515158892,0.517628014,0.586083829,0.708349884,0.540356815,0.399302542,0.622863173,0.411656916,0.750296772,0.619786203,0.480499029,0.540429175
1324.870202,0.433474153,0.609449804,0.468430877,0.635687888,0.498238534,0.383790016,0.654687643,0.5638358,0.51798147,0.7306481,0.539742649,0.568040788,0.476835072,0.505934238,0.549925566,0.457155317,0.584705234,0.583294988,0.728663027,0.695042551,0.59136939,0.54375273,0.527994096,0.645446777,0.54820174,0.490936846,0.573590755,0.71058923,0.51373142,0.517240524,0.584967196,0.708696306,0.540894806,0.397932291,0.622214437,0.410250276,0.750862718,0.62036556,0.479417413,0.539782405
1326.798689,0.432304054,0.610884368,0.467457861,0.635275066,0.499142528,0.382953584,0.655889452,0.563206375,0.5187639,0.731416643,0.538431823,0.568819046,0.476285249,0.506747067,0.5506531,0.456011921,0.584097505,0.583998978,0.729988873,0.69609952,0.590844989,0.544636607,0.528664112,0.644530475,0.548304319,0.489407957,0.574118972,0.711135328,0.512621224,0.517157078,0.584335744,0.709110737,0.541344404,0.396954119,0.621921659,0.409359396,0.751382053,0.621129394,0.478752196,0.53950727
1328.727175,0.431701034,0.612339616,0.466971308,0.635282636,0.500190377,0.382455885,0.657272995,0.563135087,0.519732416,0.732536197,0.537649035,0.569706082,0.476267964,0.507841647,0.551662028,0.455422044,0.583952725,0.584888458,0.7315588,0.697126329,0.59104681,0.545496166,0.529439747,0.644093037,0.548719704,0.489223808,0.574724913,0.711781323,0.511893332,0.517419636,0.584365249,0.709707975,0.541849375,0.396448255,0.622150779,0.409362465,0.752120435,0.62214011,0.478858471,0.539607465
1330.655662,0.431424558,0.613550484,0.466847658,0.635341048,0.500952363,0.38215965,0.658474445,0.563329339,0.520606101,0.733597815,0.537176728,0.570414484,0.476578861,0.508788943,0.552627623,0.455121011,0.584092319,0.585749269,0.733171284,0.697805703,0.591658771,0.545987964,0.529956222,0.643984795,0.549299836,0.490240425,0.575248301,0.71234262,0.511393607,0.517780542,0.585025072,0.710130751,0.542269111,0.396322131,0.622520864,0.409983486,0.752979338,0.622994542,0.479453951,0.539808929
1332.584148,0.43154192,0.614451706,0.467097878,0.635416865,0.501507699,0.382139981,0.659341693,0.563651621,0.521215439,0.734368145,0.537001669,0.57099247,0.477070451,0.50954771,0.553405464,0.455094248,0.584369898,0.586512029,0.734559178,0.698192656,0.592350066,0.546218455,0.530096114,0.644227862,0.549918175,0.491794229,0.575656533,0.71305728,0.511181235,0.518188417,0.586114049,0.710473001,0.542455137,0.396512836,0.623002589,0.410887569,0.75381875,0.623593807,0.480409324,0.54010129
1334.512635,0.431879282,0.615097702,0.467486769,0.635505676,0.502020538,0.382347375,0.659807384,0.564226508,0.521560907,0.73484385,0.537038863,0.57148701,0.477626622,0.510203004,0.554103255,0.455328465,0.584710717,0.586996377,0.735275924,0.698262632,0.592893124,0.546140015,0.530028462,0.644563854,0.550418079,0.493306279,0.575889111,0.713835478,0.511314511,0.51867938,0.587142944,0.710712314,0.542511165,0.396848947,0.62366426,0.411806613,0.754374802,0.624152243,0.48143068,0.540579736
1336.441121,0.432218224,0.615359187,0.46787712,0.635594428,0.502252519,0.382601559,0.659882247,0.564887047,0.521591783,0.734836936,0.53706944,0.571813822,0.478025466,0.510541916,0.554405332,0.455540895,0.584979117,0.587024748,0.735160947,0.697689772,0.593088329,0.545821965,0.529718518,0.644818664,0.550550461,0.494309515,0.575854897,0.71426791,0.511591315,0.519052207,0.587834597,0.710650325,0.542370021,0.397215575,0.624196947,0.412401229,0.754448712,0.624469519,0.482200474,0.540969849
1338.369608,0.432427287,0.615301073,0.468234181,0.635555685,0.502214015,0.38292399,0.659530103,0.565491021,0.521339178,0.734201431,0.536921859,0.571934223,0.478244036,0.51069814,0.554406345,0.455777824,0.585129261,0.586678267,0.734477818,0.696521282,0.59304297,0.545305669,0.529201388,0.644960225,0.550404191,0.494706988,0.575628877,0.714628875,0.511880457,0.519243062,0.588169575,0.710183442,0.541998029,0.397559822,0.624666572,0.412507325,0.754227102,0.624443471,0.482582152,0.541180491
1340.298094,0.432518572,0.615025043,0.468470603,0.635427296,0.501949847,0.383178502,0.658707738,0.566084385,0.520806789,0.733497381,0.53660357,0.571893156,0.478406787,0.510690451,0.554307759,0.455934107,0.585282564,0.586141825,0.73319608,0.695249617,0.592778802,0.544524848,0.528619111,0.644806981,0.54997927,0.494569093,0.575296521,0.714992344,0.512047708,0.519222677,0.588257313,0.709347308,0.541455209,0.397930264,0.625051796,0.412256449,0.7538445,0.624003053,0.482644558,0.541331589
1342.226581,0.432674408,0.61458236,0.468889087,0.635333002,0.501583099,0.383367538,0.657702267,0.566744506,0.520165443,0.732761264,0.536351442,0.571876109,0.478485376,0.51065594,0.554158688,0.456062168,0.585520148,0.585507452,0.731559098,0.694144905,0.592574716,0.543873012,0.528075337,0.64475584,0.549353898,0.494166106,0.57507807,0.715413868,0.512259901,0.519248426,0.588418007,0.708552957,0.540916145,0.398330957,0.625330746,0.411862522,0.753469348,0.623432279,0.48276332,0.541481614
1344.155067,0.432845891,0.614152193,0.4694947,0.635146499,0.501288295,0.3835226,0.656778932,0.567427516,0.519568443,0.731868684,0.536206305,0.572069407,0.478651077,0.510729432,0.554031134,0.456149668,0.585660875,0.584968388,0.72977519,0.693112075,0.592554092,0.543397903,0.527731001,0.644853115,0.548743844,0.493653268,0.575047374,0.715987504,0.512549996,0.519360662,0.588658154,0.707939267,0.540675282,0.39862904,0.62557888,0.411477745,0.753163159,0.622991145,0.483066142,0.541658103
1346.083554,0.433222294,0.614144504,0.470369846,0.635206759,0.501299918,0.383777171,0.656290174,0.568243086,0.519355416,0.731496692,0.536323369,0.572670877,0.479061425,0.511155486,0.554298699,0.456336051,0.585981011,0.584856868,0.728207052,0.692412734,0.592967629,0.543284714,0.527913153,0.645073354,0.548498631,0.493457705,0.575456977,0.716910124,0.513002038,0.519730508,0.589170456,0.707748711,0.540801108,0.398964375,0.626014173,0.411432475,0.75334686,0.622876406,0.483725458,0.542026937
1348.01204,0.433849484,0.614666939,0.47152099,0.635575056,0.501627862,0.384206682,0.656345308,0.569207311,0.51964134,0.731662035,0.536676288,0.573567092,0.47962445,0.511950493,0.555129826,0.456765264,0.586720347,0.585112929,0.72719568,0.692217588,0.593854785,0.543643415,0.528507948,0.645742714,0.548606694,0.493833512,0.576274633,0.718286932,0.513694704,0.520471156,0.59022069,0.708119333,0.541205108,0.399451524,0.626820385,0.411875129,0.753964424,0.623124123,0.484640747,0.542600691
1349.940526,0.434650451,0.615535021,0.472887605,0.636172593,0.502287269,0.3848629,0.65702951,0.570360839,0.52051276,0.732493281,0.537233829,0.574848056,0.48042801,0.513062537,0.556426048,0.457361579,0.587790728,0.5859496,0.726947784,0.692721188,0.59512502,0.544489086,0.529435456,0.647001684,0.549052358,0.494803369,0.577398837,0.72003144,0.514529169,0.521566331,0.591751277,0.708987474,0.542087555,0.400263548,0.628067017,0.412794322,0.755016744,0.623800576,0.485969812,0.543394804
1351.869013,0.435637295,0.616666555,0.47438544,0.637116194,0.50323534,0.385718256,0.658272147,0.571939588,0.521849751,0.733917117,0.53799969,0.576616228,0.481456757,0.51460743,0.558102846,0.458172441,0.589163661,0.587377191,0.727413833,0.693834543,0.596669078,0.545697689,0.530756235,0.648512185,0.550017178,0.496430188,0.578876138,0.722087622,0.515612781,0.523058951,0.593523502,0.710284948,0.543276906,0.401421189,0.629552186,0.414199859,0.756612539,0.624940813,0.487657756,0.544473231
1353.797499,0.43683359,0.618264556,0.476075351,0.638489246,0.504431844,0.386726856,0.660178483,0.574055552,0.523503423,0.735795021,0.53902483,0.578768551,0.482890278,0.516510427,0.560172021,0.45925799,0.590994895,0.589213073,0.728549421,0.695375204,0.598526835,0.547230065,0.5325073,0.650411189,0.551548302,0.498542666,0.580762088,0.724506438,0.51709789,0.524931669,0.595585823,0.712078631,0.54472357,0.402896166,0.631287396,0.41611445,0.758761466,0.62640202,0.489664614,0.545976698
1355.725986,0.438122809,0.620235503,0.478087604,0.640203774,0.505978525,0.388004303,0.662545979,0.576403439,0.52546227,0.738097847,0.540287912,0.581246734,0.48461467,0.518807173,0.562618375,0.460678309,0.59310317,0.59145987,0.730174959,0.697259247,0.60087502,0.549223661,0.534657657,0.652927995,0.553565681,0.500946224,0.582874417,0.727298796,0.518995881,0.527216792,0.598024547,0.714368105,0.54649359,0.404779941,0.633476317,0.418410897,0.7614429,0.628075778,0.492078096,0.54795146
1357.654472,0.439448595,0.622368813,0.480191857,0.642226994,0.507756352,0.389523864,0.665080547,0.578805685,0.527704537,0.740737677,0.541650712,0.58398205,0.486500859,0.521304071,0.565287411,0.462291509,0.595355809,0.594007432,0.732128501,0.699480474,0.603618681,0.551510334,0.537164092,0.655781388,0.555856407,0.503677964,0.585079014,0.730356395,0.52116257,0.52970171,0.600748897,0.716968536,0.548549294,0.406893283,0.635879993,0.421078056,0.764234662,0.629941881,0.494823575,0.55006665
1359.582959,0.44108218,0.624925554,0.482642353,0.644644558,0.50979948,0.391345471,0.668170869,0.581558049,0.530377209,0.743845403,0.543318689,0.586963117,0.488804758,0.523915172,0.568257153,0.464060605,0.597989321,0.596890032,0.734655857,0.70210135,0.606977046,0.554123402,0.540096581,0.658988237,0.558446944,0.507105291,0.587597728,0.733757794,0.523580015,0.532359183,0.604244113,0.719863296,0.550995111,0.409187764,0.638524592,0.424230814,0.767310977,0.632206023,0.498167604,0.552302003
1361.511445,0.442934066,0.627834022,0.485516995,0.647226453,0.512055516,0.39335981,0.671660542,0.58453548,0.533264756,0.747103393,0.545287728,0.590105891,0.491491884,0.526718259,0.571399689,0.466069579,0.600877285,0.599987924,0.737530053,0.704885602,0.611002088,0.556954801,0.543270171,0.662498057,0.561447263,0.511346102,0.590224564,0.737403035,0.526275337,0.535301387,0.608657897,0.72312212,0.553532064,0.411778331,0.641581595,0.427919179,0.770681739,0.634680271,0.501980603,0.554812551
1363.439932,0.444919884,0.630923629,0.488620251,0.65004909,0.51440239,0.395470589,0.675273538,0.587480128,0.53630656,0.750777364,0.547382712,0.59344691,0.494423419,0.529633522,0.574755073,0.468271673,0.603922307,0.603253186,0.74050045,0.707969844,0.615403593,0.560053945,0.546608865,0.666382074,0.564777315,0.516220272,0.593004942,0.74109,0.529034436,0.538511574,0.613494158,0.726776838,0.556154311,0.414839715,0.644943774,0.432132483,0.774164438,0.637135983,0.506129384,0.557517827
1365.368418,0.446923822,0.634023607,0.491715521,0.652919173,0.516685843,0.397478223,0.67873466,0.590237617,0.539239705,0.754632354,0.549455583,0.596747339,0.497267246,0.532455325,0.578139305,0.470401883,0.606709719,0.606439829,0.743413031,0.711123705,0.619809449,0.563117981,0.54989028,0.670224845,0.568059802,0.521382272,0.595665693,0.744471252,0.531489789,0.541605115,0.618336082,0.730412543,0.55871737,0.418107271,0.648169041,0.436361164,0.777614892,0.639475167,0.510251164,0.560175538
1367.296905,0.448733717,0.636837184,0.494547784,0.655639291,0.518850327,0.39926073,0.681991577,0.592795432,0.541924,0.757955909,0.551436722,0.599863887,0.499948889,0.535053074,0.581223607,0.472343713,0.609166622,0.609366894,0.746230364,0.713830888,0.623928428,0.565900147,0.552913368,0.673482537,0.571098924,0.526608407,0.59794724,0.747479081,0.533786535,0.544291914,0.622909904,0.733861208,0.56104362,0.420952052,0.651028574,0.440311909,0.780964434,0.641750276,0.514193416,0.562614083
1369.225391,0.450066835,0.639094293,0.496929944,0.657895386,0.520759284,0.400861204,0.684735358,0.594836771,0.544240892,0.760649383,0.552910209,0.602662027,0.502109468,0.537220061,0.583987236,0.473998696,0.611250699,0.611832678,0.748390257,0.715964198,0.627047539,0.568384588,0.555412948,0.675930917,0.573665202,0.531084895,0.599965215,0.750056684,0.535861194,0.546500683,0.626681864,0.736867726,0.562924981,0.423308253,0.653475821,0.443579823,0.783927083,0.643544793,0.517515302,0.564540327
1371.153878,0.45070076,0.641030431,0.498536885,0.659466207,0.522191107,0.402173638,0.686644375,0.596163511,0.545938551,0.762490988,0.553738952,0.605015218,0.503438592,0.538847446,0.586276829,0.475203097,0.61278218,0.613552511,0.749412954,0.717416525,0.628679752,0.570327282,0.55733043,0.677697361,0.575576246,0.533996105,0.601417422,0.75212729,0.537467182,0.548217177,0.629031241,0.739289105,0.564186454,0.425071478,0.655400217,0.445586562,0.786216855,0.644574046,0.519698381,0.565930665
1373.082364,0.450704753,0.642679393,0.499345332,0.660915256,0.52326107,0.40331921,0.687756777,0.597132564,0.547073781,0.763544858,0.55410552,0.607090354,0.503981233,0.54008925,0.588155627,0.476025015,0.613991201,0.614589751,0.749589682,0.717910588,0.62893039,0.571875572,0.558775902,0.679020822,0.576818466,0.535404623,0.602286577,0.753935158,0.538850546,0.549595058,0.629654944,0.741148412,0.565058708,0.426105887,0.656896591,0.446238011,0.787904859,0.645231068,0.520886838,0.567062497
1375.010851,0.449998558,0.643526912,0.499334931,0.661954641,0.523852646,0.404075086,0.68774277,0.597589374,0.547441304,0.764119864,0.553787708,0.608731389,0.503690243,0.540762305,0.589465678,0.476300418,0.614615798,0.614857614,0.748875558,0.717559755,0.627874494,0.572778404,0.559504271,0.679666638,0.577245295,0.535271049,0.602615356,0.755232453,0.53977102,0.550551116,0.628690004,0.742078125,0.565266132,0.426873475,0.657980025,0.445671618,0.788752794,0.645115674,0.520904481,0.567780197
1376.939337,0.448578238,0.643547773,0.498571008,0.661916196,0.523722649,0.404276669,0.686861694,0.597145021,0.547063351,0.76385659,0.552839696,0.609700918,0.502670467,0.540646434,0.58992666,0.475872666,0.614458978,0.614278018,0.74719888,0.716483891,0.625789702,0.572952449,0.559414506,0.679282486,0.576707006,0.533994377,0.602295876,0.755585492,0.539783835,0.550629079,0.626636803,0.742064655,0.564710975,0.427102208,0.658163548,0.444096208,0.788866282,0.644100368,0.519988418,0.567799628
1378.867823,0.446106642,0.642216623,0.496908128,0.660323977,0.522440195,0.403968424,0.68487066,0.595084012,0.545425236,0.762071609,0.550787747,0.609455407,0.500546694,0.539281607,0.589054346,0.474393904,0.612952948,0.612347364,0.744160771,0.7139709,0.622293293,0.57210052,0.557989836,0.676836193,0.574562967,0.53143096,0.601019144,0.754629791,0.53831929,0.548897088,0.623270571,0.740559638,0.563199162,0.42577371,0.656650126,0.441058487,0.787692726,0.642157793,0.517828882,0.56655556
1380.79631,0.44233492,0.639353752,0.494436145,0.6570701,0.519921482,0.403808355,0.681443393,0.591120601,0.542330325,0.758895218,0.547487617,0.608129382,0.497173965,0.536389112,0.586554825,0.471728295,0.609955907,0.608771861,0.73989594,0.709859073,0.616905987,0.570319593,0.555169702,0.672443986,0.570664406,0.527691901,0.599153042,0.752647817,0.535660446,0.545353353,0.618181229,0.73733145,0.560474277,0.422718108,0.653556287,0.43624422,0.785247386,0.638948143,0.514129996,0.563958883
1382.724796,0.43779698,0.635740042,0.491567492,0.653135657,0.516879976,0.403978914,0.677177966,0.586279809,0.538519144,0.754962146,0.543679118,0.606641412,0.492985129,0.532634974,0.583215714,0.468575805,0.606262684,0.604254961,0.735103607,0.704773724,0.609865069,0.568297863,0.551619709,0.667357028,0.565797925,0.523211956,0.597093284,0.750149012,0.532838941,0.541119039,0.611775637,0.733208299,0.556971431,0.418911964,0.649707377,0.430244029,0.782306075,0.634917259,0.509363174,0.560862899
1384.653283,0.433998346,0.633069873,0.488271028,0.650411129,0.514598966,0.402493209,0.673487127,0.582850814,0.535390079,0.751494467,0.540381372,0.605447233,0.489633113,0.530037284,0.580887496,0.466026455,0.603337348,0.600427568,0.730192304,0.700344563,0.603162587,0.565763414,0.54868716,0.663349569,0.561607361,0.517067015,0.594643652,0.747963607,0.530243635,0.537836134,0.605500281,0.729893684,0.554216981,0.415965468,0.646691978,0.42454192,0.779289544,0.631799638,0.504860759,0.558640957
1386.581769,0.43137759,0.631813824,0.484292716,0.649003983,0.513196111,0.398659855,0.670661926,0.581278741,0.533398449,0.748838484,0.537753403,0.6041767,0.487575591,0.529093266,0.579871178,0.464058816,0.601574421,0.59778434,0.72514528,0.697156012,0.597643018,0.562481642,0.546721101,0.660906732,0.558446586,0.509193242,0.591793776,0.746405602,0.527825654,0.535731614,0.599718988,0.727712989,0.55266881,0.414065629,0.644846678,0.419506103,0.776408792,0.630065262,0.501072228,0.557335496
1388.510256,0.428414702,0.630087018,0.479608357,0.647123933,0.511223197,0.394189894,0.66748631,0.579292178,0.531081796,0.74659282,0.534704149,0.602393329,0.485022634,0.527746141,0.578435302,0.461608797,0.599387109,0.594969213,0.720155716,0.694122195,0.591610491,0.558729351,0.544230521,0.658185124,0.554907858,0.500908971,0.588538468,0.744445443,0.525195122,0.533315539,0.593245208,0.725176752,0.55072248,0.412181765,0.642601132,0.4139992,0.773204386,0.627954483,0.49659121,0.555514157
1390.438742,0.424918234,0.627745211,0.47497043,0.64466393,0.508760571,0.390399247,0.664282143,0.576567352,0.528500974,0.744652331,0.531403661,0.6006037,0.481754601,0.525759101,0.576568544,0.458909243,0.596775353,0.591821492,0.715819597,0.691091359,0.585124016,0.555169106,0.541233063,0.654900074,0.550953448,0.493421793,0.585424006,0.742154539,0.522499681,0.530471206,0.586367548,0.722325146,0.548279524,0.409927785,0.639855564,0.408206552,0.770291448,0.625372112,0.491720915,0.553259611
1392.367229,0.4215644,0.625656784,0.471002877,0.642278433,0.506764531,0.387529045,0.661866069,0.574104965,0.526455045,0.742678523,0.528426409,0.599323332,0.478583336,0.523911953,0.575018883,0.456519097,0.594513535,0.589051068,0.712314248,0.688160717,0.579060018,0.552317977,0.538691163,0.65174675,0.547234893,0.487259239,0.582978606,0.740304887,0.520117342,0.527741015,0.580183029,0.719798923,0.546192527,0.407265753,0.637369394,0.402917087,0.768110514,0.623295963,0.487500936,0.55116266
1394.295715,0.418512255,0.62409699,0.467672497,0.64020139,0.505286932,0.38526848,0.660374045,0.572114587,0.525067747,0.741328537,0.525726616,0.598576903,0.475914598,0.522358775,0.574039757,0.454401165,0.592708886,0.586962402,0.71006012,0.685892403,0.573683977,0.550210536,0.53676796,0.649067104,0.544173181,0.482358128,0.581263363,0.739070177,0.518030643,0.525552332,0.574921548,0.71802032,0.544616401,0.404901475,0.635374129,0.398512959,0.766444087,0.621792614,0.484155208,0.549250424
1396.224202,0.415943831,0.623128414,0.464857668,0.638495564,0.504171908,0.383371234,0.659552097,0.570401967,0.524340391,0.741043985,0.523357332,0.598278403,0.473718941,0.521227837,0.573705316,0.452702492,0.591244817,0.585640728,0.709057927,0.68474102,0.569125056,0.548695922,0.535238445,0.646776259,0.541855037,0.478637576,0.580079615,0.738252997,0.516135812,0.524045944,0.570496917,0.716906369,0.543479085,0.403434992,0.63386184,0.395077765,0.765576005,0.62067163,0.48160705,0.547606766
1398.152688,0.414124489,0.622873604,0.462859601,0.637408078,0.503723443,0.382062018,0.659638464,0.569306374,0.524241567,0.741591692,0.521560431,0.598748267,0.472236007,0.520868599,0.574020922,0.451617718,0.590387523,0.585247338,0.709113002,0.684426546,0.56560421,0.54796958,0.534417033,0.645095766,0.54049927,0.476194918,0.579537928,0.738146424,0.514645338,0.523226619,0.567324817,0.716422737,0.543058932,0.402506471,0.633199275,0.392576575,0.765616655,0.620374382,0.479983449,0.546529651
1400.081175,0.41291219,0.623309314,0.461533487,0.636991024,0.503788769,0.381201267,0.66048795,0.568865001,0.524667919,0.742871881,0.520231128,0.59974128,0.471327573,0.521073282,0.574879229,0.450909913,0.590286314,0.58560729,0.709857762,0.684930801,0.562847078,0.547885895,0.534238279,0.644205153,0.540014029,0.474559009,0.579667985,0.738646865,0.513590991,0.523045838,0.565023363,0.716587365,0.543187261,0.402115285,0.633147597,0.390812844,0.766235709,0.620636582,0.479012012,0.545999289
1402.009661,0.412096322,0.624287486,0.460616142,0.637140334,0.504273236,0.380675495,0.661724865,0.568828881,0.525640011,0.744683743,0.519243121,0.6010167,0.470764756,0.521477878,0.576028049,0.45061788,0.590633273,0.58646667,0.711137056,0.686059713,0.560694575,0.548265815,0.534546018,0.644019067,0.540059566,0.473513335,0.580283403,0.739487469,0.512994707,0.523326159,0.563148677,0.71717447,0.543640852,0.402216136,0.633418322,0.389667988,0.767316818,0.621056736,0.478370667,0.545901716
1403.938148,0.41189447,0.626183867,0.460353553,0.638087034,0.505605817,0.380901486,0.663798809,0.569608808,0.527434945,0.746714056,0.518865287,0.602995336,0.470949829,0.522688389,0.577848732,0.451052636,0.591846168,0.588014841,0.713314354,0.687523842,0.559429824,0.549436152,0.535768509,0.64490968,0.540990472,0.47308591,0.581621528,0.741038382,0.513172984,0.524364173,0.561978281,0.718518019,0.544941843,0.402439743,0.634424627,0.389214367,0.769153476,0.622314811,0.478307694,0.546580911
1405.866634,0.412024885,0.628679216,0.46027258,0.639404833,0.507276893,0.381437421,0.666378498,0.570645034,0.529590786,0.749149084,0.518684208,0.60530597,0.471326232,0.524375856,0.58013612,0.45170936,0.593576193,0.590115309,0.715993643,0.689532399,0.558474183,0.551010609,0.537338853,0.646358609,0.542639136,0.4727678,0.583416462,0.742892981,0.5137344,0.526001155,0.56101203,0.720274925,0.546608686,0.403025806,0.635780394,0.388999641,0.771421313,0.624019444,0.478299558,0.547577679
1407.79512,0.412461787,0.631763816,0.460414797,0.641132236,0.509382725,0.382106125,0.669502378,0.571984887,0.532181859,0.752394497,0.51867193,0.60796231,0.471878439,0.526447177,0.582863092,0.452563047,0.595595241,0.592775106,0.719300032,0.692301214,0.557890296,0.553107977,0.539317846,0.648406446,0.544974267,0.472809196,0.585601628,0.745101631,0.514698982,0.528108478,0.560346603,0.722420514,0.548581243,0.403836519,0.637504458,0.389038354,0.774150312,0.62607193,0.47845614,0.548909605
1409.723607,0.413265079,0.635441482,0.460893899,0.643308461,0.512101531,0.383063525,0.673312843,0.573662519,0.535375595,0.756118834,0.519013762,0.611058354,0.472767562,0.529075801,0.586165607,0.45369029,0.597992659,0.595971465,0.723503709,0.695859909,0.557846248,0.555790663,0.542011321,0.650888383,0.547864914,0.473204315,0.588295996,0.747674465,0.515995264,0.530572891,0.560090065,0.72511375,0.551109791,0.404587388,0.639594913,0.389537603,0.77743417,0.628668189,0.478856981,0.5507164
1411.652093,0.41426912,0.639499784,0.461502492,0.645652533,0.515078902,0.384106189,0.677841067,0.575248539,0.538976967,0.760342717,0.519688308,0.614441872,0.473800749,0.532011926,0.589774013,0.454953432,0.600600958,0.599611819,0.728565216,0.700171351,0.558338821,0.558917403,0.545096397,0.653607011,0.551197171,0.473870814,0.591344178,0.750456154,0.517457843,0.533283114,0.560075521,0.728353262,0.554051459,0.405472279,0.641809762,0.390458047,0.781054735,0.631695926,0.479349703,0.552584946
1413.58058,0.415494353,0.643805563,0.462240607,0.64795351,0.518109679,0.385109842,0.682872355,0.576782107,0.542802572,0.764909983,0.520573258,0.617949665,0.474888325,0.535006464,0.59349823,0.456250757,0.603245437,0.603515387,0.73415035,0.704781353,0.559262276,0.562415123,0.548357844,0.656570613,0.554805219,0.474801391,0.594421029,0.753216267,0.519084215,0.535969913,0.56034857,0.731934547,0.557296515,0.406272113,0.643776,0.39166826,0.784857094,0.634878397,0.480013043,0.554476261
1415.509066,0.416803628,0.647616625,0.462801307,0.649702251,0.520726264,0.385828942,0.687798679,0.577719986,0.546423137,0.769196391,0.521360397,0.621106863,0.47572118,0.537459314,0.596828282,0.457261086,0.605330408,0.607332945,0.739796698,0.709295809,0.5603652,0.565613508,0.551494479,0.658912897,0.558027267,0.475856215,0.597245693,0.755481958,0.520250797,0.53809613,0.560774326,0.735253215,0.560314834,0.406666547,0.645107508,0.393016577,0.788417041,0.637815177,0.480663747,0.555950284
1417.437553,0.418240696,0.650600493,0.463466465,0.65075928,0.522925377,0.386435986,0.692492366,0.578150511,0.549837112,0.772396743,0.522382915,0.623783231,0.476557404,0.539390385,0.599613309,0.45822379,0.606830239,0.610682011,0.745238841,0.71292913,0.561939299,0.568447113,0.554333687,0.660617888,0.560698867,0.477436006,0.599834859,0.757578433,0.520938993,0.539383888,0.561626911,0.738255501,0.563175857,0.406215727,0.64586395,0.394680768,0.791420758,0.640861094,0.481640637,0.556862414
1419.366039,0.419255108,0.651651859,0.463734627,0.650480807,0.523649514,0.386356533,0.69562757,0.577305853,0.551860452,0.77466774,0.522949457,0.625226319,0.476771861,0.539733529,0.601062357,0.458492041,0.606948197,0.612847388,0.749479651,0.715538204,0.563245654,0.570182204,0.555758178,0.660824835,0.561949134,0.478829294,0.60137248,0.758505225,0.52043891,0.53916353,0.562222302,0.739926755,0.564883471,0.405582428,0.645362794,0.396100879,0.793188691,0.642725646,0.482174814,0.556726217
1421.294526,0.419618428,0.650445223,0.463111371,0.64881891,0.522443712,0.385255396,0.696491063,0.574933112,0.551891208,0.776138008,0.522633493,0.624864042,0.476006597,0.538176477,0.600807071,0.45775798,0.605445683,0.613669932,0.751724601,0.717274249,0.563904583,0.570182621,0.555281937,0.659378767,0.561629117,0.479570121,0.601452053,0.757754624,0.518605947,0.537533164,0.56208849,0.739753187,0.564670265,0.405440181,0.643892646,0.396961153,0.793372691,0.642785132,0.481863707,0.555404902
1423.223012,0.419845939,0.647886515,0.46233812,0.646474183,0.520431995,0.384042561,0.695671618,0.572377145,0.550788701,0.775723755,0.522364974,0.623294353,0.475057304,0.535947561,0.59932977,0.456885099,0.60326755,0.613102436,0.751803398,0.717084348,0.564465523,0.568918407,0.553705335,0.657460034,0.560454726,0.480118424,0.600468576,0.75614351,0.516586065,0.535085738,0.561991155,0.738383889,0.563512385,0.404895157,0.642062306,0.397645772,0.792085588,0.642059624,0.481575429,0.553710461
1425.151499,0.419972569,0.644383788,0.46161437,0.643940687,0.517913222,0.383059412,0.693428516,0.570111871,0.548612475,0.773824155,0.522226691,0.621062994,0.474192053,0.533374369,0.596879125,0.456147194,0.600912273,0.611249208,0.750075817,0.715005636,0.565011859,0.566779733,0.55121994,0.655369997,0.558501482,0.48046571,0.598612964,0.753731906,0.514693797,0.532313347,0.562049925,0.736172497,0.56175971,0.404185146,0.640030146,0.398076326,0.789670944,0.640501916,0.481290817,0.551867485
1427.079985,0.420013666,0.640298188,0.460818976,0.64158076,0.515036047,0.382321239,0.690039039,0.568220377,0.545477927,0.770563424,0.521953106,0.618114829,0.473417401,0.530605018,0.593887806,0.455532581,0.598589838,0.608443141,0.746688128,0.711577177,0.565352798,0.563926697,0.547969341,0.653327942,0.556058764,0.480463386,0.596158743,0.750823975,0.513050973,0.529482305,0.561977148,0.733345568,0.559383094,0.403669566,0.638125598,0.3982687,0.786433399,0.638170123,0.480787963,0.550157964
1429.008472,0.419977933,0.635836184,0.459949434,0.639365852,0.512064457,0.381843984,0.686025679,0.566629767,0.541918278,0.766323745,0.52167958,0.614600897,0.472765088,0.527723312,0.590468943,0.454959899,0.596256912,0.604941785,0.741981208,0.707270265,0.565386236,0.560487866,0.544470429,0.651516795,0.553462207,0.480134875,0.593372285,0.747879624,0.511698842,0.526762843,0.561834693,0.730015457,0.55657059,0.403230041,0.636351883,0.39827019,0.782595575,0.635448754,0.480259836,0.548789978
1430.936958,0.419640392,0.631209433,0.458831221,0.637329161,0.509053111,0.381441623,0.681579053,0.56517148,0.538128316,0.762104571,0.521311104,0.61072892,0.472005904,0.524793923,0.586727262,0.454322904,0.594093323,0.601169229,0.736730456,0.702821672,0.564878643,0.556848645,0.540728569,0.649802566,0.55077064,0.479343861,0.590275168,0.744778931,0.510541201,0.524298608,0.561300278,0.72638607,0.553545356,0.403130382,0.634686112,0.397792041,0.778390348,0.632477641,0.479470313,0.547509551
1432.865445,0.41879636,0.626563609,0.457342535,0.635427535,0.506073117,0.380980194,0.676936567,0.563792408,0.534141839,0.757688761,0.520610988,0.606769264,0.470903933,0.521877289,0.582799315,0.453467518,0.591943383,0.597339988,0.731348097,0.698460519,0.56358701,0.553193867,0.536918759,0.647938311,0.547991037,0.477806866,0.587103307,0.741396189,0.509424031,0.521818638,0.559963226,0.72271359,0.550458372,0.402929455,0.6330387,0.396740824,0.773857057,0.629327238,0.478141308,0.546263158
1434.793931,0.417712271,0.622622728,0.455803096,0.633820713,0.503803015,0.380725801,0.673094392,0.562856674,0.530709386,0.752951562,0.519997835,0.603414357,0.469850898,0.519407034,0.579292357,0.452700466,0.590079963,0.593804598,0.726652622,0.694116712,0.56189698,0.54994911,0.533846498,0.646371722,0.545571506,0.475899965,0.584525049,0.738399625,0.508544505,0.519620836,0.55817318,0.719775796,0.547913611,0.402041435,0.631650686,0.395414829,0.769726992,0.626750886,0.476610869,0.54530251
1436.722417,0.416365117,0.619132519,0.453764826,0.63220793,0.501980603,0.380267382,0.669885874,0.561749756,0.527780652,0.749009848,0.519134581,0.600420475,0.468469262,0.517088175,0.576266408,0.451829582,0.588204741,0.590681493,0.722808003,0.690610826,0.559355378,0.547032833,0.531040728,0.644693255,0.543309927,0.473423451,0.582086265,0.735568404,0.507528841,0.517550886,0.555513084,0.717360318,0.545717537,0.401079804,0.630152345,0.393548429,0.766016483,0.624514937,0.474429041,0.544085383
1438.650904,0.41463697,0.616025388,0.450832069,0.630516291,0.499993414,0.379167914,0.667349279,0.559976637,0.525196433,0.747231007,0.517577171,0.597775221,0.466299772,0.514759958,0.573599875,0.450422466,0.585871696,0.588333726,0.720111907,0.689286113,0.555798888,0.544481993,0.528325498,0.642628014,0.541140318,0.470302969,0.579634488,0.732615471,0.506029844,0.515703917,0.551627994,0.715225339,0.543384314,0.400969177,0.628527939,0.39094767,0.762885749,0.622092843,0.471287221,0.542403519
1440.57939,0.413010657,0.614461899,0.447963715,0.629504204,0.498909682,0.378311098,0.6664083,0.558661401,0.52399981,0.746606767,0.516264617,0.596205831,0.464265704,0.513276339,0.572102129,0.449206471,0.584239781,0.587126732,0.719329119,0.689551175,0.552265942,0.543134034,0.526817143,0.641296208,0.540007889,0.467448831,0.578201294,0.730664432,0.504982531,0.514619231,0.547483802,0.714488626,0.542139471,0.40081507,0.627502024,0.388446271,0.761171758,0.620734632,0.468108773,0.541244566
1442.507877,0.411578834,0.614590943,0.445435047,0.629410267,0.499215692,0.378089696,0.667399168,0.558173478,0.524517357,0.747290373,0.515341759,0.596257806,0.462706834,0.512860894,0.572180808,0.448547542,0.583817661,0.587321758,0.720630288,0.691349268,0.549000919,0.543285489,0.526814461,0.64112401,0.540406942,0.465114713,0.578049719,0.730106294,0.504714489,0.51455301,0.543422401,0.715479791,0.542488515,0.400518298,0.62730819,0.386408806,0.760940552,0.620918691,0.465278476,0.540976107
1444.436363,0.410357535,0.616321027,0.443133593,0.630098939,0.500580847,0.378334761,0.670086205,0.558316052,0.526535988,0.749619484,0.514577627,0.597972512,0.461472958,0.51347369,0.573794782,0.448284924,0.584324777,0.589128435,0.723720372,0.694647074,0.546045303,0.544805408,0.528029382,0.642047226,0.542077065,0.463226467,0.578982294,0.730635762,0.505127013,0.515560746,0.539466858,0.717842221,0.543862939,0.400557548,0.627850175,0.384689629,0.76225096,0.622132361,0.462698698,0.541446924
1446.36485,0.409256011,0.619013786,0.441124469,0.631399095,0.502711713,0.378800124,0.673647761,0.558826923,0.529463887,0.752465069,0.514045417,0.600685894,0.460512787,0.514661551,0.576448262,0.448186606,0.585476279,0.591841519,0.727796614,0.698393822,0.543423951,0.547078073,0.530053735,0.643740714,0.544475913,0.461629868,0.580617607,0.731843352,0.506069899,0.517083764,0.535691023,0.720884144,0.545998931,0.400397211,0.628616869,0.383311182,0.764718831,0.623926044,0.460331053,0.54231298
1448.293336,0.407966942,0.621864796,0.438985437,0.633029342,0.50487864,0.379160702,0.67696625,0.559403002,0.532187998,0.755654752,0.513377666,0.603483737,0.459399372,0.515877724,0.579273403,0.448002249,0.586921275,0.594598711,0.731868744,0.702312827,0.540774703,0.549176931,0.531949282,0.645631313,0.547178447,0.459972501,0.582090676,0.732836664,0.507199168,0.518893957,0.531659305,0.723472655,0.548016012,0.400483847,0.629416704,0.382001579,0.767168343,0.625480294,0.457840979,0.543196261
1450.221823,0.406552464,0.624262512,0.436555386,0.63469857,0.506592572,0.379634529,0.679039955,0.560186565,0.534028828,0.757913947,0.512466073,0.605421305,0.458056241,0.516770601,0.581439793,0.447750658,0.58843255,0.596476316,0.735026598,0.705551744,0.537865043,0.550469935,0.533085227,0.647412777,0.549625993,0.45794028,0.582739115,0.733198643,0.508573532,0.520712972,0.527273715,0.724853516,0.549063385,0.400788575,0.630280614,0.380423546,0.76857245,0.626254857,0.455030292,0.544163048
1452.150309,0.404853463,0.625514925,0.433861524,0.636436105,0.507736921,0.380341053,0.679760635,0.561412454,0.534656048,0.758613408,0.511294007,0.606161654,0.456553012,0.517210901,0.58263886,0.447541565,0.589891911,0.59705478,0.736780703,0.707632661,0.534451425,0.550811708,0.533416688,0.64920187,0.551590264,0.45537287,0.582400203,0.732920587,0.510321617,0.522385001,0.522468209,0.724779367,0.549034059,0.401147127,0.631345272,0.378472835,0.768552005,0.626035571,0.451823384,0.545223236
1454.078796,0.402649015,0.625558376,0.430906385,0.63756752,0.508232832,0.381116211,0.679073453,0.562777162,0.533947885,0.756907821,0.509834707,0.605447292,0.454798341,0.516947985,0.582522929,0.447404355,0.590933681,0.596182883,0.736725986,0.707535565,0.530597866,0.549998999,0.532683551,0.650554359,0.552646279,0.452039659,0.580993533,0.73183316,0.512078404,0.523157537,0.517298996,0.723376095,0.548145592,0.400622755,0.631913722,0.376096576,0.766801894,0.624922395,0.448195368,0.545955598
1456.007282,0.399702162,0.623895824,0.427336097,0.63702625,0.507581472,0.381376177,0.676661253,0.563102722,0.531669199,0.752564847,0.507611096,0.602934599,0.452232987,0.515283883,0.580490232,0.44666934,0.590604126,0.593370616,0.734673023,0.704872072,0.526151896,0.547619939,0.530419409,0.650165141,0.551836848,0.44728604,0.578348279,0.729423463,0.51256448,0.521919966,0.511621177,0.720371187,0.546143353,0.398213863,0.63074851,0.372748941,0.763106287,0.622841716,0.443630189,0.545448065
1457.935769,0.395289302,0.620038211,0.421936721,0.6346609,0.504916012,0.379939824,0.671946645,0.56112653,0.527416646,0.748291314,0.503436387,0.598506272,0.447664112,0.511754453,0.5765571,0.444198489,0.588013947,0.588848591,0.730747223,0.702016175,0.519981742,0.543375313,0.525940657,0.647280753,0.5489344,0.440298498,0.574035168,0.724726021,0.510768771,0.518901408,0.504014373,0.714923382,0.542060673,0.395802766,0.627846003,0.367607653,0.757594347,0.618715823,0.436747253,0.542828202
1459.864255,0.390271991,0.616180003,0.415632367,0.632535398,0.502030671,0.378116786,0.666551709,0.559046566,0.522972643,0.745184243,0.498448551,0.593818486,0.442348242,0.508241534,0.572616577,0.441156089,0.585436821,0.584441066,0.72668463,0.700401187,0.513090312,0.538941383,0.521175921,0.644629717,0.546239138,0.43249929,0.569514215,0.71973151,0.509083867,0.516485274,0.495251775,0.70909375,0.537500501,0.394652992,0.625465572,0.361804426,0.751998544,0.613857687,0.428905964,0.540135384
1461.792742,0.386078656,0.614352584,0.410552502,0.633036911,0.50124532,0.378334105,0.662688613,0.560212493,0.520002484,0.742226422,0.494532973,0.590591908,0.43840456,0.507265389,0.570631802,0.43986994,0.585653603,0.581500292,0.723766029,0.69898051,0.507391691,0.536275029,0.518379688,0.645152807,0.545965195,0.425957352,0.566555023,0.716815233,0.510260046,0.51679641,0.487464517,0.705425143,0.53455019,0.394361228,0.625764489,0.356972009,0.747850478,0.61039561,0.422370493,0.539864659
1463.721228,0.381637752,0.612144411,0.405746371,0.634081066,0.500500083,0.379202157,0.658196747,0.562282205,0.516423821,0.737936795,0.490543514,0.587179601,0.434903622,0.50647825,0.568534553,0.439282507,0.58638835,0.57822752,0.719539762,0.695636868,0.501711547,0.533429444,0.515403271,0.64613539,0.545597374,0.419166595,0.563358307,0.713972867,0.512316704,0.517299473,0.479992747,0.701711714,0.531441033,0.39389357,0.626461744,0.352095097,0.743245482,0.606747091,0.416044146,0.540047824
1465.649714,0.375720769,0.606001139,0.399503738,0.631794631,0.496354043,0.378166318,0.649817944,0.561038852,0.509364545,0.730351627,0.485026211,0.580949366,0.430036575,0.502011299,0.562852442,0.436979532,0.584092736,0.571707368,0.710753322,0.688446641,0.494190007,0.527363002,0.509085357,0.643339574,0.541292846,0.410454929,0.557251036,0.708281517,0.511644721,0.51404649,0.471343309,0.69452399,0.525410831,0.391994387,0.623988569,0.345490873,0.735353172,0.600308299,0.408290118,0.537625074
1467.578201,0.367962658,0.59383142,0.39109531,0.623635054,0.487098277,0.373706967,0.635735154,0.55389595,0.497382045,0.717687786,0.477328539,0.570002019,0.422413826,0.492002875,0.551679015,0.431610614,0.5762586,0.559871018,0.695947886,0.675739646,0.484291017,0.516435504,0.497566998,0.633641005,0.530752122,0.399724811,0.546878397,0.697769284,0.505391777,0.504247427,0.460859478,0.682087779,0.51510185,0.386710733,0.615807235,0.336420268,0.722179532,0.589757264,0.398261249,0.530430734
1469.506687,0.358484596,0.576494277,0.380791634,0.60991776,0.474065989,0.365845859,0.617409945,0.541041195,0.48161146,0.700018942,0.467740476,0.554785013,0.411970913,0.477505922,0.535757601,0.423172534,0.563249111,0.543296218,0.676693738,0.65784204,0.472741783,0.50152117,0.481847137,0.617151856,0.514568627,0.387216955,0.533254981,0.683043659,0.493518651,0.48825562,0.449065447,0.665384471,0.501678467,0.376069218,0.601670444,0.325119555,0.704353511,0.576400876,0.386149973,0.518464923
1471.435174,0.34827283,0.556814134,0.369519234,0.593461454,0.459477931,0.356162876,0.59781462,0.525263131,0.4643839,0.679894507,0.457463384,0.537629306,0.399866343,0.461211801,0.517578542,0.412958771,0.547773302,0.524530709,0.655578852,0.637666643,0.460301369,0.485035092,0.46436435,0.597244203,0.495607793,0.373685122,0.518369257,0.666373134,0.478655845,0.469257742,0.436535746,0.647081554,0.487132728,0.361883491,0.584387779,0.31252721,0.684561729,0.562172592,0.372851223,0.504067183
1473.36366,0.337066859,0.535274565,0.356705785,0.574192524,0.442605406,0.34417218,0.577266693,0.505881965,0.446130484,0.659952521,0.445835292,0.519661605,0.386153251,0.442317933,0.497457415,0.400564373,0.529264867,0.50434643,0.63350296,0.617213428,0.446428508,0.46723938,0.445432395,0.574195623,0.473910809,0.358484894,0.502309144,0.648334265,0.460920781,0.44727242,0.422733098,0.627455831,0.471508026,0.346198529,0.564326942,0.298481107,0.663955927,0.546806872,0.358184665,0.48748365
1475.292147,0.325305253,0.514273286,0.343130738,0.55401361,0.425267637,0.331056803,0.558010817,0.485207587,0.428858817,0.642171919,0.433421135,0.502918124,0.3722139,0.422796786,0.477674842,0.387006313,0.509964585,0.485058844,0.612906456,0.598551631,0.431922793,0.449976832,0.42727536,0.550836384,0.451799333,0.34269917,0.486953557,0.631332755,0.442537814,0.425048441,0.408578992,0.608511329,0.456476837,0.33056879,0.543707073,0.284026533,0.645088375,0.532042086,0.343431324,0.470693529
1477.220633,0.314878792,0.497794092,0.33106789,0.537917912,0.41155985,0.320278794,0.543316305,0.469154447,0.415594816,0.628552616,0.42254585,0.489876211,0.360484302,0.407563001,0.462214202,0.37551257,0.494773865,0.470185101,0.596912444,0.584367216,0.418667644,0.436514258,0.413299233,0.532632589,0.434220403,0.329086751,0.475095838,0.618236423,0.428065389,0.408086687,0.395703405,0.593937397,0.444802701,0.317932427,0.52768296,0.271504998,0.630730987,0.520662248,0.330866724,0.457418799
1479.14912,0.306267828,0.486560881,0.321086258,0.52692765,0.402254969,0.3124277,0.533485889,0.458414763,0.406713009,0.619382083,0.413738728,0.480797052,0.351380825,0.397344559,0.451608092,0.366906255,0.484295756,0.460112095,0.586024106,0.575024903,0.407292306,0.427360743,0.40391767,0.520127296,0.422016472,0.318161458,0.467025399,0.60915184,0.418076009,0.396854043,0.384530008,0.584093928,0.436911464,0.308778256,0.517025113,0.261402667,0.620762646,0.512870431,0.320831984,0.448283702
1481.077606,0.299139977,0.479524553,0.312815309,0.519653261,0.396402657,0.306671768,0.527712941,0.451171875,0.401413918,0.613611996,0.406664163,0.474874794,0.344353944,0.390841424,0.444722325,0.360435218,0.477222711,0.453755915,0.57937032,0.569593906,0.397681653,0.421693146,0.398114651,0.511664808,0.413952768,0.30940944,0.46203348,0.603444815,0.411227763,0.389591724,0.374930918,0.577925146,0.432053804,0.302044153,0.509984791,0.253354639,0.614443243,0.508011162,0.312840819,0.442355037
1483.006093,0.293101937,0.475585938,0.305869281,0.515018702,0.393136114,0.302296132,0.525099814,0.446124822,0.398834854,0.610885501,0.400824219,0.471581906,0.338925451,0.386998951,0.440631211,0.355327159,0.472478092,0.450240523,0.576066434,0.567339718,0.389533371,0.418714046,0.395071656,0.506094158,0.408999443,0.30226171,0.459268123,0.600197434,0.40641886,0.385071397,0.366591126,0.574519753,0.42948547,0.297178298,0.505529821,0.246997699,0.610955536,0.50551194,0.306516975,0.438539565
1484.934579,0.288012326,0.47448197,0.300230592,0.51248759,0.392173737,0.299021095,0.525183201,0.442838341,0.398583651,0.610616863,0.396075159,0.470646113,0.334937066,0.385276347,0.438984305,0.351360321,0.469640911,0.449234366,0.575600684,0.5675565,0.382863224,0.418058425,0.394434154,0.502793193,0.406585574,0.296625108,0.458471149,0.598974049,0.403056443,0.382643551,0.359577179,0.573399007,0.429007024,0.293656439,0.503116488,0.242209971,0.609957457,0.505025446,0.301822662,0.436494678
1486.863066,0.283928156,0.476114005,0.295939565,0.511912048,0.393319905,0.296968222,0.52792269,0.441390872,0.400637418,0.612435997,0.392603964,0.471867353,0.332466632,0.385457575,0.439714283,0.348616928,0.468681306,0.450629711,0.57774049,0.57004571,0.377741247,0.419662923,0.396053761,0.501651287,0.406606197,0.292648345,0.459677011,0.599919498,0.401177138,0.3822712,0.354007363,0.574545622,0.430573195,0.291450262,0.502549708,0.23907581,0.611546457,0.506419837,0.298841447,0.436290056
1488.791552,0.280639887,0.479915142,0.292756617,0.512995899,0.3961263,0.295902133,0.532821357,0.441281348,0.404606134,0.616337001,0.390192151,0.475059956,0.331357151,0.38732028,0.442448467,0.346861809,0.469201028,0.453980565,0.582025647,0.574659646,0.373925269,0.423187792,0.399621427,0.502440572,0.408705294,0.29012844,0.462511718,0.602704644,0.400620311,0.383633733,0.349594891,0.577596962,0.433835238,0.290655106,0.503668845,0.23735778,0.61519295,0.509416342,0.297257066,0.437579602
1490.720039,0.278046519,0.485607952,0.290364236,0.515682638,0.400349438,0.295579433,0.539381862,0.442271233,0.410112649,0.622486353,0.388485491,0.48003903,0.331242591,0.390617758,0.446936339,0.34591642,0.470970958,0.45916006,0.588183224,0.581480086,0.371182263,0.428360909,0.404781967,0.504944503,0.412629604,0.288852215,0.466708153,0.606976628,0.401214421,0.386610657,0.346025825,0.582267463,0.438476771,0.291507006,0.506394327,0.236811593,0.620726824,0.513637304,0.296784669,0.440164894
1492.648525,0.276100159,0.493295938,0.288775712,0.520016849,0.405920416,0.296111226,0.547662854,0.444537312,0.417175055,0.630902529,0.387565345,0.486742765,0.332148045,0.395285666,0.453176051,0.345792115,0.474215686,0.466135979,0.596153378,0.590318978,0.369583726,0.435254216,0.411550224,0.509210885,0.418344617,0.288766354,0.472317874,0.61274302,0.403108954,0.391223639,0.343497068,0.588583171,0.444503009,0.293852419,0.510662973,0.237402871,0.628177822,0.519003451,0.297442287,0.444065303
1494.577011,0.275068223,0.50353086,0.288714945,0.526169896,0.413506627,0.298150748,0.558339715,0.448742539,0.426416427,0.640516937,0.388119161,0.495461136,0.334732056,0.401916742,0.461586058,0.347058237,0.479463488,0.474974036,0.606097102,0.600450277,0.369685739,0.444363147,0.420689732,0.515755832,0.426283568,0.290366352,0.479868442,0.62070632,0.406872362,0.397631288,0.342689782,0.597362041,0.452619791,0.296861172,0.516635716,0.239539474,0.637660861,0.526374817,0.299810112,0.449714184
1496.505498,0.274825394,0.515915811,0.289846987,0.533758998,0.42269063,0.301258385,0.570981145,0.454343885,0.437321812,0.651738346,0.389618009,0.505895853,0.33850053,0.410150617,0.471864343,0.349436164,0.486088037,0.485492617,0.617756844,0.612166226,0.371094882,0.455401987,0.431743443,0.523939252,0.436053574,0.293168277,0.488952368,0.630282402,0.412042379,0.40569216,0.343156338,0.608233094,0.462414801,0.300952286,0.524105132,0.242788658,0.649000764,0.535260737,0.303418428,0.456695735
1498.433984,0.274926662,0.529408753,0.291397542,0.542090714,0.43234092,0.304538071,0.584239244,0.460379809,0.44874683,0.665091276,0.391244769,0.517100036,0.342579424,0.419164687,0.483000398,0.352151513,0.493334502,0.497023791,0.630358696,0.625510454,0.373342574,0.467534781,0.44360438,0.532871902,0.446684569,0.296327412,0.498745561,0.640275359,0.417783082,0.414851487,0.34427017,0.619911373,0.47276327,0.306641906,0.532488346,0.246462017,0.661467433,0.54435575,0.307355911,0.464231879
1500.362471,0.275704741,0.544069052,0.293963671,0.551279187,0.442848712,0.30836007,0.598411083,0.467334002,0.46109584,0.679399848,0.393493712,0.529061913,0.34744817,0.429166079,0.495049328,0.355495274,0.501652598,0.509501934,0.643834114,0.639728963,0.377286732,0.480990589,0.456789792,0.543068767,0.458395749,0.300394893,0.509590387,0.651336551,0.424495667,0.425125092,0.346928656,0.632774591,0.484010309,0.313159138,0.541717112,0.251019359,0.674979448,0.5542413,0.312350601,0.472515404
1502.290957,0.277451783,0.559651911,0.298042595,0.561089694,0.454229742,0.312719405,0.613440037,0.474964172,0.474327743,0.693891764,0.396702498,0.541611314,0.35342437,0.43997854,0.508016944,0.359460175,0.510657489,0.522794604,0.657743514,0.654139876,0.383625418,0.495628029,0.471140862,0.554144561,0.471030235,0.306087673,0.521401644,0.663410783,0.431840062,0.436066568,0.352165312,0.64663738,0.496247143,0.319920152,0.551455796,0.257030338,0.689218879,0.564996779,0.319067508,0.481288552
1504.219444,0.280450255,0.575395107,0.304241002,0.570870876,0.466322243,0.317511559,0.628941476,0.48313874,0.488028377,0.707204819,0.401310921,0.554249108,0.36095494,0.451210469,0.521492302,0.364053577,0.519834995,0.536425352,0.671626508,0.667459846,0.393603295,0.510872304,0.486156642,0.565397263,0.483914375,0.314374983,0.533877611,0.676252186,0.439183265,0.446848631,0.361328334,0.661253452,0.509428084,0.325784266,0.561032772,0.265394509,0.703726768,0.576703072,0.32834366,0.49009639
1506.14793,0.284179509,0.58942765,0.312264532,0.579329252,0.47773695,0.321679503,0.64365828,0.49056837,0.500890911,0.719188094,0.40640384,0.565909982,0.369542718,0.461718023,0.534110963,0.368392378,0.527814388,0.549616098,0.684656441,0.679758251,0.407749236,0.525518715,0.500677943,0.575299203,0.495774388,0.325381875,0.545877337,0.688680768,0.445125639,0.456448019,0.374884039,0.675395072,0.522285521,0.331318051,0.569394112,0.276090086,0.71728003,0.588245392,0.340044618,0.497625053
1508.076417,0.287501454,0.599739552,0.320519626,0.585265219,0.486050576,0.323625743,0.655206323,0.495280981,0.510890782,0.731241822,0.410268545,0.574875712,0.377724499,0.469958425,0.543850839,0.370931685,0.532712996,0.561295509,0.695681095,0.692214489,0.424928367,0.537909508,0.512758076,0.582042336,0.505306304,0.338169247,0.555709124,0.698615551,0.448001862,0.463859677,0.391725153,0.686600506,0.532484055,0.338502914,0.575796723,0.288050354,0.728306592,0.597197413,0.352816164,0.502504051
1510.004903,0.290860146,0.607778072,0.329439014,0.589848518,0.492553622,0.324634522,0.664989889,0.499007791,0.51904726,0.741945565,0.413870245,0.581642389,0.386160225,0.477056086,0.551497817,0.372815996,0.53603524,0.571582735,0.705530763,0.703667164,0.444421768,0.548759818,0.523596883,0.58721298,0.513451874,0.352787137,0.564123213,0.707186818,0.449654818,0.469805002,0.411412537,0.695974886,0.541020572,0.345725715,0.581151605,0.301290691,0.737347662,0.604894161,0.366885036,0.506251156
1511.93339,0.294172764,0.614355564,0.338302821,0.593938529,0.498227179,0.325789243,0.673469484,0.50283736,0.525959551,0.749740422,0.417594075,0.586837709,0.394454539,0.483402878,0.557763934,0.375049055,0.538867235,0.580348194,0.713674188,0.712506175,0.462441117,0.557994246,0.53327769,0.59181428,0.52060622,0.367388904,0.571026564,0.71452564,0.451376826,0.474838346,0.430302352,0.704211533,0.548176944,0.351832241,0.585933506,0.314196974,0.744451344,0.611694336,0.380492777,0.509776473
1513.861876,0.296403348,0.617550135,0.3440651,0.596698105,0.501335144,0.326789051,0.677502692,0.5060094,0.529690325,0.753232241,0.42028293,0.589854419,0.400107235,0.486849189,0.561327577,0.377146274,0.540541172,0.585617006,0.716775239,0.716218114,0.472249955,0.563209593,0.538716495,0.594620466,0.525027573,0.377490491,0.574088812,0.718646049,0.452501863,0.47799769,0.441441804,0.70914191,0.55161196,0.356712222,0.589246929,0.322753042,0.748235285,0.615125239,0.389443457,0.512058258
1515.790363,0.296853572,0.615014732,0.344802052,0.596859217,0.5000422,0.327284843,0.673951745,0.50770998,0.527937651,0.749773204,0.421170324,0.589705229,0.401280493,0.485266447,0.560676813,0.378608644,0.540341079,0.584786654,0.711088181,0.711467862,0.469674796,0.561736822,0.537147343,0.593967676,0.524262846,0.379574746,0.57133323,0.717872262,0.452257305,0.47756961,0.440407634,0.708176851,0.549276173,0.359033614,0.589767516,0.323820978,0.746685266,0.613060892,0.390809774,0.511965752
1517.718849,0.295081049,0.606084704,0.340165466,0.593663692,0.493629217,0.326671273,0.662163794,0.507239997,0.520121574,0.739701748,0.419799477,0.585969627,0.397651047,0.478152961,0.555176318,0.378792852,0.537555754,0.577198327,0.696132123,0.698692143,0.45519343,0.552935243,0.528140008,0.58897537,0.517350376,0.373260051,0.562752962,0.711990952,0.449975729,0.472866833,0.42743206,0.700345814,0.540759325,0.358821422,0.586991191,0.316921085,0.739464402,0.604986072,0.384517491,0.5089342
1519.647336,0.29202956,0.593831837,0.332765549,0.588510454,0.484547466,0.325628668,0.646117687,0.505872667,0.509177446,0.72555083,0.417221934,0.58048141,0.391609401,0.468271762,0.54697603,0.378277212,0.533488989,0.565644324,0.676305473,0.681174338,0.434441388,0.540220857,0.515289605,0.581680536,0.506725311,0.362422884,0.55131048,0.703877509,0.446869403,0.465829253,0.408364952,0.688785732,0.52919817,0.356556535,0.582342505,0.305422068,0.729603946,0.593837202,0.374413103,0.504399359
1521.575822,0.288522124,0.581671,0.324937522,0.583445549,0.475438923,0.324572295,0.63001442,0.504513264,0.49835518,0.711991727,0.41412133,0.575346947,0.385326862,0.458667785,0.53897965,0.377541095,0.52955246,0.554062545,0.656613111,0.664345622,0.412931502,0.527342737,0.502547562,0.574477851,0.495799094,0.351046979,0.540124476,0.69596833,0.443821311,0.459290147,0.388557017,0.677093148,0.517695069,0.35453245,0.577960432,0.293142885,0.720436156,0.582534194,0.364007175,0.499922901
1523.504308,0.285030454,0.572234571,0.318076134,0.579901576,0.468277127,0.323550761,0.617225945,0.503771365,0.490058303,0.702780187,0.41091302,0.571994066,0.380125612,0.451526135,0.533261061,0.376823336,0.52684772,0.545495629,0.641201973,0.652320504,0.3947016,0.517232716,0.492751449,0.569033027,0.487384468,0.341920853,0.53152585,0.690103054,0.441570431,0.455178857,0.371860117,0.667847157,0.508376777,0.354593068,0.575446308,0.282711178,0.71417737,0.573394775,0.355694115,0.496608943
1525.432795,0.282247335,0.567040145,0.313669711,0.57883054,0.464599639,0.323459566,0.609617829,0.504833698,0.485633075,0.697281599,0.408670783,0.571109891,0.377160341,0.448137254,0.530782342,0.377007335,0.526345551,0.540848672,0.631496489,0.644770086,0.381530404,0.51121825,0.487249255,0.566466808,0.482700408,0.336391747,0.52660507,0.687697053,0.44126153,0.453964233,0.360386103,0.662787974,0.502703488,0.355573088,0.575291693,0.275590092,0.711274564,0.568023026,0.35090512,0.495446891
1527.361281,0.280050904,0.56524235,0.311298609,0.57965678,0.463537544,0.324127048,0.606278419,0.507221937,0.484209538,0.695336223,0.407114476,0.572194397,0.376002818,0.44773975,0.530978918,0.377788812,0.527395785,0.539373219,0.62638706,0.641109705,0.372523755,0.508444667,0.485117376,0.566160619,0.480993688,0.333599508,0.52452749,0.687828362,0.442269206,0.45508042,0.353132099,0.661052883,0.49988246,0.357447743,0.576839745,0.271303326,0.71114254,0.565689981,0.348822296,0.495952457
1529.289768,0.278167725,0.565530002,0.310184419,0.581427574,0.463935703,0.325138986,0.605736375,0.510097146,0.484462589,0.695881069,0.405824006,0.574431956,0.375923693,0.449157923,0.532824516,0.378840178,0.529443145,0.539893925,0.62446177,0.640024841,0.366360426,0.507814407,0.485074967,0.567104816,0.481136441,0.332541555,0.52424562,0.689248443,0.443957269,0.457556635,0.348688364,0.661132455,0.498833716,0.360001266,0.579332769,0.268754959,0.712821186,0.565223098,0.348338395,0.497430533
1531.218254,0.276679069,0.567444444,0.310227662,0.584065318,0.465731531,0.326676667,0.607270479,0.51360184,0.486239046,0.697387815,0.405066252,0.577564001,0.376730859,0.45190689,0.535832465,0.380437851,0.532478571,0.54177767,0.624778271,0.640212059,0.362245977,0.508838356,0.486695141,0.569112778,0.482613534,0.332821548,0.525375426,0.692011416,0.446375698,0.460943907,0.346301109,0.66292125,0.499370128,0.362338006,0.582668483,0.267548472,0.715683281,0.566358685,0.349149555,0.499742836
1533.146741,0.275409132,0.570178747,0.310890526,0.587094784,0.468206942,0.328494996,0.609957099,0.517366469,0.488928139,0.699817061,0.404524684,0.581161737,0.377869517,0.455341756,0.53950125,0.382112414,0.535839736,0.544521749,0.626391351,0.641415775,0.359307885,0.510769665,0.489257783,0.571650982,0.484786659,0.333690017,0.527260721,0.695579827,0.449012399,0.464829236,0.345025808,0.665814996,0.500769675,0.364627063,0.586334229,0.267078787,0.719272852,0.568353832,0.350530833,0.502277315
1535.075227,0.274120986,0.572892189,0.311478913,0.589965284,0.470419109,0.33008945,0.612941623,0.520613015,0.491637886,0.703228891,0.403704971,0.584731162,0.378736675,0.458812803,0.543161571,0.383374542,0.538853228,0.547563732,0.628726125,0.643566847,0.356722832,0.512828648,0.491939992,0.574016035,0.487138063,0.334373146,0.529425323,0.699078262,0.451362193,0.468735844,0.343945324,0.668884516,0.502217293,0.367309153,0.589790821,0.26655075,0.723105669,0.570316434,0.351775885,0.50454241
1537.003714,0.273540169,0.576252401,0.312702358,0.592958689,0.473167151,0.332036227,0.616937399,0.524219275,0.494970024,0.706394613,0.403541565,0.588589132,0.380027682,0.462758809,0.547151327,0.385045081,0.542287052,0.550993204,0.631992817,0.645457923,0.355119556,0.515683174,0.49541229,0.576814294,0.489946276,0.335507125,0.532387078,0.703397155,0.454218268,0.472824782,0.343812317,0.672587931,0.504532933,0.369207472,0.593381464,0.266510844,0.727405548,0.573170662,0.353602797,0.507192016
1538.9322,0.273825228,0.580390513,0.314868599,0.596299887,0.476730675,0.334640026,0.622015536,0.528532505,0.499047607,0.70891118,0.404326677,0.592901826,0.381954968,0.467411995,0.551736116,0.387442857,0.546408176,0.554841936,0.635928333,0.646771312,0.354541779,0.519358695,0.499836534,0.580310166,0.493147194,0.337231398,0.53612411,0.708676934,0.457726657,0.477197617,0.344713718,0.677265584,0.507993639,0.370030135,0.597177148,0.26713717,0.732077241,0.577133238,0.356160372,0.510332346
1540.860687,0.273874968,0.583435833,0.316086203,0.598957956,0.478937775,0.335944444,0.626192808,0.531451643,0.502184212,0.712999463,0.404279858,0.5966447,0.382690638,0.471256882,0.555569112,0.388918519,0.549330831,0.558356106,0.63960129,0.649591565,0.353272676,0.522166252,0.503250718,0.582812071,0.495542288,0.337850004,0.539050877,0.712780774,0.460073978,0.48108241,0.344623178,0.68108964,0.510362983,0.372123659,0.600310206,0.266898125,0.73628515,0.579908252,0.35768652,0.512438595
1542.789173,0.273968518,0.585609734,0.316560507,0.600877047,0.480143875,0.336012393,0.629544973,0.533332765,0.50447911,0.717757583,0.403867781,0.599673092,0.382562727,0.474330425,0.55859822,0.389691949,0.551323295,0.561495662,0.642956913,0.653001547,0.351576596,0.524283648,0.505729616,0.584385335,0.497223347,0.337576419,0.541321874,0.716076136,0.46171543,0.48426199,0.343883961,0.683811247,0.511863112,0.374779761,0.602861583,0.265983552,0.739975393,0.58168453,0.358366966,0.513842642
1544.71766,0.274607718,0.587880671,0.317324132,0.602702737,0.481494844,0.33608526,0.633064628,0.535398901,0.506786823,0.72203815,0.404053986,0.602600992,0.382589072,0.477513731,0.561549962,0.390650302,0.553442895,0.564628839,0.646285176,0.655909717,0.350365371,0.526499331,0.508355737,0.585941017,0.498880744,0.337188095,0.543945432,0.719546735,0.463526696,0.487247109,0.343548477,0.686693668,0.513800859,0.37669006,0.60523349,0.26517421,0.743557692,0.583771288,0.359116733,0.515369356
1546.646146,0.275528342,0.589807153,0.318046361,0.604157984,0.482469112,0.336029053,0.636373878,0.537276208,0.508840859,0.726192951,0.404382408,0.60509342,0.382361412,0.48041147,0.564108551,0.391444862,0.555290997,0.567491531,0.649261951,0.658598363,0.34925437,0.528529346,0.510820031,0.587191641,0.500085175,0.336377859,0.546431839,0.722782612,0.464998484,0.489885628,0.343278736,0.689339757,0.515550792,0.378062665,0.607083321,0.264075816,0.746861398,0.585753798,0.359589696,0.516617417
1548.574633,0.27693668,0.591800332,0.319081396,0.605560958,0.483529449,0.336236268,0.639747262,0.5392102,0.510989726,0.729595363,0.40509662,0.607408822,0.382186145,0.483308852,0.566576183,0.392419428,0.557245016,0.570213377,0.652147293,0.660658479,0.348458707,0.530591547,0.513411343,0.588467777,0.501027584,0.335369617,0.548941731,0.726473808,0.466487169,0.492324889,0.343310267,0.691956282,0.517479777,0.378462046,0.608721554,0.262928426,0.749954402,0.587990403,0.360204041,0.517852426
1550.503119,0.27856639,0.593574405,0.320179939,0.606639504,0.484430581,0.336387366,0.642897725,0.540794909,0.512894154,0.732648134,0.405885786,0.609521627,0.381821543,0.486105531,0.568760693,0.393275887,0.559014618,0.572662175,0.654875278,0.662374258,0.347751349,0.532446206,0.5158692,0.589478254,0.501685023,0.333958775,0.551445127,0.730021298,0.467728883,0.49453494,0.343430549,0.694364905,0.519407153,0.378355533,0.610079288,0.261527598,0.752744436,0.590119421,0.360652417,0.518837452
1552.431605,0.280372292,0.595307171,0.321452975,0.607422769,0.485351413,0.336593449,0.646096349,0.542216837,0.514713705,0.735154688,0.406820178,0.611491203,0.38145709,0.488926262,0.570761621,0.394075513,0.560578108,0.574891925,0.657514334,0.663615286,0.347193599,0.534185469,0.51839,0.590372145,0.502167463,0.33234027,0.554036975,0.733525515,0.468879133,0.496452898,0.343714714,0.696698844,0.521378279,0.377615541,0.611207902,0.259955466,0.75539428,0.592281818,0.3609851,0.519764304
1554.360092,0.28248781,0.597223818,0.322853118,0.608170927,0.4862836,0.33687672,0.649522781,0.543585837,0.516600311,0.737543523,0.407908708,0.613593519,0.381051153,0.491822928,0.572734535,0.394925743,0.562018573,0.577062964,0.660292268,0.664747179,0.3468692,0.535939872,0.520941675,0.591192544,0.50262922,0.330559015,0.556741834,0.737276375,0.469887823,0.49821043,0.344117731,0.698991656,0.523445487,0.376508981,0.612226546,0.258465886,0.758167565,0.594687521,0.361397654,0.520641088
1556.288578,0.284986109,0.59935534,0.324458957,0.60890758,0.487539172,0.337308556,0.653137863,0.54510957,0.518764973,0.739677787,0.409426272,0.615767002,0.380759478,0.494950563,0.574810386,0.396009624,0.563634813,0.579335809,0.663100421,0.665559769,0.346898168,0.53791362,0.523709595,0.592195451,0.503216386,0.329020321,0.559822023,0.741286099,0.47100246,0.500041068,0.344998091,0.701374412,0.525792837,0.374832779,0.613265336,0.25724858,0.761043668,0.597459197,0.362124562,0.521636069
1558.217065,0.288043946,0.602299273,0.326819003,0.610036016,0.489777207,0.338347346,0.657496274,0.547150552,0.521741629,0.741413653,0.411696792,0.618407607,0.381142884,0.498901546,0.577576041,0.397644728,0.565917015,0.582090318,0.666367114,0.666122317,0.347731471,0.540514708,0.527340472,0.593900561,0.504284859,0.328138441,0.563652456,0.746180117,0.472680271,0.502320409,0.346764833,0.704722822,0.529043376,0.372406602,0.61472249,0.256593645,0.764238179,0.601136088,0.363546222,0.523242295
1560.145551,0.29059726,0.604455531,0.32817772,0.610727429,0.490883619,0.338331729,0.660813272,0.547852933,0.52379334,0.74543798,0.412862837,0.620573401,0.380594134,0.502136171,0.579757154,0.398237914,0.56712395,0.584767938,0.669563413,0.668580294,0.347709894,0.54240346,0.529854953,0.59463197,0.504787683,0.326473475,0.56654948,0.749820232,0.473095775,0.504374504,0.347364783,0.707021475,0.531190515,0.371884674,0.615841448,0.255345494,0.767365336,0.603438914,0.363923967,0.523944199
1562.074038,0.292873532,0.606231809,0.328841925,0.611173511,0.491260469,0.337620974,0.663542986,0.547814608,0.525377154,0.750938475,0.413374484,0.622404814,0.379491389,0.504962981,0.5815593,0.398189127,0.567654252,0.587443888,0.672724605,0.672393024,0.347199261,0.543891013,0.531769037,0.594890654,0.505078673,0.324580014,0.569044352,0.752619028,0.472846776,0.506415844,0.347340941,0.708487511,0.532623649,0.372749358,0.616898835,0.253821373,0.770530939,0.60484302,0.36385262,0.52411747
1564.002524,0.296006441,0.609594285,0.330723643,0.612466395,0.493139982,0.337977111,0.667889714,0.549082398,0.528356612,0.755769372,0.415073007,0.625293672,0.379563093,0.509115815,0.584529817,0.399214685,0.569448829,0.590865135,0.676896036,0.675797284,0.348051935,0.546658874,0.535219848,0.596371531,0.506552517,0.324074745,0.572824776,0.756867111,0.473828256,0.509404898,0.348878562,0.711460769,0.535508573,0.37278074,0.618852615,0.253450632,0.774444163,0.607840419,0.365171492,0.525461674
1565.931011,0.299658418,0.614183903,0.333364218,0.614788592,0.496291995,0.339088738,0.673385918,0.551348865,0.532396913,0.760977387,0.417618662,0.629066825,0.38049829,0.514240324,0.588494301,0.400997221,0.572259843,0.595210314,0.682207346,0.679450214,0.349863052,0.550520182,0.539730012,0.598778009,0.509047806,0.324604452,0.577555597,0.762157977,0.475731224,0.513316393,0.351542413,0.715679288,0.539466441,0.372586757,0.621569812,0.254028201,0.779402912,0.611962736,0.367433906,0.527754962
1567.859497,0.303759694,0.620049953,0.336707741,0.618093431,0.500452995,0.340877324,0.679965675,0.554379821,0.537442863,0.766845703,0.420842707,0.633624613,0.38221693,0.520362735,0.593382001,0.403312683,0.575929523,0.60047853,0.688757896,0.683805168,0.352580577,0.555354953,0.545205712,0.602245629,0.512509644,0.326097876,0.583190501,0.768321991,0.478502899,0.51811856,0.355169088,0.720980108,0.544353008,0.372597635,0.624981225,0.255451709,0.785468638,0.617028654,0.370604485,0.530794859
1569.787984,0.308242083,0.627178073,0.340756893,0.622119188,0.505554914,0.343235195,0.687830687,0.558101356,0.543484688,0.773918211,0.424487382,0.639107883,0.384709895,0.527492404,0.599182069,0.406115562,0.580281973,0.606773317,0.696778417,0.689377308,0.35610956,0.561185479,0.551733434,0.606750011,0.517163217,0.328655511,0.589639425,0.775163889,0.481940359,0.523997962,0.359578699,0.727332592,0.550083876,0.373324424,0.629169583,0.257767349,0.792631447,0.622907996,0.374606699,0.534520924
1571.71647,0.312797427,0.635133982,0.344965219,0.626787066,0.511178672,0.34564659,0.69645071,0.562078774,0.550156415,0.782846928,0.428092241,0.645339549,0.387506276,0.535173357,0.605732203,0.409010768,0.58495456,0.613999069,0.706051528,0.696820557,0.360197365,0.567584157,0.558838904,0.611729503,0.522785723,0.331875205,0.59653753,0.782083571,0.485626251,0.530745387,0.364401251,0.734246194,0.556209385,0.375307113,0.63405472,0.260660559,0.800639391,0.62910527,0.379033327,0.538635433
1573.644957,0.317907333,0.64473176,0.35023874,0.632522762,0.518141627,0.348823249,0.706649303,0.567145109,0.5582726,0.792089045,0.432676047,0.652663767,0.391405255,0.544067442,0.613605082,0.412667662,0.590901315,0.62224555,0.716702938,0.70466572,0.365787238,0.575358808,0.567301333,0.618027151,0.529732287,0.336426139,0.604509771,0.790120661,0.490448892,0.538437605,0.370784789,0.742631555,0.563659489,0.377185792,0.639878333,0.264700025,0.809817672,0.636771202,0.384739399,0.543764055
1575.573443,0.32365939,0.656120121,0.356790394,0.639503956,0.52669394,0.352818906,0.718812943,0.573411584,0.568162858,0.802095413,0.438330293,0.661413312,0.396678776,0.554377854,0.622956634,0.417198747,0.598130405,0.631862283,0.729082406,0.713314235,0.373055011,0.584861517,0.577469468,0.625834465,0.538191259,0.342578501,0.613811493,0.799677253,0.496409833,0.547465205,0.378874242,0.752932787,0.572703123,0.379202038,0.646774948,0.270151973,0.820839107,0.64619863,0.391964883,0.550048709
1577.50193,0.329237074,0.667764962,0.363129348,0.64679575,0.534881592,0.356088549,0.731131911,0.579166591,0.578185499,0.814567864,0.44351396,0.670574546,0.401808858,0.564608157,0.63266778,0.421265841,0.604944229,0.642286658,0.742441475,0.724393725,0.380716473,0.594653487,0.587719619,0.633519292,0.547139585,0.349174708,0.623156607,0.808811009,0.50189501,0.557070196,0.387046278,0.763334036,0.581593156,0.383357704,0.654083908,0.275999099,0.832524657,0.65524894,0.399272352,0.556282401
1579.430416,0.33490485,0.679693937,0.369722664,0.65433538,0.543095827,0.359097421,0.744018257,0.585028052,0.588622868,0.828229904,0.44887203,0.680033565,0.407176912,0.574873805,0.642759621,0.425324678,0.611761928,0.653474987,0.756793618,0.736527622,0.389159352,0.604931951,0.598406911,0.641527295,0.55669868,0.356480062,0.632735431,0.817963004,0.507487833,0.567065597,0.395765901,0.774305761,0.590725839,0.388390362,0.661749601,0.282449663,0.844544947,0.664471745,0.407055169,0.562704682
1581.358902,0.341266364,0.692536354,0.377431065,0.662490785,0.552366018,0.36267513,0.758407176,0.591868281,0.600325823,0.841850698,0.455361187,0.690321326,0.413602352,0.585924506,0.653591096,0.430112392,0.619365692,0.665599763,0.77259022,0.749094963,0.399014771,0.616336107,0.610434949,0.650470793,0.567272902,0.365078688,0.643142402,0.828005254,0.514095128,0.577647805,0.405841529,0.786820114,0.601083398,0.393169582,0.669919491,0.29013449,0.857549071,0.675050974,0.416103512,0.569778562
1583.287389,0.347977996,0.705747485,0.385519028,0.670817971,0.561885655,0.36638245,0.773456931,0.598949313,0.612488031,0.855910599,0.462370843,0.700861394,0.420418322,0.597097337,0.664690793,0.43516621,0.627134562,0.678345323,0.789295077,0.762499034,0.409290314,0.628267348,0.62305367,0.659815073,0.578410149,0.374259263,0.653957784,0.838131309,0.520809591,0.58841908,0.416175008,0.799847126,0.611974001,0.398357779,0.6783728,0.298398286,0.871127605,0.686026812,0.425697178,0.577114046
1585.215875,0.354958445,0.719014943,0.393648118,0.679271698,0.571438491,0.370308191,0.788997412,0.606049657,0.624907732,0.870357633,0.469659895,0.711714864,0.427213728,0.608123481,0.676156998,0.440411985,0.634960532,0.69156456,0.806493819,0.776275992,0.419460714,0.640500963,0.635836601,0.669505298,0.58997345,0.383612782,0.664970338,0.848226786,0.527397275,0.599366188,0.426120371,0.813119352,0.623074591,0.403724998,0.686917901,0.306733817,0.885064363,0.697244823,0.435442448,0.584612906
1587.144362,0.36214903,0.731932402,0.401476949,0.687614918,0.580642283,0.374247581,0.80416286,0.612902105,0.637266338,0.884679198,0.477114052,0.722579777,0.433678567,0.618595362,0.68748343,0.445687145,0.642524838,0.704736471,0.823542774,0.789917171,0.42875427,0.652537405,0.648256361,0.678986371,0.601424992,0.392760992,0.675554335,0.858123183,0.533924818,0.610045075,0.43520242,0.826386571,0.633911788,0.409196556,0.695381045,0.31476298,0.898812652,0.708206296,0.44480592,0.591828465
1589.072848,0.369510919,0.74446255,0.409067899,0.695774555,0.589537144,0.378255367,0.818737924,0.619778514,0.649405062,0.89868772,0.484795719,0.733079374,0.440033853,0.628507495,0.698425472,0.451190621,0.649846435,0.717650533,0.840120435,0.803013444,0.437116057,0.66420567,0.660343289,0.688273489,0.612621069,0.401667863,0.685770094,0.867725074,0.540429831,0.620309234,0.443489939,0.839597523,0.644413531,0.414776683,0.703831613,0.322506368,0.912174702,0.718802154,0.453909814,0.598874867
1591.001335,0.377087414,0.756054401,0.416583121,0.703651547,0.59792912,0.382383108,0.832610011,0.626725852,0.660788059,0.911977589,0.492658496,0.743060768,0.446260959,0.637725532,0.708785355,0.456932276,0.656932712,0.729785204,0.85575217,0.815384328,0.444860786,0.675306141,0.671721756,0.697287261,0.623395324,0.410534918,0.695437133,0.876372337,0.546840191,0.630180001,0.451276541,0.852090776,0.654279172,0.420611739,0.711812556,0.330080479,0.92491585,0.72884959,0.462913454,0.605767369
1592.929821,0.384986073,0.766497314,0.42404747,0.711268902,0.605601847,0.386517823,0.845220685,0.63365382,0.67119813,0.924177825,0.500722945,0.75231266,0.452448279,0.646076858,0.718274295,0.462736309,0.66369921,0.741059899,0.870213807,0.826669633,0.45233798,0.685501397,0.682140231,0.705999792,0.633527517,0.419669896,0.70422399,0.884282351,0.553229332,0.639804721,0.459141165,0.863643825,0.663303673,0.42661196,0.719515324,0.337696373,0.937000751,0.738126695,0.472039849,0.612461746
1594.858308,0.393078297,0.775674343,0.431552649,0.718428135,0.612382352,0.390604913,0.856187165,0.640398741,0.680507362,0.934712708,0.508842766,0.760656536,0.458776742,0.653548121,0.726793468,0.468589067,0.670090318,0.751316547,0.882685542,0.83624953,0.460084885,0.694316864,0.691349566,0.714173913,0.642694652,0.429316759,0.711863458,0.891424716,0.559416592,0.648720026,0.467682183,0.873892784,0.671326041,0.43259719,0.727008879,0.34557718,0.948094428,0.746404469,0.481408387,0.618855357
1596.786794,0.40114972,0.783468246,0.439309597,0.724918246,0.618097782,0.394578457,0.865540743,0.646843433,0.688551307,0.943925202,0.516924024,0.768005848,0.465394497,0.660010755,0.734286487,0.474431157,0.676045179,0.760467112,0.892786145,0.844181299,0.46833095,0.701855183,0.699237764,0.721768439,0.650816262,0.439668834,0.718614817,0.897799134,0.565238893,0.656757891,0.477218568,0.882653356,0.678461194,0.438736051,0.734046638,0.353853554,0.95797646,0.75355345,0.491021931,0.62476927
1598.715281,0.409334809,0.790327728,0.447733641,0.731036067,0.622991145,0.398610294,0.873741686,0.653268635,0.695876002,0.952225387,0.525131285,0.77483356,0.472604901,0.665663719,0.740932405,0.480299622,0.681744754,0.769009531,0.901307344,0.850923836,0.47781828,0.708704293,0.706455827,0.729110956,0.658284187,0.451113075,0.724921107,0.903832674,0.571019292,0.664473176,0.488368124,0.890757978,0.685094357,0.445044816,0.740802109,0.363001227,0.967241108,0.760166287,0.501409709,0.630437613
1600.643767,0.417625427,0.79627943,0.456799179,0.736761212,0.627126455,0.402638406,0.880907238,0.659654379,0.702694833,0.959360063,0.533385515,0.781523407,0.480289727,0.670740306,0.747013986,0.486126304,0.687244654,0.77704519,0.908635795,0.856943846,0.488922089,0.715002894,0.713286579,0.73616147,0.665235162,0.463764697,0.730693817,0.909389853,0.576646507,0.671757758,0.501233876,0.898340762,0.691321194,0.451722682,0.747359693,0.373151958,0.976151943,0.766429603,0.512639165,0.635923505
1602.572254,0.42614904,0.801757872,0.466729194,0.742394269,0.630907714,0.406746209,0.887338996,0.666033804,0.709293485,0.965944529,0.541886508,0.788307726,0.488779604,0.675513804,0.753115058,0.491997808,0.692712188,0.78485781,0.915269613,0.86244911,0.501884878,0.721099854,0.719896317,0.743232608,0.672015309,0.477886528,0.736422122,0.914978504,0.582194328,0.678792,0.51606667,0.905696392,0.697588265,0.458813578,0.753934324,0.38441819,0.985007346,0.772605538,0.525030971,0.64146477
1604.50074,0.434673488,0.806624234,0.477255106,0.747881293,0.63412267,0.410811275,0.892715275,0.672164142,0.715278149,0.971878469,0.550424039,0.794820309,0.497823089,0.679523647,0.758669376,0.497787446,0.697936594,0.792012453,0.920525014,0.867022216,0.515899479,0.726777673,0.725709319,0.749895394,0.678461492,0.492958575,0.741773188,0.920134723,0.587650418,0.685396075,0.532119989,0.912469983,0.703318238,0.466271132,0.760182798,0.396306604,0.993318439,0.778111756,0.538211763,0.646901369
1606.429227,0.442936689,0.81118077,0.48767072,0.753162622,0.636968434,0.414891601,0.897379577,0.678345025,0.720710516,0.976966023,0.558831453,0.800976157,0.506846011,0.682984948,0.763709486,0.503612816,0.703166425,0.798393667,0.92454201,0.870604753,0.529261947,0.732012212,0.730786622,0.756444573,0.684776485,0.507812679,0.746565998,0.924799144,0.593149364,0.69185698,0.547636747,0.918938518,0.708377779,0.473912835,0.766256392,0.407811344,1.001011014,0.783095121,0.551336706,0.652261734
1608.357713,0.450401276,0.81534481,0.496618122,0.758370817,0.639646053,0.418927014,0.90133512,0.684481084,0.725666404,0.981530666,0.566567421,0.806698859,0.514869273,0.686012685,0.768707752,0.509493053,0.708333611,0.804084718,0.927853644,0.873614192,0.539274693,0.736333311,0.734853983,0.76294291,0.690865517,0.520669281,0.750428736,0.928580463,0.598600328,0.698220253,0.559621394,0.92469126,0.712474644,0.481519938,0.772298396,0.417424709,1.008193612,0.787553728,0.562788904,0.657409608
1610.286199,0.456775099,0.819198966,0.502870023,0.763864458,0.642542481,0.422950536,0.905124545,0.69063437,0.730496049,0.98610276,0.573388875,0.812200844,0.521131217,0.688632607,0.773879468,0.515468538,0.713530898,0.809475183,0.93131566,0.876873076,0.543629825,0.739965677,0.738089502,0.769412577,0.696919739,0.53016901,0.753416538,0.931664348,0.604177594,0.704539239,0.565564394,0.92992276,0.715870559,0.488882571,0.778449476,0.424028307,1.015173912,0.791517496,0.571157455,0.662341118
1612.214686,0.462163717,0.823108673,0.506451428,0.769648075,0.645666838,0.427084923,0.909157097,0.697005451,0.73533076,0.990909457,0.579382241,0.817683458,0.525661409,0.6909374,0.779189348,0.521394014,0.718902707,0.814498425,0.935200512,0.88053602,0.542533159,0.743218064,0.740813434,0.775908411,0.703114033,0.536334038,0.755807042,0.934248269,0.609998822,0.710857809,0.565637231,0.935069025,0.718961358,0.495969981,0.78467834,0.427846372,1.021493912,0.795040965,0.576379061,0.667296112
1614.143172,0.46670267,0.826842427,0.508514762,0.775374651,0.648764133,0.431415707,0.913040817,0.703656316,0.739807308,0.994681478,0.584833801,0.822921097,0.529179692,0.692935884,0.784467459,0.527273297,0.724427581,0.818822682,0.938545704,0.883497775,0.538327992,0.745815456,0.743034065,0.782337785,0.709043086,0.540614724,0.75764668,0.936147392,0.615917265,0.716746449,0.562330306,0.939780891,0.721526444,0.502304316,0.790847778,0.430074126,1.026877046,0.797981739,0.579637825,0.672390997
1616.071659,0.47092706,0.830276966,0.510381341,0.781095028,0.651925981,0.435985923,0.916052818,0.710422337,0.74381417,0.996798515,0.590076864,0.82778585,0.532749891,0.694719493,0.789634407,0.533228934,0.730192721,0.822658062,0.941025972,0.885523558,0.533982337,0.747958004,0.744971216,0.788784087,0.714728951,0.544982731,0.758994162,0.937734127,0.621913195,0.722339213,0.55899781,0.94423759,0.72365576,0.508093357,0.796970189,0.432273179,1.03187573,0.800746202,0.582543135,0.677420676
1618.000145,0.474236101,0.832437575,0.511643887,0.78604573,0.653843701,0.439472914,0.916815519,0.715703905,0.746314287,0.999137163,0.593880296,0.831550837,0.53581506,0.695343137,0.793430626,0.537981808,0.73464632,0.825576901,0.942109168,0.888005912,0.530323386,0.749027371,0.74557513,0.793881834,0.719481647,0.549531639,0.759002566,0.937985241,0.626687765,0.727236509,0.556332111,0.946801186,0.724301398,0.515140772,0.802308381,0.434641451,1.03568387,0.801801562,0.584827721,0.681315839
1619.928632,0.47695893,0.834775269,0.513267338,0.790628791,0.655672967,0.442438543,0.917447269,0.72066319,0.748480201,1.001732349,0.59710449,0.834895909,0.539294004,0.696005344,0.796854079,0.542052031,0.73864013,0.828370273,0.943087578,0.890744925,0.52884239,0.75011611,0.746208787,0.798829556,0.724161744,0.555217147,0.758993089,0.938194036,0.631022334,0.732093036,0.555743933,0.948632479,0.724861503,0.522422016,0.807357609,0.438046724,1.039115906,0.802235842,0.587889016,0.685069919
1621.857118,0.479738176,0.838274777,0.516031921,0.795786321,0.658839881,0.44596085,0.91911751,0.726315439,0.751381636,1.003494263,0.600748241,0.838336349,0.543968439,0.697784722,0.801011443,0.546433687,0.743504226,0.831571817,0.944946289,0.893149257,0.530104637,0.752153099,0.748087585,0.80467397,0.729628861,0.562539279,0.759925783,0.939350903,0.635995805,0.737351298,0.557950675,0.951274931,0.726596773,0.528679609,0.812589943,0.443084091,1.04252398,0.803820729,0.592455447,0.689437687
1623.785605,0.482191354,0.842083991,0.518970728,0.801307619,0.662505627,0.449305475,0.921185672,0.731608391,0.754550219,1.005861521,0.603993535,0.841568828,0.548959553,0.700090885,0.805200636,0.55053705,0.748289227,0.83505404,0.947715998,0.896448135,0.532793522,0.754716337,0.750422895,0.810791016,0.735637128,0.570376992,0.761303365,0.940734148,0.640806437,0.742778778,0.561336219,0.95419246,0.728648901,0.535003066,0.818113565,0.44886291,1.045712471,0.805934191,0.597350061,0.693898261
1625.714091,0.484119505,0.846116304,0.521715522,0.806632936,0.666068673,0.452205509,0.923219144,0.736232281,0.75754118,1.008384943,0.606504619,0.844365716,0.553744555,0.702474833,0.80891937,0.554057479,0.752564728,0.838291109,0.950935006,0.900054753,0.536081612,0.757283747,0.752659321,0.816785097,0.74173671,0.57806623,0.762569666,0.941703081,0.645088792,0.747902274,0.565165401,0.956887543,0.730416,0.541145802,0.823467195,0.45475474,1.048700333,0.807725847,0.602147877,0.698318064
1627.642578,0.485424638,0.84995234,0.524094462,0.811336756,0.669324458,0.454555303,0.924845874,0.739994049,0.759961247,1.010191917,0.608384192,0.846455455,0.557911754,0.704345286,0.811937451,0.55698055,0.75622201,0.84089613,0.953557491,0.902959466,0.53933394,0.759471416,0.754611611,0.822096884,0.74724406,0.585339308,0.763363004,0.942299724,0.648686826,0.752201319,0.569119394,0.959020615,0.731717944,0.546445906,0.827886701,0.460439682,1.050874829,0.808705926,0.606524467,0.702169955
1629.571064,0.48612839,0.852730632,0.525780499,0.815046132,0.671990573,0.456140667,0.925951362,0.742570162,0.761507332,1.011472464,0.609659612,0.84751153,0.561403513,0.705349088,0.81411171,0.559138715,0.758958578,0.842659473,0.955225468,0.905049741,0.542340696,0.760943294,0.75578326,0.826532185,0.751749277,0.591873109,0.76346463,0.942653358,0.651303649,0.7552163,0.572715998,0.960310578,0.732460856,0.550775886,0.831137717,0.465627521,1.051774859,0.809070945,0.610117555,0.705098212
1631.499551,0.486214906,0.853928089,0.526659369,0.817502737,0.673596561,0.45690605,0.925632656,0.743579984,0.761640966,1.011732578,0.610138595,0.84728092,0.56392163,0.705206037,0.81484133,0.560376287,0.76030159,0.843140006,0.955453575,0.905577481,0.544752836,0.761255383,0.755775452,0.829236448,0.754639685,0.597200751,0.762556136,0.941999137,0.652538538,0.756281972,0.575600863,0.960063636,0.732260823,0.55389905,0.832812905,0.469946682,1.050995469,0.808628321,0.612606466,0.70693475
1633.428037,0.486271888,0.854652643,0.527546108,0.819054902,0.674888015,0.457565516,0.92451787,0.743968427,0.761012316,1.009868503,0.610522449,0.846440613,0.566087365,0.704311311,0.814739585,0.561457157,0.760991573,0.842553973,0.954426765,0.903822482,0.546994686,0.761068642,0.755298793,0.830824137,0.756289244,0.601941347,0.761344492,0.941070199,0.653126001,0.75620085,0.578462064,0.959167421,0.7316733,0.55507344,0.833544493,0.473725498,1.049001813,0.807926953,0.614675701,0.708167493
1635.356524,0.485925049,0.854296088,0.52776593,0.819313765,0.675186157,0.457682908,0.922005773,0.743286908,0.759195507,1.006060481,0.610275388,0.844411016,0.567474902,0.702029347,0.81339395,0.561876118,0.760589361,0.84032625,0.951845825,0.900774121,0.548533916,0.759700239,0.753457665,0.831005335,0.75642252,0.605426669,0.759177864,0.939154387,0.652460575,0.754729271,0.580461621,0.956834197,0.729938865,0.555351973,0.83308816,0.476545721,1.045398593,0.806058347,0.61560452,0.708172977
1637.28501,0.484655887,0.851865649,0.526418626,0.81815964,0.673588037,0.456468821,0.917261779,0.740807116,0.755597055,1.002221465,0.608755827,0.840862572,0.567254603,0.698119462,0.81023252,0.560946047,0.75845176,0.836681187,0.947256923,0.89777565,0.548582673,0.75668627,0.749758959,0.829106867,0.754823565,0.607002854,0.755467594,0.935331404,0.650021791,0.751573026,0.580613256,0.952293932,0.72641623,0.556229949,0.831054807,0.477862775,1.040304303,0.802112579,0.614724278,0.706522763
1639.213496,0.482942224,0.848409593,0.524433255,0.81616056,0.671355426,0.454877347,0.911247432,0.73762393,0.751036823,0.997459233,0.606658578,0.836247027,0.566508353,0.693698168,0.80619508,0.559621274,0.755808532,0.832043707,0.941200852,0.893873274,0.54798466,0.75304389,0.745255888,0.826175511,0.752190113,0.607467771,0.750876606,0.930581987,0.647117913,0.747380316,0.580031991,0.946720064,0.722085118,0.556500316,0.828152835,0.478328854,1.034379721,0.797260761,0.612909079,0.704235315
1641.141983,0.481073499,0.844774365,0.522282243,0.81400907,0.669300556,0.453494787,0.904750109,0.734473526,0.746192396,0.991522431,0.604462266,0.831227362,0.565799832,0.689247012,0.801884472,0.558416426,0.753056169,0.826834917,0.934619248,0.888912499,0.547195375,0.749426544,0.740815461,0.822941542,0.749263406,0.607164204,0.746192992,0.92579478,0.644044101,0.743028879,0.57918185,0.941010952,0.717772961,0.555969357,0.825097322,0.478462368,1.027904749,0.792364478,0.610797048,0.701724112
1643.070469,0.479206055,0.84131372,0.519959927,0.811986268,0.667546749,0.452317685,0.898057699,0.731446087,0.741261303,0.984863877,0.60217309,0.826279879,0.565066695,0.68499738,0.797635317,0.557248592,0.750336945,0.82132417,0.927631855,0.883388221,0.546307385,0.745782673,0.736510217,0.819820046,0.74648869,0.60631007,0.741711318,0.92101711,0.641035378,0.738812983,0.578043699,0.9353441,0.71368885,0.554766357,0.822001934,0.478268951,1.02078557,0.787688732,0.608498335,0.699116468
1644.998956,0.477273643,0.838060856,0.517585039,0.81007421,0.666183591,0.451425016,0.891481817,0.728678823,0.736535609,0.977236509,0.599677205,0.821045697,0.56433785,0.681181669,0.793362319,0.556239367,0.748001993,0.815498173,0.92030555,0.877765834,0.545284688,0.742107451,0.732280016,0.816888332,0.74374789,0.604946613,0.737207413,0.91638577,0.638441622,0.734546423,0.57665962,0.929752946,0.709821284,0.552798986,0.819020867,0.477702469,1.013601542,0.783237398,0.60588789,0.696592212
1646.927442,0.474856257,0.834439516,0.514622569,0.808116198,0.664570212,0.45020923,0.88448596,0.72567457,0.73138541,0.969801784,0.596734762,0.815416276,0.563109457,0.677382171,0.788655341,0.554891467,0.745387912,0.809527397,0.912560523,0.872701943,0.543790758,0.738309443,0.727716029,0.813675106,0.740748048,0.602711499,0.732254386,0.911278427,0.635518193,0.730339766,0.574419737,0.923896492,0.705613971,0.551317394,0.815933108,0.476552367,1.006526589,0.778253615,0.602589786,0.693813443
1648.855929,0.471680909,0.829973519,0.510750651,0.805668414,0.662129045,0.448279768,0.876496434,0.721779406,0.725302517,0.962594628,0.593050718,0.80925405,0.560958743,0.672996819,0.783328116,0.552786648,0.742147148,0.803154945,0.904171109,0.867854476,0.54150337,0.733904243,0.722376823,0.809930563,0.737160385,0.599406004,0.726803601,0.905148089,0.631980956,0.725703895,0.570962012,0.917142332,0.700434566,0.550308168,0.812099934,0.474474311,0.998764038,0.772282898,0.598161101,0.690492272
1650.784415,0.468926817,0.826532602,0.507922649,0.803777277,0.660815954,0.447428256,0.869758368,0.719087601,0.720296383,0.95359844,0.590410531,0.803736508,0.559597611,0.669502735,0.77873832,0.551673114,0.740073621,0.797091961,0.896148026,0.861555278,0.539963961,0.730367899,0.718217552,0.807327449,0.734157681,0.596587241,0.722455442,0.900396287,0.629742205,0.72149992,0.568439007,0.91162467,0.696455002,0.547531128,0.808622181,0.472838938,0.991246104,0.767681777,0.594558358,0.688092113
1652.712902,0.465975702,0.823222101,0.505362213,0.801936746,0.659811139,0.44707647,0.862959743,0.71667558,0.715218842,0.943760455,0.587999105,0.798242211,0.558382928,0.666263163,0.774314702,0.550778866,0.738154948,0.790717065,0.887605488,0.854346991,0.53848201,0.726787686,0.713958025,0.804705381,0.731097043,0.593236387,0.717790842,0.895442903,0.627720177,0.717164338,0.565922379,0.906276464,0.692763984,0.54413408,0.805230498,0.471033752,0.983252048,0.763351142,0.590783179,0.685741425
1654.641388,0.461212397,0.817384243,0.500506163,0.79866761,0.656175315,0.444743544,0.853407621,0.711745858,0.70780921,0.936366737,0.58326751,0.790965319,0.554898441,0.661033809,0.76808548,0.547810614,0.734012783,0.783336341,0.877640486,0.848901868,0.534787893,0.721077859,0.707032382,0.799810469,0.726406693,0.587282598,0.710853457,0.887738407,0.623523712,0.711616933,0.560685873,0.898292005,0.686409175,0.543182135,0.800929248,0.467087358,0.973999619,0.756192684,0.584386647,0.681366265
1656.569875,0.455727607,0.810599625,0.495001376,0.794671357,0.651585162,0.441871345,0.842900217,0.70617801,0.699478447,0.928572059,0.577882767,0.782853544,0.550698042,0.655079842,0.760845423,0.544089437,0.729347408,0.775188327,0.866793275,0.84292984,0.530537724,0.714651167,0.699248672,0.794204295,0.720823169,0.580089509,0.703275204,0.879335642,0.618951321,0.705386877,0.554787576,0.889236987,0.679217041,0.541931391,0.795881212,0.462072104,0.964011729,0.748179972,0.577139318,0.676428139
1658.498361,0.450133294,0.803978562,0.490184128,0.790623188,0.647431135,0.439694941,0.832433045,0.701341391,0.691074431,0.918696523,0.572923779,0.774593055,0.546906888,0.649374366,0.753403544,0.540553927,0.725046396,0.766310632,0.855531871,0.834822059,0.526712775,0.708150506,0.691794515,0.78886956,0.714921057,0.57245332,0.695923269,0.871292949,0.615008116,0.698733747,0.549477279,0.880339682,0.672517836,0.538722038,0.790401638,0.45677346,0.953470707,0.740824759,0.56998539,0.671832621
1660.426848,0.444057107,0.796919644,0.48552376,0.786247194,0.643049121,0.437568069,0.821534634,0.696533322,0.682169676,0.907746553,0.567836344,0.765789449,0.542830169,0.643469393,0.745335877,0.53671062,0.720462859,0.756781578,0.843837142,0.825359702,0.522820473,0.70109278,0.683918893,0.78340888,0.708444178,0.564085484,0.688353896,0.863100648,0.61105454,0.691758931,0.544224799,0.871137917,0.665548503,0.534428239,0.784473836,0.451047152,0.942339778,0.733351231,0.56257683,0.667008221
1662.355334,0.437401831,0.789244354,0.480612725,0.78118968,0.638110518,0.435150415,0.810044885,0.691203713,0.672584534,0.895638883,0.56242317,0.756459892,0.538208246,0.636995256,0.736463249,0.53229177,0.71557045,0.746619284,0.831376851,0.815094352,0.518690944,0.693440974,0.675225437,0.777281225,0.701131463,0.554838538,0.680168092,0.854256988,0.60676837,0.684113979,0.538765132,0.861250818,0.658045948,0.529376268,0.777762234,0.444698125,0.930654049,0.725384891,0.554575741,0.661772907
1664.283821,0.430362314,0.780848265,0.475258827,0.775625944,0.632412195,0.432270974,0.797910631,0.685308039,0.662424505,0.883776367,0.556435108,0.746773541,0.533082783,0.629877985,0.72703445,0.527237117,0.710157394,0.736162782,0.818546772,0.80490756,0.514293492,0.685144603,0.665835023,0.770460606,0.693259001,0.545038581,0.671474457,0.844825864,0.602129459,0.676109076,0.532966495,0.850757778,0.650024354,0.524447262,0.770684242,0.437672079,0.918759406,0.716892779,0.545941591,0.656224549
1666.212307,0.423360974,0.772120059,0.47003305,0.770007849,0.62647289,0.429327101,0.785619378,0.679301918,0.652097046,0.871513724,0.550344229,0.736851692,0.527932465,0.622814059,0.717514873,0.521947086,0.704657018,0.725462258,0.805633664,0.79389739,0.510148883,0.676380634,0.656204462,0.763671756,0.685081661,0.535126448,0.662646353,0.835151374,0.597506166,0.668085814,0.527362108,0.840008557,0.641844392,0.518835664,0.763431489,0.430474758,0.906532943,0.708263099,0.537376404,0.65057689
1668.140793,0.416737229,0.763733923,0.465471089,0.764725447,0.620803356,0.426714659,0.773814619,0.673771679,0.642242551,0.858681083,0.544767201,0.727103531,0.523197472,0.616191804,0.708306909,0.516973794,0.699742377,0.715038061,0.793034256,0.782407343,0.506671131,0.667821825,0.646984935,0.757432461,0.677193105,0.525573015,0.654185057,0.82586062,0.593314171,0.660361409,0.522512853,0.829914331,0.634205341,0.512497962,0.756313384,0.423622549,0.894788384,0.70035398,0.529361606,0.645145714
1670.06928,0.410110414,0.754892588,0.460749775,0.759134054,0.614678144,0.423808396,0.761640429,0.667939246,0.632110119,0.846461117,0.538967252,0.717158437,0.518287897,0.609420657,0.698698759,0.511758208,0.69456929,0.704665482,0.780400157,0.771427453,0.503321648,0.659031689,0.637359858,0.750917256,0.669239342,0.515961111,0.645636201,0.816271365,0.589026392,0.652749717,0.517783403,0.81963855,0.626369119,0.506414056,0.749079645,0.416778475,0.8830356,0.692390561,0.52118808,0.639586508
1671.997766,0.403600574,0.745674491,0.455987841,0.753421783,0.608286917,0.420604557,0.749349475,0.661880136,0.621873498,0.83479321,0.533114254,0.707211733,0.513258636,0.602671564,0.689042866,0.506348133,0.689224303,0.69448787,0.768001437,0.760971069,0.500100732,0.649996281,0.627471745,0.744285703,0.66101867,0.50642556,0.63714534,0.806538343,0.584503591,0.645353258,0.513113558,0.809089243,0.618301451,0.500611424,0.741883874,0.410021454,0.871325612,0.684237003,0.513115585,0.633982837
1673.926253,0.397865057,0.736935258,0.452095568,0.748207092,0.602389395,0.41784057,0.737592936,0.656536579,0.612323344,0.822774947,0.528017104,0.697713494,0.508819282,0.596394241,0.679990828,0.501610041,0.684619784,0.684777975,0.756212592,0.750262618,0.497742206,0.641411662,0.618123472,0.738302708,0.653173268,0.49777776,0.629327834,0.797510207,0.580551922,0.638472676,0.509379327,0.79929167,0.6108675,0.494371504,0.735111177,0.403915137,0.860447884,0.676820695,0.505955756,0.628820181
1675.854739,0.392453402,0.728073299,0.44836095,0.742881358,0.596274972,0.414985806,0.725752056,0.651062429,0.602822959,0.811180294,0.522899449,0.68828994,0.504437745,0.59012121,0.670946658,0.496859223,0.680064917,0.67511493,0.744613588,0.739811897,0.495734602,0.632735372,0.608708739,0.732147396,0.645358682,0.48938334,0.621523201,0.788293183,0.57657814,0.631774545,0.505930364,0.789508522,0.603366435,0.488324851,0.728284359,0.397950143,0.849815488,0.669319987,0.498971343,0.62359643
1677.783226,0.387343526,0.719192982,0.4447923,0.737482667,0.589764416,0.411926448,0.714081168,0.645576,0.593514085,0.800502837,0.517837346,0.679127276,0.500094593,0.583975136,0.662141204,0.491938084,0.675459325,0.665824413,0.733289301,0.730196238,0.494105965,0.624026835,0.599323094,0.72588861,0.637609243,0.481279731,0.613769293,0.778971851,0.572493792,0.625497401,0.502826989,0.779939771,0.595833361,0.48309356,0.721633494,0.392165393,0.839547455,0.661754549,0.49218145,0.618414521
1679.711712,0.382929981,0.710741401,0.442094803,0.732496679,0.583613515,0.409386158,0.702852249,0.640750289,0.584771097,0.789507151,0.513480484,0.670422018,0.496353388,0.578440547,0.653737903,0.487498611,0.671363235,0.657005906,0.722332358,0.720413029,0.493357211,0.615703523,0.590428472,0.7201401,0.630219936,0.47389695,0.606525958,0.770029545,0.569011569,0.619504452,0.50070703,0.771026194,0.588888586,0.477678865,0.715343833,0.386980236,0.829660952,0.65486443,0.486129045,0.613631248
1681.640199,0.379439682,0.703114212,0.440538675,0.728243053,0.578305304,0.407733858,0.692654133,0.637090206,0.576932132,0.778312922,0.510145605,0.662452221,0.493591547,0.573660016,0.646157086,0.483965188,0.668174326,0.648851693,0.712266743,0.710445583,0.493714154,0.608111739,0.582472205,0.715412796,0.623556197,0.467540592,0.600172937,0.762087584,0.566527426,0.614218652,0.499844551,0.763161898,0.582888603,0.471952617,0.709632516,0.382616282,0.820710838,0.649018764,0.481283128,0.609563351
1683.568685,0.376842171,0.696163833,0.440098345,0.724519551,0.573677003,0.406939477,0.683247864,0.634529591,0.569790363,0.766864955,0.507762432,0.655188859,0.491689503,0.569567859,0.639414549,0.481340349,0.665855587,0.641049862,0.702775896,0.700277269,0.495120943,0.601210296,0.575166345,0.711656749,0.617564142,0.462162673,0.594510615,0.755009055,0.565055788,0.609831274,0.500246763,0.756326079,0.577696919,0.466125071,0.70465225,0.379086375,0.812766016,0.644089401,0.477482498,0.606304109
1685.497172,0.374233305,0.68850112,0.439337045,0.720757723,0.56829989,0.405629396,0.672891021,0.63147372,0.562134027,0.757334471,0.504909933,0.647777975,0.489369065,0.565317869,0.63237226,0.478290737,0.66324836,0.633341134,0.693165243,0.691865444,0.496117502,0.593786776,0.567163467,0.707609117,0.611591101,0.456681281,0.58841145,0.747078836,0.563176095,0.605776846,0.50017494,0.748949707,0.571704686,0.462370932,0.700142682,0.375403345,0.804975688,0.638352394,0.473282427,0.60271281
1687.425658,0.371694773,0.680667579,0.438291967,0.717011571,0.562222064,0.403839469,0.662144542,0.628422618,0.554348767,0.749390244,0.5018785,0.640232742,0.486944228,0.560900629,0.625297964,0.474903256,0.660604596,0.626033545,0.683694661,0.684702694,0.496822268,0.586040139,0.558886051,0.70348829,0.605797231,0.451316923,0.582090497,0.738691688,0.56123811,0.602122009,0.499896288,0.741093934,0.565082252,0.460252374,0.695743978,0.371605784,0.797303736,0.631907701,0.468943149,0.598955214
1689.354145,0.370162547,0.674262822,0.438610971,0.714222968,0.557385862,0.403257459,0.652693331,0.627022028,0.547756612,0.74049145,0.500113189,0.633764088,0.485800833,0.557708085,0.619341433,0.472785175,0.659279346,0.619597375,0.67498374,0.676775634,0.498726517,0.57929039,0.551832438,0.700842619,0.600893617,0.44723323,0.576723039,0.731599569,0.560842991,0.599549353,0.501190305,0.734582067,0.55965519,0.45745191,0.692079902,0.368843764,0.790515482,0.62675041,0.465939552,0.596273839
1691.282631,0.369156122,0.668333769,0.439466804,0.712175548,0.553249359,0.403224885,0.643637359,0.626528263,0.541626036,0.731954575,0.498736769,0.627872646,0.485225052,0.555209041,0.614000082,0.471390188,0.658724487,0.61368072,0.666734338,0.669315338,0.501196563,0.572963059,0.545087397,0.699192107,0.59667325,0.443943024,0.571767867,0.725040734,0.561241865,0.597936094,0.503136873,0.728751242,0.554655313,0.455263227,0.689218462,0.366660684,0.784536839,0.62217778,0.463613331,0.594237506
1693.211118,0.368818939,0.66314131,0.441005617,0.710899472,0.549947143,0.40397805,0.63530314,0.627371132,0.536279678,0.722945452,0.498243749,0.622504592,0.485582888,0.553458035,0.609441936,0.470783561,0.659250855,0.608153939,0.658958793,0.661406219,0.50440979,0.567272902,0.539087534,0.698593676,0.593370616,0.441673845,0.567441761,0.719179869,0.562765479,0.597084463,0.506058693,0.723647296,0.550324202,0.452875555,0.687134802,0.365215123,0.779269397,0.618445337,0.462241262,0.593142033
1695.139604,0.369394124,0.659155905,0.443697542,0.710844159,0.547691405,0.405956537,0.627763748,0.629833162,0.531828582,0.713772476,0.498899758,0.618113458,0.487120837,0.552927077,0.605975926,0.471354395,0.661105871,0.603483915,0.651676834,0.653334737,0.508548021,0.562254727,0.534082592,0.699279606,0.591098785,0.440543741,0.563899875,0.714174271,0.565609634,0.597524703,0.51016897,0.719787002,0.546845496,0.45067203,0.686210036,0.364720255,0.774753511,0.615591824,0.461952686,0.592985868
1697.06809,0.36995697,0.654888809,0.446020186,0.710841715,0.544776082,0.407662481,0.619383574,0.63214469,0.526719391,0.706145287,0.499102443,0.613383532,0.488325447,0.552144825,0.602253973,0.471819699,0.662922382,0.598765731,0.644078434,0.646174431,0.51208818,0.556599736,0.528353691,0.699795604,0.58872968,0.43919149,0.559836447,0.708401501,0.568345666,0.598453641,0.513722241,0.715241551,0.542470694,0.450230241,0.685371459,0.363910615,0.770108998,0.61167264,0.461132705,0.592612505
1698.996577,0.371263832,0.651325703,0.449014843,0.711552382,0.542482316,0.410048008,0.611467481,0.635353625,0.522103667,0.698422492,0.500054955,0.609016955,0.490170211,0.551831841,0.598951995,0.473100096,0.665572584,0.594328523,0.63690418,0.638649702,0.515931427,0.551343441,0.523249686,0.701160252,0.586895049,0.438664109,0.556104779,0.703219831,0.572033405,0.599936604,0.517856419,0.711132944,0.538554251,0.449863166,0.685217679,0.363604337,0.765896499,0.608270764,0.460912794,0.59293586
1700.925063,0.373017669,0.647983372,0.452350825,0.712835491,0.540329516,0.412641197,0.603512406,0.638833463,0.5174914,0.691265941,0.501311779,0.60484457,0.492277592,0.551691115,0.595946133,0.474902153,0.66843611,0.590289235,0.629846215,0.6317693,0.519864142,0.546182632,0.518120468,0.702988744,0.585430324,0.438764751,0.552292347,0.69794172,0.576165497,0.601824999,0.522126257,0.707196534,0.534579158,0.450407594,0.685531616,0.363681465,0.761756241,0.604733169,0.460766643,0.593414366
1702.85355,0.374741107,0.644546151,0.45527631,0.714121699,0.537752807,0.414579302,0.59529227,0.641749024,0.512613356,0.685608268,0.502331257,0.600582421,0.494024307,0.551228166,0.592907131,0.476398289,0.670940101,0.58657974,0.622971296,0.626067102,0.523298085,0.540898442,0.512699068,0.704669952,0.584128141,0.439096034,0.548132837,0.692048192,0.579978049,0.603850305,0.525801122,0.70271492,0.529949009,0.452361763,0.685765088,0.363783926,0.757739544,0.60042733,0.460231811,0.593752384
1704.782036,0.37740162,0.642442942,0.459270805,0.7163077,0.536452234,0.417368591,0.588292122,0.645739615,0.508878887,0.67968601,0.504605532,0.597316682,0.496804148,0.55158329,0.590872645,0.478837162,0.674460709,0.58354944,0.616989732,0.620055437,0.527648807,0.53654784,0.508528411,0.707421601,0.583872736,0.44087413,0.544719815,0.687284708,0.584649086,0.606545627,0.530596435,0.699446797,0.526400089,0.45391205,0.686645627,0.365069896,0.754594564,0.597378731,0.460921288,0.59506464
1706.710523,0.38036105,0.640524685,0.463494182,0.718595564,0.53546685,0.420288622,0.58148694,0.649714768,0.505297005,0.673767805,0.507201254,0.594236076,0.499994308,0.55190897,0.589017928,0.48156938,0.678004801,0.580535889,0.610987365,0.614172816,0.532254994,0.532421291,0.504409432,0.710046113,0.583883941,0.443281174,0.541303277,0.682562947,0.589132071,0.609086752,0.535703182,0.696311891,0.522991359,0.455563009,0.687465727,0.366948009,0.751428545,0.594422877,0.461967617,0.596271038
1708.639009,0.38337788,0.638303101,0.467589021,0.720253885,0.534259558,0.422816247,0.574562609,0.653062403,0.501493871,0.668018758,0.509762287,0.590984285,0.503140211,0.55180335,0.586851418,0.484142661,0.680954218,0.577492058,0.604908884,0.608527482,0.536735713,0.528269529,0.500016212,0.711835444,0.583681345,0.445970088,0.537684202,0.677624345,0.592866719,0.611071467,0.54058975,0.692754745,0.519369781,0.457372218,0.687966406,0.36908862,0.748050272,0.591107428,0.462976754,0.596908748
1710.567496,0.386447698,0.635582924,0.47179541,0.720937729,0.532669425,0.424973637,0.56753999,0.655442715,0.497309834,0.661544383,0.512305796,0.587297142,0.506135702,0.550917089,0.584091544,0.486514986,0.683063805,0.573897541,0.598652422,0.602163732,0.541157484,0.523792684,0.495266587,0.712646961,0.582832336,0.448755622,0.533713341,0.672394335,0.595580995,0.61183387,0.545428634,0.688794315,0.515602767,0.458426982,0.687559843,0.371405333,0.744004488,0.587587595,0.463939995,0.596988559
1712.495982,0.389316559,0.631989241,0.475637496,0.720708013,0.530490458,0.426467419,0.560117424,0.656420708,0.492564321,0.654465616,0.51458621,0.582860053,0.508734584,0.548931241,0.580463231,0.488326073,0.684058785,0.569499969,0.591895878,0.595053673,0.545390427,0.518832803,0.490030318,0.71228075,0.581028163,0.451381773,0.529243767,0.666552961,0.596932709,0.611088037,0.550027251,0.684090376,0.511335015,0.458625793,0.686018884,0.37367633,0.739074409,0.583647251,0.464671612,0.596304953
1714.424469,0.392077923,0.627648771,0.479289532,0.719399571,0.527977586,0.427599549,0.55238241,0.656438231,0.487454087,0.646218121,0.516942859,0.577809393,0.51103574,0.546065867,0.576066077,0.48980543,0.684157014,0.564461768,0.584684789,0.587008536,0.549722373,0.513535321,0.48443675,0.710664511,0.578424513,0.453854412,0.524377346,0.660394192,0.597382545,0.608957052,0.554524183,0.67885071,0.506842852,0.457493246,0.683463454,0.375952274,0.733346343,0.579558194,0.465176612,0.594929636
1716.352955,0.394538581,0.622416496,0.482672691,0.717037976,0.524745584,0.428263724,0.544269979,0.655388474,0.481754005,0.637292743,0.519096971,0.572186708,0.51284647,0.542180181,0.570684195,0.490859658,0.683201671,0.558726609,0.577133536,0.578482211,0.553827763,0.507734299,0.478292435,0.707845151,0.574952066,0.45593822,0.518989325,0.653795421,0.596833944,0.605342269,0.558667421,0.672875464,0.501979291,0.45550245,0.679877281,0.378017157,0.726878285,0.575069964,0.465214849,0.592805326
1718.281442,0.396372855,0.615788758,0.484986335,0.713846803,0.520165741,0.427921772,0.535051584,0.652849376,0.474820197,0.628909171,0.520294785,0.565486908,0.513552427,0.537035346,0.563976943,0.490968227,0.680678189,0.552007258,0.568936169,0.570454955,0.557155371,0.501025558,0.470973313,0.703873396,0.57028985,0.457165152,0.512628257,0.64602083,0.594848037,0.600398481,0.56174922,0.665495098,0.495944023,0.454029709,0.675287545,0.37940529,0.719323993,0.569337726,0.464141011,0.589570224
1720.209928,0.397536874,0.607849419,0.486091793,0.709748685,0.514467895,0.426603377,0.524880946,0.649011791,0.46674934,0.620839298,0.520558655,0.557534575,0.51313293,0.530828893,0.556180179,0.4901793,0.67678082,0.544276893,0.560154796,0.56288147,0.559737861,0.493424773,0.46271494,0.699136734,0.564871073,0.457394779,0.505392909,0.63697654,0.591694117,0.59437412,0.563531101,0.656894267,0.48885861,0.45307219,0.669981778,0.380119264,0.710642159,0.56234014,0.461982906,0.585510314
1722.138415,0.398762256,0.599926472,0.487111241,0.70556438,0.508952498,0.425572067,0.515014052,0.645362854,0.45873329,0.611923754,0.521048605,0.549389362,0.512775481,0.524584234,0.548162699,0.489510864,0.673043728,0.5362553,0.551447153,0.554684043,0.562345505,0.485848248,0.454897225,0.694779634,0.559650064,0.457562059,0.498322546,0.628324568,0.588703513,0.587843955,0.565147221,0.648395181,0.48206681,0.451287806,0.664741039,0.380995035,0.701720953,0.555622458,0.459956437,0.581827819
1724.066901,0.399914742,0.591923356,0.487946719,0.701237798,0.50338763,0.424881011,0.50529778,0.641851306,0.450709939,0.602372169,0.521550775,0.541072667,0.512233853,0.518279135,0.539898336,0.488911331,0.669247985,0.527975082,0.542751729,0.546165586,0.564190686,0.478361696,0.447222024,0.690526545,0.554285288,0.457084894,0.491220027,0.620080531,0.585788846,0.580803394,0.566242635,0.639763415,0.475390553,0.4490062,0.659352839,0.38147831,0.69236511,0.548997879,0.457630634,0.578244448
1725.995387,0.400726557,0.583639145,0.488232195,0.696691155,0.497469962,0.424133092,0.495612293,0.638087392,0.442518681,0.593029439,0.521647155,0.532471359,0.511133313,0.511825502,0.531444848,0.488105446,0.664909601,0.519451499,0.534162223,0.538017809,0.56470871,0.470917493,0.439589828,0.686335742,0.548752964,0.455536813,0.484027207,0.611866474,0.582700193,0.573486388,0.566193223,0.630890071,0.468613923,0.446903527,0.654075444,0.38115859,0.682701051,0.542143643,0.454700321,0.574581265
1727.923874,0.401352137,0.575363934,0.488077849,0.692040384,0.49155584,0.423471481,0.486007422,0.633991539,0.434247255,0.583446026,0.521558762,0.523731411,0.509671092,0.505425274,0.522863567,0.487192243,0.660499692,0.510673106,0.525655925,0.52966243,0.564261734,0.463581145,0.432188362,0.682251632,0.543224931,0.453201562,0.476974994,0.604001939,0.579641163,0.565856814,0.565190852,0.622074485,0.461910903,0.444193959,0.648706615,0.380270928,0.67283541,0.535373926,0.451309651,0.571045041
1729.85236,0.401496619,0.566985309,0.487273067,0.687093377,0.485479444,0.422507584,0.476523936,0.629091918,0.42585054,0.573829472,0.521081746,0.514841437,0.507547319,0.498886138,0.514189959,0.485946625,0.655782998,0.501717627,0.517236292,0.521446645,0.562850177,0.456272751,0.424881816,0.677919328,0.537545085,0.450114071,0.469972283,0.596244991,0.576244712,0.557776511,0.563147426,0.613143623,0.455087811,0.44091022,0.642939687,0.378638297,0.662745297,0.528393686,0.447368622,0.567348719
1731.780847,0.401235998,0.558882892,0.486172557,0.681817293,0.479653984,0.421417147,0.467627198,0.623823047,0.417730451,0.563414335,0.520409048,0.506076515,0.505068123,0.492318332,0.505685568,0.484569758,0.650682271,0.492695123,0.508919775,0.512695909,0.561135888,0.449188232,0.417931467,0.673376739,0.531700253,0.446583867,0.463255763,0.588839769,0.57269007,0.549149394,0.560746014,0.604456544,0.448689312,0.436281323,0.636901259,0.376607537,0.652560234,0.521809697,0.443237722,0.563636959
1733.709333,0.400058657,0.550172925,0.484050483,0.675580263,0.473391116,0.419408888,0.458279014,0.617196143,0.409141749,0.552746892,0.518786192,0.496887714,0.501639366,0.484931558,0.496594191,0.482389539,0.64433533,0.483156174,0.500172555,0.503504097,0.558202207,0.441730142,0.410321206,0.667467594,0.524995387,0.441698909,0.455944419,0.580852151,0.5678339,0.539374352,0.557149708,0.595148802,0.441868395,0.4307684,0.629852831,0.373599052,0.641690016,0.514886379,0.438048571,0.558897614
1735.63782,0.397031367,0.539516389,0.479528785,0.667220533,0.465030193,0.415051788,0.447118968,0.607495725,0.398836315,0.543157458,0.514875472,0.486401796,0.495932192,0.475494176,0.485919863,0.478083134,0.635374963,0.472436935,0.490374476,0.494717777,0.552708328,0.432804078,0.400649399,0.658529341,0.516269028,0.434550971,0.446876705,0.570674181,0.560041785,0.527627707,0.550908267,0.583718836,0.433061868,0.425456822,0.620726466,0.368552208,0.629614294,0.505960047,0.430685669,0.551729441
1737.566306,0.392595023,0.527828336,0.47356683,0.656560779,0.455557078,0.409259558,0.435297281,0.595554531,0.387755573,0.53255415,0.509555161,0.475162029,0.488720238,0.464620858,0.474253803,0.472286344,0.624537349,0.460779279,0.479715079,0.484653294,0.545737743,0.422945142,0.389853597,0.646829545,0.505639553,0.425922871,0.436977923,0.559281111,0.550121427,0.513782322,0.543408334,0.57115984,0.423443973,0.41833514,0.609354377,0.362107515,0.616640031,0.496315241,0.422167867,0.542859077
1739.494793,0.386964291,0.515196443,0.466703624,0.643752992,0.445514768,0.402488768,0.423192024,0.581840158,0.376281738,0.520339727,0.503230393,0.463423103,0.480668068,0.452592999,0.461896241,0.465461999,0.612106621,0.448421866,0.468260378,0.472776204,0.537658811,0.412487954,0.378394067,0.632511616,0.493257552,0.416280001,0.426560551,0.547051787,0.538298726,0.498082936,0.535473108,0.558000267,0.413650721,0.408777565,0.59611547,0.354685724,0.602787971,0.486628801,0.41309765,0.53248018
1741.423279,0.379667431,0.500846148,0.458125383,0.628584027,0.433918506,0.394011229,0.409956634,0.565790534,0.363611847,0.507646441,0.495095879,0.450647712,0.471156538,0.438841373,0.448168963,0.456860512,0.597513497,0.434928924,0.455744714,0.460102469,0.52770412,0.400897264,0.365497977,0.615208626,0.478772789,0.405213445,0.414990574,0.533272803,0.523942292,0.480424404,0.526196718,0.543404877,0.402786374,0.397871166,0.580814064,0.34574914,0.587744534,0.475824773,0.402710974,0.520008802
1743.351766,0.371270895,0.485859722,0.448526084,0.612174332,0.421685815,0.384506792,0.396365583,0.548684061,0.350518674,0.494609177,0.486001581,0.437412411,0.460660696,0.424321502,0.43383196,0.447233796,0.581806123,0.420860529,0.442923039,0.447123826,0.516630232,0.388870716,0.352063626,0.596417904,0.463190436,0.393339366,0.403036177,0.519027293,0.508297682,0.461932361,0.516027808,0.528303266,0.391462713,0.385988295,0.564492345,0.335839808,0.572235882,0.464571506,0.391664296,0.506483972
1745.280252,0.362195551,0.470930517,0.438361883,0.595509946,0.409384042,0.374596894,0.382836431,0.531514168,0.337550491,0.481367558,0.476370633,0.424188584,0.449672014,0.409854382,0.419564366,0.437256932,0.56570816,0.406647563,0.430257261,0.434090555,0.504978895,0.3767564,0.338606745,0.577229202,0.447243869,0.381050646,0.391011119,0.504901707,0.492497623,0.443559319,0.505345404,0.513344586,0.380102396,0.373495996,0.548150659,0.32536158,0.556752503,0.453389406,0.380342782,0.492704004
1747.208739,0.352538228,0.456301421,0.427668065,0.57907337,0.397166193,0.364572704,0.369587123,0.514649689,0.324906319,0.468286663,0.466330767,0.411250174,0.438456297,0.395801604,0.40561986,0.426989675,0.549773574,0.392546237,0.417855829,0.421329737,0.4927347,0.364719778,0.325341791,0.558257282,0.431387991,0.368415475,0.379127979,0.491044164,0.477005899,0.42571947,0.494191259,0.498716414,0.368852913,0.360742152,0.53206706,0.314362228,0.541619837,0.442350626,0.368714452,0.479120702
1749.137225,0.342562586,0.442233741,0.416745365,0.563246429,0.385496229,0.354809314,0.356863678,0.498569518,0.312740028,0.455395758,0.456327766,0.398852378,0.427246124,0.382442087,0.392326921,0.41681245,0.534492016,0.378796667,0.405827075,0.408849627,0.4801552,0.352947116,0.31260699,0.540097296,0.41597271,0.355701149,0.367639035,0.477657914,0.462298095,0.408789605,0.482851893,0.484678954,0.358032167,0.347859293,0.516637087,0.303129077,0.526987791,0.431691438,0.357010484,0.466042429
1751.065711,0.332200676,0.428508729,0.405355006,0.547989547,0.374084622,0.345094919,0.344363362,0.483002633,0.300856292,0.443111777,0.445947677,0.386841774,0.41578573,0.369502515,0.379450887,0.406615436,0.51962477,0.365327179,0.394191027,0.397076219,0.466929883,0.341211021,0.300035089,0.522640109,0.400902003,0.342703044,0.356290013,0.464500964,0.448160887,0.392743766,0.470986605,0.470919818,0.347298503,0.33552593,0.501858532,0.291450471,0.512692392,0.421069473,0.344987571,0.453202724
1752.994198,0.321516752,0.415106595,0.393476844,0.533402681,0.362791896,0.335339963,0.332055151,0.468042463,0.289218664,0.431949407,0.435132354,0.375083774,0.40417397,0.356966555,0.367039114,0.396302849,0.505206525,0.352232367,0.382945359,0.386403114,0.453176409,0.329619586,0.287615865,0.505864203,0.386346608,0.329585135,0.345170349,0.451632142,0.434592843,0.377650708,0.458615482,0.457341552,0.336550951,0.324254185,0.487919986,0.279392958,0.498901993,0.410328299,0.332731754,0.440820515
1754.922684,0.310856134,0.402515948,0.381750464,0.51977253,0.352142394,0.326126516,0.32045415,0.454333663,0.278207392,0.421114117,0.424495101,0.363847017,0.392943203,0.3452847,0.355416775,0.38635394,0.491730332,0.339684129,0.372217745,0.376070172,0.439663529,0.318583488,0.275940001,0.49028632,0.372677058,0.316909045,0.334582448,0.439553022,0.422296852,0.363564461,0.446436346,0.444490135,0.32635349,0.313383549,0.474936157,0.267613739,0.485788316,0.400046527,0.32079196,0.429419547
1756.851171,0.300408036,0.390840381,0.370361149,0.507272124,0.342324734,0.317700624,0.309628189,0.441887707,0.267973632,0.410520494,0.414292246,0.353373945,0.382167488,0.334471762,0.344556928,0.376929969,0.479281425,0.327768624,0.36214897,0.366106004,0.426519126,0.308203429,0.265038043,0.476065993,0.359973431,0.304848611,0.32454744,0.428322524,0.411199778,0.350620449,0.434572488,0.432594746,0.316786677,0.302961081,0.462893307,0.256325841,0.473332465,0.39043352,0.309349924,0.418867499
1758.779657,0.290176034,0.379679739,0.358949333,0.495676607,0.332961321,0.3097139,0.29916209,0.430428773,0.258108407,0.400590748,0.404349536,0.34331128,0.37158376,0.324194938,0.334213227,0.367821872,0.467552692,0.316282064,0.352502972,0.356820911,0.413530648,0.298166573,0.254436702,0.462851793,0.347997993,0.293161213,0.314846158,0.417535663,0.400882035,0.338663578,0.422580212,0.42116496,0.307469249,0.293400407,0.451637834,0.245302752,0.461344987,0.381028801,0.298041105,0.408916444
1760.708144,0.280339539,0.369310498,0.347961038,0.485125989,0.324399412,0.302450806,0.289449066,0.420173198,0.24894017,0.390868068,0.394908965,0.333799809,0.361578017,0.314722657,0.324606091,0.359424889,0.456878126,0.305422783,0.343477994,0.347814381,0.400962263,0.288757622,0.244573563,0.450939983,0.336969048,0.281975746,0.305787504,0.407521516,0.391647875,0.327609152,0.41070202,0.410563648,0.298760146,0.284299701,0.441192865,0.234756798,0.449967086,0.372222424,0.287223399,0.399912745
1762.63663,0.27063629,0.359225482,0.337016851,0.475246519,0.31612438,0.295538038,0.279926062,0.410479218,0.239977852,0.38180989,0.385575831,0.324535161,0.351707458,0.305563748,0.3153404,0.35133186,0.446750134,0.294915706,0.334830135,0.339387506,0.388414651,0.279465973,0.234881967,0.439701349,0.326482832,0.270825684,0.296875745,0.39752546,0.382910728,0.317131042,0.398324341,0.400249422,0.290156752,0.276011348,0.431441218,0.224365219,0.43890664,0.363472939,0.276429296,0.391284585
1764.565117,0.261158317,0.349303246,0.325983942,0.465771914,0.307916015,0.288871706,0.27053234,0.401195288,0.231126651,0.373383194,0.376417577,0.31543088,0.341816664,0.296459496,0.306194454,0.343379974,0.437027097,0.284637868,0.326483279,0.331474423,0.375920266,0.27013588,0.225212738,0.428898364,0.316402435,0.259672284,0.28798753,0.387406677,0.374536335,0.307082534,0.385316908,0.389979452,0.281552434,0.268417388,0.422151387,0.214044318,0.428178281,0.354673654,0.265520692,0.382892221
1766.493603,0.252259344,0.339993715,0.315516174,0.45690009,0.300378919,0.283012956,0.261862129,0.392787635,0.222945496,0.36477977,0.367996573,0.306850433,0.3323901,0.287774146,0.297505409,0.336111128,0.428122431,0.274839699,0.318650365,0.323528856,0.364080638,0.261278749,0.216152892,0.418903857,0.306895435,0.248991251,0.279583216,0.37788859,0.367018402,0.297617644,0.372394204,0.380422831,0.27353093,0.260726392,0.413278222,0.204153404,0.41792202,0.346565217,0.255156845,0.37520197
1768.42209,0.243649945,0.330793262,0.305184901,0.448106408,0.292925715,0.277256221,0.253349751,0.384591699,0.2148536,0.356422335,0.3597956,0.298326612,0.322986066,0.279059678,0.288878292,0.329075456,0.419349819,0.265241116,0.311044842,0.315866888,0.352573395,0.252392292,0.207121804,0.409134567,0.297507763,0.238370433,0.271190852,0.368367285,0.359730721,0.288318992,0.359182745,0.370984405,0.265592307,0.253255367,0.404596329,0.194394752,0.407739133,0.338457227,0.244850263,0.367701709
1770.350576,0.235494763,0.321898013,0.295205593,0.439514399,0.285706192,0.271681726,0.245243698,0.376739174,0.207044706,0.348113567,0.352028549,0.289971322,0.313891232,0.270464271,0.280402184,0.322360903,0.410828441,0.255896479,0.303835273,0.308334023,0.341696471,0.243732154,0.198452145,0.399847895,0.288471669,0.228175759,0.26305005,0.359174848,0.352657855,0.279126495,0.346324801,0.361880332,0.258014232,0.245779276,0.396166384,0.185019046,0.397792608,0.330632359,0.234885141,0.360425204
1772.279063,0.227699965,0.312999725,0.285455525,0.431091577,0.278494477,0.266273439,0.237318113,0.368933201,0.199308515,0.340059906,0.344524026,0.281668752,0.3049573,0.261860877,0.271947116,0.315754116,0.402332902,0.246675923,0.296865374,0.301086903,0.331427246,0.235270604,0.189919069,0.390717655,0.27962479,0.218381077,0.255006671,0.350110739,0.345564663,0.269919395,0.333936304,0.352952957,0.250575811,0.238515049,0.38773793,0.176012605,0.38790068,0.323003232,0.225132927,0.353193492
1774.207549,0.219990969,0.303558767,0.275452733,0.422472566,0.270676255,0.260386497,0.229026154,0.360492498,0.191224068,0.333080709,0.336753458,0.273061156,0.29572463,0.252751023,0.263118774,0.308805108,0.393332839,0.237487555,0.289919198,0.294701368,0.321405143,0.226544425,0.181005716,0.381214738,0.270620584,0.208669066,0.246725157,0.340626538,0.337971926,0.260528594,0.321569145,0.343581915,0.242649257,0.23218365,0.379161179,0.16712825,0.377913177,0.314884633,0.215214074,0.345643044
1776.136036,0.212655559,0.294194341,0.265841901,0.413866401,0.26287818,0.25453195,0.220911399,0.352071315,0.183299243,0.326162279,0.329305172,0.264482766,0.286755294,0.243568704,0.254280299,0.302015126,0.384388328,0.22844404,0.283208579,0.288433701,0.312214404,0.218002319,0.172360733,0.371835083,0.261754096,0.199582964,0.238728523,0.331433624,0.330423057,0.251126885,0.310014009,0.334341615,0.234907284,0.225891873,0.370644718,0.158784285,0.368118107,0.306901246,0.2057565,0.338129133
1778.064522,0.205873504,0.285245597,0.25693655,0.405411124,0.255473316,0.249052644,0.21335049,0.343986839,0.175773665,0.318959266,0.322465986,0.256178409,0.27831611,0.234683871,0.245655179,0.295558363,0.375736088,0.219642445,0.276886523,0.282079786,0.304041386,0.209973142,0.164246947,0.362799019,0.253235906,0.191309273,0.2311683,0.322776496,0.323148221,0.2418589,0.299597532,0.325624138,0.22772412,0.219239697,0.36227718,0.151168764,0.358629316,0.299477816,0.196940705,0.330844671
1779.993008,0.199534312,0.276413888,0.248458728,0.397008598,0.248174593,0.243652582,0.206121624,0.335944295,0.168481052,0.311965078,0.315936893,0.247977048,0.270207614,0.225870743,0.237108812,0.289240628,0.367037028,0.211049229,0.270814836,0.275896609,0.296581447,0.202197224,0.156411558,0.353912115,0.244907722,0.183624223,0.223825783,0.314408243,0.315904379,0.232640013,0.290012866,0.317219377,0.220821902,0.212567583,0.353992909,0.144090772,0.349305063,0.292357475,0.18856813,0.323637754
1781.921495,0.193478242,0.267639279,0.240282908,0.38858965,0.240774125,0.238145262,0.199056208,0.327847213,0.161268651,0.305247784,0.309619367,0.239776,0.262325376,0.217097029,0.228586823,0.282937735,0.358177096,0.20260489,0.264975548,0.269932061,0.289696455,0.194573507,0.148754776,0.345097303,0.236668542,0.176315352,0.216665998,0.306224197,0.30856052,0.223397911,0.28113094,0.308951735,0.214102596,0.20602721,0.345678777,0.137387529,0.340152919,0.285381377,0.180531785,0.31641525
1783.849981,0.187776551,0.259063452,0.232472599,0.380236596,0.233477056,0.23264578,0.19229649,0.319799393,0.154277995,0.298785478,0.303604841,0.231776968,0.254714906,0.20850651,0.220194772,0.276722878,0.349345297,0.194472313,0.259518266,0.264275104,0.283393264,0.187291473,0.141405419,0.336451203,0.228625521,0.169441864,0.209830344,0.298328578,0.301205993,0.214259982,0.272930861,0.300914645,0.207614988,0.199569806,0.337467492,0.131079599,0.331288218,0.278696716,0.172879025,0.30932498
1785.778468,0.18234618,0.250523299,0.224905148,0.371866971,0.226292983,0.227125347,0.185781822,0.311700583,0.147470564,0.292577177,0.297734499,0.223925903,0.247271076,0.199913606,0.211913675,0.270564258,0.34044683,0.186520934,0.25424245,0.258903563,0.277583629,0.180179775,0.134247243,0.327806324,0.22068277,0.162907586,0.203189597,0.290658712,0.29382956,0.205180019,0.265201449,0.293021053,0.201280996,0.19317016,0.329326898,0.125088915,0.322595447,0.272136718,0.165493682,0.302199841
1787.706954,0.177133203,0.242146119,0.217559099,0.363561869,0.219191492,0.221607506,0.179499015,0.303643584,0.140849948,0.286715686,0.292059898,0.216232777,0.239979923,0.191437781,0.203767851,0.264409482,0.331537873,0.178781226,0.249186307,0.253832221,0.272183418,0.173281193,0.127343118,0.319304466,0.212959617,0.15665628,0.196755305,0.283222884,0.286512971,0.196281433,0.257970542,0.285354793,0.19517529,0.186942071,0.321308404,0.119414024,0.314191699,0.265752286,0.158389702,0.295063406
1789.635441,0.172318205,0.234239653,0.210674047,0.355495483,0.212397739,0.216323242,0.17364493,0.295942187,0.134614095,0.280682296,0.286800593,0.208853364,0.233090624,0.183375195,0.195899114,0.25850597,0.322906613,0.171372175,0.244454563,0.248670399,0.2673513,0.166821077,0.12093813,0.31121096,0.205551371,0.150877103,0.190755531,0.276333034,0.279518843,0.187647462,0.25147447,0.278151274,0.189548671,0.180436477,0.313539594,0.11419975,0.306160688,0.259938717,0.151777133,0.288262755
1791.563927,0.167809159,0.22668457,0.204167992,0.347618401,0.205901235,0.211160049,0.168192431,0.288428187,0.128717929,0.274703443,0.28175801,0.2017961,0.22653006,0.175633878,0.188338056,0.252837479,0.314471453,0.164287463,0.240005553,0.243685767,0.262964934,0.16071102,0.114918165,0.30341962,0.198394895,0.145459533,0.18506375,0.269885331,0.27270782,0.179261103,0.245497212,0.271376401,0.184325606,0.173896417,0.305990994,0.109319739,0.298506677,0.254538596,0.1455639,0.281647682
1793.492414,0.163304567,0.218993664,0.197540373,0.339747012,0.199228019,0.205730498,0.162659407,0.280665189,0.122797675,0.269646466,0.276470333,0.19481355,0.219809547,0.167819664,0.180827945,0.24693346,0.305783629,0.157407999,0.235681251,0.239428282,0.258575678,0.154628217,0.108788811,0.295511216,0.191279173,0.140017316,0.179345936,0.263324231,0.265713096,0.170990571,0.239504904,0.264569402,0.178939819,0.168101966,0.298517466,0.104450472,0.291019708,0.248943627,0.139297351,0.274833977
1795.4209,0.158885151,0.211434081,0.190970972,0.331990391,0.192533106,0.200201318,0.15725638,0.272963971,0.117023118,0.265147597,0.271198094,0.18798399,0.213178188,0.160124823,0.173496976,0.240977615,0.297096401,0.150784552,0.231568977,0.235554174,0.254328877,0.148691058,0.102794953,0.287678391,0.184344918,0.134722143,0.173857167,0.256928355,0.258797616,0.162936479,0.233696088,0.257839918,0.173573762,0.162728816,0.291242719,0.099752873,0.283798963,0.243386865,0.133138448,0.26812014
1797.349387,0.154746369,0.204432264,0.184837818,0.32454592,0.186336398,0.194943294,0.152361244,0.265743434,0.111721121,0.26051721,0.26632753,0.181573614,0.207036361,0.152929872,0.166605368,0.235332072,0.288835019,0.144505084,0.227793559,0.231612757,0.250516713,0.1431759,0.097358808,0.280383617,0.177840784,0.129909635,0.168805242,0.251117766,0.252279758,0.155273393,0.228535697,0.251663029,0.168720424,0.157133579,0.284313053,0.095442273,0.277053028,0.23838073,0.127467602,0.261800885
1799.277873,0.150848657,0.197787106,0.178998694,0.317436188,0.180455044,0.189863324,0.147768706,0.258812428,0.106747158,0.255949229,0.261648774,0.175541237,0.201136142,0.146120906,0.160069287,0.229841962,0.280855,0.138523787,0.224216104,0.227770284,0.247027084,0.138019294,0.092245579,0.273441374,0.171643451,0.125379845,0.164038807,0.245701388,0.246049359,0.147939593,0.223782152,0.245875835,0.164218232,0.151567832,0.277617306,0.091404811,0.270658344,0.233720839,0.122142375,0.255735397
1801.20636,0.147147954,0.191466495,0.173369944,0.310655177,0.174779803,0.184926689,0.143463552,0.252104402,0.102074452,0.251808494,0.257153898,0.1698782,0.195443094,0.139635548,0.153880745,0.224524722,0.273139536,0.132941931,0.220885888,0.224369824,0.243803307,0.13320598,0.087435633,0.266769797,0.165743083,0.121091478,0.15958856,0.240621001,0.240051582,0.141043156,0.21929802,0.240426168,0.159978434,0.146428376,0.271259725,0.087621726,0.264695138,0.229321271,0.11715284,0.24990502
1803.134846,0.143549517,0.185365632,0.16781798,0.304055631,0.169240698,0.180000141,0.139287218,0.245542571,0.097544059,0.248028308,0.252707094,0.164449215,0.189932093,0.133360967,0.147946,0.219269201,0.265553385,0.127622604,0.217740551,0.221296623,0.240693957,0.128530174,0.082780369,0.260309488,0.160042971,0.117016293,0.155270264,0.235705897,0.23422502,0.134431854,0.215044871,0.235162869,0.155853972,0.141668946,0.265190482,0.083959512,0.259031773,0.225004673,0.112371668,0.244219765
1805.063333,0.140141234,0.179605082,0.162519217,0.297801882,0.163977444,0.175213382,0.135392129,0.239285395,0.093293488,0.244436637,0.24845387,0.159342095,0.184706837,0.127431154,0.142375946,0.214173451,0.258247614,0.122606143,0.214794204,0.218375936,0.237753704,0.12408518,0.078400493,0.254206806,0.154667333,0.113184519,0.151193798,0.231094524,0.228723362,0.128152266,0.211090654,0.230211213,0.151975855,0.137079164,0.259456992,0.080510944,0.253710061,0.220955357,0.107885443,0.238815144
1806.991819,0.13695778,0.174262613,0.157579154,0.291898698,0.159114629,0.170729399,0.131822065,0.233465448,0.089432582,0.240972221,0.244520336,0.154613644,0.179810211,0.121926889,0.137200356,0.209384397,0.251363844,0.117938176,0.212036774,0.215552077,0.235078737,0.119975664,0.074391499,0.24849391,0.149639487,0.109672949,0.147447005,0.22688596,0.223592147,0.122312799,0.207522914,0.225688815,0.148435235,0.132588953,0.254068792,0.077394575,0.248755246,0.217322335,0.103761539,0.233754143
1808.920305,0.133998275,0.169291198,0.152943835,0.286329418,0.154562056,0.166504636,0.128521204,0.228064403,0.085881665,0.237735063,0.240768716,0.150217161,0.17523919,0.116807066,0.132368907,0.204867795,0.244914666,0.113587014,0.209538102,0.212885305,0.232639626,0.116166264,0.070674337,0.243162677,0.144943714,0.10648866,0.143983439,0.223004475,0.218804121,0.116862155,0.204284832,0.221443295,0.145145655,0.128371507,0.248999953,0.074519306,0.244169906,0.213932365,0.099942811,0.229011163
1810.848792,0.131233737,0.16462703,0.148542002,0.281105548,0.150241926,0.162481502,0.125437379,0.222978726,0.08254917,0.23473078,0.23721908,0.14611809,0.170961291,0.111991823,0.127845347,0.200524017,0.238848597,0.10953626,0.207213983,0.210405245,0.230334148,0.11263264,0.067194104,0.238155037,0.140523568,0.103551738,0.14074111,0.219329953,0.214266717,0.111762322,0.201270297,0.217507765,0.142017066,0.124400377,0.244247049,0.071802184,0.239933774,0.210780412,0.096370555,0.224504173
1812.777278,0.128516153,0.1601322,0.14424561,0.276080012,0.146044672,0.158482015,0.122386724,0.218046829,0.079296514,0.23200886,0.233752489,0.14220883,0.166841224,0.107380837,0.123536386,0.196271956,0.232946038,0.105692022,0.204899102,0.208143726,0.2280588,0.109190308,0.06377995,0.233293638,0.136246741,0.100701317,0.137566105,0.215736166,0.209895179,0.106969647,0.198352948,0.213750929,0.1389395,0.120752811,0.239721522,0.069221146,0.235891283,0.207691193,0.092915274,0.220143229
1814.705765,0.125982806,0.155989349,0.140291542,0.271432161,0.142188728,0.154779792,0.119632445,0.213515162,0.07635235,0.229425818,0.23055321,0.138605759,0.163052544,0.103174627,0.119613163,0.192332819,0.22742933,0.102153219,0.202810019,0.206014976,0.226017803,0.106017366,0.06068866,0.228850976,0.132368758,0.098107219,0.13466306,0.212496057,0.205910668,0.102584213,0.195770115,0.210285872,0.136180654,0.1173262,0.235569566,0.066886142,0.232203126,0.204848081,0.089809746,0.216133967
1816.634251,0.123645015,0.152124062,0.136606663,0.267099321,0.138617739,0.15134798,0.117054202,0.209342763,0.073634088,0.226920396,0.227584541,0.135256752,0.159515813,0.099276707,0.115994148,0.188579872,0.222315222,0.098863073,0.200849369,0.203979716,0.224141791,0.103086531,0.057840206,0.224747434,0.128759399,0.09571933,0.13197805,0.209474087,0.202204883,0.098504461,0.193460032,0.207065046,0.133628681,0.114048637,0.231695622,0.06469363,0.228818327,0.202246264,0.086953327,0.212375358
1818.562738,0.121459782,0.148556784,0.133141071,0.263066679,0.135274261,0.148078352,0.11463318,0.205502361,0.071102895,0.224629492,0.224763468,0.132173464,0.156233773,0.095667511,0.11261607,0.185047939,0.217576876,0.095823184,0.199011669,0.202138186,0.222401127,0.100304931,0.055173419,0.220949158,0.125337973,0.09351512,0.129443258,0.206641287,0.198773131,0.094784245,0.191334605,0.204078689,0.131220683,0.111038022,0.228075519,0.062666714,0.225699648,0.19979389,0.084299922,0.208859473
1820.491224,0.119399942,0.145290419,0.129906252,0.259353131,0.13216874,0.145054534,0.112374514,0.201981872,0.068760164,0.222493008,0.222143814,0.12933068,0.153226987,0.092373639,0.109463438,0.181789801,0.213180989,0.092992239,0.197298676,0.200382859,0.220782071,0.097711533,0.052681874,0.217436254,0.122170717,0.091512784,0.127075151,0.204048693,0.195590943,0.091382705,0.189395189,0.20134604,0.128996938,0.108233273,0.224724561,0.060804434,0.222790763,0.19751215,0.08183831,0.205566511
1822.419711,0.117542461,0.142336234,0.126967803,0.255928397,0.129351899,0.142284706,0.110328667,0.198799118,0.066634767,0.220428422,0.219783261,0.126740098,0.150519669,0.089416534,0.106593087,0.178802565,0.209213004,0.090382412,0.195742831,0.198662341,0.219342902,0.095367089,0.050418701,0.214228511,0.119291842,0.089755222,0.124953941,0.201724499,0.192707732,0.088258125,0.18770349,0.198862895,0.126985088,0.105559386,0.22164163,0.059144985,0.220118254,0.195487723,0.079618312,0.202573687
1824.348197,0.115907326,0.139682114,0.124374248,0.252879024,0.126840889,0.139849529,0.108554825,0.196004003,0.064772889,0.218403175,0.217701554,0.124430634,0.148113608,0.086790986,0.104043476,0.176119179,0.205675125,0.0880109,0.194374204,0.197024837,0.218159646,0.093250662,0.048439827,0.21135892,0.116684124,0.088257678,0.123040676,0.199656799,0.190166205,0.085452192,0.186314866,0.196681857,0.125224084,0.102935866,0.218872696,0.057725787,0.217714623,0.19371964,0.077708557,0.199934795
1826.276684,0.114251442,0.137065753,0.121820651,0.25002563,0.124311313,0.137478575,0.106683187,0.193283796,0.062892087,0.216707274,0.215626642,0.122171558,0.14572683,0.084234752,0.101595126,0.173462436,0.202230707,0.085742719,0.192973748,0.19564198,0.216888085,0.091171965,0.046432536,0.208581284,0.114168607,0.086724713,0.121135898,0.197522566,0.187661856,0.082832992,0.184870064,0.194489405,0.123417698,0.100689612,0.216255337,0.056290414,0.215436459,0.191856697,0.075792253,0.19735758
1828.20517,0.112765558,0.134739697,0.11953757,0.247386023,0.122075416,0.135313541,0.105028942,0.190862879,0.061221175,0.215037957,0.213802114,0.120120168,0.143618032,0.081944034,0.099392235,0.171092555,0.199150577,0.083693139,0.191704541,0.194264978,0.215732083,0.089288183,0.044670373,0.206134945,0.111894839,0.08537472,0.119455107,0.195654139,0.185429677,0.080490842,0.183589071,0.192527354,0.121815369,0.098539814,0.213862091,0.054995816,0.213416189,0.190269351,0.074102812,0.195013359
1830.133657,0.111422352,0.132588103,0.117435843,0.244942605,0.120066196,0.133320794,0.103493229,0.188643277,0.059688322,0.213461161,0.212109804,0.118288405,0.14167729,0.07983803,0.097360149,0.168910295,0.196310803,0.081795081,0.190507293,0.192984089,0.214636534,0.087474644,0.042988338,0.203794792,0.109749697,0.084087469,0.117813841,0.193937168,0.183351323,0.078326501,0.18232885,0.190770015,0.120319143,0.096504234,0.211652786,0.053775825,0.211519971,0.188822314,0.072513342,0.192838803
1832.062143,0.109986283,0.130372256,0.115216702,0.242541209,0.117904887,0.131273434,0.101773985,0.186366141,0.058061481,0.212307215,0.210299388,0.116429776,0.139632896,0.077681892,0.09528923,0.166655257,0.193459988,0.079949886,0.189248011,0.192023709,0.213354841,0.085625403,0.041150492,0.201415583,0.107596092,0.082608066,0.116107538,0.192022517,0.181218445,0.076236047,0.180819958,0.188875124,0.118668377,0.094903708,0.209507272,0.052419402,0.209644228,0.187141627,0.070751518,0.190662518
1833.99063,0.108661629,0.128375471,0.113205001,0.240331441,0.1159449,0.129455805,0.100252301,0.184354648,0.056607056,0.211056709,0.208719566,0.114678286,0.137779534,0.075731441,0.093386024,0.16464825,0.190920532,0.078252912,0.188112184,0.190964058,0.212190449,0.083971165,0.039543141,0.199332908,0.10565491,0.081261814,0.114604846,0.190292031,0.179333746,0.074334197,0.179429054,0.187151074,0.117229156,0.093265288,0.20752503,0.05117435,0.207958102,0.1856713,0.069163777,0.188678443
1835.919116,0.107545964,0.126607314,0.111435294,0.238346159,0.114260189,0.127846777,0.098951235,0.182595164,0.055331483,0.209834799,0.207324639,0.113145895,0.136111245,0.07401409,0.091699012,0.162865773,0.188664705,0.076689191,0.18712756,0.189952359,0.21112211,0.082452253,0.038122043,0.197447941,0.103917986,0.080037288,0.113280542,0.188804537,0.177658007,0.072642595,0.178079739,0.18569842,0.115976296,0.091669858,0.205719084,0.050053347,0.206459746,0.184414923,0.067768484,0.186884969
1837.847602,0.106521398,0.124959335,0.109760158,0.236456856,0.112663969,0.126349837,0.097698472,0.180942923,0.05413647,0.208692148,0.206017181,0.11171867,0.134532079,0.072422482,0.09013629,0.161172822,0.186542004,0.07520581,0.18620187,0.189018622,0.210085362,0.081019625,0.036775418,0.19568634,0.102235183,0.078835584,0.112052552,0.187374577,0.176099479,0.071067341,0.176727384,0.18436873,0.114784218,0.090128705,0.204038739,0.048933785,0.205037311,0.183210596,0.066427559,0.185196146
1839.776089,0.105506882,0.12337666,0.108139656,0.234682724,0.111084901,0.124915361,0.09647046,0.179355547,0.052963432,0.207604155,0.204782933,0.110350505,0.133011505,0.070888877,0.088654175,0.159549683,0.18452695,0.073835246,0.185294852,0.188118696,0.209079295,0.079653956,0.035485726,0.194023222,0.100637406,0.077646472,0.110836804,0.185990632,0.174603105,0.069562092,0.175376281,0.183056518,0.113656141,0.088677734,0.202456266,0.047843233,0.203682765,0.182053804,0.065114371,0.183594719
1841.704575,0.104659885,0.122042648,0.106793962,0.233118951,0.10980846,0.123744123,0.095543675,0.178087354,0.052020576,0.20632638,0.20379959,0.109184496,0.131737828,0.069583356,0.087370217,0.158186585,0.182865575,0.07260491,0.184504703,0.18706657,0.208290309,0.078485176,0.034471072,0.192649096,0.099289797,0.076645292,0.109821722,0.184919775,0.173379362,0.068235613,0.174315423,0.182022154,0.112789519,0.087076992,0.201015547,0.04694042,0.20251365,0.181213737,0.064063966,0.182287574
1843.633062,0.103913061,0.120918937,0.105646759,0.231721893,0.108751878,0.122751951,0.094780631,0.176994011,0.051264465,0.204973966,0.202986524,0.108181842,0.130640775,0.068492211,0.086255036,0.157012597,0.181400761,0.071442716,0.183761939,0.185947388,0.207637012,0.07747186,0.033598639,0.19142355,0.098065428,0.075798459,0.108950712,0.183981851,0.172317028,0.067023806,0.173449606,0.181214109,0.112085119,0.085429855,0.199723437,0.046139654,0.201435968,0.180550367,0.063171513,0.181114212
1845.561548,0.102961108,0.1194738,0.104142167,0.230179235,0.107287288,0.121386379,0.093630366,0.175520137,0.05019176,0.204282656,0.20183593,0.106983289,0.129196331,0.067116879,0.084923699,0.155573204,0.179564804,0.070230648,0.182846963,0.185335189,0.206619337,0.076188855,0.032331299,0.189848557,0.096634299,0.074694149,0.107820518,0.182636678,0.170904726,0.065719008,0.172128052,0.180002108,0.110967956,0.084433883,0.198338836,0.045108899,0.200231194,0.179407388,0.061937965,0.179622516
1847.490035,0.102008536,0.117931671,0.102596134,0.228581652,0.105779335,0.119961277,0.092407443,0.174041018,0.049052972,0.203700542,0.200684637,0.105724588,0.127714962,0.065667033,0.083540678,0.154073596,0.177712828,0.069042042,0.181952819,0.184812844,0.205546483,0.074844532,0.031020675,0.188255236,0.095193595,0.073549248,0.106681883,0.181265429,0.169497833,0.064407468,0.17078051,0.178699881,0.109769478,0.083532147,0.196904853,0.044033147,0.199057192,0.178167403,0.0606548,0.178120196
1849.418521,0.101249233,0.116713166,0.101378262,0.227210715,0.104594357,0.118823685,0.091475703,0.172842607,0.048172612,0.202977225,0.19979246,0.104722187,0.12654683,0.064487554,0.082420357,0.152794674,0.176187277,0.068028755,0.181256279,0.184198782,0.204745233,0.073767029,0.0300253,0.186984688,0.094008043,0.072637334,0.105787233,0.180205211,0.16837135,0.063284479,0.169737801,0.177744716,0.108889878,0.082488053,0.195685029,0.043156091,0.198093072,0.177293807,0.059628431,0.176906899
1851.347008,0.10055431,0.115571499,0.100194834,0.225917399,0.103438705,0.117765278,0.090619572,0.171687901,0.047341436,0.202228263,0.198901519,0.10376396,0.125427827,0.063373737,0.081354953,0.151589423,0.174724564,0.067047939,0.18059507,0.183575928,0.204005688,0.072755173,0.029081291,0.185784295,0.092844397,0.071761593,0.104917772,0.179204866,0.167276874,0.062240269,0.16873537,0.176851511,0.108059444,0.081453718,0.194536284,0.042346213,0.197134227,0.176505998,0.058670063,0.1757541
1853.275494,0.09990266,0.11447718,0.099056728,0.2246923,0.102356493,0.116747394,0.089794323,0.170594409,0.046547178,0.201427475,0.19808349,0.102826335,0.124350309,0.062318482,0.080325335,0.150465086,0.173347592,0.066073649,0.179949149,0.182918623,0.20330584,0.071771719,0.028148649,0.184605047,0.091709554,0.070900172,0.104088567,0.178263813,0.166229889,0.061235264,0.167793512,0.175986856,0.107272558,0.080396518,0.193420365,0.041561209,0.196210831,0.17571266,0.05778848,0.174646303
1855.203981,0.099251665,0.113448352,0.097998179,0.223488793,0.101345561,0.11575558,0.088980578,0.169542745,0.045774352,0.200729772,0.197323486,0.101951398,0.12332508,0.061311737,0.079366587,0.149404973,0.17205824,0.065172508,0.179284632,0.182311162,0.202631041,0.070828974,0.027281499,0.183489189,0.090674698,0.07009837,0.103330635,0.1773635,0.16524452,0.060285755,0.16692704,0.175183892,0.106529959,0.079410657,0.192359924,0.040781684,0.195358515,0.174965441,0.056935709,0.173594028
1857.132467,0.098632745,0.112479508,0.097034134,0.222328141,0.100384302,0.114823803,0.088241763,0.168589339,0.045089711,0.200047046,0.196641281,0.101120658,0.122370578,0.060390159,0.078472972,0.148421615,0.170838028,0.064352587,0.178698033,0.181703925,0.201993555,0.069969468,0.026502695,0.182436138,0.089703523,0.069382437,0.102643944,0.176521003,0.164343312,0.059390109,0.166141346,0.174443349,0.105836682,0.078461476,0.191365048,0.040090948,0.194539994,0.174298391,0.056142017,0.172602087
1859.060954,0.098090656,0.111596547,0.096146308,0.221281841,0.099478267,0.113989562,0.087601654,0.167741925,0.044486962,0.199433133,0.196022555,0.100369424,0.121478073,0.05954472,0.077620924,0.147535443,0.169704512,0.063599601,0.178191498,0.18115671,0.201412216,0.069178931,0.025773957,0.181480438,0.088782571,0.068736874,0.101994529,0.175755322,0.163511917,0.05857601,0.165392876,0.173749894,0.105203435,0.07760033,0.19043532,0.039488725,0.193806261,0.173658773,0.0554219,0.171704099
1860.98944,0.097580075,0.110683329,0.095234253,0.220257998,0.098579697,0.113153644,0.086930156,0.166886076,0.043838929,0.198811859,0.195377409,0.099635899,0.120588586,0.058697999,0.076761015,0.146637589,0.168581441,0.062824927,0.177640721,0.180614442,0.200846553,0.068349794,0.025033522,0.180569798,0.087863401,0.068083242,0.101295717,0.175002679,0.162682801,0.057769369,0.16465652,0.173030034,0.104552291,0.076754093,0.189492151,0.038857844,0.19307147,0.172999904,0.054691814,0.170813739
1862.917927,0.097126283,0.109851003,0.094406933,0.219311759,0.09775538,0.112349451,0.086318754,0.166085809,0.04327523,0.19823195,0.194808811,0.098949388,0.119779028,0.057914808,0.075996153,0.145780966,0.167535946,0.062123228,0.177178606,0.180145085,0.200333685,0.067592226,0.024353653,0.17970185,0.087035932,0.067473665,0.100685827,0.174320757,0.161899611,0.057017937,0.163988948,0.172384501,0.103966638,0.075950749,0.188644931,0.038284846,0.192406282,0.17243655,0.054040976,0.169967011
1864.846413,0.096690573,0.109126873,0.093659177,0.218431488,0.09700834,0.111647882,0.085789964,0.165382236,0.042787477,0.197649583,0.194314137,0.098283261,0.119049549,0.057197914,0.075286813,0.14499028,0.166572571,0.061500616,0.17675364,0.1796626,0.199885562,0.066925436,0.023743812,0.178920791,0.086265065,0.066964574,0.100169502,0.173705786,0.161205634,0.056352116,0.16343756,0.171837285,0.103467412,0.075142875,0.18781808,0.037757687,0.191813037,0.171953082,0.053453293,0.169211239
1866.774899,0.096309803,0.108501278,0.09302853,0.217645422,0.09641052,0.111067511,0.08540161,0.164834142,0.042386357,0.196923956,0.193925694,0.097729504,0.118474677,0.056638278,0.074676864,0.144309476,0.16576238,0.060914367,0.176394388,0.179055959,0.199562639,0.066357382,0.023271305,0.17828469,0.085577168,0.066602156,0.099774629,0.17327182,0.160681844,0.05577321,0.163054526,0.171461388,0.103119127,0.074211366,0.187055722,0.03733778,0.191310212,0.171605781,0.05301458,0.168578818
1868.703386,0.095942095,0.107873857,0.092411138,0.216817841,0.095780246,0.110461004,0.085004635,0.164282754,0.041987736,0.196286425,0.193504691,0.097215451,0.117873266,0.056047738,0.0740977,0.143668756,0.164989486,0.060350928,0.176058963,0.178541064,0.199205756,0.065787435,0.022782009,0.177622557,0.084888272,0.066185229,0.0994021,0.172813401,0.160140932,0.055185676,0.162641898,0.171088636,0.102740988,0.073338017,0.186377317,0.036951803,0.190806836,0.171245411,0.052587837,0.167913765
1870.631872,0.095475629,0.107086062,0.091605321,0.215921968,0.094935641,0.109659076,0.084400192,0.163510472,0.041424416,0.195988387,0.192919612,0.096580185,0.11706157,0.055294722,0.07338731,0.142864242,0.164016902,0.059750073,0.175633475,0.178328827,0.198666751,0.065077864,0.0221029,0.176795796,0.08411479,0.065588646,0.098829247,0.172091335,0.159384951,0.054541085,0.162008658,0.1704496,0.102113672,0.072797298,0.185651958,0.03638228,0.190189362,0.17061916,0.051957227,0.167094961
1872.560359,0.095015027,0.106302954,0.090797469,0.215111941,0.094119281,0.108889982,0.083826087,0.162739977,0.040852778,0.195770323,0.192353591,0.095947199,0.116294369,0.054588143,0.072655506,0.142022327,0.163060427,0.059169337,0.17524156,0.178139836,0.198147282,0.064363703,0.02144553,0.175986439,0.083378881,0.065051183,0.098236457,0.171393916,0.158621028,0.053930901,0.16138047,0.169789553,0.101498716,0.072305039,0.184939876,0.035817672,0.189638913,0.169997483,0.051328324,0.166316345
1874.488845,0.094649464,0.10564214,0.090149954,0.2143673,0.093472429,0.108289205,0.083376892,0.162136108,0.040405151,0.195358709,0.191902444,0.095404737,0.115694322,0.054004561,0.072020359,0.141331419,0.162280008,0.058681667,0.174941346,0.177768514,0.197743043,0.063781664,0.020916697,0.175312519,0.082709901,0.064624101,0.097794183,0.17087391,0.158006981,0.053402107,0.16095759,0.169306621,0.101058453,0.071646065,0.184288204,0.035393745,0.189191908,0.169573501,0.050830446,0.165656984
1876.417332,0.094352171,0.105069533,0.089588784,0.21367681,0.092901595,0.107744217,0.083016127,0.161600858,0.040029347,0.194970131,0.19154647,0.094951704,0.115165032,0.05351172,0.071500055,0.140763104,0.161579832,0.058244947,0.174711809,0.177503988,0.197409064,0.063293859,0.020458525,0.174745411,0.08215405,0.064268276,0.097433873,0.170467004,0.157481581,0.052970815,0.160612375,0.16891475,0.100697331,0.071084276,0.183704063,0.035023496,0.188818753,0.169230804,0.050414857,0.165062845
1878.345818,0.094055854,0.104549006,0.089056551,0.212985486,0.092351839,0.107218668,0.082693115,0.161094725,0.039669864,0.194601968,0.191216543,0.09452422,0.114665464,0.053023938,0.071016006,0.140199527,0.160909697,0.057812221,0.174503461,0.177243903,0.197113678,0.062829211,0.02004748,0.174212441,0.081607744,0.063942105,0.097078204,0.170073599,0.156971261,0.052541096,0.160269484,0.16857259,0.100368246,0.070529722,0.183100984,0.034701236,0.188474476,0.168885887,0.050027393,0.164483875
1880.274305,0.093748622,0.104045309,0.088549368,0.21232833,0.091828287,0.106684946,0.082346559,0.160587654,0.039330356,0.194264919,0.190869674,0.094106711,0.11415536,0.052556094,0.070516855,0.139619261,0.160239413,0.05739988,0.174304217,0.176930904,0.196835846,0.062392231,0.019664779,0.173679382,0.081030071,0.063598461,0.096725076,0.169659421,0.156451479,0.052108534,0.159950033,0.168236464,0.10003563,0.069953799,0.182514861,0.034389101,0.188125819,0.168517008,0.049656548,0.163896427
1882.202791,0.09343788,0.103528097,0.088043481,0.211659953,0.091291904,0.106187224,0.082012787,0.160072401,0.038989633,0.193928108,0.190519288,0.09366411,0.113608956,0.052091166,0.069994494,0.139056742,0.159558758,0.056999829,0.174071386,0.176619992,0.196556181,0.06191488,0.019266466,0.173130959,0.080481529,0.063286014,0.096360505,0.169255897,0.155926645,0.051665545,0.159656852,0.167871237,0.099672675,0.069361508,0.18196176,0.034031428,0.187777564,0.168168738,0.049271993,0.16334182
1884.131278,0.093168765,0.103090845,0.087589964,0.211048052,0.090796828,0.105762109,0.081729256,0.159637541,0.038709164,0.193601489,0.190236494,0.093265273,0.113171965,0.051674053,0.069549352,0.138545901,0.158960581,0.056660611,0.173905715,0.176390842,0.196339756,0.061487105,0.018925287,0.172626227,0.079997249,0.063042723,0.096044205,0.168936193,0.155482024,0.051265988,0.159436569,0.167590514,0.099385642,0.068834841,0.181448892,0.033769771,0.187479869,0.16791074,0.048957661,0.16287075
1886.059764,0.092946582,0.102696255,0.087153211,0.210526779,0.090333335,0.105352819,0.081458956,0.159240007,0.038453966,0.193310514,0.18997927,0.092918314,0.112803243,0.051312905,0.069150381,0.138090938,0.158420667,0.056315728,0.173772693,0.176207349,0.196175009,0.061141711,0.018628692,0.172145933,0.079543248,0.062833384,0.095779821,0.16865997,0.155088857,0.050918162,0.159231052,0.167334542,0.099146068,0.068358861,0.180968419,0.033573274,0.187226713,0.167681664,0.048692431,0.162412733
1887.988251,0.092757069,0.102266468,0.086776242,0.210008472,0.089928798,0.104950294,0.081209257,0.158875138,0.038193669,0.19289729,0.189743668,0.092582107,0.112443171,0.050970219,0.06873367,0.137667924,0.157889113,0.055988543,0.173609391,0.175885737,0.195994318,0.060798284,0.018325597,0.171707168,0.079083644,0.062645949,0.095530003,0.168362558,0.154706523,0.050568268,0.159068227,0.167091459,0.098926693,0.067759909,0.1804934,0.033329193,0.186971113,0.167459771,0.04843365,0.161978334
1889.916737,0.09256456,0.101813607,0.086417235,0.209502071,0.08951138,0.104515828,0.080936089,0.158494204,0.037918352,0.192580119,0.189492509,0.092262313,0.112079673,0.050621748,0.068328947,0.137204483,0.157346249,0.055687007,0.173465729,0.175656125,0.195792139,0.06042387,0.017976418,0.171296194,0.078608528,0.062442601,0.095239796,0.168018699,0.154299855,0.050230015,0.158904016,0.166855276,0.098676778,0.067259125,0.180071846,0.033099584,0.186704084,0.167195588,0.048166029,0.161524475
1891.845224,0.092301846,0.101334073,0.085948497,0.208929375,0.08896523,0.104035191,0.080584787,0.158030033,0.037572272,0.192362726,0.189154446,0.091877341,0.111655578,0.050190795,0.067888677,0.136673406,0.156757846,0.055322912,0.173249111,0.175479576,0.195567533,0.059996396,0.017564038,0.170800999,0.078080893,0.062179815,0.094887502,0.167598709,0.153828263,0.049875427,0.158652142,0.166526407,0.098326214,0.06686461,0.179636285,0.03285351,0.186374277,0.166839227,0.047803964,0.160994083
1893.77371,0.0920766,0.100953482,0.085600764,0.20838356,0.088503473,0.10363023,0.080289952,0.157658294,0.037306137,0.192090109,0.18891044,0.091548197,0.111308344,0.049848299,0.067497596,0.136208668,0.156249791,0.055025946,0.17304261,0.17522718,0.195437863,0.059655499,0.017251473,0.170360997,0.077622131,0.061985996,0.094631977,0.167289242,0.153437421,0.049586751,0.158475846,0.166294575,0.098062322,0.066424325,0.179226711,0.032636542,0.186085328,0.166559637,0.047529068,0.160524845
1895.702196,0.091865785,0.100562833,0.085296355,0.207825929,0.088065207,0.103252657,0.079979837,0.15730013,0.037044734,0.191800967,0.188645706,0.091223747,0.110930227,0.049532611,0.067097373,0.13576749,0.155744091,0.054727275,0.172830924,0.174990952,0.195302337,0.059284132,0.016942181,0.169919074,0.077172332,0.061805602,0.094341576,0.166988313,0.153030783,0.049261972,0.158304557,0.166047931,0.097795844,0.065968849,0.178777412,0.032430839,0.185848311,0.166268691,0.047277048,0.160037071
1897.630683,0.091667324,0.100161873,0.084946029,0.207298443,0.087621316,0.102864742,0.079650074,0.15690124,0.036750704,0.191535473,0.188381761,0.090906985,0.110546902,0.049182348,0.066708848,0.135356411,0.155221581,0.054418638,0.172630817,0.174810112,0.195112899,0.058885422,0.016633622,0.16947858,0.076747775,0.06161439,0.09401501,0.166621417,0.152602643,0.048947632,0.158120334,0.165759996,0.097515307,0.065559775,0.178338513,0.032211278,0.185632393,0.16598776,0.046999961,0.159593388
1899.559169,0.091517583,0.09978947,0.084645748,0.206845105,0.087221332,0.102531031,0.079343051,0.156529471,0.036471911,0.191251636,0.188212708,0.090636931,0.110240743,0.048857376,0.066359378,0.134984002,0.154759362,0.054121301,0.172420874,0.174606279,0.194954857,0.058561102,0.016332481,0.169092536,0.076339372,0.061477885,0.093749613,0.166318923,0.152262643,0.048680555,0.157965377,0.165535271,0.097294115,0.065125838,0.177959397,0.03200347,0.185392484,0.165774018,0.046746541,0.159215346
1901.487656,0.091345169,0.099352382,0.084309034,0.20634374,0.086803488,0.102195308,0.079015538,0.156154662,0.036170054,0.190912545,0.18798928,0.090312846,0.109885819,0.048491407,0.065968327,0.134558126,0.154270768,0.053785484,0.172158003,0.174332038,0.194775432,0.058211666,0.015954452,0.16865091,0.075845614,0.061306361,0.093460985,0.166042075,0.151902139,0.048347764,0.157743841,0.165281907,0.097039312,0.064668745,0.177568138,0.031763259,0.18511343,0.165499493,0.046450883,0.1587881
1903.416142,0.091183908,0.098956816,0.083968453,0.205839187,0.086416297,0.101858288,0.078712352,0.155810848,0.035898466,0.19061999,0.187793732,0.090025723,0.10953413,0.048138745,0.065601788,0.134158045,0.15379639,0.053471942,0.171915859,0.174056992,0.194611013,0.057870161,0.015618092,0.168239132,0.075395443,0.061117958,0.093196802,0.165771171,0.151547715,0.048049957,0.157530323,0.165083319,0.09677925,0.064248733,0.177209556,0.031531882,0.18486169,0.16524294,0.046180673,0.158386678
1905.344629,0.09102454,0.09857551,0.083665535,0.205308884,0.086004443,0.101505652,0.078389958,0.155481905,0.035623752,0.190348521,0.187614903,0.089724153,0.10921976,0.047776993,0.065221615,0.133783475,0.153345138,0.0531657,0.17163907,0.173763767,0.194463283,0.057524767,0.015294135,0.167840496,0.074968502,0.060921244,0.092926435,0.165453374,0.151208833,0.047739085,0.15734227,0.164874107,0.096500784,0.063806459,0.17677781,0.031311661,0.184589535,0.164965719,0.04591823,0.157957926
1907.273115,0.090913236,0.098251075,0.083447024,0.204835385,0.085631818,0.101176903,0.078116551,0.155219257,0.035387561,0.190047219,0.187482834,0.089436978,0.108961679,0.047462314,0.064893231,0.133438811,0.152935207,0.052903324,0.171417117,0.173492312,0.19432275,0.057204045,0.015031585,0.167478785,0.074575201,0.060748428,0.092690609,0.165167049,0.150896192,0.047454305,0.157174066,0.164681524,0.096292548,0.063363366,0.176346794,0.031123366,0.184371829,0.164717734,0.045710806,0.157560617
1909.201602,0.090809256,0.097927541,0.083203934,0.204390109,0.0852625,0.100885011,0.077850975,0.154960588,0.035158411,0.189768046,0.18735455,0.089188702,0.108652592,0.047158808,0.064596653,0.13308163,0.152551875,0.052640669,0.171210378,0.17324017,0.194115117,0.056870259,0.014767341,0.167142257,0.074191891,0.060596339,0.092452377,0.164892793,0.150589362,0.047185373,0.156979293,0.164513186,0.096074447,0.06294208,0.175946698,0.030912643,0.184183717,0.164506257,0.045465872,0.157207236
1911.130088,0.090673611,0.097543739,0.08288683,0.203938767,0.084872402,0.100557141,0.077573977,0.154661477,0.034918945,0.189572603,0.187160313,0.088927545,0.108291879,0.04682602,0.064284325,0.13272059,0.152163789,0.052378058,0.171002358,0.173047051,0.193901166,0.0565264,0.014449448,0.166761994,0.073804796,0.060432877,0.092191115,0.164602786,0.150271058,0.046908412,0.156769574,0.164338619,0.095817581,0.062592193,0.175585866,0.030659514,0.183970362,0.164238796,0.045179304,0.156846493
1913.058575,0.090539955,0.097189173,0.08257737,0.203477949,0.084492393,0.100230508,0.077297069,0.154346839,0.034682624,0.189371347,0.18698664,0.088663019,0.107958086,0.046518497,0.063976258,0.132405102,0.151754364,0.052112859,0.170806572,0.172892064,0.193725258,0.056199376,0.014154812,0.166379958,0.073415674,0.06025276,0.091950849,0.164321721,0.149971232,0.046663012,0.156561807,0.164161548,0.095595323,0.062272564,0.175272778,0.030438492,0.18376188,0.163946301,0.044921771,0.156480789
1914.987061,0.09043204,0.096896246,0.082329281,0.203000188,0.084177844,0.099963412,0.077065326,0.15405871,0.034502685,0.189037427,0.186890244,0.088444144,0.107694633,0.046254203,0.06370306,0.132132396,0.151381701,0.051858228,0.170597419,0.172626123,0.193535626,0.055903152,0.013915473,0.16608867,0.073041305,0.060096864,0.091764867,0.164087221,0.149732023,0.04640504,0.15637584,0.163978443,0.095411472,0.061841037,0.174933001,0.030230701,0.183601409,0.163753673,0.044699688,0.156163648
1916.915548,0.090407073,0.096689418,0.082186222,0.202621251,0.083976209,0.099757962,0.076962993,0.153881297,0.034393061,0.188642189,0.186861575,0.088302672,0.107512698,0.046056271,0.063499644,0.131920636,0.151120573,0.051678516,0.170437053,0.172294423,0.193416208,0.05569499,0.013753686,0.165879175,0.072747968,0.059986521,0.091661237,0.163985029,0.149562299,0.046170007,0.156257614,0.163912714,0.09534274,0.061312318,0.174635962,0.030053124,0.183464885,0.163697869,0.044547055,0.155910939
1918.844034,0.090316936,0.096377611,0.081939399,0.202211976,0.083615832,0.099451862,0.07674934,0.153612792,0.034154549,0.188456923,0.18669349,0.088067725,0.107190147,0.045754589,0.063190185,0.131591961,0.150745794,0.051474303,0.170243695,0.172117725,0.193208024,0.055410374,0.013477796,0.165559798,0.072379805,0.059757449,0.091451578,0.163784191,0.149261296,0.045921627,0.156025261,0.163748071,0.095131688,0.060995556,0.174313724,0.02985617,0.183233932,0.163458779,0.04427284,0.155545682
1920.772521,0.0902097,0.0960356,0.081633538,0.201794714,0.083235629,0.099106796,0.07649909,0.153292641,0.033930395,0.188420475,0.186510891,0.087832555,0.106838509,0.045423448,0.062895209,0.131258577,0.15033941,0.051266968,0.170071855,0.172049895,0.192973033,0.055098984,0.013189383,0.165231079,0.072027631,0.059516434,0.091240279,0.163523272,0.14894639,0.045703035,0.155824706,0.163504347,0.094838969,0.060775097,0.173992768,0.029621901,0.183023319,0.16316694,0.044013854,0.155215114
1922.701007,0.090146229,0.095770426,0.081409253,0.20142214,0.082977787,0.098871112,0.076338872,0.153059945,0.033800926,0.188274801,0.186444238,0.087678365,0.106579073,0.045176692,0.062689222,0.131032914,0.150037646,0.051109176,0.169944763,0.171913564,0.192839742,0.054850604,0.012992945,0.1649459,0.071752906,0.059357103,0.091104686,0.163336009,0.148750171,0.045513805,0.155722842,0.163354516,0.094693415,0.06041446,0.173664525,0.029438896,0.182880446,0.163035586,0.043842983,0.154965624
1924.629493,0.090024948,0.095441945,0.081158064,0.201014236,0.082636379,0.098588206,0.076147676,0.152775928,0.033609655,0.188162714,0.186330169,0.087475441,0.10628961,0.044910844,0.06242713,0.130750135,0.149676874,0.050920937,0.169803873,0.171817124,0.192653313,0.054584637,0.012738579,0.164606437,0.07142552,0.059159752,0.090914324,0.16312021,0.148493096,0.045315977,0.155490041,0.16314216,0.094516091,0.060163479,0.173292994,0.029270941,0.182743654,0.162862092,0.043597229,0.154638514
1926.55798,0.089937858,0.095145427,0.080905378,0.200611427,0.08230333,0.098259747,0.075981319,0.152497068,0.033422526,0.188057989,0.186185256,0.087264903,0.106015593,0.04462304,0.062180936,0.130493179,0.149338499,0.050701212,0.16970326,0.17170091,0.192441985,0.054318566,0.012477322,0.164300501,0.071125776,0.058962926,0.090731725,0.162923649,0.14820981,0.045121599,0.155252367,0.162902504,0.094320655,0.059903957,0.172980249,0.029044073,0.182609856,0.162664548,0.043372475,0.154324234
1928.486466,0.089867771,0.094925769,0.080683462,0.20022887,0.082039818,0.097988687,0.07585752,0.152285114,0.033291202,0.187948853,0.186079651,0.087082446,0.10577637,0.044352923,0.06195898,0.130267143,0.14905265,0.050562028,0.169645488,0.171595588,0.192284301,0.054076251,0.012268463,0.164040029,0.070871972,0.058797363,0.090592749,0.162762851,0.14798598,0.044928972,0.155103192,0.162742913,0.094171531,0.059631322,0.172709346,0.02884941,0.182500541,0.162477165,0.0431755,0.154058516
1930.414953,0.089782089,0.09470883,0.080487542,0.199918553,0.081786193,0.097776406,0.075756378,0.152081981,0.033181399,0.187870264,0.186047152,0.086949557,0.105563506,0.044149037,0.061750896,0.130034342,0.148771986,0.050469983,0.1695856,0.171535373,0.192165703,0.053888462,0.012116716,0.163810745,0.070628874,0.058664922,0.090489388,0.162655577,0.147797734,0.044762012,0.154990286,0.162638679,0.094056249,0.059382189,0.172441497,0.028731117,0.182418242,0.162326694,0.04299866,0.153834596
1932.343439,0.089722961,0.094468705,0.080313347,0.199658692,0.081550404,0.097586162,0.075671002,0.151894912,0.033079799,0.187764764,0.18598628,0.086856991,0.10534282,0.043958206,0.061559904,0.129843727,0.148508042,0.050361138,0.169555411,0.171422884,0.192011878,0.053721048,0.011983424,0.163602188,0.070416883,0.058534022,0.090402551,0.162588015,0.147598237,0.044588856,0.154874876,0.162494868,0.093965806,0.059091441,0.172200173,0.028601246,0.182354555,0.162235275,0.042880513,0.153606981
1934.271926,0.089678235,0.094237603,0.080119804,0.199349955,0.081330128,0.097386569,0.075600125,0.151710451,0.032996114,0.187679172,0.185882822,0.086738907,0.105106175,0.043766499,0.061360449,0.12962696,0.148230165,0.050234549,0.16953063,0.171322629,0.191864073,0.053561363,0.011845868,0.163373843,0.070209369,0.058408752,0.090320118,0.162491605,0.147399753,0.044421881,0.154766783,0.162352905,0.093862064,0.05885572,0.171989605,0.02848394,0.182329416,0.162116468,0.042760372,0.15335314
1936.200412,0.089634642,0.094045565,0.079913482,0.199026912,0.081082694,0.097172193,0.075543597,0.151500672,0.032911755,0.187581703,0.185844019,0.086621873,0.104894362,0.043596141,0.061173335,0.129373923,0.14794454,0.050106876,0.169491127,0.171246648,0.191752985,0.053424086,0.011718059,0.163161576,0.069980346,0.058307149,0.09020669,0.162374243,0.147198394,0.044259463,0.154659614,0.162261143,0.093778685,0.058595046,0.171750069,0.028366236,0.18227987,0.162016779,0.042624835,0.153119802
1938.128899,0.08957839,0.093869157,0.0797152,0.198742166,0.080832273,0.096932366,0.075497925,0.151282459,0.032821499,0.187506989,0.185812548,0.086529456,0.104665034,0.043401424,0.061001901,0.129155651,0.147658259,0.050019383,0.169490486,0.171208471,0.191614226,0.053255256,0.011576313,0.162970588,0.069755636,0.058187898,0.090086192,0.162270173,0.146972567,0.044097167,0.154520199,0.162147895,0.093705714,0.058363792,0.171507344,0.028212292,0.182205185,0.161957875,0.042500544,0.152906433
1940.057385,0.089551732,0.093734086,0.079587743,0.198500693,0.080697358,0.096757516,0.075514294,0.151136726,0.032810133,0.18737936,0.185798362,0.086463824,0.104488954,0.04326224,0.060864661,0.12900722,0.1474628,0.04994126,0.169515193,0.17113167,0.191545069,0.053141247,0.01149484,0.162815779,0.069581904,0.058128621,0.090045862,0.162235469,0.146832287,0.043965716,0.154472932,0.162105635,0.093695596,0.058108553,0.171312019,0.028147593,0.182165608,0.161916897,0.042411622,0.152749211
1941.985872,0.089541204,0.093610577,0.079506464,0.198278889,0.080613829,0.096644737,0.07555645,0.151024029,0.032832947,0.18728143,0.185804084,0.08643797,0.104381986,0.043174226,0.060770035,0.128856719,0.147303745,0.0499116,0.169598028,0.171120241,0.191525713,0.053115632,0.011468352,0.162708685,0.069447868,0.058134418,0.090023562,0.162243187,0.146750838,0.043859631,0.154466167,0.162130088,0.09372896,0.057867203,0.171153754,0.028135303,0.182186782,0.161902726,0.042348031,0.152588278
1943.914358,0.089485496,0.093419068,0.079319753,0.198001191,0.080395356,0.096452542,0.075509861,0.150801122,0.032740429,0.187322184,0.185726881,0.086345375,0.104190893,0.042997204,0.060630031,0.128666937,0.147027716,0.049878735,0.169648081,0.171183631,0.191422954,0.052982703,0.011358438,0.162506714,0.069255531,0.058080953,0.0899335,0.162153065,0.146582052,0.043733042,0.154341564,0.162062317,0.093651652,0.057712864,0.170967713,0.028022809,0.182172447,0.161821589,0.042211287,0.1523332
1945.842845,0.089433737,0.093232542,0.079124376,0.197742328,0.080124401,0.096217945,0.075454228,0.150586694,0.032642633,0.187381446,0.185639918,0.0862258,0.104011901,0.042818516,0.060456727,0.128513411,0.14676173,0.049818408,0.169662178,0.171180233,0.191327527,0.052825764,0.011258033,0.162282065,0.069049343,0.058001891,0.089854799,0.162031591,0.146380514,0.043611772,0.154222205,0.161970019,0.093556374,0.057547931,0.170762658,0.027916091,0.18211855,0.16172263,0.042091656,0.152095735
1947.771331,0.089399986,0.093087599,0.07898204,0.197522134,0.079919562,0.096037209,0.075442314,0.15041174,0.032589119,0.187389672,0.185593173,0.0861708,0.103865698,0.042677432,0.06030754,0.128342152,0.146541864,0.049774338,0.169693083,0.171188876,0.191255257,0.052749638,0.011195465,0.162115842,0.068872482,0.05794549,0.08980035,0.161974788,0.14622125,0.043509487,0.154156417,0.161940351,0.093488671,0.057375152,0.170585051,0.02786069,0.182113349,0.161655307,0.04202937,0.151910752
1949.699818,0.08934655,0.09292721,0.078809589,0.197283745,0.07974001,0.095885187,0.07542561,0.150194198,0.032514475,0.187347084,0.185527831,0.086114541,0.103646442,0.042506717,0.060160808,0.128148735,0.146283314,0.049732622,0.169708654,0.171213552,0.191156775,0.052629963,0.011090344,0.16190958,0.068689696,0.057906408,0.089704119,0.16189453,0.146055117,0.043388098,0.154061943,0.161929429,0.093419775,0.057210658,0.170397401,0.027785404,0.182108998,0.161567852,0.041924458,0.151712269
1951.628304,0.089320458,0.092783242,0.078697301,0.197077155,0.079573408,0.095743209,0.075430498,0.150021002,0.032472666,0.187358588,0.185476825,0.086057015,0.103469178,0.042394157,0.060068637,0.127988398,0.146019816,0.049688827,0.169738218,0.171233788,0.191124469,0.052521013,0.011023828,0.161734045,0.068539687,0.057909675,0.089638188,0.161833778,0.145884767,0.043267343,0.154000342,0.16193153,0.093402423,0.05706292,0.170202881,0.027748818,0.182107493,0.161502495,0.04184293,0.151511669
1953.55679,0.0893353,0.092652231,0.078603022,0.196858302,0.079383276,0.095574483,0.075407095,0.14985849,0.032441221,0.187350482,0.185436234,0.085989386,0.103329614,0.042287908,0.059969179,0.12779586,0.145752981,0.049616911,0.169756159,0.17121473,0.19111155,0.052439705,0.010959781,0.161593914,0.068377718,0.057909541,0.089583434,0.1618101,0.145746827,0.043141905,0.153978541,0.161914572,0.093371101,0.056865502,0.170001104,0.027727276,0.182097495,0.161420703,0.041771527,0.151322305
1955.485277,0.089320779,0.0925036,0.078454003,0.196614221,0.079171956,0.09537106,0.075377941,0.149681136,0.032400388,0.187276304,0.185370609,0.08590921,0.10315799,0.042133491,0.059805956,0.127610162,0.145489872,0.049561016,0.169798747,0.171192482,0.191072851,0.052345414,0.01088032,0.16141814,0.068187125,0.057872269,0.089493193,0.161755711,0.14559862,0.043031406,0.153933987,0.161867961,0.093341917,0.056661755,0.169831783,0.027661394,0.182068735,0.161352023,0.041679192,0.151131287
1957.413763,0.089260124,0.092342027,0.078301065,0.196353808,0.078964025,0.095192134,0.07535807,0.149476975,0.03234905,0.187221348,0.1852898,0.085820206,0.102971457,0.041970659,0.059658326,0.127456695,0.145247191,0.049498774,0.169784859,0.171176955,0.191017225,0.052248165,0.010808239,0.161183566,0.068008311,0.057828005,0.089421488,0.161667973,0.145411581,0.042894598,0.153852463,0.161833599,0.093314804,0.056473739,0.169660076,0.027606381,0.182002857,0.161297157,0.041574821,0.150918379
1959.34225,0.089227989,0.092181869,0.078153089,0.196115583,0.078772217,0.095029153,0.075322784,0.149292231,0.032314729,0.18720898,0.185225531,0.085736804,0.102794081,0.041808568,0.059522845,0.127284706,0.145023793,0.049452543,0.169749022,0.171154812,0.190953955,0.052156236,0.010723321,0.160988212,0.067845225,0.057817258,0.089383155,0.161604196,0.145232573,0.042738635,0.153792039,0.161796764,0.093251213,0.056300901,0.169485211,0.027551714,0.181920245,0.161230594,0.041494418,0.150738284
1961.270736,0.089209564,0.092031822,0.078009084,0.195893526,0.078592226,0.094856881,0.075304814,0.149152905,0.032254525,0.187177852,0.1851715,0.085650146,0.10263411,0.041663386,0.059386715,0.127089024,0.144807696,0.049392194,0.169747248,0.171124414,0.190903947,0.052079454,0.010631618,0.160825357,0.067656808,0.057793859,0.089340247,0.161555007,0.145052984,0.042601112,0.15376772,0.16173932,0.093189292,0.056140639,0.169333115,0.027446566,0.181867242,0.161148086,0.041410327,0.150564522
1963.199223,0.089171804,0.09188278,0.077895552,0.19565998,0.078419819,0.094684578,0.075298965,0.148974508,0.032181017,0.187123433,0.185114205,0.085565217,0.102493219,0.041532423,0.059281696,0.126913518,0.144607931,0.049312785,0.169729844,0.171086848,0.190848157,0.052007757,0.010552783,0.160630748,0.06748081,0.057755791,0.089282356,0.161473155,0.144898027,0.042472173,0.153717458,0.161724865,0.093162812,0.055954054,0.169147864,0.027398566,0.181837335,0.161052242,0.041316766,0.150380224
1965.127709,0.089157201,0.091726586,0.077794805,0.195440575,0.078265682,0.094527476,0.075282477,0.148807853,0.03215234,0.187091917,0.185048401,0.08550024,0.102341548,0.041439813,0.059199501,0.126771465,0.144414902,0.049269672,0.169737592,0.171038702,0.190835878,0.051932503,0.010501973,0.160520673,0.067336537,0.057748865,0.089239337,0.161427006,0.144779772,0.04234881,0.153678611,0.161729485,0.093147464,0.055720989,0.168951854,0.02737264,0.181808516,0.161024943,0.041273843,0.150226012
1967.056196,0.089133233,0.091555633,0.077642798,0.195171237,0.078085378,0.094351038,0.075246483,0.148632556,0.032080192,0.187023267,0.184975713,0.08540637,0.102140807,0.041311231,0.059073661,0.12661317,0.144196883,0.049204532,0.169717371,0.170964763,0.190794036,0.051840499,0.010425089,0.160395771,0.067142949,0.057716262,0.089185096,0.161377043,0.144601241,0.042194162,0.153621271,0.161685079,0.093081668,0.055483323,0.168755248,0.027271794,0.181736693,0.160960346,0.041186415,0.150034308
1968.984682,0.089078121,0.091397814,0.07746654,0.194892779,0.077889249,0.094135664,0.075237945,0.148430586,0.032007374,0.186986849,0.184899107,0.08531794,0.101927824,0.041119583,0.058893297,0.126422107,0.143954948,0.04915949,0.169703647,0.170979798,0.190689698,0.051750783,0.010339377,0.160198987,0.066937089,0.057663221,0.089129008,0.161303893,0.14442122,0.042063337,0.153530434,0.161636546,0.093000203,0.05534343,0.168584675,0.027188554,0.181687549,0.160844371,0.04106839,0.149835542
1970.913169,0.08901225,0.091275021,0.077313572,0.194659516,0.07770744,0.093935825,0.075245693,0.148233786,0.031966541,0.186998919,0.18479602,0.085236959,0.101725392,0.040968161,0.05874088,0.126230389,0.143691868,0.04910519,0.169699118,0.170977622,0.190627351,0.05165159,0.010266106,0.160023123,0.066772617,0.057609111,0.089085579,0.161261708,0.144310489,0.041947994,0.153470069,0.161606133,0.092937402,0.055183552,0.168414146,0.027105998,0.181651115,0.160745651,0.040974852,0.149684295
1972.841655,0.08895772,0.09114702,0.077180795,0.194421902,0.077541895,0.093737371,0.075259246,0.148048654,0.031918887,0.187003747,0.184717894,0.085140906,0.101536199,0.040846799,0.058634613,0.126082256,0.143442571,0.049062349,0.169713274,0.170913354,0.190591395,0.051553123,0.010185969,0.159843639,0.06665796,0.057558201,0.089043736,0.161234722,0.14418979,0.041838907,0.153391227,0.161614344,0.092897542,0.054992646,0.168231636,0.027007038,0.181586638,0.160664275,0.040908579,0.149533212
1974.770142,0.088926032,0.090983368,0.077021226,0.194130257,0.07735768,0.093506008,0.075257182,0.147869959,0.031850051,0.186973587,0.184644863,0.085022219,0.101340897,0.040683929,0.05850441,0.125900716,0.143209204,0.049015965,0.169711784,0.1708581,0.190539077,0.051455278,0.010106236,0.159647405,0.066514455,0.057495423,0.089007385,0.161217824,0.144021377,0.041699857,0.153307155,0.161603332,0.092842393,0.05477586,0.168017983,0.026925979,0.181516707,0.160592303,0.040816631,0.149337247
1976.698628,0.088899471,0.09084978,0.076866984,0.19386743,0.077188239,0.093285307,0.075270817,0.147685066,0.031809408,0.186954036,0.184579849,0.084955104,0.101169005,0.040523093,0.058369275,0.125712484,0.143019125,0.0489562,0.169700816,0.170830846,0.190484717,0.051365517,0.010052207,0.159494981,0.0663701,0.057434708,0.088974029,0.161200002,0.143847108,0.041544963,0.153261021,0.161553517,0.092777818,0.054570489,0.167794406,0.026856307,0.181484833,0.160529464,0.040709175,0.149173111
1978.627115,0.088855103,0.090727098,0.076752819,0.193673849,0.077060767,0.093112335,0.075324714,0.147535115,0.031792797,0.18696782,0.18453823,0.084929295,0.10099569,0.040413767,0.058262061,0.12557146,0.142854065,0.048931953,0.169742286,0.170863315,0.190432698,0.051305152,0.010016053,0.159372151,0.066262797,0.057412285,0.088963725,0.16118601,0.143704444,0.041439034,0.15321438,0.161544785,0.092728861,0.054435488,0.167642862,0.026784953,0.181487322,0.160520077,0.040650368,0.149051324
1980.555601,0.08879777,0.090595633,0.076625459,0.193465039,0.076912969,0.092942491,0.07536763,0.14739871,0.0317658,0.186953202,0.184479758,0.084843814,0.100817159,0.040308788,0.058186665,0.125422776,0.142665386,0.048889335,0.169782922,0.170865536,0.190381914,0.051269092,0.009986683,0.159221068,0.066110127,0.057389565,0.088976331,0.161180347,0.14361085,0.041319013,0.153179541,0.161554307,0.092697613,0.054249827,0.167499304,0.026704272,0.181468859,0.160464078,0.040579636,0.148913205
1982.484087,0.088743836,0.090495825,0.076477319,0.193243608,0.076769456,0.092737064,0.075425103,0.147257596,0.03176865,0.186996192,0.184436366,0.084792055,0.100677855,0.040197644,0.05812785,0.125289336,0.142459705,0.048870631,0.169862211,0.170850664,0.190359399,0.051234365,0.009954287,0.159076467,0.065957442,0.057360154,0.088960797,0.161179647,0.143505141,0.041206714,0.153172806,0.161544338,0.092712961,0.054065559,0.16731599,0.026602862,0.181467414,0.160369098,0.040501673,0.148791283
1984.412574,0.088698201,0.090387009,0.076326229,0.193013757,0.076645672,0.092545792,0.075460978,0.147116065,0.031750288,0.187042907,0.184382722,0.084767915,0.100504018,0.04009185,0.058042366,0.125133857,0.142236292,0.048844073,0.16990903,0.17083323,0.190326348,0.051154222,0.009900475,0.158939913,0.065837577,0.057315927,0.088931926,0.161190227,0.143346295,0.041089635,0.153159499,0.161534905,0.0927177,0.053893626,0.167128637,0.026511736,0.181453913,0.160333678,0.040437937,0.148658782
1986.34106,0.088667929,0.090287328,0.076200694,0.192795739,0.076525539,0.092375696,0.075512893,0.146978423,0.031743795,0.187050641,0.18434675,0.084725007,0.100326553,0.039985277,0.057969458,0.12498343,0.142067835,0.048819091,0.169952601,0.17083703,0.190260679,0.051098034,0.009886139,0.158836082,0.065740094,0.057266571,0.088940427,0.161215797,0.143224612,0.040989414,0.153128982,0.161560208,0.092709027,0.053717595,0.166998506,0.02646528,0.181441024,0.160324082,0.040407754,0.148517221
1988.269547,0.088606089,0.090194777,0.076064132,0.192560539,0.07638938,0.092199162,0.075584963,0.146827236,0.03172918,0.187025502,0.184309393,0.084670447,0.100165509,0.039867822,0.057864621,0.12481612,0.141922057,0.048800182,0.170034289,0.170825496,0.19019191,0.051049314,0.009870891,0.158722997,0.065605141,0.057232942,0.08891996,0.161237881,0.143122301,0.040884983,0.153104082,0.16156815,0.092686959,0.053523127,0.166839242,0.026381945,0.181444928,0.160272866,0.040354092,0.148367837
1990.198033,0.08857242,0.090143651,0.075977221,0.192342043,0.076294385,0.092073031,0.075685836,0.146708637,0.031734418,0.186983779,0.184289023,0.084662937,0.100059263,0.039777566,0.057757512,0.124645904,0.141775712,0.048810203,0.170138478,0.170800433,0.190179825,0.05103223,0.009885314,0.158614188,0.065491691,0.057271745,0.088939257,0.161301047,0.143043607,0.040795803,0.153129593,0.161616668,0.092703,0.053315677,0.166685164,0.026334446,0.181492776,0.16026935,0.040322188,0.148275882
1992.12652,0.088569947,0.090105511,0.075915731,0.192149982,0.076213866,0.091963463,0.075819634,0.14660117,0.031773936,0.187064812,0.184281901,0.084679499,0.099954814,0.039720304,0.057714667,0.124554053,0.141622737,0.048856381,0.170262799,0.170860529,0.190189868,0.051060248,0.009928796,0.158518374,0.065430231,0.057314709,0.089022271,0.161366582,0.142981499,0.040761657,0.15314047,0.161697403,0.092729375,0.053165402,0.166570961,0.026318701,0.181581736,0.160297871,0.040321972,0.148219213
1994.055006,0.088481009,0.089969054,0.07571879,0.191918075,0.076052263,0.091770999,0.075867012,0.146387741,0.031736016,0.187167197,0.184181556,0.084620327,0.099748798,0.03962123,0.057633631,0.124409698,0.14141272,0.0488322,0.17032145,0.170952946,0.190113515,0.051005445,0.009889004,0.158319861,0.065308146,0.057257216,0.089024596,0.161333114,0.14284116,0.040647246,0.153069124,0.161657602,0.092671886,0.053047251,0.166402206,0.026227392,0.181592003,0.160219997,0.040227778,0.148069486
1995.983493,0.088404305,0.089814536,0.075507186,0.19169037,0.075902231,0.091544732,0.075900979,0.146183819,0.031711504,0.187177047,0.184108168,0.084553264,0.099568456,0.039493628,0.05753522,0.12421938,0.141211897,0.048809078,0.170398131,0.171006545,0.190043062,0.050948694,0.009841871,0.158160359,0.065169968,0.057234835,0.088997141,0.161327228,0.142683148,0.040501729,0.152994588,0.161612719,0.09267173,0.052902129,0.166274592,0.026139535,0.181594238,0.16017653,0.040131301,0.147919685
1997.911979,0.0883964,0.089736439,0.075392991,0.191498518,0.07581453,0.091363564,0.075999834,0.146050602,0.031730309,0.18723686,0.184098721,0.084517345,0.099448904,0.039411899,0.057482399,0.124092937,0.141023502,0.04883061,0.170525834,0.17104429,0.190009505,0.050933514,0.009838074,0.158106923,0.065082051,0.057259955,0.089008234,0.161413118,0.142552614,0.040396921,0.152960703,0.161661968,0.092733145,0.052748971,0.16616416,0.026084596,0.181678712,0.160188586,0.040084235,0.1478021
1999.840466,0.088368803,0.089707658,0.075294681,0.191339001,0.075747058,0.091232441,0.076150388,0.145922855,0.031766322,0.18736349,0.184070051,0.084534518,0.099324353,0.039367087,0.057435874,0.123993896,0.140850931,0.048862509,0.17065613,0.171127215,0.189959183,0.050927922,0.009867766,0.158020556,0.065021366,0.057244893,0.089043528,0.161484376,0.142443225,0.040345144,0.152959272,0.161711901,0.092766844,0.052627612,0.166060433,0.026045656,0.181776464,0.160210475,0.040056285,0.147686198
2001.768952,0.088314004,0.089632541,0.075136133,0.191158578,0.075631596,0.091094695,0.076262012,0.145787477,0.031783454,0.187437207,0.183993384,0.084538221,0.099159084,0.039282516,0.057360258,0.123845577,0.140688762,0.048874814,0.170762256,0.171185076,0.189918667,0.050934982,0.009880395,0.157889992,0.064915583,0.057208728,0.089055762,0.161506236,0.142312974,0.040292956,0.15293774,0.16171208,0.092769742,0.05247499,0.165961102,0.026021032,0.181798473,0.160215318,0.039997213,0.147556171
2003.697439,0.088287294,0.089537933,0.074985497,0.191001922,0.075487092,0.0909364,0.076344065,0.145669252,0.031783536,0.187494308,0.183933794,0.084527969,0.099023044,0.039202951,0.057297152,0.123704329,0.140525788,0.048894133,0.170905173,0.171253398,0.189874575,0.050953161,0.009885479,0.157806322,0.064814389,0.057203829,0.089066356,0.161560327,0.142187878,0.040215466,0.152892098,0.161756292,0.092787929,0.052347213,0.1658573,0.025999755,0.181818992,0.16016902,0.039959565,0.147430316
2005.625925,0.08827883,0.089486435,0.074875198,0.190845221,0.07537134,0.090812482,0.076484397,0.145576134,0.031818975,0.187558323,0.183930248,0.084537968,0.09891405,0.039166119,0.057261597,0.123580076,0.140384689,0.04891507,0.171077013,0.171333417,0.189826831,0.050987907,0.00992742,0.157753631,0.06473124,0.057222199,0.089161471,0.161658645,0.142111689,0.040155325,0.152862355,0.16185382,0.092844486,0.052219063,0.165780693,0.025936341,0.181879014,0.160169899,0.039944641,0.147377849
2007.554412,0.088245317,0.089471214,0.074756846,0.190673411,0.075302005,0.090711623,0.076634131,0.145481735,0.031871043,0.187660068,0.183893591,0.084548801,0.098789409,0.039146855,0.057217468,0.123418145,0.14025268,0.04893703,0.171218663,0.171411946,0.189829811,0.051016942,0.009986402,0.15768829,0.06465283,0.057239436,0.089269765,0.161729872,0.142026335,0.040087797,0.15285261,0.161918551,0.092895702,0.052081201,0.165696368,0.025906337,0.181947917,0.160209715,0.039888963,0.147308022
2009.482898,0.088215441,0.089466326,0.074678347,0.190576345,0.075280808,0.09063106,0.076782875,0.145417258,0.03193865,0.187794819,0.183869272,0.084618665,0.098714799,0.039167468,0.057189487,0.123314008,0.140124097,0.049017128,0.171378061,0.171572387,0.189876631,0.051061787,0.010059703,0.157644317,0.064619705,0.057287447,0.089328893,0.161820531,0.141965747,0.040063269,0.152888715,0.162000775,0.09297812,0.05200566,0.165659368,0.025925562,0.182060182,0.160284489,0.039886303,0.147195682
2011.411384,0.088224672,0.089455403,0.074629255,0.190482706,0.075264759,0.09057074,0.076945975,0.145389169,0.032015659,0.187907577,0.183882743,0.084668681,0.098647915,0.039201934,0.057215836,0.123269238,0.140019313,0.049121004,0.171541765,0.171721175,0.189915225,0.051136322,0.010160328,0.157619238,0.064587757,0.05735153,0.089413628,0.161966845,0.141910866,0.04005415,0.152941883,0.162121117,0.093072772,0.051954031,0.165661901,0.025942503,0.182176456,0.160354406,0.039899044,0.14715375
2013.339871,0.088270962,0.089481235,0.074595898,0.19041568,0.075249299,0.090504117,0.077146515,0.145379722,0.032126669,0.18803972,0.183879644,0.084718928,0.098562665,0.039241824,0.057251271,0.123227671,0.139972359,0.049225673,0.171746105,0.171879202,0.190000534,0.051230088,0.01031409,0.157665193,0.064582676,0.057427146,0.089527704,0.162140146,0.141855806,0.040051833,0.153011054,0.162243262,0.093181059,0.051906724,0.165680379,0.026031097,0.182317078,0.160416409,0.039910056,0.147153124
2015.268357,0.088331297,0.089529991,0.074579731,0.190406531,0.07524614,0.090477727,0.077370428,0.145336956,0.032258876,0.188186795,0.183890536,0.084826753,0.098517038,0.039293941,0.057267807,0.12319497,0.139929742,0.049342807,0.171994984,0.172050253,0.190139845,0.051350597,0.010471548,0.157768533,0.064612918,0.057539072,0.089675859,0.162333414,0.141875908,0.040094852,0.153127819,0.162402853,0.093350694,0.051819634,0.16571404,0.026104873,0.182464033,0.160525665,0.039969228,0.147173405
2017.196844,0.088383198,0.089574881,0.07453654,0.190367013,0.075267434,0.090470903,0.077609159,0.145277426,0.032365162,0.1883495,0.18393071,0.084930658,0.098534793,0.039329156,0.057309102,0.123151734,0.139870226,0.049487021,0.172230378,0.172203034,0.190263957,0.051492162,0.010604762,0.157847479,0.064644903,0.057676136,0.089863226,0.162515938,0.14188543,0.040112097,0.15324527,0.162577882,0.093508087,0.051763713,0.16575329,0.026149925,0.182561845,0.160640299,0.040037028,0.147203118
2019.12533,0.088412128,0.089564651,0.07447356,0.190240026,0.075219192,0.090403102,0.077811003,0.145225197,0.032413282,0.188495576,0.183934718,0.084969379,0.098493852,0.039324969,0.057318352,0.123049296,0.139778972,0.049566913,0.172394216,0.172359422,0.190349668,0.051577821,0.010677388,0.15785259,0.064619645,0.057753611,0.089958943,0.162643805,0.141795412,0.040053848,0.153304085,0.162679702,0.093588062,0.051723879,0.165699705,0.026204787,0.182626992,0.16070962,0.040034287,0.147139296
2021.053817,0.088458031,0.089548573,0.074434169,0.190108761,0.07514634,0.090315327,0.077978551,0.14515613,0.032482628,0.188642517,0.183922127,0.084987216,0.098388769,0.039318468,0.057323761,0.122936822,0.139653683,0.049634591,0.172574118,0.172513425,0.190403908,0.051644418,0.01075045,0.157795742,0.064572312,0.057820126,0.09003149,0.16275537,0.141701728,0.039992258,0.153347909,0.162791297,0.093650922,0.051666539,0.165592879,0.026245771,0.182720289,0.160759687,0.040039796,0.147063568
2022.982303,0.088497281,0.089558512,0.074375965,0.18999438,0.07512147,0.090214744,0.078155257,0.145084217,0.032595459,0.188758612,0.183916271,0.085033663,0.098291568,0.039307658,0.05732948,0.122860484,0.139528185,0.049719274,0.172766045,0.172660708,0.19044064,0.051731732,0.010850751,0.157724947,0.064551756,0.05791802,0.090123788,0.162883654,0.141626596,0.03993687,0.153396189,0.162900507,0.093731664,0.051580697,0.16554758,0.026296452,0.182844102,0.160817161,0.040080078,0.146996379
2024.91079,0.088512324,0.089533962,0.074294053,0.189825967,0.075060457,0.090089895,0.078307584,0.144986585,0.032660037,0.188823581,0.183900326,0.085057415,0.098189995,0.039269306,0.057292186,0.122764416,0.139391318,0.049770139,0.172885358,0.172785267,0.190487713,0.051792819,0.01090524,0.157662615,0.06451223,0.057946917,0.090172738,0.163010284,0.14152123,0.039855827,0.153410569,0.162964523,0.093811624,0.051455438,0.165486261,0.026352322,0.1829115,0.160847336,0.040056575,0.146917596
2026.839276,0.088536784,0.089520924,0.074235551,0.189658105,0.075009249,0.08999075,0.078483187,0.144894108,0.032706395,0.18891111,0.183904484,0.085101783,0.098116286,0.039224777,0.057288375,0.122680016,0.139268875,0.049883131,0.173054323,0.172904819,0.190535039,0.051865965,0.010975495,0.157634065,0.064452328,0.057961762,0.090253904,0.163107768,0.141423136,0.039794583,0.15342775,0.163065404,0.093887955,0.051343758,0.165416032,0.026367035,0.182946831,0.160879865,0.040048812,0.146873489
2028.767763,0.08852572,0.089500658,0.074145384,0.189503968,0.074962601,0.089897744,0.07864216,0.14479208,0.032751337,0.189001709,0.183889076,0.085132822,0.098005287,0.039171163,0.057268944,0.122611485,0.13914299,0.049970325,0.1732319,0.173006728,0.190553755,0.051924035,0.011040989,0.157594875,0.064403042,0.057991479,0.090342045,0.163189039,0.141324669,0.039712314,0.153437182,0.163164109,0.093960054,0.05122808,0.165320635,0.026332688,0.183003396,0.160902575,0.040048398,0.1468018
2030.696249,0.088531002,0.089474469,0.074055806,0.189343125,0.074915133,0.089800388,0.078774713,0.14467442,0.032784332,0.189114228,0.183860391,0.085147917,0.097862199,0.03913822,0.057241291,0.122529268,0.139021978,0.05000424,0.173383579,0.173092991,0.190575182,0.051958922,0.011102305,0.157543257,0.064374566,0.058004681,0.090440348,0.163318202,0.14123641,0.039612476,0.153435528,0.163263902,0.094024882,0.051151432,0.165234178,0.026331745,0.183083266,0.160923317,0.040034089,0.146742523
2032.624736,0.088569209,0.089435093,0.074003071,0.189177811,0.074857205,0.089703403,0.07891009,0.144576564,0.032809723,0.189225078,0.183848277,0.085179754,0.09772718,0.039101236,0.057240058,0.122442104,0.138906822,0.050020184,0.173523158,0.173165619,0.190557152,0.052003488,0.011154207,0.157494828,0.064289734,0.05801532,0.09053389,0.163441837,0.141142592,0.039522398,0.153429613,0.163338527,0.094058953,0.051071767,0.165151253,0.026314573,0.183152333,0.160956204,0.04001135,0.146698892
2034.553222,0.088581882,0.08938963,0.073942602,0.189029336,0.074806526,0.089594379,0.079043001,0.144466102,0.032866318,0.189333886,0.183868751,0.085192636,0.09760958,0.039038152,0.057228833,0.122347839,0.138809174,0.050049439,0.173641622,0.173273072,0.190508336,0.05206148,0.011193682,0.157455787,0.064230092,0.058035299,0.090603076,0.163526058,0.141024366,0.039454434,0.153402641,0.163420379,0.094114386,0.050980337,0.165040195,0.026303325,0.183196768,0.160981119,0.039967656,0.146626741
2036.481709,0.088570744,0.089386344,0.073869154,0.188875735,0.074780457,0.089468174,0.079168372,0.144362986,0.032914195,0.18944481,0.183889002,0.085210964,0.09751641,0.038983207,0.057197608,0.12223056,0.13874948,0.050118022,0.173760101,0.173385099,0.190488532,0.052113943,0.011246365,0.157415986,0.064198047,0.058038495,0.090686962,0.163609967,0.140914142,0.039376166,0.153380692,0.163513198,0.09417589,0.050857387,0.164963081,0.026304321,0.183232784,0.161015704,0.03991339,0.14652127
2038.410195,0.088586628,0.089414664,0.073810786,0.188753828,0.074742116,0.089359082,0.079317331,0.144285798,0.032968968,0.189575493,0.183891848,0.085266694,0.097429849,0.038980417,0.057195939,0.122135706,0.138673484,0.050204955,0.173933461,0.173484355,0.190486744,0.05218612,0.011302209,0.157372847,0.064137608,0.058033124,0.090768978,0.163736194,0.140847161,0.039304156,0.153372571,0.163592562,0.094240636,0.050751291,0.164909199,0.026265522,0.18332544,0.161080942,0.039889112,0.146480784
2040.338681,0.08862441,0.089441612,0.073758267,0.188641205,0.074731171,0.08929725,0.079520389,0.14420332,0.033060469,0.189698815,0.183925882,0.085339829,0.097336665,0.038980108,0.057250835,0.122067265,0.138580054,0.050300583,0.17415683,0.173590377,0.190452114,0.052271128,0.011376568,0.157339692,0.064105622,0.058054589,0.090854019,0.163889229,0.140804946,0.039273765,0.153335184,0.163708434,0.094350964,0.050685875,0.164863572,0.026256246,0.183438748,0.161158636,0.039903637,0.146504879
2042.267168,0.088584132,0.089411303,0.073670603,0.18844986,0.074667729,0.089203201,0.079665445,0.14407967,0.033077583,0.189767465,0.183915824,0.085339092,0.09719526,0.038906701,0.057258654,0.121942393,0.138438746,0.050343722,0.17429702,0.173661023,0.19037576,0.052278116,0.011408499,0.157251298,0.064038046,0.058023784,0.090929389,0.163977191,0.140680298,0.039171331,0.153243765,0.163768128,0.094408728,0.050559662,0.164770082,0.026212534,0.183463246,0.16115047,0.039837424,0.146423951
2044.195654,0.088510416,0.089338027,0.073566429,0.188260764,0.074581206,0.089051098,0.079778656,0.143924505,0.033069618,0.189841881,0.183877259,0.085315958,0.097030595,0.038831573,0.057217829,0.121826828,0.138270944,0.050375737,0.1743747,0.173714995,0.190328822,0.052269191,0.011430316,0.157136112,0.063941173,0.057943609,0.090977922,0.164013594,0.140523165,0.039046079,0.153178647,0.163822144,0.094417252,0.05044017,0.16467452,0.026113171,0.18347466,0.161127284,0.039735842,0.146284252
2046.124141,0.088459469,0.08924941,0.073461957,0.18806839,0.07452482,0.088897943,0.079899304,0.143779367,0.033087071,0.189916492,0.183866799,0.085325412,0.096852213,0.03876603,0.057169177,0.121721625,0.138131857,0.050376691,0.174408421,0.173745915,0.190250888,0.052281633,0.011453738,0.157038555,0.063846238,0.057870071,0.091001891,0.164067209,0.140381679,0.038930781,0.153115392,0.163895011,0.094434507,0.05030179,0.164566323,0.026028302,0.183505476,0.161132813,0.039653741,0.14615269
2048.052627,0.088415153,0.089215852,0.073361643,0.187892407,0.074471243,0.088786803,0.08004044,0.143657938,0.033139154,0.190035582,0.183842182,0.0853585,0.096721247,0.03873001,0.0571515,0.121581644,0.13801764,0.050391685,0.174505472,0.173849866,0.190157637,0.052327577,0.011487297,0.156962141,0.063802578,0.05781832,0.091054596,0.164183408,0.140238732,0.038831886,0.153009623,0.163966,0.094483234,0.050205696,0.164453983,0.025970189,0.183561787,0.16114518,0.039596699,0.146072596
2049.981114,0.088360272,0.08919923,0.073232584,0.187722191,0.074443415,0.08869347,0.080180295,0.143520698,0.033177275,0.190125331,0.183780387,0.085402541,0.096600249,0.038694892,0.0571431,0.121463686,0.137901798,0.050435837,0.174658954,0.173944563,0.190064326,0.052380461,0.011536572,0.156876519,0.06374184,0.057755832,0.091123462,0.164278045,0.140113801,0.038758788,0.152907684,0.164056897,0.094552346,0.050134942,0.164352819,0.025867708,0.183632791,0.161157876,0.03953436,0.146009713
2051.9096,0.088305205,0.0891601,0.073104076,0.187546596,0.074398264,0.088584006,0.080283202,0.143396139,0.033186994,0.190182254,0.183710277,0.085417494,0.096444257,0.03863382,0.057121258,0.12138097,0.137757286,0.050469227,0.174762517,0.173991755,0.189940006,0.052389111,0.011551517,0.156768024,0.063637644,0.057673018,0.091183744,0.164324731,0.139996082,0.038659565,0.152803719,0.164127246,0.094615571,0.050027683,0.164233863,0.025767079,0.183692768,0.1611633,0.039457764,0.145930424
2053.838087,0.088247396,0.089148603,0.072995909,0.187387034,0.074337937,0.088480361,0.0803973,0.143285289,0.033219278,0.190251231,0.183660015,0.085422382,0.096315257,0.038593758,0.057116073,0.121279344,0.137614623,0.050514504,0.174876824,0.174088657,0.189853072,0.052428201,0.011571585,0.156664774,0.063566945,0.057593387,0.091220737,0.16439794,0.139862448,0.038566943,0.152701184,0.16417928,0.094658494,0.049923986,0.164196566,0.025708001,0.183737025,0.161190063,0.039399546,0.145860091
2055.766573,0.088159442,0.089086972,0.072849691,0.18719703,0.074264757,0.08836484,0.080469951,0.143125653,0.033216346,0.190289155,0.183612645,0.085427053,0.096157894,0.038528617,0.057062369,0.12113402,0.137467191,0.050512012,0.17494598,0.174139932,0.189767629,0.052473877,0.011574988,0.156562939,0.063481502,0.057493579,0.091211364,0.164470851,0.139681637,0.03845688,0.15257822,0.164207369,0.094682112,0.049787186,0.164112538,0.025600161,0.183739126,0.16116555,0.039295726,0.145750239
2057.69506,0.088104837,0.089001752,0.072713234,0.187018305,0.074182071,0.088246532,0.080548532,0.142975569,0.03320675,0.190346479,0.183549345,0.085436046,0.096000597,0.038460389,0.057008035,0.120998695,0.137317836,0.050528869,0.17498453,0.17417793,0.189642966,0.052499678,0.011584315,0.156471357,0.063404016,0.057404764,0.091228262,0.164520755,0.139525652,0.03833659,0.152436405,0.16427061,0.094718754,0.049670827,0.16394347,0.025502594,0.183747828,0.161162734,0.039201058,0.1456462
2059.623546,0.088054821,0.088949941,0.072624601,0.186857596,0.074123897,0.088143297,0.080645725,0.142845735,0.033225451,0.190421075,0.183469519,0.085430734,0.095856801,0.038410317,0.056986958,0.120883383,0.137174234,0.050548665,0.175047562,0.174225718,0.189494416,0.052532975,0.011639257,0.156363249,0.063313171,0.057292931,0.091273874,0.164572313,0.139385894,0.038221907,0.152309656,0.164351612,0.094764233,0.049568523,0.163835317,0.025422063,0.183778748,0.161177129,0.0391175,0.14556326
2061.552033,0.087967485,0.088916473,0.072535381,0.186714575,0.074091941,0.088044494,0.08072643,0.142720655,0.033241399,0.190495849,0.18339096,0.085440472,0.095700957,0.038384084,0.056941479,0.120779909,0.137008801,0.050543096,0.175114274,0.174266443,0.189393461,0.052549433,0.01169119,0.156256393,0.063198626,0.05717124,0.091315448,0.164654523,0.139229715,0.038129427,0.152188465,0.164398938,0.094834305,0.049464043,0.163779572,0.025338512,0.183806375,0.161151618,0.039015513,0.145491391
2063.480519,0.087870471,0.088853374,0.072384238,0.18652232,0.074041843,0.087946944,0.0807724,0.142580286,0.033201896,0.190484032,0.183275208,0.085434362,0.095544972,0.03834454,0.056872133,0.12064442,0.136838734,0.050536688,0.175152272,0.174286917,0.189298332,0.052544486,0.011697487,0.156128675,0.063055843,0.057095397,0.091326803,0.164701611,0.13908717,0.038020972,0.152056441,0.164397314,0.09486571,0.049325548,0.163700327,0.025252236,0.183787718,0.161137849,0.038921785,0.1453778
2065.409006,0.08779148,0.088759869,0.072212346,0.186332271,0.073972672,0.087844059,0.080799162,0.142428711,0.033177469,0.190488532,0.183150798,0.085394315,0.095409364,0.038297866,0.056819279,0.120499685,0.136693433,0.050539117,0.175184175,0.174317136,0.18915613,0.052540168,0.01168025,0.155993387,0.062919892,0.057012323,0.091335639,0.164751887,0.138911396,0.037877258,0.151915997,0.164389744,0.09487576,0.049218148,0.16358684,0.025160007,0.183764815,0.161128402,0.038837638,0.145236
2067.337492,0.087716512,0.088661276,0.072057933,0.186183423,0.073872097,0.087725967,0.080852799,0.142286748,0.033176344,0.190530598,0.183040142,0.085372142,0.09527602,0.0382591,0.056758601,0.120355651,0.136536747,0.050546169,0.175166726,0.174332872,0.18901369,0.052500017,0.011651829,0.15589191,0.062795058,0.056901008,0.091340959,0.164801985,0.138710618,0.037747368,0.151762754,0.16439423,0.094907418,0.049103998,0.163477093,0.025054723,0.183734939,0.161125481,0.038716126,0.145097986
2069.265978,0.087603152,0.088565446,0.071919389,0.185985044,0.073739477,0.087577693,0.080885202,0.142110288,0.033120222,0.190507427,0.182922348,0.085332856,0.095073074,0.038177267,0.056671485,0.120177142,0.136343867,0.050493587,0.175112903,0.17430827,0.188875392,0.052444704,0.011605566,0.155768484,0.062670343,0.056769859,0.091317475,0.164782494,0.138529718,0.037608705,0.151600823,0.164368838,0.09489762,0.048936751,0.163351074,0.024931913,0.183672309,0.161068916,0.03856954,0.144948766
2071.194465,0.087516725,0.088516265,0.071799845,0.185797498,0.073672861,0.087462656,0.080936924,0.141953379,0.033083059,0.190499112,0.18281129,0.08530426,0.094874658,0.038125779,0.056616206,0.120034292,0.13615045,0.050453808,0.175123662,0.174326956,0.188758254,0.052439872,0.011590377,0.155641302,0.062583923,0.056644168,0.091300793,0.164799497,0.138380691,0.03749511,0.151466042,0.164388791,0.094896935,0.04882586,0.163229987,0.024838358,0.183612376,0.161007166,0.038483042,0.144852251
2073.122951,0.087459639,0.088451445,0.071668737,0.185635477,0.073619008,0.087395601,0.080971837,0.141822547,0.033070184,0.190490663,0.182678655,0.085282877,0.094750881,0.038065735,0.056558371,0.119897313,0.13596189,0.050443638,0.175122142,0.174340039,0.188617185,0.052447308,0.011603555,0.155517042,0.062427297,0.056548435,0.091286823,0.164829299,0.138225272,0.037401341,0.151339352,0.164419264,0.094897196,0.0487126,0.163136527,0.024746859,0.183539212,0.160977349,0.038387667,0.144758433
2075.051438,0.087379687,0.088348418,0.071536303,0.185487598,0.073511012,0.087270759,0.08095932,0.141676977,0.0330332,0.190482736,0.182539672,0.085237741,0.094630711,0.037979059,0.056472439,0.119743086,0.135787234,0.050436873,0.175107837,0.174329087,0.188481182,0.052430235,0.011593069,0.155377567,0.062273435,0.056421142,0.091290787,0.164840192,0.138051227,0.037287097,0.151207089,0.16443342,0.094867721,0.048623994,0.163043961,0.024658248,0.183491051,0.160941735,0.038279332,0.144622207
2076.979924,0.087278254,0.088226475,0.07139118,0.185290486,0.073383085,0.087094679,0.080943525,0.141515642,0.032946855,0.190443575,0.182384863,0.085173793,0.094444543,0.037904393,0.056367144,0.119578235,0.135618508,0.050401334,0.175052226,0.174263418,0.188354626,0.052382722,0.011541399,0.155216947,0.06215452,0.056241214,0.091272205,0.164848939,0.13784489,0.037142914,0.151074439,0.164439604,0.094847552,0.048516583,0.162899673,0.024541643,0.183410361,0.160865277,0.038168322,0.144435093
2078.908411,0.087200478,0.08813522,0.071260206,0.185071826,0.07329122,0.086978942,0.080974765,0.141365424,0.032901496,0.190412179,0.18226172,0.085128315,0.094251521,0.037827268,0.056297436,0.119450197,0.135471582,0.050342783,0.175011948,0.174230158,0.188226327,0.05236524,0.011523373,0.155084416,0.062016923,0.056132127,0.091270864,0.164857179,0.13763693,0.037012227,0.150923267,0.164422989,0.094851442,0.048399862,0.162762597,0.024443265,0.18332462,0.160771176,0.038047511,0.144282073
2080.836897,0.087144293,0.088079855,0.071144626,0.18489106,0.073255263,0.086910382,0.081038475,0.141257033,0.032891255,0.19038938,0.182169229,0.085115626,0.094100028,0.037784178,0.05625584,0.119367525,0.135354877,0.050323233,0.17501983,0.174256548,0.188124299,0.052369636,0.01151756,0.154983968,0.061908282,0.056059454,0.09129668,0.164883286,0.137489468,0.036892619,0.150772512,0.164412051,0.094851539,0.048311438,0.16267097,0.024392132,0.183276549,0.160715237,0.037948012,0.144198716
2082.765384,0.087050028,0.087969296,0.071021758,0.184699371,0.073178567,0.086813688,0.081038229,0.141130075,0.032830343,0.190369293,0.1820454,0.085090123,0.093959942,0.037716694,0.056172512,0.11922235,0.135193139,0.050301101,0.174991265,0.174214438,0.187992468,0.05234411,0.011474088,0.15484871,0.06178442,0.055944342,0.091276422,0.16491428,0.137327448,0.036753193,0.150633916,0.16439648,0.094824485,0.048183713,0.162558153,0.024281263,0.183224574,0.160628796,0.037858766,0.144075677
2084.69387,0.086954296,0.087851375,0.07090199,0.184495836,0.073034361,0.086705744,0.081024766,0.14095597,0.032767165,0.190372854,0.181903303,0.085026309,0.093788631,0.037611794,0.056082048,0.119052947,0.135013461,0.050252724,0.1749762,0.174157172,0.187837377,0.052311264,0.011434081,0.154700801,0.061620943,0.05582495,0.091229059,0.164943814,0.137141615,0.036623694,0.150484845,0.164379314,0.094763227,0.048050456,0.162414506,0.024155479,0.183188185,0.160547569,0.037748564,0.143935263
2086.622357,0.086891674,0.087768741,0.070779197,0.184300333,0.072929375,0.086614616,0.081024893,0.140800163,0.032728437,0.190317899,0.181759492,0.084956214,0.09360487,0.037535805,0.056013573,0.118917815,0.134891599,0.050209057,0.174961522,0.174128979,0.187701836,0.052293662,0.011411532,0.15458186,0.061474483,0.055707362,0.091192089,0.164964542,0.136981994,0.0365001,0.150368944,0.16437155,0.09471105,0.04793033,0.162249833,0.024062922,0.183125049,0.160499573,0.037629843,0.143850356
2088.550843,0.086814702,0.087675929,0.070655748,0.184127241,0.07286647,0.086496584,0.081039503,0.140670285,0.032709774,0.190263256,0.181662291,0.084928483,0.093433283,0.037468802,0.055964261,0.118781738,0.134773239,0.050181732,0.174940884,0.174113989,0.187571973,0.052274782,0.011386982,0.154482037,0.061360635,0.055592172,0.091202952,0.164993599,0.136837751,0.036393568,0.150264293,0.164378062,0.094710886,0.047827944,0.162097931,0.023975832,0.183043301,0.160448804,0.037547786,0.143783361
2090.47933,0.086710356,0.087583303,0.070542306,0.183950394,0.072778158,0.086347125,0.081070051,0.140529707,0.032672554,0.190247595,0.181574494,0.084908225,0.0932642,0.037395325,0.055901032,0.118628867,0.134629503,0.050166167,0.174913839,0.174117967,0.187435448,0.052225754,0.011338805,0.154384196,0.061217282,0.055475488,0.091208637,0.165029049,0.136684686,0.036279909,0.150117815,0.164371073,0.094717778,0.047714025,0.161978617,0.023928991,0.182976618,0.16040273,0.037450813,0.143658057
2092.407816,0.086633764,0.087526537,0.070466176,0.18379657,0.072722405,0.086233221,0.081130989,0.140421063,0.032658484,0.190277442,0.181500942,0.08491116,0.09314923,0.037361573,0.055863004,0.118520394,0.134521499,0.050191704,0.174947932,0.174155042,0.18735075,0.052217491,0.011328097,0.154300779,0.061112512,0.05540723,0.091238447,0.165085733,0.136538014,0.036173686,0.150019407,0.164404258,0.094736256,0.04764178,0.161921889,0.023907112,0.182974026,0.160369322,0.037373446,0.143547907
2094.336303,0.086560614,0.087452143,0.070375957,0.183624595,0.07265234,0.086130545,0.081179306,0.140310153,0.03263979,0.190271884,0.181418836,0.084873915,0.093003877,0.037311625,0.055816166,0.118402921,0.134413198,0.050180532,0.174976647,0.174140781,0.187241346,0.052199222,0.011305031,0.154174656,0.061015353,0.055331737,0.091263406,0.165116504,0.136397839,0.036040943,0.149922609,0.164444581,0.094724834,0.047549892,0.161823601,0.023806855,0.182958558,0.160307944,0.037293255,0.14344123
2096.264789,0.086483896,0.087382384,0.07027778,0.183444977,0.072556444,0.086016908,0.081182383,0.140182987,0.032600228,0.190237403,0.181302488,0.084801301,0.092842832,0.037212897,0.05573827,0.118251137,0.13427788,0.050132573,0.174947798,0.174092948,0.187110409,0.052138042,0.011276157,0.154040128,0.060889453,0.055222455,0.091234513,0.165121689,0.136226714,0.035891771,0.149790898,0.164424926,0.094693139,0.047424626,0.161666945,0.023715898,0.182894424,0.160248309,0.037196077,0.143345356
2098.193275,0.086421274,0.087327197,0.0701726,0.183269918,0.072493136,0.085916564,0.081222989,0.140053555,0.032567054,0.190244392,0.181230426,0.08478903,0.092719592,0.03712422,0.055688072,0.11814829,0.134152159,0.050139185,0.174951434,0.174044967,0.186996669,0.052113429,0.011262868,0.153926656,0.06080018,0.055123799,0.091226511,0.165134609,0.136072546,0.035785638,0.149656892,0.164405912,0.094675012,0.047318496,0.161521256,0.023661116,0.182868406,0.160231933,0.037107743,0.143278912
2100.121762,0.086335585,0.087253392,0.070054367,0.18308121,0.072409354,0.08582332,0.081258379,0.139888734,0.032510486,0.190271884,0.181168497,0.084774211,0.092579782,0.037044279,0.055620514,0.118032746,0.134031475,0.050142299,0.174929157,0.174000636,0.186834842,0.05208895,0.01119325,0.153799713,0.060703736,0.055014506,0.091195486,0.165148631,0.135937005,0.035663817,0.149485067,0.164411947,0.094651788,0.04719216,0.161379531,0.023567656,0.182843417,0.160165727,0.0369999,0.143168032
2102.050248,0.086233504,0.087177753,0.069952793,0.182918265,0.072327763,0.08572115,0.081271127,0.139723405,0.032467019,0.190293863,0.181077465,0.084744662,0.092449062,0.036963936,0.055557609,0.117892325,0.133914351,0.050116852,0.174921453,0.174010038,0.186715588,0.052027896,0.011136604,0.153691083,0.060591117,0.05490103,0.091150969,0.165189147,0.135771245,0.035538025,0.149335757,0.164428875,0.094639622,0.047087673,0.161286727,0.023482043,0.182823524,0.160114646,0.036910746,0.143069088
2103.978735,0.086119764,0.087055095,0.069841683,0.18269977,0.072244234,0.085592672,0.081281736,0.1395576,0.032414779,0.190243006,0.180979207,0.084694147,0.092284888,0.036867242,0.055492423,0.11774908,0.133810818,0.050092939,0.174903065,0.173981443,0.186592847,0.051955786,0.011070169,0.153532326,0.060447212,0.054747734,0.091120392,0.165187404,0.135590553,0.035393354,0.149200216,0.164387122,0.094599187,0.046969101,0.161130175,0.023354271,0.182785362,0.16006057,0.036799595,0.142945871
2105.907221,0.086033076,0.086953714,0.069754273,0.182492182,0.072156616,0.085472882,0.081307568,0.1394279,0.032387048,0.190218851,0.180911556,0.084659271,0.092136741,0.036785122,0.055423804,0.117631674,0.133728892,0.050072674,0.174885765,0.173939139,0.186456189,0.051919498,0.011009458,0.153364316,0.060331609,0.054627914,0.091105655,0.165195301,0.135424137,0.035269614,0.14905116,0.164372772,0.09458556,0.046862498,0.160989702,0.023240419,0.182742998,0.159986347,0.036708474,0.142848268
2107.835708,0.085964166,0.086888708,0.06965977,0.182303071,0.072093777,0.085365601,0.081338398,0.139307857,0.0323743,0.190238833,0.180850819,0.084636591,0.092007853,0.036718223,0.05536484,0.117555566,0.133642882,0.050036799,0.174900651,0.173912004,0.186326295,0.051891532,0.010996284,0.153267294,0.060243703,0.054536026,0.091113187,0.165243238,0.13527593,0.035189342,0.148905247,0.164405972,0.094601147,0.046757717,0.160899147,0.023178486,0.182741925,0.159953371,0.036624555,0.14278309
2109.764194,0.085893966,0.086833186,0.069568746,0.182125553,0.072052576,0.085296616,0.081377834,0.139177486,0.0323455,0.190268576,0.180785134,0.084629409,0.091870584,0.036655229,0.055326123,0.117486872,0.133544922,0.050032791,0.174865723,0.173902318,0.186191723,0.05186668,0.010972501,0.153196901,0.060142741,0.054408792,0.091129646,0.165279225,0.135123074,0.035092756,0.14879106,0.16441077,0.094617173,0.046668779,0.160775229,0.023083154,0.182742447,0.159892812,0.036526091,0.142668173
2111.692681,0.085801445,0.086758427,0.069464073,0.181974694,0.071974143,0.085233711,0.081418,0.1390481,0.032292478,0.190265983,0.180684969,0.084617943,0.091726236,0.03659131,0.05529207,0.117379747,0.133437648,0.050012611,0.17481789,0.173870385,0.186049134,0.051794294,0.010893596,0.153075218,0.060009502,0.054281849,0.091137394,0.165294647,0.13495478,0.034966789,0.148668259,0.164424285,0.09462139,0.046576738,0.160670117,0.022968229,0.182700038,0.159828529,0.036417864,0.142560825
2113.621167,0.085675612,0.086651079,0.069332793,0.181799546,0.07186234,0.085119553,0.081420861,0.138903126,0.032233052,0.190220088,0.180551305,0.084559463,0.091556586,0.036504082,0.055219207,0.117224589,0.133318633,0.049966898,0.174768135,0.173804015,0.185863599,0.051693238,0.010808836,0.152924716,0.059859104,0.054156549,0.091114059,0.16527544,0.134799257,0.034841362,0.148456156,0.164424092,0.094590239,0.046420332,0.160518214,0.022881525,0.182645053,0.159776628,0.036291152,0.1424741
2115.549654,0.085582949,0.086581506,0.069221184,0.181652606,0.071773149,0.085028738,0.081450693,0.138795167,0.032207962,0.190191895,0.180458874,0.084553286,0.091432296,0.036428802,0.055159636,0.117124602,0.133183807,0.049971297,0.174722344,0.173757106,0.185726866,0.051669419,0.010768247,0.152818263,0.059757881,0.054045655,0.091085322,0.165282369,0.134646639,0.034754064,0.14824912,0.164415494,0.094572,0.046279937,0.160403654,0.022773081,0.182626292,0.159740567,0.036208525,0.142412916
2117.47814,0.085500076,0.086490199,0.069092289,0.181462467,0.071686372,0.084947854,0.081443109,0.138670459,0.032161284,0.190164581,0.180363908,0.084546015,0.091303758,0.036357298,0.055084582,0.117028803,0.133067369,0.049947601,0.174708247,0.173686251,0.185575724,0.051638659,0.010708238,0.152699679,0.059639923,0.053907447,0.09107469,0.165318713,0.134466007,0.034649979,0.148093149,0.16440241,0.094545744,0.046158742,0.160334826,0.022633234,0.182598054,0.159679547,0.036092382,0.142326131
2119.406627,0.085433006,0.086406752,0.068967924,0.181267753,0.071637921,0.084860928,0.081420004,0.138521567,0.032122642,0.19016704,0.180269197,0.084521294,0.091148399,0.036286339,0.055011731,0.116893791,0.133003145,0.049917225,0.174690187,0.173637122,0.185418636,0.051570162,0.010678153,0.152577698,0.059515953,0.053763051,0.091084428,0.165343225,0.134298906,0.034525275,0.147927031,0.164410174,0.094525553,0.046059262,0.160228252,0.022548428,0.182552293,0.15959534,0.035956323,0.142209768
2121.335113,0.0853597,0.086323157,0.068829946,0.181117058,0.071559019,0.084770568,0.081435598,0.138372883,0.032065727,0.190132111,0.180162743,0.084486552,0.090986773,0.036198601,0.054931242,0.116798155,0.132927924,0.049880758,0.174616858,0.173593909,0.185261726,0.051488601,0.010635017,0.152468443,0.059371918,0.05362748,0.091066964,0.165324509,0.134129524,0.034385741,0.14772144,0.164404601,0.094501071,0.045933306,0.160071418,0.022421187,0.182486832,0.159524947,0.035825122,0.142093211
2123.2636,0.085252978,0.086212486,0.068711735,0.180936784,0.071434975,0.084678546,0.081432,0.13824667,0.032009039,0.19008626,0.180001423,0.084448069,0.090833411,0.036110014,0.054836795,0.116698213,0.132831246,0.049820293,0.174540341,0.173549473,0.185057014,0.051421922,0.010531371,0.152344197,0.059242796,0.053470045,0.091020249,0.165331453,0.133965448,0.034273077,0.147520289,0.164367989,0.0944717,0.045811623,0.159913749,0.022271847,0.182408705,0.159466967,0.035686076,0.141979784
2125.192086,0.08516413,0.086126849,0.068601958,0.18075107,0.071321815,0.0846074,0.081414796,0.138157517,0.031972177,0.190049842,0.179841518,0.084431246,0.090687089,0.03603806,0.054770831,0.116558589,0.132700428,0.049795475,0.1744757,0.173484772,0.184871033,0.051369511,0.010463081,0.152212307,0.059143145,0.053306028,0.090977639,0.165363058,0.133823469,0.034166198,0.147347748,0.164334342,0.094457239,0.045709405,0.159834504,0.022154665,0.182355255,0.159440905,0.035548467,0.141868457
2127.120572,0.08508011,0.086040467,0.06846641,0.180602968,0.071212851,0.084516771,0.08139424,0.138059661,0.031911649,0.189996675,0.179732352,0.084399402,0.090520322,0.03595943,0.054680534,0.116439387,0.132570192,0.049771711,0.17439647,0.173401639,0.18468672,0.051309455,0.010417946,0.15209958,0.058988411,0.053143512,0.090970397,0.165360585,0.133632705,0.034015127,0.147173718,0.164260849,0.094439775,0.04557414,0.159739017,0.021995932,0.182336733,0.159376264,0.035407599,0.141761407
2129.049059,0.085007906,0.085939519,0.068342097,0.180434287,0.071132645,0.084414102,0.08139655,0.13795568,0.031866156,0.189958155,0.179625705,0.084384032,0.090365797,0.035891358,0.054599255,0.116338469,0.132487506,0.049695913,0.174318492,0.173349366,0.184522271,0.051251829,0.010364165,0.151992813,0.058857974,0.052970108,0.090980321,0.165378198,0.133454457,0.033905163,0.146990508,0.16420491,0.094426595,0.045438729,0.159604654,0.02186092,0.182290629,0.159270778,0.035268966,0.141679868
2130.977545,0.084944539,0.085833333,0.068222798,0.180252284,0.071046732,0.084322147,0.081393853,0.137842551,0.031820741,0.189907253,0.179504082,0.084341064,0.090215638,0.035820488,0.054534789,0.116228946,0.132390231,0.049656365,0.174264804,0.173306286,0.184346423,0.051201209,0.010314129,0.151887566,0.058740318,0.052793939,0.090983652,0.165389091,0.133317456,0.033825777,0.146793738,0.164208397,0.094408967,0.045332864,0.159496695,0.021761809,0.182203129,0.159181237,0.035128538,0.141593844
2132.906032,0.084859654,0.08577279,0.068109222,0.180140838,0.070966803,0.084252179,0.081401154,0.13776058,0.031780839,0.189851373,0.179385707,0.084321953,0.09007211,0.035766732,0.054488752,0.116140053,0.132293299,0.049679946,0.174248442,0.173266426,0.184182242,0.051178917,0.010258592,0.151803657,0.058594305,0.052644946,0.0910073,0.165408462,0.133138925,0.033723172,0.146615118,0.164226338,0.094394319,0.0452515,0.15942812,0.021636188,0.182142377,0.15915525,0.035011213,0.141500637
2134.834518,0.084763534,0.085706219,0.067956075,0.179970011,0.070886388,0.084183566,0.081405237,0.137668505,0.031720184,0.189776659,0.179216191,0.084318638,0.089923434,0.035711251,0.054412775,0.116036095,0.13221322,0.049640894,0.174187452,0.173182711,0.184020668,0.051129993,0.01018952,0.151700169,0.058464244,0.052464228,0.090989582,0.165457681,0.132962063,0.033591226,0.146439329,0.164204717,0.09436322,0.045117058,0.159324065,0.021491209,0.182091355,0.159110367,0.034866434,0.141401976
2136.763005,0.084678486,0.085606486,0.067820705,0.179765806,0.070790961,0.084114768,0.081388839,0.137565926,0.031646281,0.189741209,0.179076195,0.08428935,0.08976496,0.035618372,0.054302067,0.115924865,0.132130921,0.049592026,0.174116969,0.173110083,0.183822855,0.051080637,0.010135294,0.151582748,0.058363445,0.052250195,0.090970956,0.16549693,0.132819101,0.033491667,0.146246761,0.164171427,0.094364576,0.044975728,0.159200013,0.021359438,0.182052568,0.159015581,0.034744762,0.141303912
2138.691491,0.084568314,0.085480243,0.067661121,0.179588825,0.07065668,0.083998881,0.081348844,0.13747631,0.031566579,0.189658627,0.178964823,0.084253646,0.08958596,0.03548716,0.054220077,0.115785375,0.132033303,0.049525678,0.174038336,0.172993302,0.183594197,0.051023666,0.010045602,0.151445359,0.058212612,0.052015666,0.09099219,0.165503815,0.132649288,0.033375159,0.14601925,0.164084807,0.094339065,0.044803705,0.159052685,0.021173628,0.181984261,0.158928722,0.03461054,0.141184032
2140.619978,0.08445397,0.085346326,0.067455932,0.1793942,0.070528813,0.083824381,0.081292264,0.137364298,0.031471543,0.189486042,0.178853929,0.084190868,0.089397624,0.035369966,0.054112565,0.115594953,0.13194783,0.049445588,0.173908874,0.172824308,0.183334813,0.050934855,0.009958224,0.151353061,0.058023967,0.051792227,0.091011018,0.165538982,0.132493109,0.033218719,0.145777181,0.163930967,0.094249159,0.044618119,0.158869624,0.020982824,0.181891054,0.158825994,0.034425054,0.14109619
2142.548464,0.084378667,0.085292608,0.067354545,0.17929627,0.070498645,0.083776213,0.081303976,0.137307733,0.031426225,0.189442649,0.178783506,0.08421915,0.08926592,0.035347451,0.054072388,0.115476251,0.13188684,0.049461,0.173820674,0.17277582,0.183141634,0.050896943,0.009930953,0.151293233,0.057911664,0.051613495,0.091015242,0.165597066,0.132378325,0.03314982,0.145586282,0.163945317,0.094275899,0.044553012,0.1588085,0.020846527,0.181865826,0.158820033,0.034279253,0.14104031
2144.476951,0.084294043,0.085262507,0.06730441,0.179244459,0.070486948,0.083794281,0.081317417,0.137260705,0.031428222,0.189528301,0.178650767,0.084267624,0.089157023,0.035359301,0.054099463,0.115424529,0.131816328,0.049471982,0.173770189,0.172808722,0.182929844,0.050863866,0.009895426,0.151194841,0.05781633,0.051423885,0.09098874,0.165605351,0.132248521,0.03311874,0.145379156,0.16407159,0.094340079,0.044534273,0.158791587,0.020683452,0.181874916,0.158840194,0.034145076,0.140927121
2146.405437,0.084198475,0.08517836,0.06717281,0.179081514,0.070428662,0.08370211,0.081300639,0.137140498,0.03138116,0.189510465,0.178497002,0.084231287,0.088988334,0.035308279,0.054041676,0.115329705,0.131749153,0.049407303,0.173681974,0.172748953,0.18266812,0.050783858,0.009836038,0.151095673,0.057664659,0.051219489,0.090970986,0.16563718,0.13210845,0.033025693,0.145111009,0.164067224,0.094290815,0.044434257,0.158706933,0.020511596,0.181824327,0.158740014,0.034005668,0.140834168
2148.333924,0.084063031,0.08506348,0.066967338,0.178871766,0.070316106,0.083584696,0.08128041,0.136996448,0.031281445,0.189405456,0.178379059,0.084190615,0.08878316,0.035190914,0.05394379,0.115184367,0.131691128,0.049345437,0.173580751,0.172632843,0.182434961,0.050708193,0.009757749,0.150962204,0.057498544,0.050993927,0.090969369,0.165656477,0.131966367,0.032884926,0.144859031,0.163994297,0.094227903,0.044275466,0.158575103,0.020316403,0.181742176,0.158605546,0.033825159,0.140760466
2150.26241,0.083891496,0.084972076,0.066767029,0.178722739,0.070198432,0.083475485,0.081242867,0.136865646,0.031210616,0.18929939,0.178240523,0.08416497,0.088599466,0.035081718,0.05384523,0.115044884,0.131621301,0.049288329,0.173501968,0.172559544,0.18218717,0.050633803,0.009678373,0.150818989,0.057351712,0.050760303,0.090966888,0.165654376,0.131807908,0.032755114,0.144636095,0.163925365,0.094196729,0.044125669,0.158423781,0.020100547,0.181681409,0.158504367,0.033628654,0.14066641
2152.190897,0.083760805,0.084867686,0.066583253,0.178585723,0.070104904,0.083355144,0.081194699,0.136741593,0.03112952,0.189177066,0.178116515,0.084149264,0.088427134,0.035003182,0.053733345,0.114905871,0.131521627,0.0492009,0.173391595,0.172441661,0.181934565,0.050534561,0.009584723,0.150693655,0.057198782,0.050509699,0.090966307,0.165674075,0.131622165,0.03263649,0.144374713,0.16387409,0.094171494,0.043959703,0.158317029,0.019899892,0.181635454,0.158433259,0.033445846,0.140566662
2154.119383,0.083656073,0.084761113,0.066436313,0.178436264,0.070029713,0.08326789,0.081169292,0.136659279,0.0310497,0.189157069,0.178039789,0.084129587,0.0882634,0.034935135,0.053643543,0.114759721,0.131437168,0.04916133,0.17328842,0.172350824,0.181707352,0.050463982,0.009498509,0.150604188,0.057060745,0.050266456,0.090968534,0.165683389,0.131443605,0.032533087,0.144114137,0.163876802,0.094165631,0.043830805,0.158214048,0.019703232,0.181614876,0.158376366,0.033277091,0.140496463
2156.047869,0.083542086,0.084661059,0.066291146,0.17826429,0.069946341,0.083173163,0.081161991,0.136597544,0.030982409,0.189137667,0.177951455,0.084092572,0.088086702,0.034851506,0.053563785,0.114628568,0.1313456,0.049104173,0.17321147,0.172291681,0.181451619,0.050383925,0.00941962,0.150482893,0.056920938,0.050033879,0.09094695,0.165702954,0.131285593,0.032428876,0.143873155,0.163844213,0.094132163,0.043696664,0.158096582,0.019493336,0.181560934,0.15832074,0.033106495,0.140438855
2157.976356,0.083409652,0.084529422,0.066117078,0.178062767,0.069828652,0.083035536,0.081101239,0.136475444,0.03091252,0.189049006,0.177816033,0.084050991,0.087901816,0.034740571,0.05348881,0.114500903,0.131238371,0.049003024,0.173105642,0.17218852,0.181138113,0.050279561,0.00931453,0.150312126,0.056751486,0.049758505,0.090911783,0.165709749,0.131124988,0.032292999,0.143601835,0.163750082,0.094071552,0.043525621,0.15799281,0.019259449,0.181517899,0.158221647,0.032915406,0.140334651
2159.904842,0.083256707,0.084417291,0.06594003,0.177866533,0.069733463,0.082909942,0.081035964,0.136327937,0.030845059,0.18894887,0.177665114,0.084019013,0.087707043,0.034636896,0.053419273,0.114379853,0.131172806,0.048954803,0.172966793,0.172067463,0.180852979,0.050194003,0.009199888,0.150188431,0.056590069,0.049472284,0.090865217,0.165699601,0.130973563,0.032159377,0.143313289,0.16367358,0.09402322,0.04337649,0.157871947,0.018998692,0.181493476,0.158117101,0.032737341,0.14021647
2161.833329,0.083130158,0.084315956,0.06576471,0.177713692,0.069656834,0.082822815,0.080987327,0.136195868,0.030769937,0.188882947,0.177543119,0.084003761,0.087522119,0.034550644,0.053346571,0.114269413,0.131127998,0.048903003,0.17282255,0.171937242,0.180581972,0.050108954,0.00908822,0.150060818,0.056442786,0.049198121,0.09082026,0.165703014,0.13083522,0.032058381,0.143016249,0.163642466,0.093999974,0.043233909,0.157735944,0.018765604,0.181465521,0.158046007,0.032557867,0.140128404
2163.761815,0.083002843,0.084217787,0.065616548,0.177571863,0.069567814,0.082711741,0.080910839,0.136053473,0.030669212,0.188855976,0.177416518,0.083980083,0.087349102,0.034470197,0.053265873,0.114148125,0.131061643,0.048824284,0.172677815,0.171818748,0.180266619,0.050015189,0.00898576,0.149919093,0.056273285,0.048925787,0.090797745,0.165688738,0.130687624,0.031964604,0.142710686,0.163623482,0.093981266,0.043107778,0.157608137,0.018558286,0.181443855,0.157971174,0.03236448,0.14004834
2165.690302,0.082814902,0.084085651,0.065419234,0.177360907,0.069430254,0.082542524,0.080784,0.13587217,0.030511729,0.188713789,0.17724134,0.083902769,0.08711835,0.034361366,0.053127505,0.113979518,0.130924031,0.048714962,0.172496915,0.171653464,0.179917067,0.049866151,0.008857394,0.149748459,0.056042552,0.048598483,0.090726376,0.165633917,0.130482808,0.031807788,0.142370373,0.163547352,0.093890898,0.042939611,0.157451302,0.018247962,0.181329012,0.157838553,0.032118235,0.139904141
2167.618788,0.082627036,0.083952799,0.065203384,0.177174211,0.069302797,0.082405709,0.080668755,0.135737777,0.030396774,0.188578263,0.177088559,0.08384873,0.08692041,0.034268636,0.053002551,0.113798656,0.130812854,0.048595872,0.172333091,0.171500683,0.179578915,0.049724001,0.008731057,0.149573058,0.055833593,0.04827027,0.090656817,0.165614694,0.130291119,0.031671382,0.142025471,0.163469285,0.09380348,0.042782106,0.157320425,0.017929895,0.181227863,0.157696128,0.031878076,0.139796525
2169.547275,0.08245565,0.083844222,0.065031759,0.177005917,0.069227964,0.082290508,0.080617309,0.135648325,0.030298283,0.188475356,0.176966429,0.083850682,0.08674363,0.03419463,0.052928854,0.113639392,0.130758435,0.048514266,0.172181174,0.171355516,0.179281369,0.049619105,0.008606108,0.14943108,0.055670828,0.047967933,0.090619057,0.165617764,0.130140439,0.031573053,0.141700268,0.163439199,0.093783632,0.042650707,0.157219067,0.017675443,0.18116717,0.157625064,0.031672135,0.139736846
2171.475761,0.082301408,0.083711207,0.064866029,0.176831216,0.069146939,0.082153238,0.080536515,0.135524333,0.030209631,0.188374028,0.176834777,0.08383289,0.086536109,0.034115408,0.052842628,0.113509759,0.130674496,0.048439529,0.17201674,0.171198487,0.178966075,0.049501169,0.008480893,0.149307162,0.055525947,0.047647383,0.090585098,0.165575311,0.129959226,0.03147332,0.141371846,0.163411811,0.093773007,0.042504236,0.157072887,0.017397571,0.181083426,0.157525793,0.031455509,0.139633894
2173.404248,0.082165249,0.083602414,0.064688019,0.176666677,0.069068007,0.082049251,0.080425531,0.135404915,0.030129937,0.188288793,0.176665336,0.08379963,0.086348929,0.034042064,0.052754454,0.113416672,0.130582601,0.048321214,0.171849519,0.171044096,0.178623453,0.049375039,0.008355022,0.149189159,0.055361345,0.047337394,0.090528652,0.165539682,0.129797861,0.03138379,0.141015962,0.163338929,0.093731597,0.042338505,0.156956807,0.017112453,0.181003198,0.15740259,0.031223712,0.139521211
2175.332734,0.082030214,0.083493546,0.064510502,0.176494986,0.068979792,0.081952162,0.080332197,0.135277852,0.030013505,0.188193351,0.17649956,0.0837873,0.086165883,0.033937063,0.052678004,0.113294236,0.130488262,0.048237901,0.171676919,0.17090103,0.178308487,0.049268063,0.008225963,0.149039328,0.055163659,0.0470073,0.090447113,0.165539742,0.1296653,0.031269245,0.140645131,0.1632649,0.093677253,0.042163648,0.156873211,0.016826866,0.180980161,0.157314718,0.030971752,0.139392525
2177.261221,0.081883766,0.083354928,0.064331807,0.176347777,0.068880796,0.081808999,0.080249175,0.135153875,0.029932912,0.188125715,0.176359832,0.083767995,0.085957348,0.033822063,0.052608445,0.113127217,0.130404621,0.048176996,0.171489254,0.170779049,0.177996248,0.049163334,0.008121542,0.148889169,0.054999404,0.046672933,0.090416737,0.16553387,0.129528716,0.031166814,0.140309721,0.16324769,0.093622647,0.042022429,0.156768486,0.01651823,0.18098259,0.157216668,0.030729242,0.139292598
2179.189707,0.081712395,0.083211206,0.064121351,0.176180437,0.068779439,0.081654571,0.080151349,0.13506189,0.029836306,0.188019857,0.176197559,0.083728679,0.085742943,0.033711307,0.052506808,0.112983473,0.13034448,0.048070945,0.171298504,0.170611337,0.177638754,0.049035065,0.007999072,0.148768961,0.054825991,0.046341222,0.090400957,0.165493533,0.129395157,0.03107244,0.139981404,0.163223788,0.093568593,0.041882802,0.156664789,0.016230468,0.180895254,0.15713504,0.030497463,0.139205009
2181.118194,0.081589863,0.083127797,0.063949339,0.176034033,0.068702213,0.081562869,0.080058873,0.134983584,0.029758977,0.187932521,0.176049381,0.083736248,0.085580088,0.033651505,0.052423574,0.112889327,0.130297005,0.048014041,0.171146721,0.170486033,0.177306175,0.0489657,0.0079058,0.148678184,0.054648258,0.046011277,0.090382166,0.165472537,0.129274532,0.030997466,0.139665544,0.163167059,0.09355133,0.041784409,0.156576112,0.015990943,0.180826515,0.157068238,0.030305915,0.139103651
2183.04668,0.081489041,0.083072565,0.063798279,0.175905496,0.068657577,0.081507765,0.080006607,0.134895325,0.029699752,0.187842622,0.175911635,0.083736032,0.085412338,0.033612419,0.052388839,0.112809047,0.130203471,0.047953147,0.170995131,0.170372307,0.17700541,0.04889952,0.007835447,0.148568243,0.054492466,0.045706365,0.090359107,0.165504381,0.129154295,0.030933794,0.139333174,0.163096935,0.093538739,0.041677918,0.156513423,0.015725646,0.180799976,0.15699017,0.03011841,0.139019728
2184.975166,0.081346899,0.082980037,0.063626118,0.175764725,0.068608962,0.081438176,0.079939984,0.134801686,0.029611317,0.187747002,0.175777361,0.083719231,0.085219562,0.033530019,0.052317243,0.112712592,0.130105004,0.047880974,0.170830444,0.170245588,0.176709756,0.048798867,0.007744893,0.148463845,0.054338276,0.045411535,0.090322152,0.165534377,0.129012167,0.0308592,0.138994217,0.163056806,0.093526945,0.041533951,0.156436503,0.015469551,0.180764124,0.156915426,0.02990935,0.138941646
2186.903653,0.08118955,0.082874499,0.063440703,0.175620213,0.068530791,0.081331015,0.079832993,0.134700954,0.02952333,0.187655464,0.175627902,0.0837157,0.085017979,0.03344921,0.052219205,0.112586237,0.130072504,0.047825713,0.170622826,0.170111224,0.17641747,0.048698921,0.00764219,0.148363307,0.054171126,0.045104671,0.090289399,0.165493608,0.128878802,0.030768739,0.138673618,0.163013861,0.09348923,0.041374825,0.156313121,0.015204624,0.180689633,0.156832755,0.029689454,0.138854086
2188.832139,0.081053421,0.082759917,0.063246094,0.175477445,0.068427384,0.08118853,0.079750769,0.134591371,0.029433426,0.187566638,0.175476253,0.083693393,0.084825091,0.033384081,0.052135739,0.112447947,0.130024388,0.047762617,0.170433134,0.169962525,0.176072642,0.048587024,0.007541822,0.148227945,0.05401551,0.044790942,0.090281524,0.165451288,0.128763527,0.030675342,0.138319954,0.162951171,0.093419418,0.041222587,0.156212494,0.014903758,0.180599079,0.156736657,0.029468801,0.138758302
2190.760626,0.080930322,0.082665928,0.063064761,0.175352082,0.068354622,0.081081457,0.079692483,0.134513885,0.029355248,0.187497139,0.175307482,0.083701804,0.084651671,0.033342876,0.052046522,0.112313166,0.129948005,0.047686763,0.170271799,0.169846609,0.175724939,0.048499994,0.007442197,0.148107588,0.053866878,0.04447791,0.09027902,0.165477782,0.12863867,0.030595485,0.137987703,0.162910149,0.093375526,0.041109879,0.156122595,0.014675165,0.180540085,0.156636,0.029265765,0.13866055
2192.689112,0.080807738,0.082587875,0.062902942,0.175253436,0.06831082,0.08102867,0.079623148,0.134473279,0.029306365,0.187410802,0.175125033,0.083734095,0.084499128,0.033306666,0.051971626,0.112216316,0.129893616,0.047631916,0.170105428,0.169752523,0.175435662,0.048430003,0.007339806,0.148008391,0.053716186,0.044182688,0.090268873,0.165517375,0.128522292,0.030511264,0.137685284,0.16289185,0.093369417,0.040987708,0.156038463,0.014472587,0.180513322,0.15657182,0.029087676,0.138584033
2194.617599,0.080697984,0.082530804,0.062757045,0.175168812,0.06825611,0.080984555,0.079581179,0.134439483,0.029279985,0.187353894,0.175012186,0.083766557,0.084381185,0.033258151,0.051927224,0.112131305,0.129854128,0.047609173,0.169954047,0.169681162,0.175156862,0.048363734,0.007288872,0.147929177,0.053611249,0.043937705,0.090281188,0.165541887,0.128411978,0.030472796,0.137391046,0.16287598,0.09337505,0.040877137,0.155991107,0.014226737,0.180536181,0.156537041,0.028933089,0.138529778
2196.546085,0.080547675,0.082448378,0.062583566,0.175007656,0.068188362,0.08089193,0.079513237,0.134335071,0.029206889,0.187245563,0.174879327,0.083749779,0.084196888,0.033181936,0.051868726,0.11199756,0.129798204,0.047506366,0.16976212,0.169525459,0.174808413,0.048280675,0.007202274,0.147830531,0.053459801,0.043644778,0.090243801,0.165510952,0.128274456,0.030409912,0.137068808,0.16280964,0.093324617,0.040752105,0.155897856,0.013962448,0.180485547,0.15645735,0.028711898,0.138412237
2198.474572,0.080425166,0.082354493,0.062441893,0.174882963,0.068145119,0.08080776,0.079453461,0.134245619,0.029155504,0.187178463,0.17474097,0.083757065,0.084007539,0.033133436,0.051836446,0.111895539,0.129782364,0.047477752,0.169641539,0.169393867,0.174466953,0.048217468,0.007096547,0.147747174,0.053290132,0.043331455,0.090221517,0.165498734,0.128178,0.030352345,0.136748806,0.162786737,0.093282215,0.040637985,0.155821905,0.013710776,0.180434957,0.15638046,0.028514361,0.138325423
2200.403058,0.080349728,0.082305387,0.062292345,0.174792275,0.068114586,0.080761299,0.079467878,0.134240195,0.029116157,0.18715924,0.174633607,0.083817013,0.083861664,0.03313455,0.051815249,0.111798413,0.12978974,0.047514495,0.169549286,0.169348061,0.174201354,0.048160534,0.007041201,0.147667438,0.05316446,0.043068446,0.09024018,0.165554002,0.128137365,0.030348722,0.136477187,0.162816554,0.093279257,0.04054527,0.155787036,0.013474637,0.18043147,0.156314299,0.028356861,0.13828668
2202.331545,0.080245398,0.082257085,0.062127825,0.174684197,0.068088099,0.080706649,0.07946033,0.134237587,0.029071352,0.187126562,0.174523085,0.083838902,0.083711699,0.033118054,0.051775612,0.111700699,0.129774645,0.047498081,0.169441268,0.169316426,0.173941508,0.048091244,0.006982606,0.14758338,0.053045567,0.042820767,0.090258032,0.165616721,0.128100276,0.030327955,0.136173069,0.162854269,0.093305133,0.040439907,0.155718654,0.01328844,0.180408314,0.156267047,0.028175218,0.138222545
2204.260031,0.080133155,0.082234137,0.062029842,0.174637869,0.068079412,0.080666997,0.07942906,0.134238124,0.029066065,0.187113553,0.174405769,0.083896697,0.083575584,0.033097092,0.051769577,0.111642815,0.129786402,0.047522303,0.169372916,0.169284463,0.173669443,0.048065066,0.006938499,0.147553489,0.052946068,0.042592097,0.090308577,0.165670827,0.128046796,0.030315062,0.13587223,0.162892893,0.093356326,0.040331721,0.155654028,0.013093892,0.180404752,0.156282395,0.028020056,0.138209388
2206.188518,0.080027722,0.082196951,0.061923664,0.174588189,0.06805981,0.08062461,0.07941556,0.13422735,0.029059906,0.187064156,0.174280077,0.083957292,0.083445385,0.033085678,0.051768258,0.111590706,0.129810229,0.047535807,0.169306934,0.169211581,0.173390999,0.048043221,0.006909218,0.14751488,0.052854601,0.042345185,0.090326257,0.165706813,0.127975062,0.03030088,0.13561362,0.162908986,0.093387328,0.040235691,0.155615136,0.012874959,0.180418178,0.156267613,0.027858207,0.138198137
2208.117004,0.07993409,0.082139537,0.061800424,0.174521446,0.06803944,0.080600537,0.079403251,0.134231016,0.029074149,0.187052459,0.174193457,0.083994925,0.083318837,0.033085354,0.051754892,0.111536048,0.129843757,0.047535237,0.169229984,0.169161826,0.173125371,0.047992665,0.006851699,0.147456035,0.052782312,0.042102486,0.090329312,0.165748045,0.127931967,0.030290974,0.135352626,0.162946627,0.093406431,0.040167309,0.155579954,0.012706532,0.180441722,0.15620254,0.027698224,0.138175309
2210.045491,0.079818606,0.082117483,0.061685883,0.174446464,0.0680402,0.080611341,0.079381384,0.134229317,0.029062364,0.187056676,0.174135163,0.084059991,0.083186746,0.033072624,0.051738381,0.111419231,0.129860133,0.047549773,0.169122249,0.169115588,0.172869384,0.047940351,0.006806364,0.147381231,0.052720226,0.04187075,0.090346277,0.165801644,0.127881959,0.030284455,0.13508229,0.162969947,0.093412541,0.040085394,0.155538544,0.012503159,0.180481404,0.156167418,0.027551059,0.13814114
2211.973977,0.079695642,0.082101956,0.061580803,0.174387157,0.068047352,0.080596916,0.079390876,0.134199232,0.029046023,0.187068909,0.174083158,0.084118985,0.083045989,0.033085797,0.051725626,0.111296773,0.129885718,0.047571782,0.169063613,0.169063315,0.17262508,0.04790578,0.006811898,0.147338584,0.052651003,0.041647892,0.090376742,0.165873423,0.127811894,0.030289447,0.134817928,0.163013473,0.093423828,0.040005948,0.155506924,0.012292839,0.180564463,0.15618524,0.027424173,0.138080299
2213.902463,0.079562955,0.082059816,0.061440699,0.174307674,0.068030395,0.080543637,0.079410173,0.134182841,0.029023798,0.187051862,0.173989698,0.084136128,0.082873404,0.033111297,0.051700313,0.111194946,0.129910886,0.047568794,0.168992713,0.168997988,0.172370046,0.047847908,0.006768034,0.147300899,0.052563619,0.04140956,0.090393685,0.165931165,0.127744615,0.030264836,0.134545594,0.163051844,0.093417577,0.039898679,0.155445322,0.012109572,0.180571988,0.156156212,0.027274285,0.138031229
2215.83095,0.079444654,0.082064599,0.061311446,0.17425929,0.068055712,0.08051841,0.079447404,0.134190261,0.029017892,0.187043384,0.173908681,0.084177233,0.082776308,0.033118203,0.051706783,0.111135289,0.129932791,0.047588717,0.168929994,0.16898641,0.172123447,0.047820631,0.006723981,0.147230744,0.052510772,0.041186146,0.090402789,0.166005895,0.127698362,0.030252947,0.134285882,0.163099855,0.093457244,0.039809797,0.155430183,0.011927559,0.180593908,0.156120151,0.027137615,0.138026878
2217.759436,0.079381801,0.082148395,0.061217025,0.174272016,0.068117477,0.080529213,0.079529673,0.134224281,0.029052293,0.187086165,0.173851103,0.084293053,0.08273682,0.033171378,0.051765088,0.111146048,0.130024567,0.04764796,0.168908015,0.16899468,0.171935394,0.047848064,0.006721732,0.147181585,0.052467223,0.041044638,0.090460733,0.16610691,0.127691627,0.030309021,0.134062186,0.163208812,0.093554847,0.039766621,0.155466855,0.011768089,0.180696845,0.156165928,0.027036307,0.138053
2219.687923,0.079307765,0.082181476,0.061117128,0.174234629,0.068148479,0.080529831,0.079575159,0.134230703,0.02907484,0.187111378,0.17378822,0.084399469,0.082636766,0.033224251,0.051812999,0.111133978,0.130074546,0.047701519,0.168867648,0.168972567,0.171729028,0.047869548,0.006711163,0.147127941,0.052396368,0.040883772,0.090535961,0.166189834,0.127650246,0.030340247,0.13382636,0.163292199,0.093609266,0.039702665,0.155447096,0.011618691,0.180766612,0.156207159,0.026898123,0.138046324
2221.616409,0.079200357,0.082159542,0.061048996,0.174185291,0.068157829,0.080508165,0.079602316,0.13417688,0.029097006,0.187145665,0.173735976,0.084476523,0.082514301,0.03324629,0.051844005,0.111099795,0.130102828,0.047762737,0.168835849,0.168990985,0.171490058,0.047860317,0.006702038,0.1470851,0.052343152,0.040680844,0.090588421,0.166263729,0.127576396,0.030357273,0.133583903,0.163349763,0.09363763,0.039606713,0.155410156,0.011445789,0.180840701,0.156217217,0.026759047,0.13803108
2223.544896,0.079100735,0.082150459,0.060976818,0.17413494,0.068158574,0.080466531,0.079641335,0.134130135,0.029095585,0.18716085,0.173664302,0.084552653,0.08238785,0.033274271,0.051878899,0.111067899,0.130195215,0.047806356,0.168794945,0.168975234,0.171277463,0.047840506,0.006690278,0.147082672,0.052296851,0.040474936,0.090636417,0.166326836,0.127522707,0.030367808,0.133354232,0.163412109,0.093704782,0.039520063,0.155361578,0.011270775,0.180891827,0.156207621,0.026640406,0.138038769
2225.473382,0.079052761,0.082170598,0.060906738,0.174087271,0.068207525,0.080463521,0.079716153,0.134159237,0.029144932,0.187223181,0.173626304,0.084668636,0.08229541,0.033346973,0.0519705,0.11105717,0.130282611,0.047897663,0.168790266,0.168994859,0.171083584,0.047885757,0.006736001,0.147121832,0.052305739,0.040305678,0.090728685,0.16644977,0.127497301,0.030405078,0.133138373,0.163549364,0.093826018,0.039503507,0.155360326,0.011157032,0.180986911,0.156230345,0.026549526,0.138077185
2227.401869,0.078990981,0.082191899,0.060817283,0.174050242,0.06826742,0.080439687,0.079787582,0.134152398,0.029201752,0.187296227,0.17356205,0.084776893,0.082202271,0.033399731,0.052039146,0.111031368,0.130334467,0.047992378,0.168766767,0.169020072,0.170856401,0.047913432,0.006766953,0.147128776,0.05231088,0.040148109,0.090790741,0.166557252,0.12746875,0.030444136,0.132915691,0.163683906,0.093888342,0.039465539,0.155401185,0.011010651,0.181082398,0.156271577,0.026435081,0.138087675
2229.330355,0.078917883,0.082206853,0.060738031,0.17404367,0.068333156,0.080388047,0.079824872,0.134093121,0.029225335,0.187349856,0.173507243,0.084875025,0.082129486,0.033425879,0.052074008,0.110997789,0.130395278,0.048061356,0.168770313,0.1689969,0.170638248,0.047926351,0.006782442,0.147112653,0.052287035,0.039964397,0.090839408,0.166631892,0.127428561,0.030463966,0.132682726,0.16376473,0.093940288,0.039418571,0.155412018,0.010854748,0.181151792,0.156316504,0.026332593,0.138077319
2231.258842,0.078848697,0.082241267,0.06068749,0.174029559,0.068389438,0.080356099,0.07988622,0.134053454,0.029277453,0.187405542,0.173485667,0.085008129,0.082060933,0.033487141,0.05213017,0.11096549,0.130473837,0.04816616,0.168799832,0.16898708,0.170433238,0.047957029,0.006812278,0.147116348,0.052280549,0.039777108,0.090926461,0.166729569,0.127384424,0.030485462,0.132429451,0.163877472,0.094032079,0.03936705,0.155404076,0.010721806,0.181230471,0.156336993,0.02623173,0.138085097
2233.187328,0.078748725,0.082284771,0.060615931,0.173994198,0.068416446,0.080300115,0.079949759,0.134002432,0.029351013,0.187453911,0.173436671,0.085120499,0.081964716,0.033533975,0.052187234,0.110913485,0.130528212,0.048268795,0.168777734,0.169014782,0.170227051,0.047975436,0.006816485,0.147119135,0.052273553,0.039574333,0.091007642,0.166818365,0.127335191,0.030501848,0.132165149,0.164028645,0.094103709,0.039304804,0.155398428,0.010550743,0.181286469,0.156316757,0.026094446,0.138085023
2235.115815,0.078677133,0.082354136,0.060555641,0.173994139,0.068490274,0.080273844,0.080043904,0.133961856,0.029429637,0.187540367,0.173390031,0.085253887,0.081898771,0.033607554,0.052277859,0.110914178,0.130600423,0.048348356,0.168754742,0.169062704,0.170026988,0.048029996,0.006851248,0.147158042,0.052277073,0.039389841,0.091116779,0.16693759,0.127295807,0.030558463,0.13193655,0.164196089,0.094189778,0.039274558,0.155397445,0.010399919,0.18137978,0.156358629,0.025999138,0.138109505
2237.044301,0.078605413,0.082412444,0.060492527,0.173983693,0.068560399,0.080244422,0.080122657,0.133920148,0.029474977,0.187620267,0.173306078,0.085390933,0.081818797,0.033684589,0.052350115,0.11091692,0.130673736,0.048453778,0.168725029,0.169088274,0.169779629,0.048072349,0.006901408,0.14717561,0.05229187,0.039190244,0.091224402,0.167037055,0.127233192,0.030599417,0.131705984,0.164299369,0.094265908,0.039229732,0.155398384,0.010264625,0.181478187,0.156406537,0.025914371,0.138152838
2238.972787,0.07854256,0.082444139,0.060432211,0.173936918,0.068609968,0.080170527,0.080160707,0.133891746,0.029512849,0.187656999,0.173238844,0.08550024,0.081728324,0.033741575,0.052424144,0.110884279,0.130722031,0.048582725,0.168734252,0.16909492,0.169562057,0.048088133,0.00694219,0.147159621,0.052326173,0.03898979,0.091304801,0.167146131,0.12719278,0.030634673,0.131483972,0.164369747,0.094332874,0.039201982,0.15542917,0.010104455,0.181574687,0.156448454,0.025826199,0.138192713
2240.901274,0.078520328,0.082498491,0.060386837,0.173899844,0.068689071,0.080121458,0.0802579,0.133890927,0.029574547,0.187676415,0.173220485,0.085622586,0.081659116,0.033831872,0.052528299,0.110881887,0.130806237,0.048684105,0.168763071,0.169077456,0.169390261,0.048135482,0.006971206,0.147201777,0.052357994,0.038828161,0.09139657,0.167306244,0.127194017,0.030684059,0.131293193,0.16450727,0.094430231,0.039197147,0.155453846,0.009967482,0.181681752,0.156492472,0.025742274,0.138233468
2242.82976,0.078506835,0.082595274,0.060368527,0.173952788,0.068801768,0.080142684,0.080382921,0.13393636,0.029685877,0.187773764,0.173240229,0.085771084,0.081630252,0.033935785,0.052640572,0.110922053,0.130953193,0.048825193,0.168790847,0.169138193,0.169239491,0.04824914,0.007028525,0.147283405,0.052389432,0.038673427,0.091524132,0.167474195,0.127208382,0.030759821,0.131112948,0.164697543,0.094558716,0.039207079,0.155497506,0.00987546,0.181824684,0.156549275,0.025673931,0.13833344
2244.758247,0.078454606,0.082661122,0.060335957,0.173954859,0.068883136,0.080145322,0.080458,0.133965105,0.029756755,0.187832341,0.173215702,0.085909612,0.081577584,0.034011316,0.052718557,0.110928714,0.13108395,0.048939437,0.16878897,0.169173345,0.169039577,0.04832425,0.007063446,0.147310644,0.052395679,0.03851952,0.091639854,0.167591259,0.127223715,0.030844159,0.130879894,0.164843559,0.094659671,0.039190117,0.155547708,0.009705408,0.181937754,0.156603917,0.025576698,0.138411701
2246.686733,0.078381352,0.082699224,0.060280629,0.173907503,0.068951644,0.080105491,0.08052589,0.133943513,0.029816475,0.187849745,0.173140749,0.086029798,0.08149977,0.034071349,0.05277539,0.110899761,0.131147474,0.049036868,0.168783486,0.169166818,0.168764278,0.048337687,0.007090952,0.147348464,0.052412592,0.038351838,0.091734149,0.167680398,0.127206936,0.030906934,0.130612582,0.164985046,0.094753601,0.039166663,0.155583486,0.009550206,0.182032347,0.156605408,0.025471196,0.138417214
2248.61522,0.078354701,0.082789019,0.06025482,0.173951402,0.069053732,0.080112658,0.080634281,0.133986592,0.029943079,0.187946767,0.173122451,0.08617381,0.081463635,0.034174081,0.05289156,0.11091511,0.131250739,0.049195487,0.168807954,0.169201836,0.168539733,0.048396096,0.007170364,0.147424147,0.052472576,0.038191151,0.091849923,0.167830512,0.127209693,0.031014586,0.130398482,0.165158853,0.094875216,0.03916128,0.155642554,0.009466036,0.182181865,0.156656116,0.025415117,0.138458952
2250.543706,0.078323357,0.08286114,0.060252666,0.174007818,0.069134302,0.08010675,0.080724463,0.134025082,0.030053921,0.188053086,0.173116967,0.086314224,0.081443675,0.034253057,0.052975979,0.110955857,0.131383494,0.049335103,0.168814361,0.169221297,0.168320507,0.048477497,0.00721559,0.147477284,0.052517418,0.038037147,0.091958508,0.167973563,0.127240524,0.031115105,0.130166873,0.165316895,0.094987355,0.039163765,0.15568997,0.009314073,0.182324246,0.156694829,0.025361812,0.138512954
2252.472193,0.078289829,0.082909368,0.060239181,0.174047574,0.069226526,0.080096103,0.080774665,0.13405247,0.030162049,0.188166931,0.1731181,0.086465463,0.081410147,0.034316503,0.053035963,0.110984817,0.131500855,0.049471892,0.168814629,0.169267118,0.168110028,0.048549984,0.007259031,0.14754276,0.052559596,0.037876882,0.092059195,0.168117508,0.127259538,0.031190038,0.129938275,0.165485293,0.095087245,0.039178994,0.155741826,0.009195708,0.182452857,0.156715557,0.025299555,0.138594404
2254.400679,0.078275487,0.082977645,0.06021424,0.174098387,0.069358066,0.08009351,0.080832645,0.134124592,0.030276092,0.188256726,0.173118904,0.086610727,0.081379399,0.034418069,0.053120121,0.111013882,0.131635115,0.049641911,0.168851778,0.169314757,0.167921737,0.048629154,0.007329877,0.147605181,0.052612051,0.037698902,0.092188984,0.168273568,0.127253145,0.031281233,0.129765064,0.165643319,0.095196389,0.039205164,0.155813068,0.009107119,0.182539821,0.156765014,0.025241675,0.138708249
2256.329166,0.078257464,0.08305537,0.060242016,0.174195454,0.069475576,0.080093548,0.080943033,0.134187445,0.030401189,0.188337415,0.173136562,0.086738206,0.081387669,0.034509763,0.05320251,0.111059949,0.131761536,0.04982521,0.168927208,0.169403329,0.16773431,0.048726194,0.007410171,0.147692129,0.052692942,0.037527684,0.092357524,0.168444216,0.127258018,0.031400122,0.129574955,0.165808782,0.09533564,0.039257322,0.155897856,0.008975416,0.182670832,0.156801075,0.025211096,0.13880828
2258.257652,0.078249693,0.083133824,0.06025834,0.174252614,0.069553174,0.08010003,0.081051268,0.134210229,0.030506182,0.188442945,0.173184946,0.08687038,0.081369378,0.034597255,0.053275097,0.111096129,0.131879419,0.049972292,0.168933257,0.16947718,0.167546034,0.048808128,0.007478509,0.147775784,0.052773543,0.037353147,0.092500485,0.168637544,0.127271563,0.031503875,0.129340589,0.165978134,0.095458761,0.039268523,0.155953616,0.008879432,0.182844937,0.156845167,0.025162209,0.138881028
2260.186139,0.078258291,0.083239041,0.060276017,0.174328849,0.069684885,0.08009991,0.081123419,0.134251833,0.030635972,0.188584,0.173224062,0.087024398,0.081391074,0.034718644,0.053386796,0.111156367,0.132025689,0.050173286,0.168976083,0.169545412,0.16733779,0.048933558,0.00756539,0.147842884,0.052854326,0.03713765,0.092635408,0.168790728,0.127293468,0.031611599,0.129138678,0.166172385,0.09561909,0.039321493,0.156018987,0.008815319,0.183013186,0.156896412,0.02514191,0.138955608
2262.114625,0.078269772,0.083357245,0.060331263,0.174457297,0.069840282,0.08012978,0.081191197,0.134346277,0.030794412,0.188699856,0.173267752,0.087206371,0.081447557,0.03486326,0.053551216,0.111216381,0.132197306,0.050404515,0.169076324,0.169614345,0.167150274,0.049088541,0.007675096,0.147935495,0.0529425,0.036961701,0.092800096,0.168954775,0.127374858,0.031754795,0.128981575,0.166368976,0.095779754,0.039398525,0.15610531,0.008721322,0.183187753,0.156944454,0.025137827,0.139037967
2264.043112,0.078273989,0.083445944,0.060357057,0.174549565,0.069957882,0.080155402,0.08126013,0.134424582,0.030935174,0.188820586,0.173306748,0.087376162,0.081448548,0.034973677,0.053657539,0.111247972,0.132346123,0.050577268,0.169146061,0.169662252,0.166940659,0.049202822,0.007773798,0.148021713,0.053027399,0.036823917,0.092962161,0.169151798,0.127437592,0.031882584,0.128797665,0.166521981,0.095904231,0.039429989,0.156178325,0.008647973,0.183357984,0.156980604,0.025106663,0.139124602
2265.971598,0.078267038,0.083549291,0.060364679,0.174639717,0.070113383,0.080206327,0.08138375,0.134505093,0.031085256,0.188989431,0.173338413,0.08756756,0.081458651,0.035088949,0.053753614,0.111311823,0.132484347,0.050738018,0.16921106,0.169779763,0.166740403,0.049321473,0.007885912,0.148116767,0.053125635,0.036664594,0.093123265,0.169352129,0.12747997,0.032015555,0.128620878,0.166709304,0.096090108,0.039470945,0.156287745,0.008562653,0.183556035,0.157058313,0.025094185,0.1392546
2267.900084,0.078255713,0.083668061,0.060394671,0.174707472,0.070289433,0.080263346,0.081545748,0.13460274,0.031202635,0.189139545,0.173415765,0.087770611,0.081475154,0.035255898,0.053889472,0.111393236,0.132664934,0.050899912,0.169259325,0.169885263,0.166568547,0.049447868,0.007998775,0.14825137,0.053236701,0.036525451,0.093287855,0.169550434,0.127542526,0.032153089,0.128470823,0.166927665,0.096283056,0.039544374,0.156408072,0.008446037,0.18374829,0.157158643,0.025070906,0.139373481
2269.828571,0.078578465,0.084139682,0.060777117,0.175136179,0.070719309,0.080573507,0.082060345,0.135017693,0.031627957,0.189586952,0.17375493,0.08826977,0.081812173,0.035725851,0.054368172,0.111767955,0.133211911,0.051428288,0.16967769,0.170267493,0.166819468,0.049876362,0.008423859,0.14872314,0.053682189,0.036847953,0.093742147,0.170082524,0.127931759,0.03265151,0.128782153,0.167475939,0.09670908,0.039853506,0.156831071,0.008712147,0.184297353,0.157569155,0.025425427,0.139778554
2271.757057,0.078901209,0.084611312,0.061159562,0.175564885,0.071149185,0.080883674,0.082574941,0.135432661,0.032053277,0.19003436,0.174094111,0.088768929,0.082149193,0.036195807,0.054846868,0.112142682,0.133758903,0.051956665,0.17009607,0.170649707,0.167070389,0.05030486,0.008848945,0.149194896,0.054127682,0.037170451,0.094196446,0.17061463,0.128320992,0.033149935,0.129093483,0.168024212,0.097135097,0.040162642,0.157254055,0.008978259,0.184846416,0.157979682,0.025779948,0.140183628
2273.685544,0.079223961,0.085082933,0.061542008,0.175993592,0.071579061,0.081193835,0.083089538,0.135847628,0.032478597,0.190481782,0.174433276,0.089268088,0.082486212,0.036665764,0.055325564,0.112517402,0.134305879,0.052485045,0.170514449,0.171031922,0.167321324,0.050733358,0.009274029,0.149666667,0.054573171,0.037492953,0.094650738,0.171146736,0.128710225,0.033648361,0.129404813,0.168572485,0.097561114,0.040471774,0.15767704,0.009244369,0.185395479,0.158390194,0.026134469,0.140588701
2275.61403,0.079546712,0.085554563,0.061924454,0.176422283,0.072008945,0.081503995,0.083604135,0.136262581,0.032903917,0.190929189,0.174772441,0.089767247,0.082823239,0.037135717,0.05580426,0.112892121,0.134852856,0.053013422,0.170932829,0.171414137,0.167572245,0.051161852,0.009699115,0.150138438,0.05501866,0.037815452,0.09510503,0.171678841,0.129099458,0.034146782,0.129716143,0.169120774,0.09798713,0.040780909,0.158100039,0.00951048,0.185944542,0.158800706,0.026488988,0.140993774
2277.542517,0.079869457,0.086026184,0.0623069,0.176850989,0.072438821,0.081814155,0.084118731,0.136677548,0.033329237,0.191376612,0.175111607,0.090266407,0.083160259,0.037605673,0.05628296,0.113266848,0.135399848,0.053541798,0.171351194,0.171796352,0.167823166,0.05159035,0.0101242,0.150610209,0.055464152,0.038137954,0.095559321,0.172210932,0.129488692,0.034645207,0.130027473,0.169669047,0.098413147,0.041090041,0.158523023,0.00977659,0.18649362,0.159211218,0.026843509,0.141398847
2279.471003,0.080192208,0.086497813,0.062689349,0.177279696,0.072868697,0.082124315,0.084633335,0.137092516,0.033754557,0.191824019,0.175450787,0.090765566,0.083497278,0.03807563,0.056761656,0.113641568,0.135946825,0.054070175,0.171769574,0.172178566,0.168074101,0.052018847,0.010549285,0.151081964,0.055909641,0.038460456,0.096013613,0.172743037,0.129877925,0.035143629,0.130338818,0.17021732,0.098839164,0.041399177,0.158946007,0.010042701,0.187042683,0.15962173,0.02719803,0.14180392
2281.39949,0.080514953,0.086969443,0.063071795,0.177708402,0.073298573,0.082434483,0.085147932,0.137507468,0.034179881,0.192271441,0.175789952,0.091264725,0.083834298,0.038545582,0.057240352,0.114016287,0.136493802,0.054598555,0.172187954,0.172560781,0.168325022,0.052447341,0.01097437,0.151553735,0.05635513,0.038782954,0.096467912,0.173275143,0.130267158,0.035642054,0.130650148,0.170765609,0.099265188,0.041708309,0.159369007,0.010308812,0.187591746,0.160032243,0.027552551,0.142208993
2283.327976,0.080837704,0.087441064,0.063454241,0.178137109,0.07372845,0.082744643,0.085662529,0.137922436,0.034605201,0.192718849,0.176129118,0.091763884,0.084171318,0.039015539,0.057719048,0.114391014,0.137040794,0.055126932,0.172606334,0.172942996,0.168575943,0.052875839,0.011399454,0.152025506,0.056800622,0.039105456,0.096922204,0.173807248,0.130656391,0.036140475,0.130961478,0.171313882,0.099691205,0.042017445,0.159791991,0.010574923,0.18814081,0.160442755,0.027907072,0.142614067
2285.256463,0.081160448,0.087912694,0.063836686,0.178565815,0.074158333,0.083054803,0.086177126,0.138337404,0.035030521,0.193166271,0.176468283,0.092263043,0.084508337,0.039485496,0.058197748,0.114765733,0.137587771,0.055655308,0.173024699,0.173325211,0.168826863,0.053304333,0.01182454,0.152497277,0.057246111,0.039427955,0.097376496,0.174339339,0.131045625,0.036638901,0.131272808,0.171862155,0.100117221,0.042326577,0.160214975,0.010841033,0.188689873,0.160853267,0.028261593,0.14301914
2287.184949,0.0814832,0.088384315,0.064219132,0.178994507,0.074588209,0.083364964,0.086691722,0.138752371,0.035455842,0.193613678,0.176807463,0.092762202,0.084845357,0.039955448,0.058676444,0.115140453,0.138134748,0.056183685,0.173443079,0.173707426,0.169077799,0.053732831,0.012249625,0.152969033,0.0576916,0.039750457,0.097830787,0.174871445,0.131434858,0.037137326,0.131584138,0.172410429,0.100543238,0.042635713,0.160637975,0.011107144,0.189238936,0.161263779,0.028616114,0.143424213
2289.113436,0.081805944,0.088855945,0.064601578,0.179423213,0.075018086,0.083675131,0.087206319,0.139167324,0.035881162,0.1940611,0.177146628,0.093261361,0.085182384,0.040425405,0.05915514,0.11551518,0.13868174,0.056712065,0.173861459,0.17408964,0.169328719,0.054161329,0.01267471,0.153440803,0.058137093,0.040072959,0.098285079,0.17540355,0.131824091,0.037635747,0.131895468,0.172958717,0.100969255,0.042944845,0.161060959,0.011373254,0.189787999,0.161674291,0.028970635,0.143829286
2291.041922,0.082128696,0.089327566,0.064984024,0.179851919,0.075447962,0.083985291,0.087720916,0.139582291,0.036306482,0.194508508,0.177485794,0.09376052,0.085519403,0.040895358,0.059633836,0.115889899,0.139228716,0.057240441,0.174279839,0.17447187,0.16957964,0.054589823,0.013099795,0.153912574,0.058582582,0.040395457,0.098739378,0.175935641,0.132213324,0.038134173,0.132206798,0.17350699,0.101395272,0.043253981,0.161483943,0.011639366,0.190337077,0.162084803,0.029325156,0.144234359
2292.970409,0.08245144,0.089799196,0.065366469,0.180280626,0.075877838,0.084295452,0.088235512,0.139997259,0.036731802,0.19495593,0.177824974,0.094259679,0.085856423,0.041365314,0.060112536,0.116264619,0.139775693,0.057768818,0.174698204,0.174854085,0.169830576,0.055018321,0.01352488,0.15438433,0.05902807,0.040717959,0.09919367,0.176467746,0.132602558,0.038632594,0.132518128,0.174055263,0.101821288,0.043563113,0.161906943,0.011905476,0.19088614,0.162495315,0.029679675,0.144639432
2294.898895,0.082774192,0.090270817,0.065748915,0.180709332,0.076307714,0.084605612,0.088750109,0.140412211,0.037157126,0.195403337,0.178164139,0.094758838,0.086193442,0.041835271,0.060591232,0.116639346,0.140322685,0.058297198,0.175116584,0.1752363,0.170081496,0.055446818,0.013949965,0.154856101,0.059473563,0.041040458,0.099647962,0.176999852,0.132991791,0.039131019,0.132829472,0.174603537,0.102247313,0.043872248,0.162329927,0.012171587,0.191435203,0.162905827,0.030034196,0.145044506
2296.827381,0.083096936,0.090742446,0.066131361,0.181138039,0.076737598,0.08491578,0.089264706,0.140827179,0.037582446,0.19585076,0.178503305,0.095257998,0.086530462,0.042305224,0.061069928,0.117014065,0.140869662,0.058825575,0.175534964,0.175618514,0.170332417,0.055875313,0.01437505,0.155327871,0.059919052,0.04136296,0.100102253,0.177531958,0.133381024,0.039629441,0.133140802,0.175151825,0.102673329,0.04418138,0.162752911,0.012437697,0.191984266,0.163316354,0.030388717,0.145449579
2298.755868,0.083419688,0.091214068,0.066513807,0.18156673,0.077167474,0.08522594,0.089779302,0.141242146,0.038007766,0.196298167,0.17884247,0.095757157,0.086867481,0.04277518,0.061548624,0.117388785,0.141416639,0.059353951,0.175953344,0.176000729,0.170583352,0.05630381,0.014800135,0.155799642,0.060364541,0.041685462,0.100556545,0.178064048,0.133770257,0.040127866,0.133452132,0.175700098,0.103099346,0.044490516,0.163175896,0.012703808,0.192533329,0.163726866,0.030743238,0.145854652
2300.684354,0.083742432,0.091685697,0.066896252,0.181995437,0.07759735,0.0855361,0.090293899,0.141657114,0.038433086,0.196745589,0.17918165,0.096256308,0.087204508,0.043245137,0.062027324,0.117763512,0.141963616,0.059882328,0.176371723,0.176382944,0.170834273,0.056732308,0.01522522,0.156271398,0.060810033,0.04200796,0.101010844,0.178596154,0.13415949,0.040626291,0.133763462,0.176248372,0.103525363,0.044799648,0.163598895,0.012969919,0.193082392,0.164137378,0.031097759,0.146259725
2302.612841,0.084065184,0.092157319,0.067278698,0.182424143,0.078027226,0.08584626,0.090808503,0.142072067,0.038858406,0.197192997,0.179520816,0.096755467,0.087541528,0.04371509,0.06250602,0.118138231,0.142510608,0.060410708,0.176790088,0.176765159,0.171085194,0.057160802,0.015650306,0.156743169,0.061255522,0.042330462,0.101465136,0.179128259,0.134548724,0.041124713,0.134074792,0.176796645,0.10395138,0.045108784,0.164021879,0.01323603,0.193631455,0.16454789,0.03145228,0.146664798
2304.541327,0.084387928,0.092628948,0.067661144,0.182852849,0.078457102,0.086156428,0.0913231,0.142487034,0.039283726,0.197640404,0.179859981,0.097254626,0.087878548,0.044185046,0.06298472,0.118512951,0.143057585,0.060939085,0.177208468,0.177147374,0.171336114,0.0575893,0.016075389,0.15721494,0.061701015,0.042652961,0.101919428,0.17966035,0.134937972,0.041623138,0.134386122,0.177344933,0.104377396,0.045417916,0.164444864,0.013502141,0.194180533,0.164958403,0.031806801,0.147069871
2306.469814,0.08471068,0.093100578,0.06804359,0.183281556,0.078886986,0.086466588,0.091837697,0.142902002,0.03970905,0.198087826,0.180199146,0.097753786,0.088215567,0.044655003,0.063463412,0.118887678,0.143604562,0.061467461,0.177626848,0.177529588,0.17158705,0.058017794,0.016500475,0.157686695,0.062146503,0.042975463,0.102373719,0.180192456,0.135327205,0.042121559,0.134697452,0.177893206,0.104803421,0.045727052,0.164867863,0.013768251,0.194729596,0.165368915,0.032161321,0.147474945
2308.3983,0.085033424,0.093572199,0.068426035,0.183710262,0.079316862,0.086776748,0.092352293,0.143316954,0.04013437,0.198535234,0.180538327,0.098252945,0.088552587,0.045124955,0.063942112,0.119262397,0.144151554,0.061995838,0.178045228,0.177911803,0.171837971,0.058446292,0.01692556,0.158158466,0.062591992,0.043297965,0.102828011,0.180724561,0.135716438,0.042619985,0.135008782,0.17844148,0.105229437,0.046036184,0.165290847,0.014034362,0.195278659,0.165779427,0.032515842,0.147880018
2310.326787,0.085356176,0.094043829,0.068808481,0.184138954,0.079746738,0.087086909,0.09286689,0.143731922,0.04055969,0.198982656,0.180877492,0.098752104,0.088889606,0.045594912,0.064420804,0.119637124,0.14469853,0.062524214,0.178463593,0.178294018,0.172088891,0.05887479,0.017350646,0.158630237,0.063037485,0.043620463,0.10328231,0.181256667,0.136105672,0.043118406,0.135320127,0.178989753,0.105655454,0.04634532,0.165713832,0.014300472,0.195827723,0.166189939,0.032870363,0.148285091
2312.255273,0.08567892,0.09451545,0.069190927,0.18456766,0.080176614,0.087397076,0.093381487,0.144146889,0.040985011,0.199430063,0.181216657,0.099251263,0.089226626,0.046064869,0.064899504,0.120011844,0.145245507,0.063052595,0.178881973,0.178676248,0.172339827,0.059303284,0.017775731,0.159102008,0.06348297,0.043942966,0.103736602,0.181788757,0.136494905,0.043616831,0.135631457,0.179538041,0.106081471,0.046654452,0.166136831,0.014566584,0.196376786,0.166600451,0.033224884,0.148690164
2314.18376,0.086001672,0.09498708,0.069573373,0.184996367,0.08060649,0.087707236,0.093896084,0.144561857,0.041410331,0.199877486,0.181555837,0.099750422,0.089563653,0.046534821,0.065378204,0.120386563,0.145792499,0.063580975,0.179300353,0.179058462,0.172590747,0.059731781,0.018200815,0.159573764,0.063928463,0.044265464,0.104190893,0.182320863,0.136884138,0.044115257,0.135942787,0.180086315,0.106507488,0.046963587,0.166559815,0.014832694,0.196925849,0.167010963,0.033579405,0.149095237
2316.112246,0.086324416,0.095458701,0.069955818,0.185425073,0.081036374,0.088017397,0.09441068,0.14497681,0.041835651,0.200324893,0.181895003,0.100249581,0.089900672,0.047004778,0.065856896,0.12076129,0.146339476,0.064109348,0.179718733,0.179440677,0.172841668,0.060160279,0.0186259,0.160045534,0.064373955,0.044587966,0.104645185,0.182852969,0.137273371,0.044613678,0.136254117,0.180634588,0.106933504,0.047272719,0.1669828,0.015098805,0.197474912,0.167421475,0.033933926,0.14950031
2318.040733,0.086647168,0.09593033,0.070338264,0.185853779,0.08146625,0.088327557,0.094925277,0.145391777,0.042260971,0.200772315,0.182234168,0.10074874,0.090237692,0.047474731,0.066335596,0.12113601,0.146886453,0.064637728,0.180137098,0.179822892,0.173092604,0.060588773,0.019050986,0.160517305,0.06481944,0.044910468,0.105099477,0.183385074,0.137662604,0.045112103,0.136565447,0.181182861,0.107359521,0.047581855,0.167405799,0.015364915,0.19802399,0.167831987,0.034288444,0.149905384
2319.969219,0.086969912,0.096401952,0.07072071,0.186282486,0.081896126,0.088637725,0.095439874,0.145806745,0.042686295,0.201219723,0.182573333,0.101247899,0.090574712,0.047944687,0.066814296,0.121510729,0.147433445,0.065166101,0.180555478,0.180205107,0.173343524,0.061017271,0.019476071,0.160989061,0.065264933,0.045232967,0.105553776,0.183917165,0.138051838,0.045610525,0.136876777,0.18173115,0.107785545,0.047890987,0.167828783,0.015631026,0.198573053,0.168242514,0.034642965,0.150310457
2321.897706,0.087292664,0.096873581,0.071103156,0.186711177,0.082326002,0.088947885,0.09595447,0.146221697,0.043111615,0.201667145,0.182912514,0.101747058,0.090911731,0.048414644,0.067292988,0.121885456,0.147980422,0.065694481,0.180973858,0.180587322,0.173594445,0.061445769,0.019901156,0.161460832,0.065710425,0.045555469,0.106008068,0.18444927,0.138441071,0.04610895,0.137188107,0.182279423,0.108211562,0.048200123,0.168251768,0.015897136,0.199122116,0.168653026,0.034997486,0.15071553
2323.826192,0.087615415,0.097345203,0.071485601,0.187139884,0.082755879,0.089258045,0.096469067,0.146636665,0.043536935,0.202114552,0.183251679,0.102246217,0.091248751,0.048884597,0.067771688,0.122260176,0.148527399,0.066222861,0.181392238,0.180969536,0.173845366,0.061874263,0.02032624,0.161932603,0.066155918,0.045877967,0.106462359,0.184981376,0.138830304,0.046607371,0.137499437,0.182827696,0.108637579,0.048509255,0.168674752,0.016163247,0.199671179,0.169063538,0.035352007,0.151120603
2325.754678,0.08793816,0.097816832,0.071868047,0.18756859,0.083185755,0.089568205,0.096983664,0.147051632,0.043962255,0.202561975,0.183590844,0.102745377,0.091585778,0.049354553,0.068250388,0.122634895,0.149074391,0.066751234,0.181810603,0.181351751,0.174096301,0.062302761,0.020751325,0.162404373,0.066601403,0.046200469,0.106916651,0.185513467,0.139219537,0.047105797,0.137810782,0.18337597,0.109063596,0.048818391,0.169097751,0.016429357,0.200220242,0.16947405,0.035706528,0.151525676
2327.683165,0.088260911,0.098288462,0.072250493,0.187997296,0.083615638,0.089878373,0.097498268,0.147466585,0.044387575,0.203009382,0.18393001,0.103244536,0.091922797,0.04982451,0.06872908,0.123009622,0.149621367,0.067279615,0.182228982,0.181733966,0.174347222,0.062731259,0.021176411,0.162876129,0.067046896,0.046522971,0.107370943,0.186045572,0.139608771,0.047604222,0.138122112,0.183924258,0.109489612,0.049127523,0.169520736,0.01669547,0.200769305,0.169884562,0.036061049,0.151930749
2329.611651,0.088583656,0.098760083,0.072632939,0.188426003,0.084045514,0.090188533,0.098012865,0.147881553,0.044812895,0.203456804,0.18426919,0.103743695,0.092259817,0.050294463,0.06920778,0.123384342,0.150168344,0.067807995,0.182647362,0.182116181,0.174598143,0.063159756,0.021601496,0.1633479,0.067492388,0.04684547,0.107825242,0.186577678,0.139998004,0.048102643,0.138433442,0.184472531,0.109915629,0.049436659,0.16994372,0.01696158,0.201318368,0.170295075,0.036415569,0.152335823
2331.540138,0.088906407,0.099231713,0.073015384,0.188854709,0.084475391,0.090498693,0.098527461,0.14829652,0.045238215,0.203904212,0.184608355,0.104242854,0.092596836,0.050764419,0.069686472,0.123759061,0.150715336,0.068336368,0.183065742,0.182498395,0.174849078,0.063588247,0.022026582,0.163819671,0.067937873,0.047167972,0.108279534,0.187109783,0.140387237,0.048601069,0.138744771,0.185020804,0.110341653,0.049745791,0.170366719,0.017227691,0.201867446,0.170705587,0.03677009,0.152740896
2333.468624,0.089229152,0.099703334,0.07339783,0.189283401,0.084905267,0.090808854,0.099042058,0.148711488,0.045663539,0.204351634,0.18494752,0.104742013,0.092933856,0.051234376,0.070165172,0.124133788,0.151262313,0.068864748,0.183484122,0.182880625,0.175099999,0.064016744,0.022451665,0.164291427,0.068383366,0.04749047,0.108733825,0.187641874,0.14077647,0.04909949,0.139056101,0.185569093,0.11076767,0.050054926,0.170789704,0.017493801,0.202416509,0.171116099,0.037124611,0.153145969
2335.397111,0.089551903,0.100174963,0.073780276,0.189712107,0.085335143,0.091119021,0.099556655,0.14912644,0.046088859,0.204799041,0.185286701,0.105241172,0.093270876,0.051704329,0.070643872,0.124508508,0.15180929,0.069393128,0.183902487,0.18326284,0.175350919,0.064445242,0.022876751,0.164763197,0.068828858,0.047812972,0.109188117,0.18817398,0.141165704,0.049597915,0.139367431,0.186117366,0.111193687,0.050364058,0.171212688,0.017759912,0.202965572,0.171526611,0.037479132,0.153551042
2337.325597,0.089874648,0.100646585,0.074162722,0.190140814,0.085765027,0.091429181,0.100071251,0.149541408,0.04651418,0.205246463,0.185625866,0.105740331,0.093607895,0.052174285,0.071122564,0.124883227,0.152356282,0.069921501,0.184320867,0.183645055,0.175601855,0.06487374,0.023301836,0.165234968,0.069274344,0.048135474,0.109642409,0.188706085,0.141554937,0.050096337,0.139678761,0.186665639,0.111619703,0.050673194,0.171635687,0.018026022,0.203514636,0.171937123,0.037833653,0.153956115
2339.254084,0.090197399,0.101118214,0.074545175,0.19056952,0.086194903,0.091739342,0.100585848,0.149956375,0.0469395,0.205693871,0.185965031,0.10623949,0.093944922,0.052644242,0.071601264,0.125257954,0.152903259,0.070449881,0.184739247,0.184027269,0.175852776,0.065302238,0.023726922,0.165706739,0.069719836,0.048457973,0.110096708,0.189238176,0.14194417,0.050594762,0.139990091,0.187213913,0.11204572,0.050982326,0.172058672,0.018292133,0.204063699,0.172347635,0.038188174,0.154361188
2341.18257,0.090520144,0.101589836,0.074927621,0.190998226,0.086624779,0.092049502,0.101100445,0.150371328,0.04736482,0.206141278,0.186304197,0.106738642,0.094281942,0.053114194,0.072079964,0.125632674,0.153450236,0.070978254,0.185157627,0.184409484,0.176103696,0.065730728,0.024152007,0.166178495,0.070165329,0.048780475,0.110551,0.189770281,0.142333403,0.051093183,0.140301436,0.187762201,0.112471737,0.051291462,0.172481656,0.018558243,0.204612762,0.172758147,0.038542695,0.154766262
2343.111057,0.090842895,0.102061465,0.075310066,0.191426933,0.087054655,0.09235967,0.101615041,0.150786296,0.04779014,0.2065887,0.186643377,0.107237801,0.094618961,0.053584151,0.072558656,0.126007393,0.153997228,0.071506634,0.185575992,0.184791699,0.176354617,0.066159226,0.024577091,0.166650265,0.070610814,0.049102973,0.111005291,0.190302387,0.142722636,0.051591609,0.140612766,0.188310474,0.112897761,0.051600594,0.172904655,0.018824354,0.205161825,0.173168674,0.038897216,0.155171335
2345.039543,0.091165639,0.102533087,0.075692512,0.191855624,0.087484531,0.09266983,0.102129638,0.151201263,0.048215464,0.207036108,0.186982542,0.10773696,0.094955981,0.054054104,0.073037356,0.126382113,0.154544204,0.072035015,0.185994372,0.185173914,0.176605552,0.066587724,0.025002176,0.167122036,0.071056306,0.049425475,0.111459583,0.190834492,0.14311187,0.052090034,0.140924096,0.188858747,0.113323778,0.05190973,0.17332764,0.019090464,0.205710903,0.173579186,0.039251737,0.155576408
2346.96803,0.091488391,0.103004716,0.076074958,0.192284331,0.087914407,0.09297999,0.102644235,0.151616231,0.048640784,0.20748353,0.187321708,0.108236119,0.095293,0.05452406,0.073516048,0.126756847,0.155091181,0.072563387,0.186412752,0.185556129,0.176856473,0.067016222,0.025427261,0.167593792,0.071501799,0.049747977,0.111913875,0.191366583,0.143501103,0.052588455,0.141235426,0.189407021,0.113749795,0.052218862,0.173750624,0.019356577,0.206259966,0.173989698,0.039606258,0.155981481
2348.896516,0.091811135,0.103476346,0.076457404,0.192713037,0.088344291,0.09329015,0.103158832,0.152031183,0.049066104,0.207930937,0.187660873,0.108735278,0.09563002,0.054994017,0.073994748,0.127131566,0.155638173,0.073091768,0.186831132,0.185938343,0.177107394,0.067444719,0.025852347,0.168065563,0.071947284,0.050070476,0.112368166,0.191898689,0.143890336,0.053086881,0.141546756,0.189955309,0.114175811,0.052527998,0.174173608,0.019622687,0.206809029,0.17440021,0.039960779,0.156386554
2350.825003,0.092133887,0.103947967,0.076839849,0.193141744,0.088774167,0.093600318,0.103673436,0.152446151,0.049491424,0.20837836,0.188000053,0.109234437,0.095967047,0.05546397,0.074473448,0.127506286,0.15618515,0.073620148,0.187249497,0.186320558,0.177358329,0.067873217,0.02627743,0.168537334,0.072392777,0.050392978,0.112822466,0.192430794,0.144279569,0.053585302,0.141858086,0.190503582,0.114601828,0.05283713,0.174596608,0.019888798,0.207358092,0.174810722,0.0403153,0.156791627
2352.753489,0.092456631,0.104419596,0.077222295,0.19357045,0.089204043,0.093910478,0.104188032,0.152861118,0.049916744,0.208825767,0.188339218,0.109733596,0.096304066,0.055933926,0.07495214,0.127881005,0.156732127,0.074148521,0.187667876,0.186702773,0.17760925,0.068301708,0.026702516,0.169009104,0.072838269,0.050715476,0.113276757,0.192962885,0.144668803,0.054083727,0.142169416,0.191051856,0.115027845,0.053146265,0.175019592,0.020154908,0.207907155,0.175221235,0.040669817,0.157196701
2354.681975,0.092779383,0.104891218,0.077604741,0.193999156,0.089633919,0.094220638,0.104702629,0.153276071,0.050342064,0.209273189,0.188678384,0.110232756,0.096641086,0.056403883,0.07543084,0.128255725,0.157279104,0.074676901,0.188086256,0.187085003,0.177860171,0.068730205,0.027127601,0.16948086,0.073283754,0.051037978,0.113731049,0.19349499,0.145058036,0.054582149,0.142480746,0.191600129,0.115453862,0.053455397,0.175442576,0.020421019,0.208456218,0.175631747,0.041024338,0.157601774
2356.610462,0.093102127,0.105362847,0.077987187,0.194427848,0.090063795,0.094530798,0.105217226,0.153691038,0.050767384,0.209720597,0.189017564,0.110731915,0.096978106,0.056873836,0.07590954,0.128630444,0.157826096,0.075205274,0.188504636,0.187467217,0.178111106,0.069158703,0.027552687,0.169952631,0.073729247,0.05136048,0.114185341,0.194027096,0.145447269,0.055080574,0.142792091,0.192148417,0.115879886,0.053764533,0.175865576,0.020687129,0.209005281,0.176042259,0.041378859,0.158006847
2358.538948,0.093424879,0.105834469,0.078369632,0.194856554,0.090493679,0.094840966,0.105731823,0.154106006,0.051192708,0.210168019,0.189356729,0.111231074,0.097315125,0.057343792,0.076388232,0.129005179,0.158373073,0.075733654,0.188923016,0.187849432,0.178362027,0.069587201,0.027977772,0.170424402,0.074174739,0.051682979,0.114639632,0.194559202,0.145836502,0.055578999,0.143103421,0.192696691,0.116305903,0.054073665,0.17628856,0.02095324,0.209554359,0.176452771,0.04173338,0.15841192
2360.467435,0.093747623,0.106306098,0.078752078,0.195285261,0.090923555,0.095151126,0.106246419,0.154520974,0.051618028,0.210615426,0.189695895,0.111730233,0.097652145,0.057813749,0.076866932,0.129379898,0.15892005,0.076262034,0.189341381,0.188231647,0.178612947,0.070015699,0.028402856,0.170896173,0.074620225,0.052005481,0.115093932,0.195091292,0.146225736,0.056077421,0.143414751,0.193244964,0.116731919,0.054382801,0.176711544,0.02121935,0.210103422,0.176863283,0.042087901,0.158816993
2362.395921,0.094070375,0.10677772,0.079134524,0.195713967,0.091353431,0.095461287,0.106761016,0.154935926,0.052043349,0.211062849,0.19003506,0.112229392,0.097989172,0.058283702,0.077345625,0.129754618,0.159467041,0.076790407,0.189759761,0.188613862,0.178863868,0.070444189,0.028827941,0.171367928,0.075065717,0.052327979,0.115548223,0.195623398,0.146614969,0.056575846,0.143726081,0.193793237,0.117157936,0.054691933,0.177134544,0.021485461,0.210652485,0.177273795,0.042442422,0.159222066
2364.324408,0.094393119,0.107249349,0.07951697,0.196142673,0.091783307,0.095771447,0.107275613,0.155350894,0.052468669,0.211510256,0.19037424,0.112728551,0.098326191,0.058753658,0.077824324,0.130129337,0.160014018,0.077318788,0.190178141,0.188996077,0.179114804,0.070872687,0.029253026,0.171839699,0.07551121,0.052650481,0.116002515,0.196155503,0.147004202,0.057074267,0.144037411,0.194341525,0.117583953,0.055001069,0.177557528,0.021751571,0.211201549,0.177684307,0.042796943,0.15962714
2366.252894,0.094715871,0.107720971,0.079899415,0.19657138,0.092213184,0.096081614,0.107790209,0.155765861,0.052893989,0.211957678,0.190713406,0.11322771,0.098663211,0.059223615,0.078303024,0.130504057,0.160560995,0.077847168,0.190596521,0.189378291,0.179365724,0.071301185,0.029678112,0.17231147,0.075956695,0.052972984,0.116456807,0.196687609,0.147393435,0.057572693,0.144348741,0.194889799,0.11800997,0.055310201,0.177980512,0.022017682,0.211750612,0.178094834,0.043151464,0.160032213
2368.181381,0.095038615,0.1081926,0.080281861,0.197000071,0.09264306,0.096391775,0.108304806,0.156180814,0.053319309,0.212405086,0.191052571,0.113726869,0.09900023,0.059693567,0.078781717,0.130878791,0.161107987,0.078375541,0.191014886,0.189760506,0.179616645,0.071729682,0.030103197,0.172783226,0.076402187,0.053295482,0.116911098,0.1972197,0.147782668,0.058071114,0.144660071,0.195438072,0.118435994,0.055619337,0.178403512,0.022283794,0.212299675,0.178505346,0.043505985,0.160437286
2370.109867,0.095361367,0.10866423,0.080664307,0.197428778,0.093072943,0.096701935,0.108819403,0.156595781,0.053744629,0.212852508,0.191391751,0.114226028,0.09933725,0.060163524,0.079260416,0.131253511,0.161654964,0.078903921,0.191433266,0.190142721,0.179867581,0.07215818,0.030528281,0.173254997,0.07684768,0.053617984,0.117365398,0.197751805,0.148171902,0.058569539,0.1449714,0.195986345,0.118862011,0.055928469,0.178826496,0.022549905,0.212848738,0.178915858,0.043860506,0.160842359
2372.038354,0.095684119,0.109135851,0.081046753,0.197857484,0.09350282,0.097012095,0.109333999,0.157010749,0.054169953,0.213299915,0.191730917,0.114725187,0.09967427,0.060633477,0.079739116,0.13162823,0.162201941,0.079432294,0.191851646,0.190524936,0.180118501,0.072586678,0.030953366,0.173726767,0.077293165,0.053940482,0.117819689,0.198283911,0.148561135,0.059067965,0.145282745,0.196534634,0.119288027,0.056237604,0.17924948,0.022816015,0.213397801,0.17932637,0.044215027,0.161247432
2373.96684,0.096006863,0.10960748,0.081429198,0.198286191,0.093932696,0.097322263,0.109848604,0.157425702,0.054595273,0.213747323,0.192070082,0.115224347,0.100011289,0.061103433,0.080217808,0.13200295,0.162748933,0.079960674,0.192270026,0.190907151,0.180369422,0.073015168,0.031378452,0.174198538,0.077738658,0.054262985,0.118273981,0.198816001,0.148950368,0.059566386,0.145594075,0.197082907,0.119714044,0.056546737,0.17967248,0.023082126,0.213946879,0.179736882,0.044569548,0.161652505
2375.895327,0.096329615,0.110079102,0.081811644,0.198714897,0.094362572,0.097632423,0.1103632,0.157840669,0.055020593,0.214194745,0.192409247,0.115723506,0.100348316,0.06157339,0.080696508,0.132377669,0.16329591,0.080489054,0.192688391,0.19128938,0.180620357,0.073443666,0.031803537,0.174670294,0.07818415,0.054585487,0.118728273,0.199348107,0.149339601,0.060064811,0.145905405,0.19763118,0.120140061,0.056855872,0.180095464,0.023348236,0.214495942,0.180147395,0.044924069,0.162057579
2377.823813,0.096652359,0.110550731,0.08219409,0.199143603,0.094792448,0.097942583,0.110877797,0.158255637,0.055445913,0.214642152,0.192748427,0.116222665,0.100685336,0.062043343,0.081175208,0.132752389,0.163842887,0.081017427,0.193106771,0.191671595,0.180871278,0.073872164,0.032228623,0.175142065,0.078629635,0.054907985,0.119182564,0.199880213,0.149728835,0.060563233,0.146216735,0.198179454,0.120566078,0.057165004,0.180518448,0.023614347,0.215045005,0.180557907,0.04527859,0.162462652
2379.7523,0.09697511,0.111022353,0.082576536,0.199572295,0.095222332,0.098252743,0.111392394,0.158670604,0.055871233,0.215089574,0.193087593,0.116721824,0.101022355,0.062513299,0.0816539,0.133127123,0.164389879,0.081545807,0.19352515,0.19205381,0.181122199,0.074300662,0.032653708,0.175613835,0.079075128,0.055230487,0.119636863,0.200412318,0.150118068,0.061061658,0.146528065,0.198727742,0.120992102,0.05747414,0.180941433,0.023880458,0.215594068,0.180968419,0.045633111,0.162867725
2381.680786,0.097297855,0.111493982,0.082958981,0.200001001,0.095652208,0.098562911,0.11190699,0.159085557,0.056296553,0.215536982,0.193426758,0.117220975,0.101359375,0.062983252,0.0821326,0.133501843,0.164936855,0.082074188,0.19394353,0.192436025,0.181373119,0.074729159,0.033078793,0.176085591,0.07952062,0.055552986,0.120091155,0.200944409,0.150507301,0.061560079,0.146839395,0.199276015,0.121418118,0.057783272,0.181364432,0.024146568,0.216143131,0.181378931,0.045987632,0.163272798
2383.609272,0.097620606,0.111965604,0.083341427,0.200429708,0.096082084,0.098873071,0.112421587,0.159500524,0.056721874,0.215984404,0.193765923,0.117720135,0.101696394,0.063453212,0.082611293,0.133876562,0.165483832,0.082602561,0.194361895,0.192818239,0.181624055,0.07515765,0.033503875,0.176557362,0.079966106,0.055875488,0.120545447,0.201476514,0.150896549,0.062058505,0.147150725,0.199824288,0.121844135,0.058092408,0.181787416,0.024412679,0.216692194,0.181789443,0.046342153,0.163677886
2385.537759,0.097943351,0.112437233,0.083723873,0.200858414,0.09651196,0.099183232,0.112936184,0.159915492,0.057147197,0.216431811,0.194105104,0.118219294,0.102033414,0.063923165,0.083089992,0.134251282,0.166030824,0.083130941,0.194780275,0.193200454,0.181874976,0.075586148,0.033928961,0.177029133,0.080411598,0.05619799,0.120999739,0.20200862,0.151285782,0.06255693,0.147462055,0.200372562,0.122270152,0.05840154,0.182210401,0.024678789,0.217241257,0.182199955,0.04669667,0.164082959
2387.466245,0.098266102,0.112908855,0.084106319,0.201287121,0.096941836,0.099493392,0.113450781,0.160330445,0.057572518,0.216879234,0.194444269,0.118718453,0.102370441,0.064393118,0.083568692,0.134626001,0.166577801,0.083659321,0.195198655,0.193582669,0.182125896,0.076014645,0.034354046,0.177500904,0.080857091,0.056520488,0.12145403,0.202540711,0.151675016,0.063055351,0.1477734,0.20092085,0.122696169,0.058710676,0.1826334,0.024944901,0.217790335,0.182610467,0.047051191,0.164488032
2389.394732,0.098588847,0.113380484,0.084488764,0.201715827,0.097371712,0.099803559,0.113965377,0.160745412,0.057997838,0.217326641,0.194783434,0.119217612,0.102707461,0.064863078,0.084047385,0.135000721,0.167124778,0.084187694,0.195617035,0.193964884,0.182376832,0.076443143,0.034779131,0.177972659,0.081302576,0.05684299,0.121908329,0.203072816,0.152064249,0.063553773,0.14808473,0.201469123,0.123122185,0.059019808,0.183056384,0.025211012,0.218339399,0.183020994,0.047405712,0.164893106
2391.323218,0.098911598,0.113852113,0.08487121,0.202144518,0.097801596,0.10011372,0.114479974,0.16116038,0.058423158,0.217774063,0.195122615,0.119716771,0.10304448,0.065333031,0.084526084,0.135375455,0.16767177,0.084716074,0.196035415,0.194347098,0.182627752,0.076871641,0.035204217,0.17844443,0.081748068,0.057165489,0.122362621,0.203604922,0.152453482,0.064052202,0.14839606,0.202017397,0.123548202,0.059328943,0.183479369,0.025477123,0.218888462,0.183431506,0.047760233,0.165298179
2393.251705,0.099234343,0.114323735,0.085253656,0.202573225,0.098231472,0.10042388,0.114994571,0.161575347,0.058848478,0.218221471,0.19546178,0.12021593,0.1033815,0.065802984,0.085004784,0.135750175,0.168218747,0.085244447,0.19645378,0.194729313,0.182878673,0.077300139,0.035629302,0.178916201,0.082193561,0.057487991,0.122816913,0.204137027,0.152842715,0.064550623,0.14870739,0.202565685,0.123974226,0.059638076,0.183902368,0.025743233,0.219437525,0.183842018,0.048114754,0.165703252
2395.180191,0.099557094,0.114795364,0.085636102,0.203001931,0.098661348,0.10073404,0.115509167,0.1619903,0.059273798,0.218668893,0.195800945,0.120715089,0.103718519,0.066272944,0.085483477,0.136124894,0.168765724,0.085772827,0.19687216,0.195111528,0.183129609,0.077728629,0.036054388,0.179387957,0.082639053,0.057810493,0.123271205,0.204669118,0.153231949,0.065049045,0.14901872,0.203113958,0.124400243,0.059947211,0.184325352,0.026009344,0.219986588,0.18425253,0.048469275,0.166108325
2397.108678,0.099879839,0.115266986,0.086018547,0.203430638,0.099091224,0.1010442,0.116023764,0.162405267,0.059699122,0.2191163,0.19614011,0.121214248,0.104055539,0.066742897,0.085962176,0.136499614,0.169312716,0.086301208,0.19729054,0.195493758,0.183380529,0.078157127,0.036479473,0.179859728,0.083084539,0.058132991,0.123725496,0.205201223,0.153621182,0.065547466,0.14933005,0.203662232,0.12482626,0.060256343,0.184748337,0.026275454,0.220535651,0.184663042,0.048823796,0.166513398
2399.037164,0.10020259,0.115738615,0.086400993,0.203859344,0.099521101,0.101354368,0.116538368,0.162820235,0.060124442,0.219563723,0.196479291,0.121713407,0.104392558,0.06721285,0.086440869,0.136874333,0.169859692,0.08682958,0.19770892,0.195875973,0.18363145,0.078585625,0.036904559,0.180331498,0.083530031,0.058455493,0.124179795,0.205733329,0.154010415,0.066045895,0.14964138,0.204210505,0.125252277,0.060565479,0.185171336,0.026541565,0.221084714,0.185073555,0.049178317,0.166918471
2400.965651,0.100525334,0.116210237,0.086783446,0.204288051,0.099950984,0.101664528,0.117052965,0.163235188,0.060549762,0.22001113,0.196818456,0.122212566,0.104729585,0.06768281,0.086919568,0.137249067,0.170406669,0.087357961,0.198127285,0.196258187,0.183882371,0.079014122,0.037329644,0.180803269,0.083975524,0.058777992,0.124634087,0.206265435,0.154399648,0.066544317,0.14995271,0.204758793,0.125678301,0.060874611,0.18559432,0.026807675,0.221633792,0.185484067,0.049532838,0.167323545
2402.894137,0.100848086,0.116681866,0.087165892,0.204716742,0.10038086,0.101974688,0.117567562,0.163650155,0.060975082,0.220458552,0.197157621,0.122711726,0.105066605,0.068152763,0.087398268,0.137623787,0.170953646,0.087886341,0.198545665,0.196640402,0.184133306,0.07944262,0.037754726,0.181275025,0.084421009,0.059100494,0.125088379,0.206797525,0.154788882,0.067042738,0.150264055,0.205307066,0.12610431,0.061183747,0.186017305,0.027073786,0.222182855,0.185894579,0.049887359,0.167728618
2404.822624,0.10117083,0.117153488,0.087548338,0.205145448,0.100810736,0.102284849,0.118082158,0.164065123,0.061400402,0.22090596,0.197496787,0.123210885,0.105403624,0.068622716,0.087876961,0.137998506,0.171500638,0.088414714,0.198964044,0.197022617,0.184384227,0.079871111,0.038179811,0.181746796,0.084866501,0.059422996,0.12554267,0.207329631,0.155178115,0.067541167,0.150575384,0.20585534,0.126530334,0.061492879,0.186440289,0.027339896,0.222731918,0.186305091,0.05024188,0.168133691
2406.75111,0.101493582,0.117625117,0.087930784,0.205574155,0.101240613,0.102595016,0.118596755,0.16448009,0.061825722,0.221353367,0.197835967,0.123710044,0.105740644,0.069092676,0.08835566,0.138373226,0.172047615,0.088943094,0.199382424,0.197404832,0.184635147,0.080299608,0.038604897,0.182218567,0.085311994,0.059745494,0.125996962,0.207861736,0.155567348,0.068039589,0.150886714,0.206403613,0.126956344,0.061802015,0.186863288,0.027606007,0.223280981,0.186715603,0.050596401,0.168538764
2408.679597,0.101816326,0.118096739,0.088313229,0.206002861,0.101670489,0.102905177,0.119111352,0.164895043,0.062251043,0.221800789,0.198175132,0.124209203,0.106077664,0.069562629,0.08883436,0.138747945,0.172594592,0.089471467,0.199800789,0.197787046,0.184886083,0.080728106,0.039029982,0.182690322,0.085757479,0.060067996,0.126451254,0.208393827,0.155956581,0.06853801,0.151198044,0.206951901,0.127382368,0.062111147,0.187286273,0.027872119,0.223830044,0.187126115,0.050950922,0.168943837
2410.608083,0.102139078,0.118568368,0.088695675,0.206431568,0.102100372,0.103215337,0.119625948,0.16531001,0.062676363,0.222248197,0.198514298,0.124708362,0.106414683,0.070032582,0.089313053,0.139122665,0.173141584,0.089999847,0.200219169,0.198169261,0.185137004,0.081156604,0.039455067,0.183162093,0.086202972,0.060390495,0.126905546,0.208925933,0.156345814,0.069036432,0.151509374,0.207500175,0.127808392,0.062420283,0.187709257,0.02813823,0.224379107,0.187536627,0.051305443,0.16934891
2412.536569,0.102461822,0.119039997,0.089078121,0.206860259,0.102530248,0.103525497,0.120140545,0.165724978,0.063101687,0.222695619,0.198853478,0.125207514,0.10675171,0.070502535,0.089791752,0.139497399,0.173688561,0.090528227,0.200637549,0.198551476,0.185387924,0.081585102,0.039880153,0.183633864,0.086648464,0.060712997,0.127359837,0.209458038,0.156735048,0.069534861,0.151820704,0.208048448,0.128234401,0.062729418,0.188132256,0.02840434,0.22492817,0.187947154,0.051659964,0.169753984
2414.465056,0.102784574,0.119511619,0.089460567,0.207288966,0.102960125,0.103835665,0.120655142,0.16613993,0.063527003,0.223143026,0.199192643,0.125706673,0.10708873,0.070972495,0.090270452,0.139872119,0.174235538,0.0910566,0.201055929,0.198933691,0.18563886,0.0820136,0.040305238,0.184105635,0.087093949,0.061035499,0.127814144,0.209990144,0.157124281,0.070033282,0.152132034,0.208596721,0.128660426,0.06303855,0.188555241,0.028670451,0.225477248,0.188357666,0.052014485,0.170159057
2416.393542,0.103107318,0.119983248,0.089843012,0.207717672,0.103390001,0.104145825,0.121169738,0.166554898,0.063952327,0.223590448,0.199531808,0.126205832,0.107425749,0.071442448,0.090749145,0.140246838,0.174782529,0.09158498,0.201474309,0.199315906,0.185889781,0.08244209,0.040730324,0.184577391,0.087539442,0.061357997,0.128268436,0.210522234,0.157513514,0.070531704,0.152443364,0.20914501,0.129086435,0.063347682,0.188978225,0.028936561,0.226026312,0.188768178,0.052369006,0.17056413
2418.322029,0.10343007,0.12045487,0.090225458,0.208146378,0.103819877,0.104455985,0.121684335,0.166969866,0.064377651,0.224037856,0.199870974,0.126704991,0.107762769,0.0719124,0.091227844,0.140621558,0.175329506,0.092113361,0.201892674,0.199698135,0.186140701,0.082870588,0.041155409,0.185049161,0.087984934,0.061680499,0.128722727,0.21105434,0.157902747,0.071030132,0.152754709,0.209693283,0.129512459,0.063656814,0.189401224,0.029202672,0.226575375,0.18917869,0.052723527,0.170969203
2420.250515,0.103752822,0.120926499,0.090607904,0.208575085,0.104249753,0.104766145,0.122198932,0.167384818,0.064802967,0.224485278,0.200210154,0.12720415,0.108099788,0.072382361,0.091706537,0.140996277,0.175876483,0.092641734,0.202311054,0.20008035,0.186391622,0.083299085,0.041580494,0.185520932,0.08843042,0.062002998,0.129177019,0.211586446,0.158291981,0.071528554,0.153066039,0.210241556,0.129938468,0.063965954,0.189824209,0.029468782,0.227124438,0.189589202,0.053078044,0.171374276
2422.179002,0.104075566,0.121398121,0.09099035,0.209003791,0.104679637,0.105076313,0.122713536,0.167799786,0.065228291,0.224932685,0.200549319,0.127703309,0.108436808,0.072852314,0.092185237,0.141370997,0.176423475,0.093170114,0.202729434,0.200462565,0.186642557,0.083727583,0.042005576,0.185992688,0.088875912,0.0623255,0.129631311,0.212118536,0.158681214,0.072026975,0.153377369,0.210789829,0.130364493,0.064275086,0.190247193,0.029734893,0.227673501,0.189999714,0.053432565,0.171779349
2424.107488,0.104398318,0.12186975,0.091372795,0.209432483,0.105109513,0.105386473,0.123228133,0.168214753,0.065653607,0.225380108,0.200888485,0.128202468,0.108773828,0.073322266,0.092663936,0.141745731,0.176970452,0.093698494,0.203147814,0.20084478,0.186893478,0.084156081,0.042430662,0.186464459,0.089321405,0.062647998,0.130085602,0.212650642,0.159070447,0.072525397,0.153688699,0.211338118,0.130790517,0.064584218,0.190670192,0.030001003,0.228222564,0.190410227,0.053787086,0.172184423
2426.035975,0.104721062,0.122341372,0.091755241,0.209861189,0.105539389,0.105696633,0.123742729,0.168629721,0.066078931,0.225827515,0.20122765,0.128701627,0.109110855,0.073792227,0.093142629,0.142120451,0.177517429,0.094226867,0.203566179,0.201226994,0.187144399,0.084584571,0.042855747,0.186936229,0.08976689,0.062970504,0.130539894,0.213182747,0.15945968,0.073023826,0.154000029,0.211886391,0.131216526,0.06489335,0.191093177,0.030267114,0.228771627,0.190820739,0.054141607,0.172589496
2427.964461,0.105043814,0.122813001,0.092137687,0.210289896,0.105969265,0.106006794,0.124257326,0.169044673,0.066504247,0.226274937,0.20156683,0.129200786,0.109447874,0.074262179,0.093621328,0.14249517,0.178064421,0.094755247,0.203984559,0.201609209,0.187395334,0.085013069,0.043280832,0.187408,0.090212382,0.063293003,0.130994186,0.213714853,0.159848914,0.073522247,0.154311359,0.212434664,0.13164255,0.065202489,0.191516161,0.030533226,0.229320705,0.191231251,0.054496128,0.172994569
2429.892948,0.105366558,0.123284623,0.092520133,0.210718602,0.106399141,0.106316961,0.124771923,0.169459641,0.066929571,0.226722345,0.201905996,0.129699945,0.109784894,0.074732132,0.094100028,0.14286989,0.178611398,0.09528362,0.204402938,0.201991424,0.187646255,0.085441567,0.043705918,0.187879756,0.090657875,0.063615501,0.131448478,0.214246944,0.160238147,0.074020669,0.154622689,0.212982938,0.13206856,0.065511622,0.191939145,0.030799337,0.229869768,0.191641763,0.054850649,0.173399642
2431.821434,0.10568931,0.123756252,0.092902578,0.211147308,0.106829025,0.106627122,0.12528652,0.169874609,0.067354895,0.227169767,0.202245161,0.130199105,0.110121913,0.075202093,0.094578721,0.143244609,0.179158375,0.095812,0.204821318,0.202373639,0.187897176,0.085870065,0.044131003,0.188351527,0.09110336,0.063937999,0.131902769,0.214779049,0.16062738,0.074519098,0.154934019,0.213531226,0.132494584,0.065820754,0.192362145,0.031065447,0.230418831,0.192052275,0.05520517,0.173804715
2433.749921,0.106012054,0.124227874,0.093285024,0.211576015,0.107258901,0.106937282,0.125801116,0.170289561,0.067780212,0.227617174,0.202584341,0.130698264,0.110458933,0.075672045,0.09505742,0.143619329,0.179705366,0.096340381,0.205239683,0.202755854,0.188148111,0.086298563,0.044556089,0.188823298,0.091548853,0.064260505,0.132357076,0.215311155,0.161016613,0.075017519,0.155245364,0.214079499,0.132920593,0.066129886,0.192785129,0.031331558,0.230967894,0.192462787,0.055559691,0.174209788
2435.678407,0.106334805,0.124699503,0.09366747,0.212004706,0.107688777,0.107247442,0.126315713,0.170704529,0.068205535,0.228064597,0.202923506,0.131197423,0.110795952,0.076141998,0.095536113,0.143994063,0.180252343,0.096868753,0.205658063,0.203138068,0.188399032,0.08672706,0.044981174,0.189295068,0.091994345,0.064583004,0.132811368,0.21584326,0.161405846,0.075515941,0.155556694,0.214627773,0.133346617,0.066439025,0.193208113,0.031597666,0.231516957,0.192873314,0.055914212,0.174614862
2437.606894,0.10665755,0.125171125,0.094049916,0.212433413,0.108118653,0.10755761,0.12683031,0.171119496,0.068630852,0.228512004,0.203262672,0.131696582,0.111132979,0.076611958,0.096014813,0.144368783,0.18079932,0.097397134,0.206076443,0.203520283,0.188649952,0.087155551,0.04540626,0.189766824,0.09243983,0.064905502,0.133265659,0.216375351,0.16179508,0.076014362,0.155868024,0.215176046,0.133772641,0.066748157,0.193631113,0.031863779,0.23206602,0.193283826,0.056268733,0.175019935
2439.53538,0.106980301,0.125642762,0.094432361,0.212862119,0.108548529,0.10786777,0.127344906,0.171534464,0.069056176,0.228959426,0.203601837,0.132195741,0.111469999,0.077081911,0.096493512,0.144743502,0.181346312,0.097925514,0.206494823,0.203902498,0.188900873,0.087584049,0.045831345,0.190238595,0.092885323,0.065228008,0.133719951,0.216907457,0.162184313,0.076512791,0.156179354,0.215724334,0.134198651,0.067057289,0.194054097,0.032129891,0.232615083,0.193694338,0.056623254,0.175425008
2441.463866,0.107303046,0.126114383,0.094814807,0.213290825,0.108978406,0.10817793,0.127859503,0.171949416,0.069481492,0.229406834,0.203941017,0.1326949,0.111807019,0.077551864,0.096972205,0.145118222,0.181893289,0.098453887,0.206913188,0.204284728,0.189151809,0.088012546,0.046256427,0.190710366,0.093330815,0.065550506,0.134174243,0.217439562,0.162573546,0.077011213,0.156490684,0.216272607,0.134624675,0.067366421,0.194477081,0.032396,0.233164161,0.19410485,0.056977775,0.175830081
2443.392353,0.107625797,0.126586005,0.095197253,0.213719532,0.109408289,0.10848809,0.1283741,0.172364384,0.069906816,0.229854241,0.204280183,0.133194059,0.112144038,0.078021824,0.097450905,0.145492941,0.182440266,0.098982267,0.207331568,0.204666942,0.189402729,0.088441044,0.046681512,0.191182122,0.093776301,0.065873004,0.134628534,0.217971653,0.162962779,0.077509634,0.156802014,0.216820881,0.135050684,0.067675561,0.194900081,0.032662112,0.233713225,0.194515362,0.057332296,0.176235154
2445.320839,0.107948542,0.127057627,0.095579699,0.214148238,0.109838165,0.108798258,0.128888696,0.172779351,0.07033214,0.230301663,0.204619348,0.133693218,0.112481058,0.078491777,0.097929604,0.145867676,0.182987258,0.09951064,0.207749948,0.205049157,0.18965365,0.088869542,0.047106598,0.191653892,0.094221793,0.06619551,0.135082826,0.218503758,0.163352013,0.078008063,0.157113343,0.217369169,0.135476708,0.067984693,0.195323065,0.032928221,0.234262288,0.194925874,0.057686817,0.176640227
2447.249326,0.108271293,0.127529263,0.095962144,0.21457693,0.110268041,0.109108418,0.129403293,0.173194304,0.070757456,0.230749071,0.204958528,0.134192377,0.112818077,0.07896173,0.098408297,0.146242395,0.183534235,0.10003902,0.208168328,0.205431372,0.189904585,0.089298032,0.047531683,0.192125663,0.094667286,0.066518009,0.135537118,0.219035864,0.163741246,0.078506485,0.157424673,0.217917442,0.135902733,0.068293825,0.195746049,0.033194333,0.234811351,0.195336387,0.058041338,0.177045301
2449.177812,0.108594038,0.128000885,0.09634459,0.215005636,0.110697918,0.109418578,0.12991789,0.173609272,0.07118278,0.231196493,0.205297694,0.134691536,0.113155097,0.07943169,0.098886997,0.146617115,0.184081212,0.1005674,0.208586708,0.205813587,0.190155506,0.08972653,0.047956768,0.192597434,0.095112771,0.066840507,0.135991409,0.219567969,0.164130479,0.079004906,0.157736018,0.218465716,0.136328742,0.068602957,0.196169049,0.033460442,0.235360414,0.195746899,0.058395859,0.177450374
2451.106299,0.108916789,0.128472507,0.096727036,0.215434343,0.111127794,0.109728739,0.130432487,0.174024239,0.071608096,0.2316439,0.205636859,0.135190696,0.113492124,0.079901643,0.099365689,0.146991834,0.184628204,0.101095773,0.209005073,0.206195801,0.190406427,0.090155028,0.048381854,0.19306919,0.095558263,0.067163005,0.136445701,0.22010006,0.164519712,0.079503328,0.158047348,0.219013989,0.136754766,0.068912096,0.196592033,0.033726554,0.235909477,0.196157411,0.05875038,0.177855447
2453.034785,0.109239534,0.128944129,0.097109482,0.215863049,0.111557677,0.110038906,0.130947083,0.174439192,0.07203342,0.232091323,0.205976024,0.135689855,0.113829143,0.080371596,0.099844389,0.147366554,0.18517518,0.101624154,0.209423453,0.206578016,0.190657362,0.090583526,0.048806939,0.193540961,0.096003756,0.067485511,0.136900008,0.220632166,0.164908946,0.080001757,0.158358678,0.219562277,0.137180775,0.069221228,0.197015017,0.033992663,0.23645854,0.196567923,0.059104901,0.17826052
2454.963272,0.109562285,0.129415765,0.097491927,0.216291755,0.111987554,0.110349067,0.13146168,0.174854159,0.072458744,0.23253873,0.206315205,0.136189014,0.114166163,0.080841556,0.100323088,0.147741273,0.185722157,0.102152534,0.209841833,0.206960231,0.190908283,0.091012023,0.049232025,0.194012731,0.096449241,0.06780801,0.137354299,0.221164271,0.165298179,0.080500178,0.158670008,0.220110551,0.1376068,0.06953036,0.197438017,0.034258775,0.237007618,0.196978435,0.059459418,0.178665593
2456.891758,0.109885029,0.129887387,0.097874373,0.216720462,0.11241743,0.110659227,0.131976292,0.175269127,0.07288406,0.232986152,0.20665437,0.136688173,0.114503182,0.081311509,0.100801781,0.148116007,0.186269134,0.102680907,0.210260212,0.207342446,0.191159204,0.091440521,0.04965711,0.194484487,0.096894734,0.068130508,0.137808591,0.221696362,0.165687412,0.0809986,0.158981338,0.220658824,0.138032809,0.069839492,0.197861001,0.034524884,0.237556681,0.197388947,0.059813939,0.179070666
2458.820245,0.110207781,0.130359009,0.098256819,0.217149153,0.112847306,0.110969387,0.132490888,0.175684094,0.073309384,0.23343356,0.206993535,0.137187332,0.114840202,0.081781462,0.101280481,0.148490727,0.186816126,0.103209287,0.210678577,0.207724661,0.191410124,0.091869012,0.050082192,0.194956258,0.097340226,0.068453014,0.138262883,0.222228467,0.166076645,0.081497028,0.159292668,0.221207097,0.138458833,0.070148632,0.198283985,0.034790996,0.238105744,0.197799474,0.06016846,0.17947574
2460.748731,0.110530525,0.130830646,0.098639265,0.21757786,0.113277182,0.111279555,0.133005485,0.176099047,0.073734701,0.233880982,0.2073327,0.137686491,0.115177222,0.082251422,0.10175918,0.148865446,0.187363103,0.103737667,0.211096957,0.208106875,0.19166106,0.092297509,0.050507277,0.195428029,0.097785711,0.068775512,0.138717175,0.222760573,0.166465893,0.08199545,0.159603998,0.221755385,0.138884857,0.070457764,0.19870697,0.035057109,0.238654807,0.198209986,0.060522981,0.179880813
2462.677218,0.110853277,0.131302267,0.09902171,0.218006566,0.113707058,0.111589715,0.133520082,0.176514015,0.074160025,0.234328389,0.207671881,0.13818565,0.115514249,0.082721375,0.102237873,0.149240166,0.18791008,0.10426604,0.211515337,0.208489105,0.191911981,0.092726007,0.050932363,0.195899799,0.098231204,0.069098011,0.139171466,0.223292679,0.166855127,0.082493871,0.159915328,0.222303659,0.139310867,0.070766896,0.199129969,0.035323218,0.23920387,0.198620498,0.060877502,0.180285886
2464.605704,0.111176021,0.131773889,0.099404164,0.218435273,0.114136942,0.111899875,0.134034678,0.176928982,0.074585341,0.234775811,0.208011046,0.138684809,0.115851268,0.083191328,0.102716573,0.149614885,0.188457072,0.10479442,0.211933717,0.20887132,0.192162901,0.093154505,0.051357448,0.196371555,0.098676696,0.069420516,0.139625758,0.223824769,0.16724436,0.082992293,0.160226673,0.222851932,0.139736891,0.071076028,0.199552953,0.03558933,0.239752933,0.19903101,0.061232023,0.180690959
2466.534191,0.111498773,0.132245511,0.099786609,0.218863979,0.114566818,0.112210035,0.134549275,0.177343935,0.075010665,0.235223219,0.208350211,0.139183968,0.116188288,0.083661281,0.103195272,0.149989605,0.189004049,0.105322793,0.212352082,0.209253535,0.192413837,0.093583003,0.051782534,0.196843326,0.099122182,0.069743015,0.14008005,0.224356875,0.167633593,0.083490722,0.160538003,0.223400205,0.1401629,0.071385168,0.199975938,0.035855439,0.240301996,0.199441522,0.061586544,0.181096032
2468.462677,0.111821525,0.132717147,0.100169055,0.219292685,0.114996694,0.112520203,0.135063872,0.177758902,0.075435989,0.235670641,0.208689392,0.139683127,0.116525307,0.084131241,0.103673965,0.150364339,0.189551026,0.105851173,0.212770462,0.209635749,0.192664757,0.094011493,0.052207619,0.197315097,0.099567674,0.070065513,0.140534341,0.22488898,0.168022826,0.083989143,0.160849333,0.223948494,0.140588924,0.0716943,0.200398937,0.036121551,0.24085106,0.199852034,0.061941065,0.181501105
2470.391163,0.112144269,0.133188769,0.100551501,0.219721377,0.11542657,0.112830363,0.135578468,0.17817387,0.075861305,0.236118048,0.209028557,0.140182287,0.116862327,0.084601194,0.104152665,0.150739059,0.190098017,0.106379554,0.213188842,0.210017964,0.192915678,0.094439991,0.052632704,0.197786853,0.100013167,0.070388012,0.140988633,0.225421071,0.16841206,0.084487565,0.161160663,0.224496767,0.141014934,0.072003432,0.200821921,0.03638766,0.241400138,0.200262547,0.062295586,0.181906179
2472.31965,0.112467021,0.133660391,0.100933947,0.220150083,0.115856446,0.113140523,0.136093065,0.178588837,0.076286629,0.236565471,0.209367722,0.140681446,0.117199346,0.085071146,0.104631357,0.151113778,0.190644994,0.106907926,0.213607222,0.210400179,0.193166614,0.094868489,0.05305779,0.198258623,0.100458659,0.070710517,0.141442925,0.225953177,0.168801293,0.084985994,0.161471993,0.22504504,0.141440958,0.072312564,0.201244906,0.036653772,0.241949201,0.200673059,0.062650107,0.182311252
2474.248136,0.112789765,0.134132013,0.101316392,0.22057879,0.11628633,0.113450684,0.136607662,0.17900379,0.076711945,0.237012878,0.209706888,0.141180605,0.117536373,0.085541107,0.105110057,0.151488498,0.191191971,0.107436307,0.214025587,0.210782394,0.193417534,0.095296986,0.053482875,0.198730394,0.100904144,0.071033016,0.141897231,0.226485282,0.169190526,0.085484415,0.161783323,0.225593314,0.141866982,0.072621703,0.201667905,0.036919881,0.242498264,0.201083571,0.063004628,0.182716325
2476.176623,0.113112517,0.134603649,0.101698838,0.221007496,0.116716206,0.113760851,0.137122259,0.179418758,0.077137269,0.237460285,0.210046068,0.141679764,0.117873393,0.08601106,0.105588757,0.151863217,0.191738963,0.107964687,0.214443967,0.211164609,0.193668455,0.095725484,0.053907961,0.199202165,0.101349637,0.071355514,0.142351523,0.227017388,0.169579759,0.085982837,0.162094653,0.226141602,0.142292991,0.072930835,0.202090889,0.037185993,0.243047327,0.201494083,0.063359149,0.183121398
2478.105109,0.113632873,0.135377288,0.10238938,0.221719578,0.117406428,0.114282131,0.137902454,0.180080891,0.077808306,0.238201976,0.210646749,0.142418504,0.118437231,0.086743385,0.106321648,0.152515382,0.192507908,0.108773813,0.21513091,0.211829126,0.194229215,0.096447222,0.054620028,0.199972421,0.102097727,0.072026119,0.143036023,0.22776705,0.170232281,0.086745083,0.162734479,0.226937518,0.142934874,0.073515698,0.202769756,0.037746873,0.243892416,0.202147231,0.064024948,0.183790162
2480.033596,0.114164904,0.136165023,0.103091367,0.222494304,0.118082054,0.114813179,0.138682872,0.180757001,0.078485996,0.238934964,0.211259365,0.143134221,0.119045861,0.087484889,0.107083082,0.153155059,0.193306252,0.109595351,0.215852022,0.212495416,0.194800556,0.097170703,0.055322915,0.200753123,0.102874011,0.072697408,0.143720508,0.228550464,0.170864344,0.087520689,0.163391009,0.227749795,0.143607259,0.074114315,0.20342508,0.038321972,0.244721144,0.202789739,0.064688295,0.184459239
2481.962082,0.114684217,0.136903346,0.103720166,0.223224357,0.118746862,0.115314946,0.139463931,0.181409657,0.079154648,0.239641383,0.21183078,0.143825009,0.119677655,0.088205546,0.107839733,0.153742731,0.194087774,0.110385306,0.216534808,0.213146523,0.195334598,0.0978458,0.055993333,0.201468647,0.103639849,0.073384993,0.144379824,0.229341373,0.171494663,0.088286057,0.164052561,0.228570193,0.14426665,0.074671395,0.204119936,0.038894396,0.245483607,0.20337376,0.065326765,0.185062304
2483.890569,0.115236558,0.137651011,0.104376726,0.223912925,0.119396821,0.115780607,0.140249819,0.182066754,0.079820186,0.240349293,0.212400138,0.144528493,0.120293789,0.088923886,0.108594887,0.154331252,0.194855019,0.111188598,0.21721673,0.213802472,0.195876822,0.098545864,0.056698762,0.202167749,0.104392342,0.074058726,0.145034313,0.230095416,0.172099739,0.089041099,0.16471374,0.229425803,0.144901797,0.075229406,0.204817578,0.039457262,0.246263519,0.203968868,0.066008165,0.185664564
2485.819055,0.115812592,0.138418525,0.10506966,0.224630386,0.120053969,0.116252817,0.141083673,0.182706162,0.080511563,0.241115347,0.212939173,0.145241559,0.120888181,0.08966545,0.109342873,0.154955149,0.195621431,0.111992322,0.217953324,0.214453742,0.196464837,0.09926413,0.057416994,0.202913016,0.105155468,0.074723028,0.145710021,0.230873972,0.172719911,0.089814357,0.165382266,0.230279654,0.145556256,0.075804502,0.205509976,0.040017664,0.247064739,0.204615116,0.066697404,0.186313644
2487.747542,0.116351016,0.139183849,0.10573484,0.225358054,0.12072318,0.116737761,0.141929895,0.183330804,0.081231363,0.241859511,0.21347785,0.145965487,0.121464916,0.090386003,0.110100992,0.15554662,0.19639121,0.11280483,0.218678027,0.215081215,0.19700624,0.099976435,0.058141004,0.203674823,0.105927274,0.075367063,0.14637135,0.231688619,0.173369959,0.09060476,0.166010603,0.231145784,0.146200657,0.076384403,0.206203878,0.040580265,0.247901767,0.205276176,0.067352325,0.186972916
2489.676028,0.116827682,0.139898941,0.106342271,0.226023301,0.121346369,0.117185108,0.142688915,0.183931023,0.081871577,0.242528334,0.213998467,0.146662056,0.121999234,0.091055959,0.110816129,0.156090766,0.197106019,0.113563702,0.219319195,0.215665713,0.197467014,0.100646406,0.058796931,0.204406172,0.106619261,0.075946108,0.146980256,0.232409,0.173940897,0.091337599,0.166583478,0.231949136,0.146805435,0.076926574,0.206848577,0.041088119,0.248683155,0.205847442,0.067946553,0.187537298
2491.604515,0.117331743,0.140610322,0.106956206,0.226698086,0.121964633,0.117674686,0.143457115,0.184547275,0.08250507,0.243218631,0.214514837,0.147342086,0.122564159,0.091754392,0.111513272,0.156668544,0.19782263,0.114323996,0.219974563,0.216303512,0.197957203,0.101336583,0.059444878,0.205132961,0.107309133,0.07656417,0.147632599,0.233127117,0.174516797,0.092074469,0.16719465,0.232746094,0.147427067,0.0774763,0.207494035,0.041617189,0.249455884,0.20642294,0.068563402,0.188118398
2493.533001,0.117879681,0.141360819,0.107607871,0.227418289,0.122609138,0.118177243,0.144257516,0.18520458,0.083182968,0.243964791,0.215071216,0.148040965,0.123167455,0.092477553,0.112258047,0.157229781,0.198580086,0.115121238,0.220686436,0.216966093,0.198474422,0.10202647,0.060136091,0.205880031,0.108066052,0.077222355,0.148282647,0.233898401,0.175129786,0.092853174,0.167821974,0.233544797,0.148035526,0.078057714,0.208175927,0.042190518,0.250249952,0.207031846,0.069222607,0.18875967
2495.461488,0.11842256,0.142089412,0.108244412,0.228094563,0.123243988,0.118639097,0.145032391,0.185837805,0.083858706,0.244691044,0.215612575,0.148752004,0.123740651,0.093181796,0.113002919,0.157779753,0.199335203,0.115893304,0.221418753,0.217585951,0.198941156,0.102703676,0.060810789,0.206629351,0.108801432,0.077858143,0.148911566,0.234677941,0.175740659,0.093599349,0.168434829,0.234294638,0.148640469,0.078621194,0.208874032,0.042737145,0.251039684,0.207637355,0.069864057,0.189360589
2497.389974,0.118946783,0.142802045,0.108843543,0.228744552,0.123871237,0.119107135,0.145765513,0.186441705,0.084517956,0.245377243,0.216114447,0.149455473,0.124279484,0.093864508,0.113744266,0.158315495,0.200045958,0.116636597,0.222130641,0.218197003,0.199390993,0.103384279,0.06146447,0.207344592,0.109502099,0.07847064,0.149555132,0.235393912,0.176340953,0.094292104,0.168997124,0.235109597,0.149282977,0.079146214,0.20955582,0.043255072,0.251835525,0.208216727,0.070486635,0.189938396
2499.31846,0.119440131,0.143524751,0.109434426,0.229416832,0.124499798,0.119573221,0.146521837,0.187038198,0.085164212,0.246094286,0.216621816,0.150150821,0.124823734,0.094542116,0.114462741,0.158851475,0.200728998,0.117368542,0.222800314,0.218825027,0.199858889,0.104037486,0.062104944,0.208046064,0.110204466,0.079067752,0.150206983,0.236121222,0.176902279,0.094987579,0.169525608,0.235920921,0.149950266,0.079672247,0.210207537,0.043762218,0.252627999,0.208782762,0.071100764,0.19052884
2501.246947,0.119958177,0.14422892,0.110066622,0.23009932,0.125131249,0.120023616,0.147313103,0.187634647,0.085815735,0.246790648,0.217180431,0.150837258,0.125376791,0.095236227,0.115154631,0.159412831,0.201458588,0.118120685,0.22347638,0.219483659,0.200335026,0.104724959,0.062767252,0.208772108,0.110922188,0.079650216,0.150888085,0.236921743,0.177475184,0.095720246,0.170125872,0.236697048,0.150560394,0.08022438,0.210837319,0.04427762,0.253456295,0.209379524,0.071686499,0.191128761
2503.175433,0.120468512,0.144879594,0.110654458,0.230714768,0.125723779,0.12042284,0.148056701,0.188197643,0.086408079,0.247436434,0.217716932,0.151502147,0.125894859,0.095890574,0.115831949,0.159918547,0.202179924,0.118836001,0.224132136,0.220074072,0.200778693,0.105364017,0.06339848,0.209461913,0.111616179,0.080214784,0.151494309,0.237655237,0.178033352,0.096430376,0.170686752,0.237387851,0.151091456,0.080735244,0.211448923,0.044750523,0.254213125,0.209917635,0.072219722,0.191671744
2505.10392,0.12094155,0.145548433,0.111194275,0.23131901,0.126281098,0.12083853,0.14880006,0.188741624,0.08700458,0.248088285,0.218190417,0.152153924,0.126394078,0.096522085,0.116499096,0.160433352,0.202851459,0.119552791,0.224784568,0.220612228,0.20120734,0.10594023,0.063992478,0.210117832,0.112275243,0.08075913,0.152061388,0.238384262,0.178564131,0.097094901,0.171168134,0.238079324,0.151674211,0.081219286,0.212062106,0.045213871,0.254944742,0.210452721,0.072781138,0.192205712
2507.032406,0.121418312,0.146238863,0.111742243,0.231995866,0.126842722,0.121293262,0.149566844,0.189319283,0.087632053,0.248739138,0.218639344,0.152806342,0.126878977,0.097176537,0.117168441,0.160975739,0.203533366,0.120290026,0.225448698,0.221178308,0.20164229,0.106557131,0.0646213,0.21080941,0.11293634,0.081328005,0.15267323,0.239114121,0.179133013,0.097772665,0.171671882,0.238834977,0.152274996,0.081712313,0.212657005,0.045689866,0.255707055,0.211029917,0.073351152,0.192792743
2508.960893,0.121936426,0.146894991,0.112296909,0.232671782,0.127432063,0.121726379,0.150335267,0.189916044,0.088264495,0.249385759,0.219117478,0.153498679,0.127389491,0.097843483,0.1178362,0.161531478,0.204252407,0.121017314,0.2261004,0.221777812,0.202029184,0.107239425,0.065275997,0.211538315,0.113615118,0.081935234,0.153296068,0.239823297,0.179739311,0.098493762,0.172187969,0.239573568,0.15285553,0.082220152,0.213273525,0.04615723,0.256484509,0.211605117,0.073902637,0.193404824
2510.889379,0.12244232,0.147545293,0.112841517,0.233265594,0.127998486,0.122142874,0.151061535,0.190495148,0.08887665,0.250009418,0.219608426,0.154178202,0.127882987,0.098494388,0.118524961,0.162050813,0.204918936,0.121708147,0.226735264,0.222361773,0.202397823,0.10788051,0.06589061,0.212229282,0.114268042,0.082464725,0.153889731,0.240523219,0.180297285,0.099198841,0.172674403,0.240306497,0.153410196,0.082720198,0.213899255,0.046609826,0.257241189,0.212125123,0.0744339,0.193982035
2512.817866,0.122894838,0.148204714,0.113388494,0.233834028,0.12854059,0.122560717,0.151791543,0.191069722,0.089468084,0.25065732,0.22007069,0.154820859,0.128333926,0.099118672,0.119204201,0.162525147,0.205531269,0.122390486,0.227395579,0.222920224,0.202783376,0.10844864,0.066482343,0.212872431,0.114924937,0.08294072,0.154487804,0.241225749,0.180815384,0.099876598,0.173123077,0.240996629,0.153963163,0.083197765,0.214495063,0.047041118,0.257948339,0.212621078,0.074939452,0.194519833
2514.746352,0.123377457,0.148893058,0.113940857,0.234437391,0.129130632,0.122990817,0.15256083,0.191632062,0.090104707,0.251303792,0.220547184,0.155487821,0.128821939,0.099718861,0.119857617,0.163045406,0.206202537,0.123134807,0.228079274,0.223504886,0.203159213,0.109066106,0.067108892,0.213526279,0.11559207,0.083446026,0.155092686,0.241968051,0.181356996,0.100547791,0.173570871,0.241712123,0.154553711,0.083701625,0.215108663,0.047475878,0.258708715,0.213178828,0.07546816,0.19507277
2516.674839,0.123858899,0.149560288,0.114427872,0.235018283,0.129710108,0.123390049,0.153289855,0.19216679,0.090711154,0.251925439,0.221010759,0.156133071,0.129300103,0.10029529,0.120491564,0.163524419,0.206875563,0.123835631,0.228704453,0.224068895,0.20352903,0.109678455,0.067719467,0.214198545,0.116218969,0.083929442,0.155656278,0.242648512,0.18190679,0.101201653,0.174004525,0.242412969,0.155100808,0.084194109,0.215709299,0.047889434,0.259430766,0.213712052,0.076000378,0.195618242
2518.603325,0.124309666,0.150163278,0.114906698,0.235609591,0.130240753,0.123773344,0.153973013,0.192715645,0.091269851,0.252560854,0.221439913,0.156732559,0.12974681,0.100894682,0.121110789,0.163989663,0.207485422,0.124485493,0.229282215,0.22459881,0.203853384,0.110256925,0.068288259,0.21486792,0.116838969,0.084358342,0.156244054,0.243291825,0.182445943,0.101820506,0.174404576,0.243084252,0.155637294,0.084649451,0.216263875,0.048285563,0.260123223,0.214218676,0.076522544,0.196150213
2520.531812,0.124745466,0.150764287,0.115379982,0.236200079,0.13074556,0.124146752,0.154636592,0.193235978,0.091836594,0.253160059,0.221878633,0.15733692,0.130165488,0.101474613,0.121752009,0.164490446,0.208088055,0.125136539,0.229849458,0.225109786,0.204144552,0.110832483,0.068863258,0.215481788,0.117439561,0.084787399,0.156812832,0.243954033,0.182948172,0.102429308,0.174788833,0.243769333,0.156169802,0.085092388,0.216810778,0.048656542,0.260809422,0.214693114,0.077003524,0.196688622
2522.460298,0.125177845,0.151382715,0.115832068,0.236750707,0.131238878,0.124526061,0.155339271,0.19373326,0.092408411,0.253763944,0.222326338,0.157961264,0.130573586,0.102025814,0.122380003,0.164947227,0.208714992,0.125787109,0.230465204,0.225663915,0.204452679,0.111402087,0.069437876,0.216068894,0.118030399,0.085240901,0.157348633,0.244620442,0.183440164,0.103059433,0.175142944,0.244438931,0.156688631,0.085506372,0.217362553,0.049010888,0.261467546,0.215124428,0.077450879,0.197225094
2524.388785,0.125622824,0.152009606,0.116307661,0.237311393,0.131735846,0.124916546,0.156059712,0.194263771,0.09295468,0.25439924,0.222752839,0.158574194,0.1309928,0.102597103,0.122977771,0.165347561,0.209319547,0.126415446,0.231076106,0.226228014,0.204761624,0.111969091,0.069973767,0.216683343,0.118615098,0.085700043,0.157898381,0.245283172,0.183939651,0.103646219,0.175518692,0.24510707,0.157226875,0.08592207,0.217898518,0.049366184,0.26214844,0.215581864,0.077884242,0.1977254
2526.317271,0.126073435,0.152646452,0.116763055,0.237871766,0.132269457,0.12525858,0.156796262,0.194796339,0.093528584,0.255045652,0.223180398,0.159206137,0.131408736,0.10314469,0.123589046,0.165794179,0.209899127,0.127053246,0.231659025,0.2267479,0.205088004,0.11255154,0.070549391,0.217313513,0.119221583,0.086173467,0.158475652,0.245944321,0.184455812,0.104227692,0.175931856,0.245773986,0.157767728,0.086395524,0.218449011,0.049747605,0.262819588,0.216090426,0.078324027,0.198229998
2528.245757,0.126525655,0.153260499,0.11718335,0.238382801,0.132796898,0.125600055,0.157530189,0.195283726,0.094105758,0.255652219,0.223613426,0.159830138,0.131805703,0.103650518,0.124173962,0.166310087,0.210467592,0.127715185,0.232280716,0.227276474,0.205403119,0.113125406,0.071133986,0.217920274,0.119842246,0.086611599,0.159059405,0.246572018,0.184952304,0.104822136,0.176305071,0.246472612,0.158276692,0.08685787,0.218990669,0.050137583,0.263491452,0.216588989,0.078780748,0.198736489
2530.174244,0.126940504,0.153832898,0.117615715,0.238866895,0.133272827,0.125957564,0.158207417,0.195729405,0.094637103,0.256245941,0.224035993,0.160406008,0.132201612,0.104174763,0.124740154,0.16675289,0.211023077,0.12833102,0.232893154,0.227783531,0.205705255,0.11364723,0.071655817,0.218498662,0.120414495,0.087049447,0.159590423,0.247165605,0.185414165,0.105392441,0.176683068,0.2471468,0.158776447,0.087279178,0.219527826,0.050470866,0.264128447,0.217029005,0.079232655,0.199215606
2532.10273,0.127355143,0.154391244,0.118075788,0.239380971,0.133765414,0.126299739,0.158901393,0.19618541,0.095214188,0.25688839,0.224455804,0.161014959,0.132626563,0.104729883,0.125365138,0.167179599,0.211620048,0.128973827,0.233513996,0.228324443,0.206024259,0.11420735,0.07221584,0.219093919,0.120990016,0.087517865,0.160142571,0.247821823,0.185880154,0.105970114,0.17707248,0.247807264,0.159323335,0.087711945,0.220059767,0.050831206,0.264779627,0.217500836,0.079686582,0.199720278
2534.031217,0.127795905,0.15498364,0.118515551,0.239865884,0.134261891,0.12662223,0.159613296,0.196630225,0.095784642,0.25753215,0.224868372,0.161639869,0.133018583,0.105258346,0.125991181,0.167658016,0.212197915,0.129621312,0.234156892,0.22887665,0.206327662,0.114812717,0.072807536,0.219677627,0.121571131,0.087946333,0.16072619,0.248528689,0.186294973,0.106532507,0.177436426,0.248488575,0.15987137,0.088117853,0.220534667,0.051212851,0.265446365,0.21800068,0.080126591,0.200220764
2535.959703,0.128254801,0.155603185,0.118954748,0.240324587,0.134748176,0.12694113,0.160339847,0.197075054,0.096335597,0.258176118,0.225291878,0.162244454,0.133401781,0.105795264,0.126590341,0.168113127,0.212717459,0.130237833,0.23481451,0.229412675,0.206625789,0.115409687,0.073375076,0.220269993,0.122137107,0.08836069,0.161327168,0.249217734,0.186708272,0.107080452,0.177816287,0.249172926,0.160420045,0.088505648,0.22104387,0.051575761,0.266096085,0.21852091,0.080595642,0.200709879
2537.88819,0.128700137,0.156199545,0.119379103,0.240804449,0.135249332,0.127259985,0.161063448,0.197540507,0.096891321,0.258784145,0.225710601,0.162828058,0.13379699,0.106340311,0.127189338,0.168534398,0.213263184,0.130882055,0.235467151,0.229975939,0.206941724,0.115966782,0.073932104,0.22084327,0.122689039,0.088789254,0.161921784,0.249863163,0.187138721,0.107636452,0.178174615,0.249837413,0.160957605,0.08890944,0.221549258,0.051946796,0.266762018,0.219041541,0.081070803,0.201205954
2539.816676,0.129096359,0.156787619,0.119786046,0.241315156,0.135783777,0.127581373,0.161783978,0.198010713,0.097441837,0.259421676,0.226122528,0.163408414,0.134172112,0.10687723,0.127783254,0.168953955,0.213822886,0.131540149,0.236102492,0.230547354,0.20727849,0.116533607,0.074519068,0.221352741,0.123257056,0.089220129,0.162486255,0.250516742,0.18758072,0.108205862,0.178541064,0.250491798,0.161488816,0.089331456,0.222012728,0.052311614,0.26742202,0.2195234,0.081520699,0.201690674
2541.745163,0.1295169,0.157401562,0.120223045,0.241861075,0.136309773,0.127930224,0.162538499,0.198482141,0.098013729,0.260126293,0.226537317,0.164010555,0.134560913,0.107430346,0.128387898,0.169364646,0.214352801,0.132197455,0.236746758,0.231141359,0.207600653,0.117134459,0.075124644,0.221913621,0.123833671,0.08964844,0.1630577,0.25120458,0.188057631,0.108759493,0.178941891,0.251196116,0.162028849,0.089752063,0.222520486,0.05267572,0.268130362,0.22000742,0.081972137,0.202143207
2543.673649,0.129941031,0.158024356,0.120667242,0.242383242,0.136796862,0.128264338,0.163290709,0.198925748,0.098593228,0.260808915,0.226962164,0.164614633,0.134952143,0.107979603,0.128957972,0.169764772,0.214875296,0.13284564,0.237369195,0.231689915,0.207895532,0.117708296,0.075705312,0.222498327,0.124407262,0.090071201,0.163626134,0.25188753,0.188507006,0.109313257,0.179314956,0.251870543,0.162568063,0.090155698,0.223077714,0.053011745,0.268828928,0.22048077,0.082409382,0.202596679
2545.602136,0.130341202,0.158610523,0.121092625,0.242899045,0.137302369,0.128566995,0.164057687,0.199376762,0.099180683,0.261478662,0.227390692,0.16521652,0.135320053,0.108547524,0.129523993,0.170205191,0.215397671,0.133488581,0.238010302,0.232254505,0.208214492,0.118317351,0.076283827,0.223075911,0.125013143,0.090481177,0.164200351,0.25253436,0.188946918,0.10987635,0.179687634,0.252529114,0.163145006,0.090569064,0.223653808,0.053357214,0.269482613,0.220971867,0.082846217,0.203061983
2547.530622,0.130743399,0.159199193,0.12147934,0.243396103,0.137815833,0.128875881,0.164812431,0.199854061,0.099756926,0.262118757,0.227794692,0.165796682,0.135681599,0.109114967,0.1301153,0.170647994,0.215950862,0.134111166,0.23868835,0.232864469,0.208552107,0.118920937,0.076887563,0.223685995,0.125602022,0.090867415,0.164773345,0.253187865,0.189381868,0.110423058,0.180067763,0.253197849,0.163697198,0.090960346,0.224187732,0.053717822,0.270170957,0.221479982,0.083291508,0.203549519
2549.459109,0.131083593,0.159781754,0.121824645,0.243846655,0.138309538,0.1291776,0.165507987,0.200326174,0.10029304,0.262718439,0.228175193,0.166348338,0.136035219,0.109634802,0.130669311,0.171046898,0.216531277,0.134703279,0.23932527,0.233430043,0.208808422,0.119470529,0.077474698,0.22424455,0.126165494,0.091214478,0.165345922,0.253877461,0.189784735,0.110979542,0.180415064,0.253812939,0.164209649,0.091316938,0.224673897,0.054022405,0.270844728,0.221969098,0.083720833,0.204046309
2551.387595,0.13139981,0.160320967,0.122139268,0.244316906,0.138771325,0.129438996,0.166227281,0.20077382,0.100812219,0.263345301,0.22854659,0.166890979,0.13635762,0.110136911,0.131255016,0.171407536,0.217037424,0.135296106,0.239963174,0.234008625,0.209037542,0.120035626,0.078018986,0.224771976,0.126728773,0.091583587,0.165903077,0.254536837,0.190191448,0.111530729,0.180756137,0.254469097,0.164720073,0.091690063,0.225140989,0.054324087,0.271480352,0.222443789,0.084121607,0.204488024
2553.316082,0.131791949,0.160925359,0.122512862,0.244829461,0.139281124,0.129761159,0.167016193,0.201228306,0.101402484,0.264050961,0.228956342,0.167483956,0.136709601,0.110712133,0.131884262,0.171795249,0.217521086,0.135952026,0.240672588,0.234602451,0.209387198,0.120660014,0.07863304,0.225351036,0.127323508,0.092028596,0.166493133,0.255241126,0.190662071,0.112100303,0.181132868,0.25521037,0.165264174,0.092117891,0.225655168,0.054675542,0.272142768,0.22294277,0.084563553,0.204986781
2555.244568,0.132208869,0.16155912,0.122919776,0.245348334,0.139849618,0.13015604,0.167806178,0.201682717,0.102005154,0.264759004,0.229358181,0.168104097,0.137092203,0.111300401,0.132457733,0.172215179,0.218066022,0.136634141,0.241368741,0.235196963,0.209756449,0.121309176,0.079304829,0.225957662,0.127924919,0.092467435,0.167118132,0.255985558,0.191116691,0.112683497,0.181506351,0.255902946,0.165839374,0.092561744,0.226216123,0.055031545,0.272821844,0.223473951,0.085024066,0.205500811
2557.173054,0.132547826,0.162127912,0.123283856,0.245837212,0.140387118,0.130486622,0.168559432,0.202099293,0.102543034,0.265401304,0.229720414,0.168658718,0.137442365,0.111815676,0.13301748,0.172575071,0.218611792,0.137257069,0.242011353,0.235782221,0.210050493,0.121905327,0.07991387,0.226537898,0.128478929,0.09283407,0.167704344,0.256662428,0.191516802,0.113226749,0.181848541,0.256546587,0.16638802,0.09296497,0.226738125,0.055369429,0.273497343,0.223991334,0.085446432,0.205971405
2559.101541,0.13286078,0.16268535,0.123671308,0.246342897,0.140895978,0.130783752,0.169310555,0.202555344,0.103075862,0.266049683,0.230095193,0.169212028,0.137806296,0.112359107,0.133628786,0.172956154,0.219136521,0.137862846,0.242677569,0.236387387,0.210363418,0.122498393,0.080482244,0.22710155,0.129036516,0.093189366,0.168295711,0.257306755,0.191954151,0.11376442,0.18220894,0.257220745,0.166934162,0.093355253,0.227258876,0.055717148,0.274172574,0.224511012,0.085880861,0.206466779
2561.030027,0.133233055,0.163295165,0.124083512,0.246879071,0.141385555,0.131092206,0.170112252,0.203024402,0.103643313,0.266762763,0.230492681,0.169822931,0.138196722,0.112945653,0.134246826,0.173393965,0.219655424,0.138520434,0.243371382,0.237041235,0.210749358,0.123142064,0.081079498,0.227682188,0.12962833,0.093614824,0.168873891,0.258009583,0.192393705,0.114336655,0.182616875,0.257911831,0.167502299,0.093767904,0.227803558,0.056083601,0.274825573,0.225031167,0.086327426,0.206944048
2562.958514,0.133587763,0.163902104,0.124472417,0.247375682,0.141892806,0.131408513,0.170909166,0.203437954,0.104217194,0.267443061,0.230849996,0.170415476,0.138550267,0.113507725,0.134822309,0.173796564,0.220175266,0.139186367,0.244023845,0.237657756,0.211101651,0.123763599,0.08170633,0.2282639,0.130217329,0.09401457,0.169460669,0.258737862,0.192840606,0.114893734,0.18301715,0.258575618,0.168079078,0.09417776,0.228319988,0.056434069,0.275461644,0.225538775,0.086777732,0.207413584
2564.887,0.133917943,0.164469242,0.124827199,0.24788253,0.142397836,0.131717145,0.171633705,0.203879401,0.104746766,0.268045008,0.231143191,0.17097339,0.138877869,0.114029862,0.135397777,0.174164861,0.220689893,0.139818996,0.244696438,0.238269016,0.211394697,0.12431737,0.08234033,0.228829756,0.130785093,0.094373539,0.170053035,0.259393096,0.193284526,0.115422085,0.183376372,0.25919044,0.168614626,0.094571434,0.228849486,0.056750771,0.276098847,0.226046026,0.087213576,0.207872331
2566.815487,0.134261519,0.165064603,0.125177637,0.248415262,0.142897159,0.132001892,0.17231977,0.204365984,0.105275236,0.268666297,0.231487244,0.171527326,0.139217764,0.114560872,0.135990933,0.174515814,0.2211712,0.140437424,0.245396167,0.238883302,0.21170862,0.124875881,0.08296553,0.229381815,0.131347626,0.094739035,0.170605943,0.260029405,0.193695292,0.115961991,0.183723688,0.259851873,0.169117123,0.094967693,0.229395658,0.057051454,0.276763797,0.226526707,0.087606892,0.208330408
2568.743973,0.134595767,0.165662646,0.125536308,0.248930901,0.143447533,0.132315964,0.173069045,0.204848632,0.105837882,0.269320339,0.231882527,0.172095641,0.139571488,0.115140818,0.136560753,0.174877122,0.22167559,0.141039819,0.246031806,0.239480168,0.212058932,0.125498876,0.083591655,0.229985818,0.131910801,0.095099844,0.171202451,0.26070261,0.194135293,0.116529487,0.184117377,0.260553479,0.169655591,0.095370695,0.229918733,0.057392292,0.277434021,0.227009267,0.088024922,0.208806753
2570.67246,0.134922981,0.166286275,0.125915661,0.249450251,0.144002944,0.13263528,0.173907787,0.205324739,0.106435746,0.270001709,0.232267216,0.172686443,0.139933109,0.11574664,0.137136668,0.175242841,0.222234875,0.141657248,0.246695757,0.240092099,0.21243906,0.126143113,0.084252268,0.23059544,0.132486269,0.095482305,0.17180863,0.261422604,0.194583729,0.117103629,0.184540644,0.261269808,0.170218825,0.095776096,0.230461672,0.057753909,0.278089464,0.227548793,0.088485017,0.20929499
2572.600946,0.135222211,0.166903466,0.126260877,0.249924809,0.144494891,0.132920086,0.17463921,0.205771089,0.106994659,0.270668775,0.232601374,0.173219547,0.140245989,0.116319411,0.137707427,0.175581366,0.22272025,0.142263874,0.247381672,0.240665436,0.212763891,0.126732886,0.084857628,0.231131971,0.133053184,0.09583433,0.172370538,0.262125224,0.194997102,0.117615379,0.184887156,0.261964172,0.170749053,0.096143402,0.230972081,0.058062498,0.278707236,0.228078857,0.088899471,0.209739625
2574.529433,0.135566771,0.167470366,0.126607046,0.250435591,0.144980311,0.133232579,0.175329089,0.206205606,0.107551828,0.271335691,0.232907876,0.173782513,0.140565678,0.116876446,0.138304204,0.175979778,0.223192871,0.142903894,0.248036087,0.241250679,0.213080123,0.127337039,0.085443884,0.231710136,0.133650452,0.096232012,0.172954947,0.262834668,0.195430353,0.118167743,0.185253978,0.262604147,0.171292558,0.096530363,0.231495455,0.058413509,0.279334426,0.228575215,0.089332998,0.210201398
2576.457919,0.13593933,0.168079078,0.127021268,0.25101772,0.145516127,0.133582205,0.176125094,0.206671715,0.108159542,0.272012472,0.233238488,0.174426764,0.140943095,0.117462911,0.138945267,0.176410183,0.223761931,0.143573552,0.248667866,0.24188064,0.213432834,0.127995059,0.086087249,0.232319772,0.134272695,0.096643858,0.173551992,0.263565898,0.195894897,0.118761539,0.185666382,0.26328665,0.171890333,0.096972659,0.232055575,0.0587974,0.280045778,0.229058668,0.08979141,0.210745603
2578.386406,0.13629353,0.168730348,0.127399713,0.251538306,0.146063641,0.133909643,0.17691876,0.207182467,0.108725823,0.272687167,0.233574569,0.175030231,0.141329885,0.11802835,0.139540613,0.176785246,0.224327415,0.144220054,0.24930495,0.24252297,0.213807672,0.128638551,0.08674179,0.232912064,0.134867966,0.097050659,0.174097523,0.264261335,0.196344107,0.119333275,0.18605499,0.263978571,0.17246531,0.097380593,0.232582405,0.059150107,0.280736357,0.229551226,0.090217717,0.211273864
2580.314892,0.13667132,0.169403479,0.127793819,0.252063066,0.146633133,0.134242147,0.177686557,0.207725838,0.109325215,0.273426235,0.233978182,0.175635621,0.141747594,0.118624263,0.140152574,0.177197963,0.224895671,0.144903898,0.250006944,0.243193939,0.214191332,0.12931706,0.087438717,0.23351635,0.135498345,0.097540729,0.17465502,0.265000254,0.19682014,0.119956441,0.186475649,0.26470834,0.173033401,0.097803861,0.233158275,0.059540424,0.281410336,0.230089933,0.090686344,0.211798832
2582.243379,0.137036324,0.17004396,0.128214806,0.25264591,0.147209361,0.13459602,0.178456903,0.208233699,0.109936386,0.274133205,0.234398752,0.176250145,0.142151475,0.119236879,0.140798241,0.177639812,0.225461632,0.145556182,0.250711173,0.243876249,0.21450296,0.130002454,0.088125244,0.234127626,0.136123091,0.097991891,0.175312445,0.265695959,0.197306603,0.120583035,0.186883032,0.265449733,0.173615381,0.098281667,0.233729303,0.059941817,0.282104015,0.230636418,0.091161206,0.212286338
2584.171865,0.137410402,0.170679808,0.128614277,0.253228337,0.147771299,0.134919614,0.179279953,0.208717778,0.11051935,0.27481851,0.234768182,0.176880941,0.142507017,0.119820833,0.141439334,0.178039476,0.225984186,0.146209419,0.251398474,0.244551077,0.214884818,0.130628273,0.088782623,0.234780759,0.136739671,0.098420911,0.175982922,0.266366661,0.197795168,0.121198811,0.187296599,0.266160458,0.174191579,0.098752968,0.234268248,0.060338732,0.282800287,0.231202453,0.091629893,0.21278277
2586.100351,0.137755767,0.171371147,0.129033089,0.253787249,0.148331776,0.135221809,0.180100709,0.209214106,0.111117892,0.275540382,0.235142708,0.177503213,0.142855912,0.120427988,0.142066851,0.178416997,0.226534858,0.146875545,0.252078116,0.245195433,0.215320557,0.131223217,0.089442246,0.235431165,0.13738437,0.098861791,0.176586255,0.267096221,0.198288769,0.121750318,0.187717691,0.266893744,0.174793184,0.099182658,0.234818667,0.060722616,0.283509016,0.231743991,0.092099011,0.213290378
2588.028838,0.138097987,0.172040164,0.129457116,0.254334152,0.148902521,0.135548487,0.180909023,0.209716111,0.111706935,0.276258886,0.235525832,0.178111866,0.143262327,0.121052168,0.142660409,0.178821027,0.227132589,0.14757596,0.252812475,0.245875478,0.215680569,0.131859913,0.090125389,0.236039922,0.138019115,0.099331208,0.177191943,0.267817467,0.198724419,0.122318231,0.188146487,0.267630428,0.175399065,0.099605538,0.235380217,0.061125174,0.284192055,0.232276261,0.09258578,0.213754117
2589.957324,0.138495699,0.172672838,0.129866987,0.254919976,0.149474323,0.135894209,0.181741968,0.210244715,0.1123221,0.276990086,0.235923156,0.178771392,0.143729553,0.121696725,0.143325701,0.179288864,0.227716476,0.148322642,0.253572106,0.246591687,0.216038004,0.132554874,0.090832859,0.236700132,0.13864404,0.099831887,0.17782554,0.26853767,0.199181139,0.122967094,0.188612148,0.268396318,0.175986528,0.100066997,0.235970199,0.061560195,0.284884661,0.23285009,0.093120411,0.214272127
2591.885811,0.138908148,0.173323408,0.130299717,0.255560756,0.150046945,0.136268899,0.18254967,0.210811511,0.113000512,0.277748913,0.236347109,0.179411754,0.144189775,0.122337312,0.144040778,0.179778874,0.228284746,0.149001092,0.254321992,0.247287944,0.216454193,0.133270726,0.091536224,0.23741138,0.139296487,0.100345321,0.178475618,0.269282818,0.199700803,0.123591349,0.189089,0.269182235,0.17661038,0.100554794,0.236592948,0.061990984,0.285601735,0.233419195,0.093649305,0.214814067
2593.814297,0.139286295,0.173997015,0.130756393,0.256160706,0.150635585,0.136656925,0.183365598,0.21137701,0.11365743,0.278515488,0.236741543,0.180036381,0.144604698,0.122974455,0.144693002,0.180224627,0.228835076,0.149667844,0.255070984,0.24796167,0.216890752,0.133975253,0.092221655,0.238051549,0.139972642,0.100879833,0.179105595,0.270043105,0.200198218,0.12420547,0.189569518,0.269951791,0.177245155,0.101042189,0.237233222,0.06242983,0.286312342,0.233982921,0.094162226,0.215337917
2595.742784,0.139627591,0.17468302,0.131182805,0.256723225,0.151214182,0.137006521,0.184175879,0.211868986,0.11423073,0.279227346,0.237096325,0.180640712,0.14499487,0.123580545,0.145302266,0.180616289,0.229366153,0.150331169,0.255726844,0.248601615,0.217305005,0.134637907,0.092874207,0.238670379,0.140617758,0.101366408,0.179672658,0.270760506,0.200683847,0.124774434,0.189975202,0.270682722,0.177811161,0.10149873,0.237835854,0.062846385,0.286985189,0.23450315,0.094668455,0.215839475
2597.67127,0.140069082,0.175406396,0.131675899,0.257327586,0.151836485,0.137386054,0.18501088,0.21235092,0.114851229,0.279981673,0.237498611,0.181240797,0.145418748,0.124179244,0.145947486,0.181037053,0.229952291,0.151069239,0.256484717,0.249290735,0.217778563,0.135337263,0.09358722,0.239327058,0.141295254,0.10188666,0.180261776,0.271515131,0.201200545,0.125373498,0.19042109,0.271440715,0.178383052,0.101969592,0.238448143,0.063289046,0.287677199,0.23507598,0.095209911,0.216342047
2599.599757,0.14051275,0.176098391,0.132152662,0.257876158,0.152419493,0.137767658,0.185859025,0.212873876,0.115507975,0.280756295,0.237955853,0.181860074,0.145829037,0.124810115,0.146639794,0.181494296,0.230532274,0.151826397,0.257323265,0.249989808,0.218220264,0.136014417,0.094308712,0.23996608,0.141984776,0.102420084,0.180883601,0.272302479,0.201679856,0.125982165,0.190961257,0.272175968,0.178987071,0.102446452,0.239005372,0.063762672,0.288405597,0.235696182,0.095741183,0.216822982
2601.528243,0.140889421,0.176706865,0.132551655,0.258388132,0.1529212,0.13809447,0.18664597,0.213356599,0.116122387,0.281459659,0.238431185,0.18248333,0.14621371,0.125392869,0.147296935,0.181925416,0.231066778,0.152469546,0.258041769,0.250666112,0.2186151,0.136648327,0.094985835,0.240596026,0.142610878,0.102935709,0.181488976,0.273032844,0.202132761,0.12653634,0.191454619,0.272896737,0.179566503,0.102905102,0.239495501,0.064225055,0.289096385,0.236256272,0.096242875,0.217322037
2603.45673,0.141320065,0.177330822,0.133013189,0.258949399,0.15346767,0.138432428,0.187440872,0.213818073,0.116699912,0.282200068,0.238866776,0.183111697,0.146628514,0.125974655,0.147913352,0.182365194,0.231584728,0.153140455,0.258751124,0.251357228,0.219063535,0.137323931,0.095669582,0.241222933,0.143206015,0.103475094,0.182114169,0.273751229,0.202615932,0.127121598,0.191913694,0.27368322,0.18015191,0.10338261,0.24004136,0.064692125,0.289803594,0.236822754,0.096798472,0.217841208
2605.385216,0.141806245,0.178016067,0.133490503,0.259534627,0.154046252,0.138798326,0.188315034,0.214348704,0.117297016,0.282973975,0.239276737,0.183719128,0.147093415,0.126594052,0.14853321,0.182821989,0.232125729,0.153872758,0.25951755,0.252053618,0.219512701,0.138015032,0.096356705,0.241870314,0.143810749,0.104027607,0.182759061,0.274494141,0.20310986,0.127719775,0.192399159,0.274431527,0.180784568,0.103871785,0.240623683,0.065174066,0.290509909,0.23741734,0.097390935,0.218320295
2607.313703,0.142271981,0.178693622,0.134000853,0.260110676,0.154640362,0.139190525,0.189178705,0.214902684,0.117935658,0.283723831,0.239724055,0.184362993,0.147553578,0.127202779,0.149176225,0.183275789,0.232728601,0.154591605,0.260302395,0.252776384,0.219944283,0.13873069,0.097061865,0.242513865,0.144464761,0.104631022,0.183371156,0.275257349,0.203606218,0.128326982,0.192917347,0.275199145,0.181415617,0.104380384,0.241232499,0.065656908,0.291215599,0.237998009,0.097969048,0.218847096
2609.242189,0.142647222,0.1793437,0.13452816,0.260710508,0.155187458,0.139565736,0.189998701,0.215394318,0.118519478,0.284476846,0.240193814,0.184994951,0.147959605,0.12779589,0.149827838,0.183753267,0.233256802,0.155290335,0.261070222,0.253461063,0.220355526,0.139412165,0.097746707,0.243138522,0.145144209,0.10519468,0.183961451,0.276003748,0.20405665,0.128908262,0.193437114,0.275940239,0.181983978,0.104858965,0.241853684,0.066115431,0.291967809,0.238523751,0.098506786,0.2193508
2611.170676,0.143044651,0.179981977,0.135018483,0.261299789,0.15569523,0.139909834,0.190831721,0.215880334,0.119121343,0.285274446,0.240671426,0.185597464,0.148360342,0.128399849,0.150461257,0.184222415,0.233735427,0.156007662,0.261846542,0.254131913,0.220820338,0.140051544,0.098426521,0.243779242,0.145786554,0.105730712,0.184552908,0.276773602,0.204507932,0.129463136,0.193964273,0.276644588,0.182564601,0.105303951,0.242453203,0.066596031,0.292687327,0.239082038,0.099023804,0.219866097
2613.099162,0.143493474,0.180628181,0.135519445,0.261806995,0.156255826,0.140278131,0.191618085,0.216397613,0.119764425,0.286030799,0.241107851,0.186216146,0.148790255,0.129002705,0.151114628,0.184684083,0.234279186,0.156721592,0.262617856,0.254817724,0.221329823,0.140727848,0.099133432,0.244480565,0.146416917,0.106316745,0.185143575,0.27756393,0.205017611,0.130037889,0.19450292,0.277413547,0.183197379,0.105791993,0.24301371,0.067102805,0.293387085,0.239688829,0.099578686,0.22043255
2615.027648,0.143987939,0.181328416,0.13601017,0.262386024,0.156821951,0.14069277,0.192416251,0.216891885,0.120384976,0.28673169,0.241559118,0.186829805,0.14925468,0.129570156,0.151779845,0.185173228,0.234852523,0.157433808,0.263384372,0.255513042,0.221791521,0.141446188,0.099879153,0.245194227,0.147097111,0.106907554,0.185777888,0.278343111,0.205496773,0.130617544,0.195056587,0.27816999,0.183787525,0.106314003,0.243598163,0.067603692,0.294101983,0.240260109,0.100172378,0.220945746
2616.956135,0.14448306,0.181961477,0.136452198,0.262907177,0.157315731,0.141037196,0.193214238,0.217327684,0.120964609,0.287482858,0.242030576,0.187441781,0.149661437,0.130107671,0.152391672,0.185607269,0.235371619,0.158090949,0.264117211,0.256211162,0.222173735,0.142097682,0.100545213,0.245783865,0.147712439,0.107437812,0.18639037,0.279084623,0.205884323,0.131151304,0.19554688,0.278860688,0.18431437,0.106801957,0.244182751,0.068070933,0.294806033,0.240796566,0.10070955,0.221382618
2618.884621,0.144910008,0.182510078,0.13692598,0.263344228,0.157795057,0.141325638,0.194016203,0.217777759,0.12154004,0.288247466,0.242451131,0.188041717,0.150071949,0.130660802,0.153001934,0.186005801,0.235861078,0.158752412,0.264833838,0.256878287,0.222590879,0.142714798,0.101135075,0.246341705,0.148295671,0.107948206,0.186972588,0.279784262,0.20628868,0.131685764,0.195982963,0.279542148,0.184898362,0.107251607,0.244736075,0.068551786,0.295526564,0.241325825,0.101209573,0.221794054
2620.813108,0.145360544,0.183119908,0.137445107,0.263900131,0.158333138,0.141683728,0.194873214,0.218244582,0.122132815,0.288996696,0.24286221,0.188656121,0.150519103,0.131268233,0.15363583,0.186433062,0.236394823,0.159491405,0.265576333,0.257578254,0.223106638,0.143383369,0.101817578,0.246912524,0.148940906,0.108519129,0.187583745,0.280502021,0.206736863,0.132220238,0.196484894,0.280251533,0.18553403,0.107704535,0.245291978,0.069042332,0.296245843,0.241881698,0.101750076,0.222282186
2622.741594,0.145797849,0.183754191,0.137886196,0.264393777,0.158837572,0.142000183,0.195672467,0.218648359,0.122707635,0.289742887,0.24327001,0.18925257,0.150883347,0.131847978,0.154211134,0.186868638,0.236863822,0.16014266,0.266286194,0.258283108,0.223562911,0.144002095,0.102485985,0.247502074,0.149543613,0.109087348,0.188164741,0.281244636,0.20710893,0.132663831,0.196988866,0.280894786,0.186129689,0.108157173,0.245794132,0.069487825,0.296928376,0.242438585,0.102312677,0.222730324
2624.670081,0.146242991,0.184343979,0.138310373,0.264834285,0.159313262,0.142313719,0.196491912,0.219093263,0.123303413,0.290466905,0.243698761,0.189850003,0.151248336,0.132379472,0.154750973,0.187298551,0.237298295,0.160792053,0.267065316,0.258986264,0.223976508,0.144607276,0.103120282,0.248128414,0.150124311,0.109651543,0.188736975,0.282007664,0.207488745,0.133131266,0.197507828,0.281572729,0.186686307,0.108626984,0.246321723,0.069959812,0.297556996,0.242975473,0.102871016,0.223127961
2626.598567,0.146697,0.184925973,0.13876228,0.265307814,0.159810692,0.14265728,0.197329327,0.219563484,0.123868883,0.291170835,0.244139478,0.190461472,0.151638567,0.132898644,0.155322582,0.187709153,0.237736091,0.161474377,0.267863035,0.259673148,0.224410564,0.145239174,0.103777446,0.248709083,0.150700495,0.110188402,0.189333066,0.282768101,0.207892239,0.133616805,0.198052704,0.282307535,0.187215328,0.109084755,0.246876836,0.070417657,0.298148125,0.243508115,0.103417031,0.223588198
2628.527054,0.147161171,0.185552195,0.139240548,0.265802264,0.160290077,0.142998964,0.198154241,0.219988972,0.124440454,0.291899741,0.244574994,0.191053838,0.152079642,0.133433744,0.155959606,0.188158691,0.238178194,0.162133083,0.268594414,0.260354549,0.224915579,0.145919606,0.104474612,0.2492906,0.151301429,0.110714704,0.189971432,0.283575773,0.208298102,0.134091392,0.198575214,0.28302446,0.187789604,0.10953521,0.247402713,0.070887625,0.298820317,0.244082913,0.103972554,0.224090919
2630.45554,0.147697404,0.186186537,0.139760837,0.266294301,0.16077815,0.143371314,0.199005902,0.220417351,0.125056893,0.292630106,0.245015949,0.191656411,0.152546406,0.133985609,0.156612858,0.188629135,0.238691941,0.162828475,0.269341797,0.261088014,0.225459114,0.14661324,0.105194286,0.249858782,0.151913539,0.11129792,0.190599829,0.284390211,0.208714515,0.134608388,0.199077561,0.283754021,0.188397527,0.110008672,0.247922331,0.071400747,0.29955554,0.244651273,0.104501441,0.224560544
2632.384027,0.148190632,0.18679294,0.140238449,0.266744345,0.161278248,0.143645167,0.199816644,0.220810413,0.125688598,0.293350965,0.245421335,0.19223386,0.152930886,0.13448818,0.157201961,0.189033613,0.239128515,0.163528726,0.270117313,0.261761665,0.225932196,0.147258207,0.105847396,0.250426501,0.152470589,0.111843653,0.191164345,0.285119385,0.209050357,0.135106176,0.19958128,0.284438282,0.18897754,0.110459015,0.248456836,0.071878329,0.300235242,0.245187432,0.105018169,0.224972531
2634.312513,0.148589373,0.187350899,0.14063938,0.267200977,0.161744788,0.143907294,0.200613543,0.22119084,0.126292855,0.294116348,0.245796889,0.19281739,0.153258398,0.1349843,0.157755226,0.18938297,0.23947157,0.164191797,0.270907491,0.262410223,0.226392895,0.147899449,0.106503502,0.251006663,0.153011799,0.112360358,0.191756338,0.28579399,0.209385544,0.135553628,0.20011276,0.285134077,0.189546168,0.110875078,0.248977736,0.072337255,0.300859511,0.245717764,0.105559163,0.225412756
2636.241,0.14894706,0.187876955,0.140999928,0.267565578,0.162183508,0.144199207,0.20141983,0.221521169,0.126798853,0.294825852,0.246143609,0.193378672,0.153557897,0.135439143,0.158286959,0.189751387,0.23981598,0.164823562,0.271618128,0.263059676,0.226824328,0.148495868,0.107130378,0.251504302,0.153531373,0.112860426,0.192341581,0.286474049,0.209690228,0.135900095,0.200605363,0.285783291,0.190082178,0.11124263,0.249400213,0.072751507,0.30145818,0.246222049,0.106080152,0.225794658
2638.169486,0.149347112,0.188394874,0.141409054,0.267869592,0.162605613,0.144428521,0.202215135,0.221800938,0.127322227,0.29551062,0.246459156,0.193924412,0.153891265,0.135851115,0.158808321,0.190127358,0.240177259,0.165492207,0.272262156,0.263688177,0.227235079,0.149101034,0.107714206,0.251985043,0.154040143,0.113336131,0.192882195,0.287232459,0.209928587,0.136238337,0.201094121,0.286384344,0.190605193,0.111622199,0.249817073,0.073171243,0.302083015,0.246746942,0.106566571,0.226118535
2640.097973,0.149789542,0.188935295,0.141882494,0.268246651,0.163042545,0.144688219,0.2030368,0.222174734,0.127893344,0.296317369,0.246812522,0.194542944,0.154285505,0.136351481,0.159365386,0.190490752,0.240553617,0.166175023,0.27299732,0.264388591,0.227701157,0.149759457,0.108361125,0.252513319,0.154604569,0.113875821,0.193457112,0.288004905,0.210189968,0.136659086,0.201604217,0.287071019,0.191200674,0.112037271,0.250283092,0.07368549,0.30278933,0.24726668,0.107074916,0.226531461
2642.026459,0.15023002,0.189532652,0.142346278,0.268680453,0.163491577,0.144962892,0.203909278,0.222537979,0.128449723,0.2970815,0.247214064,0.195116326,0.15468286,0.136891022,0.159943894,0.19088915,0.240902275,0.166835532,0.273796022,0.265090823,0.228187799,0.150405943,0.109021112,0.252987504,0.155189097,0.114439681,0.194041729,0.288737893,0.210443944,0.137049899,0.202105448,0.287750185,0.191825449,0.112435378,0.250754416,0.074198611,0.30347392,0.247796997,0.107605249,0.226984859
2643.954945,0.150640354,0.190086052,0.142762437,0.2690956,0.163868472,0.145202324,0.204717606,0.222826615,0.129004776,0.297738999,0.247622594,0.195642412,0.155010253,0.13737236,0.160472482,0.191235483,0.241275087,0.167453945,0.274502695,0.265737087,0.228617683,0.151003748,0.109667182,0.253459096,0.155650616,0.114960708,0.194616601,0.289464056,0.210675851,0.1373844,0.202612162,0.28838864,0.192352816,0.112801895,0.251189649,0.074633896,0.304045677,0.248323485,0.10809949,0.227384359
2645.883432,0.151018858,0.190613911,0.143174976,0.269455552,0.164260074,0.145432472,0.205489725,0.223171413,0.129571587,0.298431218,0.247999594,0.196199596,0.155294269,0.13782692,0.160975099,0.191508412,0.241650015,0.168094501,0.275206834,0.26636979,0.229051441,0.151626095,0.11032775,0.254000992,0.156065002,0.11545226,0.19521299,0.290210724,0.21089448,0.137728304,0.203127906,0.289054096,0.192867681,0.113138862,0.251588643,0.075086117,0.304619312,0.248799369,0.108632967,0.22773695
2647.811918,0.151429698,0.191148341,0.14358747,0.269788802,0.1647093,0.145672277,0.206317946,0.223518699,0.130099863,0.299107462,0.248327628,0.196757704,0.155617237,0.138301477,0.161515027,0.191803306,0.241973072,0.168777078,0.275989413,0.267032146,0.229575798,0.152274519,0.110974774,0.254473984,0.156561971,0.115945891,0.195780098,0.290957153,0.211167589,0.138088629,0.203661814,0.289727241,0.193437383,0.113522708,0.252034009,0.075547159,0.305187076,0.249278218,0.109164871,0.228089601
2649.740405,0.151826337,0.191681325,0.143999055,0.270115763,0.16514723,0.14593631,0.207141697,0.223815292,0.130626798,0.299793214,0.248664573,0.197314367,0.155977592,0.138788208,0.162038878,0.192152783,0.242298678,0.169395328,0.276743472,0.267735839,0.230099156,0.152889118,0.111605838,0.254946262,0.157105118,0.116468579,0.196312621,0.291687459,0.211478204,0.138447717,0.204188928,0.290386856,0.194008648,0.113923907,0.252503783,0.075976893,0.30575949,0.249811977,0.109659217,0.228469983
2651.668891,0.152187213,0.192213178,0.144411251,0.270467818,0.165586993,0.146177292,0.207962915,0.224119946,0.131207004,0.300525486,0.248997599,0.197842374,0.156327859,0.139289618,0.162546143,0.192485482,0.242620796,0.169988707,0.277471304,0.268410414,0.230572745,0.153548539,0.112266324,0.255430311,0.157642677,0.116973221,0.196883187,0.292449564,0.21172379,0.138801679,0.204736143,0.291013628,0.194588259,0.114300407,0.252917439,0.076453105,0.306433439,0.250385821,0.11018277,0.228852972
2653.597378,0.152567565,0.192750826,0.144774541,0.270836473,0.166015118,0.146363825,0.208784729,0.224453121,0.13177067,0.301225424,0.249337509,0.198380813,0.156666934,0.139780208,0.163095906,0.19277662,0.242960796,0.170622706,0.27822417,0.26905787,0.231067643,0.154229477,0.112968661,0.25588432,0.158154503,0.117444962,0.197523281,0.293233007,0.211971119,0.13915211,0.205288559,0.291674852,0.195154548,0.114685968,0.253309697,0.076949336,0.307083935,0.250916153,0.1107205,0.229208216
2655.525864,0.152953088,0.193384245,0.145176038,0.271219134,0.16646874,0.146593615,0.209658474,0.224777848,0.132345408,0.301946759,0.24969247,0.198957533,0.157009661,0.140273839,0.163696796,0.193103954,0.243362784,0.17132467,0.2790443,0.269766539,0.23161678,0.154911354,0.113673687,0.256407976,0.158680797,0.117960982,0.198177651,0.294033438,0.212285638,0.139547423,0.205818996,0.292419553,0.195730329,0.115077592,0.253760606,0.07744468,0.307716876,0.251468301,0.111286759,0.229599863
2657.454351,0.153310105,0.194001764,0.145613641,0.271581739,0.166934833,0.146899924,0.210566938,0.225064933,0.132927045,0.30269599,0.250033498,0.199527413,0.157333761,0.140799373,0.164282635,0.193436533,0.243754566,0.171995446,0.279847831,0.270504177,0.232127577,0.155547112,0.114377581,0.256923467,0.159207329,0.118507996,0.198801816,0.294831008,0.212582454,0.139978394,0.206382334,0.293092936,0.196342856,0.115457982,0.254202217,0.077952705,0.308389425,0.252001226,0.111839868,0.230014041
2659.382837,0.153667539,0.194589674,0.146041214,0.271900088,0.167411223,0.147167668,0.21143961,0.22537297,0.133496448,0.30343163,0.250398397,0.200092226,0.157679319,0.141317323,0.164816648,0.193781048,0.244107589,0.172644913,0.280581176,0.271165639,0.232622623,0.156179681,0.115092106,0.257437915,0.159756929,0.119032882,0.199443087,0.295609593,0.212832853,0.140377477,0.207002193,0.293760508,0.196961716,0.115791589,0.254620284,0.078442886,0.309016615,0.252487808,0.112401478,0.230401859
2661.311324,0.15404661,0.195214272,0.146475479,0.272261828,0.167911291,0.147396356,0.21233657,0.225720868,0.134090766,0.304224998,0.250761956,0.20067744,0.158049598,0.141900092,0.165381879,0.194134876,0.244483769,0.173368126,0.281349897,0.271849036,0.233228147,0.156925753,0.115819581,0.25795573,0.160321549,0.119607873,0.20011276,0.296428442,0.213150814,0.14080289,0.20764862,0.294523239,0.197591051,0.116183028,0.255101115,0.078930497,0.309654891,0.253050745,0.112992615,0.230802819
2663.23981,0.154416397,0.195843801,0.146903098,0.272696108,0.168395624,0.147654906,0.213271022,0.22609143,0.134742022,0.305094272,0.251115382,0.201318875,0.158418834,0.142529085,0.166001648,0.194444552,0.244860724,0.174122691,0.282160968,0.272617549,0.233850807,0.157691821,0.11656601,0.258462995,0.160896242,0.120223373,0.200787783,0.297307223,0.213500947,0.141266301,0.208268076,0.295315892,0.198223561,0.116641581,0.255644083,0.079461768,0.310366005,0.253667951,0.113588117,0.231214613
2665.168297,0.154762447,0.196491197,0.147337049,0.273139596,0.168886006,0.147895753,0.214179009,0.226468548,0.135365248,0.30587709,0.251426935,0.20193021,0.158767462,0.143060535,0.166622221,0.194724306,0.245213971,0.174868166,0.282984704,0.273380816,0.234381035,0.158427373,0.117301241,0.25900054,0.161479935,0.120773934,0.201430812,0.298140079,0.213784128,0.141667992,0.208878741,0.296099484,0.198817939,0.117037289,0.256125748,0.07999102,0.311092019,0.254276425,0.114173859,0.23161751
2667.096783,0.155096695,0.197107881,0.147730142,0.273551643,0.169391006,0.148104414,0.215074599,0.226810873,0.13593322,0.306606948,0.25175941,0.202498794,0.159125671,0.143566534,0.167204067,0.195051163,0.245618254,0.175577626,0.283838719,0.274158806,0.234914288,0.159110337,0.118054725,0.259543091,0.162023857,0.121323481,0.20205915,0.298968136,0.214054137,0.142066061,0.20952554,0.296822906,0.199446455,0.117408067,0.256537229,0.080487028,0.311819524,0.254863828,0.114728443,0.232040107
2669.02527,0.155444726,0.197740555,0.148109913,0.273934484,0.169914424,0.148324385,0.216022685,0.22712639,0.13656871,0.307424963,0.252119571,0.203109369,0.159501106,0.144150481,0.167784184,0.195402697,0.246062919,0.176329702,0.284703583,0.274903774,0.23549208,0.159802303,0.11882478,0.260097802,0.162606016,0.121914811,0.202731311,0.299853384,0.214320198,0.142507583,0.210165456,0.2975896,0.200136855,0.117792256,0.257030606,0.081010796,0.312556833,0.255495191,0.115307406,0.232506454
2670.953756,0.15580985,0.198441595,0.148530498,0.274324089,0.17042987,0.148553327,0.216964483,0.227476925,0.137241051,0.308234751,0.2524409,0.203722939,0.159838244,0.144754067,0.168429539,0.195718274,0.246476859,0.177091345,0.285565704,0.275616825,0.236029774,0.160548136,0.119588755,0.260643512,0.163205817,0.12249206,0.203439578,0.30067274,0.214589432,0.142955214,0.210771456,0.298390359,0.200795382,0.118199967,0.257533133,0.081547439,0.31327799,0.256077886,0.115920268,0.232976198
2672.882242,0.156225473,0.199168071,0.148979634,0.274777651,0.170978874,0.148831531,0.21791178,0.227883533,0.137947321,0.309059262,0.252828956,0.204378054,0.160233885,0.145347714,0.169129342,0.196099386,0.246908277,0.177870303,0.286477417,0.276400506,0.236584812,0.161307022,0.120395564,0.261206478,0.163822904,0.123087592,0.20416303,0.301529825,0.21493955,0.143438876,0.21145165,0.299209505,0.201472014,0.118648864,0.258052438,0.082107387,0.314039201,0.256644428,0.11656478,0.233444303
2674.810729,0.156660169,0.199865311,0.149439186,0.275254667,0.171562195,0.149145558,0.218938172,0.228295386,0.138627082,0.309917867,0.253223181,0.20508045,0.160666436,0.145956442,0.169830531,0.196450531,0.247401863,0.178702772,0.287414074,0.277212083,0.237183109,0.162105978,0.121193647,0.261792719,0.164472356,0.123725906,0.204872355,0.302456617,0.215364799,0.143931806,0.212162465,0.300066411,0.202181801,0.11911539,0.258616418,0.082699269,0.314873487,0.257316738,0.117205568,0.23391588
2676.739215,0.15704836,0.200535029,0.14988625,0.275709093,0.172098532,0.149412572,0.219968989,0.228700876,0.139266342,0.310779274,0.253572464,0.205756202,0.161051109,0.146559924,0.170480788,0.196768299,0.247894168,0.179471791,0.28832671,0.277998537,0.237739906,0.162894771,0.121951394,0.262369692,0.165082306,0.12435282,0.205562472,0.303327501,0.215733901,0.144401208,0.212765276,0.300873041,0.202848956,0.119568765,0.259115517,0.083247662,0.315686852,0.257986486,0.117829777,0.234380901
2678.667702,0.157437161,0.201207265,0.150319114,0.276153356,0.172629252,0.149650082,0.220929414,0.229085356,0.139937818,0.311641991,0.25389722,0.206398398,0.161406353,0.147155926,0.171121106,0.197161615,0.248345152,0.180211484,0.28919965,0.278747767,0.238241047,0.163642094,0.122715905,0.262926131,0.165653974,0.124956869,0.206248373,0.304152876,0.216035128,0.144869745,0.213349879,0.301682681,0.203476146,0.119986333,0.259605765,0.083748125,0.316431463,0.258654684,0.118440591,0.234830737
2680.596188,0.157846302,0.201890409,0.150773004,0.276612699,0.173187941,0.14989762,0.221857771,0.229471579,0.140620276,0.312441349,0.254238874,0.207052752,0.16178,0.147778526,0.171792805,0.197544247,0.248795271,0.180992499,0.290051103,0.279535085,0.238730073,0.164396763,0.123494729,0.263467789,0.166250035,0.125594616,0.206948206,0.304989427,0.216402262,0.145390779,0.213955536,0.302511394,0.204089716,0.120395362,0.260114253,0.084269665,0.317151487,0.259288788,0.11903771,0.235276014
2682.524675,0.158241317,0.202574775,0.15123482,0.277090371,0.173760623,0.150140986,0.222813174,0.229896635,0.141305476,0.313266098,0.254606098,0.207730368,0.162201956,0.148395494,0.172465831,0.197911888,0.249288172,0.18181774,0.290948093,0.280343473,0.239234149,0.16516073,0.124251336,0.264041811,0.166908324,0.126220301,0.20762144,0.305847138,0.216794431,0.145925701,0.214535922,0.303330153,0.204710484,0.120812438,0.260649532,0.084794082,0.317880809,0.259865493,0.119660795,0.235736281
2684.453161,0.158599705,0.203218937,0.151653036,0.277523547,0.174307242,0.150372624,0.223779723,0.23027879,0.141962901,0.31411466,0.254941016,0.208386004,0.162600473,0.148997396,0.173135832,0.198250547,0.24979189,0.182633176,0.291824192,0.281085461,0.2396947,0.165889442,0.124997362,0.264612287,0.167529166,0.126776338,0.208283573,0.306664139,0.217149168,0.146409154,0.215099677,0.304123104,0.2053646,0.121216178,0.261174679,0.085283041,0.318637609,0.260457605,0.120262213,0.236161888
2686.381648,0.158973873,0.203888565,0.152071282,0.277943134,0.17482473,0.15063633,0.224754766,0.230642706,0.142649084,0.314932823,0.255292565,0.209064037,0.162971035,0.149627924,0.173804015,0.198602155,0.250241131,0.18342036,0.292660922,0.281849384,0.240130186,0.166605279,0.125736728,0.265132934,0.168114483,0.127347514,0.208980873,0.307493508,0.217507049,0.146914825,0.215639278,0.304925054,0.206029668,0.121619493,0.261652648,0.085758515,0.319428533,0.261113167,0.120847978,0.236586377
2688.310134,0.159407943,0.204586089,0.152488425,0.278381228,0.175357327,0.150939599,0.225726008,0.231073901,0.143320397,0.31577006,0.255610883,0.209772348,0.163328305,0.150243238,0.17449373,0.198988408,0.250707269,0.184185952,0.293543518,0.28261295,0.240540788,0.167329088,0.126435205,0.265683264,0.168718204,0.127977043,0.209636569,0.308322191,0.217883825,0.147460654,0.216159418,0.305745006,0.20667243,0.12203002,0.262127519,0.08622241,0.320207328,0.261765867,0.121422216,0.237046525
2690.238621,0.159821734,0.205239475,0.152911067,0.278849334,0.175907642,0.151225403,0.226656646,0.231509626,0.143980071,0.316598982,0.255960196,0.210470349,0.163711682,0.150815129,0.175176859,0.199386746,0.251245379,0.184958071,0.294449955,0.28332752,0.240923181,0.168026522,0.127155215,0.266283751,0.169341639,0.128584683,0.210266396,0.309117943,0.218281716,0.148005873,0.216657773,0.306550622,0.207304806,0.122431412,0.26261729,0.086711906,0.320978343,0.262354583,0.121968307,0.23749201
2692.167107,0.160194159,0.205896363,0.15333578,0.279367864,0.176476702,0.151475132,0.227571353,0.231939137,0.144670412,0.317433983,0.256373674,0.211155578,0.164109617,0.151373208,0.175837874,0.1998,0.251779974,0.185768634,0.295319915,0.284046561,0.241352648,0.168707401,0.127887383,0.266829818,0.169974715,0.129156843,0.2109088,0.309934855,0.218678936,0.14855051,0.21712245,0.307372093,0.207926944,0.122858375,0.263142079,0.087195411,0.321800768,0.262974203,0.122517392,0.237914756
2694.095594,0.160628706,0.206607521,0.153735399,0.279879063,0.177084282,0.151761025,0.228517979,0.232417762,0.145328015,0.318305552,0.25674963,0.211871073,0.164502025,0.15198417,0.176533669,0.200218871,0.25232932,0.186578557,0.296176642,0.284776211,0.241776288,0.169423133,0.128607512,0.267384201,0.170601308,0.129760459,0.211583003,0.310782641,0.219089106,0.149117008,0.217595443,0.308212668,0.208574519,0.123309776,0.263696909,0.087671071,0.322617352,0.263590723,0.123082258,0.238384008
2696.02408,0.161105633,0.207329139,0.154150203,0.280405879,0.177696526,0.152105004,0.229490489,0.232891813,0.146013394,0.319163084,0.257134676,0.212642282,0.164945662,0.152665809,0.177260995,0.20068334,0.252915531,0.187428102,0.297083348,0.285519898,0.242161259,0.17015937,0.129340962,0.268033117,0.171272919,0.130382732,0.212279826,0.311665505,0.219510183,0.149710044,0.218108401,0.309063286,0.2092226,0.123773873,0.264286876,0.088176437,0.323394477,0.264234394,0.123684928,0.238900125
2697.952567,0.161546633,0.208033606,0.154581875,0.280977249,0.178275585,0.152416781,0.230479121,0.233346775,0.146728322,0.31999132,0.257557064,0.213411242,0.165394679,0.153315172,0.178017542,0.201126337,0.253520072,0.188293979,0.297990888,0.286275148,0.242547914,0.170872897,0.130090952,0.268707067,0.171977475,0.131016076,0.212969646,0.312536985,0.219935462,0.150320157,0.218609869,0.3098979,0.209869862,0.124249108,0.264877856,0.088666104,0.324210376,0.264925867,0.124291688,0.239413172
2699.881053,0.161961988,0.208758265,0.155033797,0.281552255,0.178842425,0.152709767,0.231457382,0.233853951,0.147442013,0.320857167,0.257978231,0.21416688,0.165819824,0.153939903,0.178767696,0.201535255,0.254110217,0.189114511,0.298833489,0.287050545,0.242971808,0.171603411,0.130854592,0.269366801,0.172676414,0.131652981,0.213659838,0.313371062,0.2203888,0.150921911,0.219097823,0.310764015,0.210532606,0.12470112,0.265440524,0.089163147,0.325045705,0.265541583,0.124866322,0.239968359
2701.809539,0.162378252,0.209521875,0.155479968,0.28211844,0.17941466,0.153046563,0.232404813,0.234428197,0.148152158,0.321754605,0.258386195,0.214923769,0.166240394,0.154575944,0.179513291,0.202004254,0.254692614,0.189932674,0.299702585,0.287838906,0.243428528,0.172357202,0.13161324,0.270045489,0.173359677,0.132294059,0.214317873,0.314172149,0.220864013,0.151555583,0.219613254,0.311650962,0.211178824,0.125180095,0.266011268,0.089697912,0.325902671,0.266143978,0.125459358,0.240523428
2703.738026,0.162858874,0.210343525,0.155953348,0.282698989,0.180068642,0.153434172,0.233406886,0.23502703,0.148927167,0.32263124,0.258832812,0.215742916,0.166733906,0.155251741,0.180320039,0.202560157,0.255378038,0.190823704,0.300653636,0.288647711,0.243911073,0.173171252,0.132393166,0.270776153,0.17410481,0.132979795,0.215041101,0.31503585,0.221374154,0.152283847,0.220173538,0.312513292,0.211906895,0.125713587,0.266655535,0.090274744,0.32682997,0.26682511,0.126120821,0.241101995
2705.666512,0.163350374,0.211192563,0.156478316,0.283372045,0.180776238,0.153849185,0.234436661,0.235635847,0.149753764,0.323551536,0.259278208,0.216609582,0.167276904,0.156030267,0.181161106,0.203098401,0.256103992,0.191759467,0.301587224,0.289476901,0.244419158,0.17401962,0.133196384,0.27152732,0.174911276,0.133681357,0.215851232,0.315980822,0.221940324,0.153035849,0.22078748,0.313410521,0.212676853,0.126289696,0.267374367,0.090857752,0.327805668,0.267539114,0.126823798,0.24174048
2707.594999,0.163837984,0.212026328,0.15702118,0.284095317,0.181467697,0.154260769,0.235479042,0.23627758,0.15053989,0.324534237,0.259752095,0.21746774,0.167784214,0.156835094,0.182010695,0.203593969,0.256819934,0.19268474,0.302507758,0.290306628,0.244895115,0.174824268,0.134049356,0.272291988,0.175695583,0.134408772,0.216621399,0.31691274,0.222558662,0.153815672,0.221414998,0.314350218,0.213403776,0.126882955,0.268084228,0.091445558,0.328796327,0.268254161,0.12753652,0.242345303
2709.523485,0.16440165,0.212884545,0.157589078,0.284793943,0.1822339,0.154697821,0.236566916,0.236972839,0.151371077,0.325526714,0.260326833,0.218368202,0.168338105,0.157630041,0.182898462,0.204158738,0.257622808,0.193659976,0.303501487,0.291180015,0.245436177,0.175686017,0.134934172,0.273106575,0.176520616,0.135186866,0.217382342,0.317866296,0.223217189,0.154633,0.222055614,0.315334082,0.214162841,0.127488703,0.268827021,0.092064895,0.329773217,0.269006252,0.128264084,0.24296847
2711.451972,0.164943397,0.213819042,0.158140004,0.285559058,0.18300651,0.155140862,0.237611771,0.237690181,0.152240887,0.326513648,0.260890692,0.219256699,0.168946296,0.158435792,0.183823287,0.204734355,0.258460939,0.194653139,0.304506838,0.292048872,0.246049643,0.1765742,0.135786667,0.273957729,0.177383304,0.135980383,0.218175471,0.318845481,0.223886609,0.155453205,0.222703755,0.316378087,0.214942187,0.128126487,0.269618422,0.092696354,0.330734819,0.269761175,0.128998369,0.243627012
2713.380458,0.165427133,0.214737028,0.158680305,0.28633666,0.183696002,0.155578285,0.238642216,0.238359973,0.153061494,0.327459574,0.261388153,0.220136359,0.169534191,0.159234077,0.184724942,0.205280304,0.259267002,0.195619985,0.305451334,0.292873651,0.246591568,0.177404419,0.136643454,0.274804443,0.178250447,0.136787072,0.218951419,0.319826722,0.224524736,0.15629293,0.223347202,0.317418396,0.215689585,0.128733084,0.270376384,0.093335696,0.331669211,0.270497411,0.129719645,0.24430722
2715.308945,0.16593346,0.215620711,0.159261838,0.28712815,0.184432089,0.156061187,0.239706188,0.239073992,0.153892025,0.328432649,0.261891544,0.221073851,0.170116797,0.160051703,0.185656548,0.205877423,0.260068417,0.196593732,0.306440085,0.293745875,0.247169808,0.178274095,0.137548357,0.275715202,0.179160953,0.137626633,0.219750583,0.320845366,0.225183055,0.157159045,0.224057972,0.318427503,0.216475949,0.129360437,0.271131635,0.09398564,0.332662493,0.271259636,0.130479991,0.245053127
2717.237431,0.166498318,0.216577366,0.159887731,0.287993103,0.18526417,0.156558961,0.240819454,0.239884466,0.154778138,0.329452842,0.262434065,0.222034827,0.17075029,0.160894901,0.186636865,0.206533253,0.260915428,0.197581187,0.307500184,0.294668674,0.247811198,0.179175138,0.138491288,0.276676834,0.180116609,0.138455421,0.220586419,0.321910381,0.225914314,0.158051178,0.224779397,0.319473356,0.217302069,0.130055472,0.27194345,0.09466064,0.333721399,0.272029102,0.131270766,0.245802432
2719.165918,0.167085513,0.217560992,0.160539597,0.28879571,0.186122507,0.157062039,0.24198848,0.24069111,0.155672252,0.33041954,0.262974739,0.223020151,0.171427235,0.161770463,0.187586531,0.207183793,0.261840016,0.198613957,0.308485508,0.295591086,0.248442471,0.180084676,0.139448524,0.277576506,0.181052268,0.139274552,0.221408218,0.322978497,0.226694241,0.15894635,0.225452498,0.320514977,0.218081042,0.130749226,0.272795737,0.095339611,0.334789306,0.272785604,0.132045045,0.246537417
2721.094404,0.167639956,0.218544528,0.161190122,0.289585024,0.186926842,0.157580897,0.24310562,0.24142696,0.15655607,0.331409097,0.263538778,0.223978236,0.172085136,0.162656039,0.188547909,0.207809091,0.262743533,0.199668989,0.309401631,0.296475887,0.24907276,0.181024119,0.140392944,0.278458416,0.181939021,0.140104204,0.222220466,0.324003071,0.227439582,0.159852386,0.22613813,0.321544021,0.218851909,0.131407887,0.273625374,0.096004933,0.335891813,0.273564339,0.132848099,0.247281
2723.022891,0.168162987,0.219484866,0.161794484,0.290381998,0.187669754,0.1580576,0.244162768,0.242118835,0.157377228,0.332433671,0.264081627,0.224894449,0.172703132,0.163523242,0.189484268,0.208401203,0.263564378,0.200684339,0.310350448,0.297311664,0.249632195,0.181901798,0.141290635,0.279345781,0.182826146,0.14087899,0.223025024,0.324982196,0.228107452,0.160742387,0.226803958,0.322579086,0.219626218,0.132054716,0.274399638,0.096639164,0.336919576,0.274332166,0.133633718,0.248005271
2724.951377,0.168661788,0.220407009,0.162388891,0.29116413,0.188429624,0.158506393,0.24517715,0.242886871,0.158168823,0.333415896,0.264570087,0.225828558,0.17330353,0.164405942,0.190389991,0.208957851,0.264393836,0.201694235,0.311314374,0.298132449,0.25017637,0.182773933,0.142190814,0.280233622,0.18375127,0.141649485,0.223842293,0.325916141,0.228794426,0.161620691,0.22745885,0.323581159,0.220399082,0.132723927,0.275138497,0.097259678,0.33789435,0.275042742,0.13438952,0.248714805
2726.879864,0.1691688,0.221373588,0.163009301,0.291959375,0.189206332,0.158971161,0.24614647,0.243675083,0.158995003,0.334362596,0.265087068,0.226728812,0.173895404,0.165258795,0.19133009,0.209555477,0.265253872,0.202689365,0.312237084,0.298953563,0.250751168,0.183675438,0.143092528,0.281098396,0.184705526,0.142435253,0.224604562,0.326835006,0.229478464,0.162485421,0.228127256,0.324586272,0.221156999,0.133378103,0.275891691,0.097862065,0.338891923,0.275775284,0.135131538,0.249403268
2728.80835,0.169711441,0.222335637,0.163652748,0.292736888,0.190006122,0.15946205,0.247208118,0.244461134,0.159828246,0.335281551,0.265623152,0.227605894,0.174526542,0.166099802,0.192299664,0.21019569,0.266138762,0.203660786,0.313183337,0.299840897,0.251310766,0.184545174,0.14397113,0.281949461,0.185608417,0.143187076,0.225359514,0.327830374,0.230199113,0.163361341,0.22880511,0.32557562,0.221911103,0.134027004,0.276698679,0.098461442,0.339939922,0.276530713,0.135873303,0.250087857
2730.736836,0.170245901,0.223253071,0.164301023,0.29355064,0.190787584,0.159932658,0.248281583,0.245215118,0.160678133,0.336234599,0.266145498,0.228512228,0.175151363,0.166978955,0.193249464,0.210794851,0.267037153,0.204651713,0.314151734,0.300745517,0.25184682,0.185419992,0.144842982,0.282809377,0.186439559,0.143932492,0.226171404,0.328819126,0.230949059,0.164277822,0.229505882,0.326527178,0.222671658,0.134647548,0.27748543,0.099087998,0.340986431,0.277277857,0.136607766,0.250765592
2732.665323,0.170722082,0.224105731,0.164883465,0.294355661,0.191525385,0.160343885,0.249269649,0.245864481,0.161489457,0.337204695,0.26663211,0.229436085,0.175687864,0.167797267,0.194114044,0.211337328,0.267892957,0.205608189,0.315063149,0.301531732,0.252361327,0.186258569,0.145700425,0.283640385,0.187267944,0.144648477,0.226936445,0.329733968,0.231593311,0.165119499,0.230164111,0.327473283,0.223389298,0.135223538,0.278235614,0.09964709,0.341936469,0.278017282,0.137299702,0.251403332
2734.593809,0.171153411,0.224984124,0.165441215,0.29511404,0.192280829,0.160784408,0.25027892,0.246558681,0.162268534,0.338153273,0.267077357,0.23032546,0.176245213,0.168552503,0.194984108,0.211875916,0.268692583,0.206525356,0.315923095,0.302272171,0.252895266,0.187058687,0.146536991,0.284465611,0.188108563,0.145331472,0.227686673,0.330663979,0.232233465,0.16593805,0.230757326,0.328436613,0.224118724,0.135793924,0.278981924,0.100178458,0.342920899,0.278720617,0.138009503,0.252042353
2736.522296,0.171600685,0.225881949,0.166000783,0.295826644,0.193012148,0.161236092,0.251268625,0.247278064,0.163072988,0.339079589,0.267540663,0.231153056,0.176836491,0.169329643,0.195901901,0.212419555,0.26946643,0.207444921,0.316757292,0.303050965,0.253408581,0.187865064,0.147344992,0.285272479,0.188933119,0.146013305,0.228419453,0.331580728,0.23288554,0.166799828,0.231335044,0.329371065,0.224848121,0.136367649,0.279698581,0.100721031,0.343933195,0.27944845,0.138695836,0.252694368
2738.450782,0.172085434,0.226781711,0.166595757,0.296551049,0.193753079,0.161656484,0.252248853,0.247991413,0.163894713,0.33992973,0.268063039,0.232038185,0.17741628,0.170152396,0.196823999,0.212979525,0.270264983,0.20836103,0.31762284,0.303847462,0.253881752,0.188719943,0.148201659,0.286089182,0.189770073,0.146664828,0.229139522,0.332519799,0.233540803,0.167651728,0.231938958,0.330293149,0.225565553,0.136983871,0.280431211,0.101252489,0.344875485,0.280181795,0.139367208,0.253375024
2740.379269,0.172538757,0.227671698,0.167206228,0.297311008,0.194500193,0.162093386,0.253201813,0.248733252,0.16466713,0.34077704,0.268536627,0.232961744,0.177997932,0.170996487,0.197735593,0.213550016,0.271060407,0.209262654,0.318451017,0.304640621,0.254314721,0.189561695,0.149062708,0.286899626,0.190627411,0.147262737,0.229856491,0.333427906,0.234201431,0.168474197,0.232535675,0.331232756,0.226271704,0.137578741,0.281135291,0.101773955,0.345741004,0.280849069,0.140033081,0.254066199
2742.307755,0.172973812,0.228544086,0.167763844,0.298027366,0.195235834,0.16251485,0.254139841,0.249474466,0.165402472,0.341687918,0.268931538,0.233818561,0.178557307,0.171824574,0.198609814,0.214110464,0.271867007,0.210198835,0.319260031,0.305434883,0.25472939,0.190352827,0.149914712,0.287681282,0.191456735,0.147874013,0.230590507,0.334303051,0.234842479,0.169301778,0.233108327,0.332158715,0.226965442,0.138146684,0.281834036,0.102261446,0.346656561,0.281502903,0.140700251,0.254713535
2744.236242,0.173420966,0.229409575,0.168307409,0.298763633,0.195984408,0.162912801,0.255126715,0.250211149,0.166171819,0.34258312,0.26935792,0.234667987,0.179080054,0.172618449,0.199457541,0.214679971,0.272704959,0.211136758,0.320086926,0.306231976,0.25516963,0.191177219,0.150795802,0.28848213,0.192259461,0.148489758,0.231348559,0.335247397,0.235502139,0.170153707,0.233655259,0.333073199,0.227664962,0.138730839,0.282610863,0.102737144,0.347678512,0.282194704,0.141372129,0.255315959
2746.164728,0.173832595,0.230202451,0.168835968,0.299503863,0.196723372,0.163330868,0.256081879,0.25092271,0.166956246,0.343479395,0.26983726,0.235577509,0.179592609,0.173399374,0.200313047,0.215220332,0.273532748,0.21202521,0.320878267,0.307019562,0.255615711,0.191989258,0.151630789,0.289312065,0.193083584,0.14907147,0.232068241,0.336178541,0.236146808,0.170987591,0.234168723,0.333964288,0.228383884,0.139308587,0.283394188,0.10320887,0.348664701,0.282892525,0.141967162,0.255936921
2748.093215,0.174262375,0.231047198,0.169401914,0.30024901,0.197472677,0.163764983,0.257053494,0.251643419,0.167759553,0.344398409,0.270296365,0.236498207,0.180127099,0.174198896,0.201222256,0.215749964,0.27434364,0.212955952,0.32170257,0.307795525,0.256072432,0.192825973,0.152461648,0.290173769,0.193932295,0.149648726,0.232809857,0.337137371,0.236819461,0.171845943,0.234695628,0.334894866,0.229152247,0.139903486,0.284156591,0.10368339,0.349608928,0.283557117,0.14258945,0.256624818
2750.021701,0.174720079,0.23196198,0.169990063,0.301073045,0.198221207,0.164212048,0.258100539,0.25240472,0.16857183,0.345328093,0.270726144,0.237405047,0.1806871,0.175024673,0.202170208,0.216334671,0.275161207,0.213915616,0.322531283,0.308575809,0.256495535,0.193692088,0.153359309,0.291036099,0.194763318,0.150238246,0.233606175,0.338122487,0.237540424,0.172737852,0.235241994,0.335857511,0.229902178,0.140522301,0.284922868,0.10415823,0.350563437,0.284242332,0.143274873,0.257321954
2751.950188,0.175160259,0.232931405,0.170569673,0.301934779,0.199031577,0.164718255,0.259207249,0.253208399,0.169451162,0.346321583,0.271236748,0.238369733,0.181317762,0.175934419,0.20312801,0.216974348,0.276082307,0.214914754,0.323444337,0.309408605,0.256930828,0.194569618,0.154336527,0.291944563,0.19564338,0.150893912,0.234475896,0.339137077,0.238285273,0.173684537,0.23584111,0.336877704,0.230670467,0.141175747,0.285734326,0.104675665,0.351614535,0.285029709,0.144003004,0.25805968
2753.878674,0.175586507,0.233912349,0.17112413,0.302770048,0.199841261,0.165208802,0.260269791,0.253986001,0.170322925,0.347334087,0.271737307,0.239336759,0.181912467,0.176861957,0.204056963,0.217588037,0.277020633,0.215905026,0.324408829,0.310241789,0.257387221,0.195466042,0.155256525,0.292859435,0.196568623,0.151550978,0.235257253,0.340166241,0.239010155,0.174645633,0.236400008,0.337918609,0.231421426,0.141829222,0.286529839,0.105183527,0.352662295,0.28585273,0.144716069,0.258795977
2755.80716,0.176056594,0.234848723,0.171693698,0.303631455,0.200641811,0.16568011,0.261322379,0.254810363,0.171172738,0.348356277,0.272186518,0.240319297,0.182481855,0.177749619,0.205005825,0.218181923,0.277904004,0.216896668,0.325324893,0.311098069,0.257858008,0.196369737,0.156157061,0.293778956,0.197485596,0.15221417,0.235995054,0.34117493,0.239787415,0.175577044,0.236932963,0.338929474,0.23219502,0.142496616,0.287357032,0.105736189,0.353682727,0.286632568,0.145427614,0.259512246
2757.735647,0.176612005,0.235865951,0.172345996,0.304555982,0.201524884,0.166240349,0.262478411,0.255724132,0.17212379,0.349410862,0.272679061,0.241361156,0.183147311,0.17869994,0.206031665,0.218815133,0.27885583,0.2180053,0.32631284,0.312064499,0.258438528,0.197346792,0.157162264,0.294793427,0.198460966,0.152962536,0.236902684,0.342282027,0.24065128,0.176577106,0.237606108,0.340006292,0.233098909,0.143208727,0.288305193,0.106400207,0.354816198,0.287447453,0.146232069,0.260322511
2759.664133,0.177145213,0.236899525,0.17298913,0.30543375,0.202402979,0.166806847,0.263636082,0.256623119,0.173060641,0.350465029,0.27319032,0.242397025,0.18379578,0.179682687,0.207060099,0.219424099,0.279874712,0.219096199,0.327334434,0.313003689,0.25902316,0.198338211,0.158181608,0.295828104,0.199463025,0.153704509,0.237817243,0.343420684,0.241446882,0.177620053,0.238328472,0.341080815,0.233968288,0.143920809,0.289245993,0.107002392,0.35591653,0.288287848,0.147021696,0.261137396
2761.59262,0.177624479,0.2379428,0.173674196,0.306314856,0.203285217,0.167363361,0.264802277,0.257538676,0.173988625,0.351542652,0.273748964,0.243426561,0.184451044,0.180664882,0.208136931,0.220062047,0.280911714,0.220152244,0.328359544,0.313930124,0.259602934,0.199348778,0.159231797,0.296857417,0.200459257,0.154457346,0.238708168,0.344531894,0.242259443,0.17866379,0.239048257,0.342216879,0.234806314,0.144668639,0.290162027,0.107601523,0.356999934,0.289099902,0.147803813,0.261929095
2763.521106,0.178143591,0.239029929,0.174383581,0.307280064,0.204199225,0.167944387,0.266004771,0.258460611,0.174970552,0.352654338,0.274340779,0.24449189,0.185150817,0.181678548,0.209282905,0.220774978,0.281932324,0.221254498,0.329417527,0.31495294,0.260256886,0.200399712,0.160317272,0.297910333,0.201509774,0.155267313,0.239619702,0.345671773,0.243133768,0.179721087,0.239757314,0.343399435,0.235693187,0.145461589,0.29111129,0.108269222,0.358194083,0.28992784,0.148625702,0.262779951
2765.449593,0.17869091,0.240147859,0.175071359,0.308304191,0.205162406,0.168530077,0.267260611,0.259407192,0.176005647,0.353808075,0.2749165,0.245640665,0.18586275,0.182717517,0.210413322,0.2214894,0.282947063,0.2224278,0.330556184,0.315965891,0.260942906,0.20146504,0.161417395,0.299025863,0.202621803,0.156109601,0.240575194,0.346858233,0.24401097,0.180808902,0.24052158,0.344544739,0.236620471,0.146245852,0.292131752,0.108990312,0.359425247,0.29080978,0.149518535,0.263692409
2767.378079,0.179223388,0.24131836,0.175804034,0.309349626,0.20613876,0.169139609,0.268586457,0.260396868,0.177042559,0.354998559,0.275508374,0.246755064,0.186625972,0.183791116,0.211539015,0.222208828,0.284029156,0.223642856,0.331736684,0.316989064,0.261679858,0.202562213,0.162532598,0.300231993,0.203753605,0.157007739,0.241578206,0.348068088,0.244938761,0.181928828,0.241403639,0.345758289,0.237589359,0.147037745,0.293165028,0.109749682,0.360678285,0.291775942,0.150460824,0.264638633
2769.306566,0.179809719,0.24255456,0.17659466,0.310437173,0.207143337,0.169794649,0.269928366,0.261428833,0.178109765,0.356240422,0.276171654,0.247858137,0.187456995,0.184937403,0.212735772,0.22298117,0.285204768,0.224913463,0.332920551,0.318143159,0.262466311,0.203706831,0.163720831,0.301486999,0.204938725,0.157966435,0.242636144,0.349355578,0.245933101,0.183120981,0.242293939,0.347067505,0.238619924,0.147901848,0.294221491,0.110539295,0.362009138,0.292750925,0.151406914,0.265571982
2771.235052,0.180455074,0.243865222,0.177439421,0.311632037,0.208223134,0.17051582,0.271318585,0.262531221,0.179264218,0.35753569,0.276860237,0.249078602,0.188324898,0.186166659,0.213984534,0.223781958,0.286402315,0.226254851,0.334195316,0.319381535,0.263277709,0.204894841,0.165008396,0.302754372,0.206205055,0.15898335,0.24377127,0.350741297,0.2469818,0.18440114,0.243228197,0.348427415,0.239700422,0.14882867,0.295375377,0.111371413,0.363367021,0.293729454,0.152424634,0.266516328
2773.163539,0.181129277,0.245161772,0.17829369,0.312832654,0.209334269,0.171242729,0.272785306,0.263684839,0.180396348,0.358860731,0.277588546,0.250350446,0.189191654,0.187410563,0.215236008,0.224593908,0.287622303,0.227561668,0.335487187,0.320590109,0.264114439,0.206087396,0.166293204,0.304047555,0.207501203,0.160017371,0.244861156,0.352116764,0.24806568,0.185706839,0.244226873,0.349764317,0.240778968,0.149775863,0.296562463,0.112203158,0.364746541,0.294796526,0.153482661,0.267535925
2775.092025,0.181830987,0.246487364,0.179181442,0.31400618,0.210488558,0.1719632,0.274271637,0.264858335,0.181589141,0.360228509,0.278349876,0.251653403,0.190089941,0.188640714,0.216538966,0.225463435,0.288918644,0.228923067,0.336780399,0.321802497,0.264987975,0.207346812,0.16758278,0.305413127,0.208812043,0.161053792,0.246001244,0.353518307,0.249178082,0.187075123,0.245265275,0.351162851,0.241867363,0.150743291,0.297818273,0.113108784,0.366175592,0.295887589,0.154582933,0.268581718
2777.020512,0.182559669,0.247915626,0.180127591,0.315275908,0.211647227,0.172755852,0.275802255,0.266082913,0.182880014,0.361638993,0.279088378,0.252977371,0.19102639,0.189934492,0.21790801,0.226373643,0.290252358,0.230375051,0.338165224,0.323117554,0.265951961,0.208694234,0.168966919,0.306897998,0.210203484,0.162188053,0.247260258,0.355013222,0.250350922,0.18850331,0.246375352,0.352661222,0.243020996,0.151775599,0.299133182,0.114073195,0.367666453,0.29700914,0.155756921,0.26966846
2778.948998,0.183361486,0.249411285,0.181145027,0.316649467,0.212860763,0.173613578,0.277423441,0.267411321,0.184188262,0.363105536,0.279902875,0.254318506,0.192019641,0.191344857,0.219329074,0.227317691,0.291607738,0.231896058,0.339642584,0.324480832,0.266991794,0.210098043,0.170437396,0.308460444,0.211699218,0.16338551,0.248548865,0.356574357,0.251623034,0.189955056,0.247526973,0.354215264,0.244258463,0.152894989,0.300483495,0.115068413,0.369226992,0.298206985,0.156978607,0.270897985
2780.877485,0.184184447,0.250928164,0.182191372,0.318029672,0.214144379,0.174455062,0.279055387,0.268768996,0.185519859,0.364614159,0.280735493,0.255715698,0.193092734,0.192795247,0.220792115,0.22830011,0.292987049,0.233466998,0.341132164,0.325840712,0.268045574,0.211516291,0.171917066,0.310009032,0.21319665,0.164579377,0.249856889,0.358152062,0.252916962,0.191441491,0.248719886,0.355796784,0.245492786,0.154022977,0.301890641,0.116069458,0.370764464,0.299428374,0.158208489,0.272183448
2782.805971,0.185029462,0.252492398,0.183269665,0.319465935,0.215465546,0.175320208,0.280740559,0.270187885,0.186905324,0.366186082,0.281594187,0.257203519,0.194215924,0.194277376,0.222311661,0.229333311,0.294453889,0.235000759,0.342623711,0.327233374,0.26915437,0.212977603,0.17347531,0.311625868,0.214733645,0.165852502,0.251199186,0.359812647,0.254250526,0.193013459,0.249998003,0.357427418,0.246798858,0.155169725,0.303373963,0.117112167,0.372387767,0.300655276,0.159481853,0.2734828
2784.734457,0.18591705,0.254109085,0.184381232,0.320985407,0.216821998,0.176275626,0.282490313,0.271660119,0.188360363,0.367803395,0.282533646,0.258723199,0.195333615,0.19582954,0.223901227,0.230391607,0.296004832,0.236567497,0.34419781,0.328707188,0.270321131,0.214518309,0.17509155,0.313384086,0.216369987,0.167217478,0.252584338,0.361524731,0.255641967,0.194648921,0.251332074,0.359173,0.248170435,0.156383798,0.304928333,0.118267708,0.374114841,0.301948279,0.160852283,0.274804503
2786.662944,0.186842665,0.255780041,0.185521528,0.322526813,0.218221009,0.177252218,0.284297675,0.273144484,0.18986991,0.369448662,0.283505023,0.260257512,0.196474254,0.1974096,0.225558132,0.231471822,0.297598481,0.2382489,0.345862329,0.330285668,0.271538079,0.216086328,0.176733106,0.315206677,0.218102783,0.168640271,0.254011452,0.363252491,0.25707072,0.196300179,0.252694011,0.360962927,0.249527052,0.157646805,0.306478828,0.119454101,0.375851154,0.303337544,0.162275493,0.276133269
2788.59143,0.187845364,0.25755474,0.186772555,0.324161202,0.21970062,0.178249389,0.286206156,0.274696797,0.191419378,0.371192396,0.284516931,0.261844784,0.197712362,0.199029341,0.227268457,0.232621416,0.299236447,0.240032777,0.347595066,0.331949353,0.272848099,0.217707351,0.178464711,0.317033619,0.219913408,0.170101434,0.255491614,0.365131736,0.25857684,0.19805707,0.25411728,0.362816811,0.250958383,0.158975169,0.308103353,0.120695964,0.377660543,0.304737329,0.163736284,0.277557164
2790.519917,0.188889384,0.259360641,0.188081518,0.325884432,0.22120595,0.179331183,0.288180918,0.276326895,0.1929878,0.372980863,0.285547227,0.263498247,0.199015871,0.200710401,0.22899887,0.233813301,0.30092153,0.241854817,0.349382728,0.333681673,0.274211049,0.219401613,0.180254743,0.318941414,0.221726075,0.171653256,0.257048875,0.367075205,0.26009047,0.199886441,0.255631864,0.36472711,0.25243485,0.160357162,0.309856832,0.12199799,0.379552543,0.306159109,0.165252209,0.279082388
2792.448403,0.189971671,0.261210799,0.189456314,0.327661395,0.222767979,0.180460513,0.290229231,0.278056979,0.194649071,0.374832571,0.28663826,0.265237689,0.200357735,0.202484027,0.23078391,0.235092312,0.302689672,0.243750483,0.351225436,0.335423321,0.27560848,0.221187621,0.182108805,0.320983291,0.223628551,0.173302442,0.258714437,0.369001716,0.261672884,0.201739237,0.257260531,0.366681933,0.253956348,0.161779046,0.311677247,0.123384379,0.381516874,0.307648748,0.16684404,0.280642718
2794.37689,0.191091463,0.263150573,0.190847203,0.32946527,0.224381194,0.181591704,0.292290688,0.279817224,0.196392596,0.37678498,0.287790507,0.266986758,0.201749682,0.204329774,0.232646063,0.236412823,0.30448395,0.245728031,0.353139043,0.337222546,0.277065217,0.222993866,0.183998138,0.323088706,0.225635111,0.174981818,0.260407299,0.370938241,0.263329804,0.203655303,0.258927345,0.368731797,0.255539864,0.163274974,0.313515872,0.124826387,0.383501261,0.309191883,0.168490946,0.282231539
2796.305376,0.192297831,0.265169948,0.192272946,0.331307024,0.226040572,0.182780221,0.29441607,0.28161025,0.198164433,0.378748775,0.288989872,0.268776029,0.203221396,0.206176519,0.23456876,0.237739295,0.306345463,0.247715786,0.355149746,0.339166909,0.278595537,0.224810705,0.185945824,0.325252235,0.227701485,0.176749766,0.262112021,0.37297079,0.265021235,0.205642298,0.260622054,0.370866537,0.257203877,0.164846301,0.31542179,0.126280904,0.385591298,0.310813516,0.170199662,0.283859253
2798.233863,0.193565935,0.267226875,0.193788767,0.333248377,0.227750123,0.184028044,0.296640754,0.283465475,0.199979141,0.380781382,0.290225774,0.270615458,0.20473063,0.208055452,0.23653765,0.239127412,0.308267117,0.249768689,0.357201815,0.341174901,0.280206472,0.226712227,0.187965363,0.327491552,0.229832768,0.178593189,0.263873041,0.375140667,0.26679644,0.207714826,0.26241529,0.373083711,0.258918643,0.166448638,0.317439228,0.127818614,0.387767285,0.312493414,0.171988368,0.285517484
2800.162349,0.194834605,0.269306362,0.195319444,0.33529067,0.229520813,0.185322016,0.298933238,0.285438567,0.201832488,0.382948905,0.291509569,0.272532433,0.206275567,0.210026562,0.238577396,0.240574688,0.310278237,0.251940191,0.359311432,0.34320423,0.281887084,0.228708103,0.190054581,0.329833776,0.232028767,0.180505231,0.265699893,0.377344877,0.268655121,0.209860653,0.264258742,0.375378966,0.260663897,0.168106198,0.319513172,0.129432157,0.38994357,0.314251363,0.173832819,0.287278175
2802.090836,0.196164042,0.271468461,0.196926445,0.337444365,0.231387407,0.186678872,0.301330328,0.287518173,0.203791559,0.385169536,0.292872876,0.274525523,0.207914695,0.212096184,0.240688384,0.242111385,0.312449247,0.254184037,0.36153242,0.345302612,0.283621371,0.230795085,0.192219898,0.332270235,0.234311745,0.18248722,0.267643332,0.37962839,0.27059418,0.212078288,0.26613301,0.377761215,0.262504876,0.169850171,0.321665764,0.131111532,0.392232329,0.316075921,0.175727174,0.289123207
2804.019322,0.197584763,0.273763597,0.198586896,0.339677751,0.233324438,0.18811585,0.303816587,0.289639413,0.205914602,0.387467146,0.294311464,0.276566982,0.209632531,0.214272544,0.242900789,0.243714944,0.314660877,0.256499559,0.363814205,0.34749195,0.285422295,0.232925773,0.194468766,0.334838897,0.23668091,0.184555098,0.269673228,0.382046312,0.272582203,0.214412391,0.268100917,0.380201936,0.264416218,0.171687439,0.323959559,0.132852048,0.394630134,0.317917794,0.177698448,0.29106316
2805.947809,0.199097753,0.276219726,0.200330794,0.342016637,0.235366583,0.189672813,0.30637747,0.291914433,0.208091736,0.389911115,0.295821279,0.278765023,0.211417839,0.216535971,0.245245084,0.245404989,0.316965222,0.258916795,0.366216093,0.349732578,0.287271112,0.235139936,0.196838975,0.337579936,0.239186287,0.186743557,0.271720558,0.384543896,0.274698824,0.216876984,0.270178854,0.382686496,0.266410202,0.173653588,0.326363564,0.134719655,0.397120029,0.319812715,0.17976135,0.293151826
2807.876295,0.200622886,0.278696835,0.202145919,0.344426781,0.237412095,0.191263989,0.309018373,0.294285923,0.210279033,0.392389923,0.297353953,0.281000286,0.21324639,0.21881853,0.247626826,0.247172058,0.319320887,0.261381567,0.368700862,0.352079809,0.289121926,0.237413406,0.199236646,0.340406597,0.241794541,0.188921586,0.273783892,0.387073785,0.276898861,0.219390616,0.272292078,0.385218173,0.268440396,0.17568101,0.328787863,0.136637628,0.399658591,0.321760952,0.181863442,0.295249462
2809.804782,0.202188641,0.281206638,0.203987196,0.346897244,0.239516243,0.19291006,0.311779618,0.29672569,0.212570414,0.394872993,0.298933238,0.283291817,0.21511431,0.2211923,0.250046909,0.248999521,0.321716547,0.263905495,0.371211112,0.354581028,0.290989846,0.239744961,0.201678902,0.343320966,0.244531542,0.19111456,0.275928438,0.389688939,0.279155195,0.221948802,0.274387449,0.387858242,0.270512283,0.177727029,0.331351846,0.138537422,0.402242661,0.323770583,0.184015021,0.297426075
2811.733268,0.203838915,0.283875763,0.205902234,0.349558353,0.241767928,0.194658294,0.314596355,0.299251556,0.21493347,0.39748168,0.300589591,0.285718441,0.217020661,0.223713011,0.252570868,0.250921398,0.324287236,0.266528279,0.373825312,0.35715571,0.292909414,0.24216646,0.204234779,0.346379787,0.247411951,0.193401292,0.278149456,0.392427921,0.281597704,0.22465466,0.276478022,0.390616685,0.272691041,0.179883793,0.334120482,0.140532374,0.40501371,0.325895607,0.186232418,0.299771369
2813.661754,0.205557451,0.28666541,0.207897648,0.352383792,0.244119793,0.196476817,0.317549258,0.301926613,0.217430234,0.400263727,0.302370608,0.288278669,0.219037518,0.226327255,0.255297899,0.252915412,0.327057153,0.269328207,0.376588404,0.359873474,0.294960082,0.244714275,0.206938297,0.349652648,0.250415832,0.195803493,0.280533731,0.395316869,0.284192413,0.227574736,0.278677583,0.393464267,0.274971098,0.182224065,0.337001294,0.142634928,0.407952189,0.328139842,0.18852368,0.302230626
2815.590241,0.207389608,0.289577633,0.209987655,0.355351925,0.246601969,0.198454291,0.320656985,0.304868788,0.220047593,0.403233021,0.304248601,0.29099676,0.221186355,0.229081869,0.25820455,0.255003721,0.330010206,0.272286266,0.379512697,0.362746865,0.297133148,0.247431979,0.209778398,0.353149652,0.253616124,0.198297083,0.28311041,0.398394823,0.286910534,0.230670869,0.280995876,0.396423101,0.277368158,0.184706897,0.340055138,0.144807711,0.41093713,0.330470085,0.190891713,0.304828703
2817.518727,0.209317461,0.292717129,0.212124616,0.358532488,0.249216482,0.200594679,0.323866159,0.307997614,0.222814858,0.406373799,0.306219637,0.29380697,0.223421708,0.232009888,0.261216938,0.257225484,0.333066344,0.275329411,0.382578164,0.365741819,0.2993761,0.25026089,0.21276176,0.356886119,0.257013977,0.200817987,0.285778344,0.401646495,0.289788842,0.233884186,0.283301026,0.399537534,0.279897213,0.187319726,0.343321949,0.147063345,0.414119393,0.332917392,0.193341717,0.307616413
2819.447214,0.211330697,0.296101779,0.214387655,0.361966521,0.252036661,0.202863872,0.327332735,0.311317176,0.225859627,0.409667939,0.308278263,0.296859324,0.225773424,0.235102654,0.264429808,0.259627104,0.336355031,0.278584778,0.385840029,0.368972808,0.301659554,0.253258526,0.215949789,0.360945225,0.260681659,0.203469321,0.288634181,0.405118823,0.292907923,0.237362176,0.285640776,0.402931273,0.282611728,0.19014141,0.346878916,0.149454191,0.417561382,0.335544825,0.195900515,0.310622573
2821.3757,0.213427216,0.299697578,0.216765851,0.365682006,0.255050063,0.205306634,0.33103025,0.31489554,0.229047373,0.413193673,0.310375422,0.300167233,0.228236243,0.23843658,0.267874092,0.26220277,0.339960277,0.282071233,0.389334857,0.372468561,0.304012537,0.256449372,0.219331115,0.365350753,0.264635205,0.206207573,0.291709483,0.408807904,0.296326995,0.241186067,0.288059056,0.406572819,0.285538077,0.193179578,0.350759059,0.15192169,0.42117393,0.33839798,0.19854629,0.31383872
2823.304187,0.215674147,0.303662896,0.219246015,0.369726688,0.258369386,0.208016723,0.335053384,0.318868041,0.232483968,0.417002767,0.312713772,0.303671062,0.230875447,0.242110804,0.27162534,0.264981806,0.343872577,0.285877585,0.393095046,0.376273006,0.306568176,0.259945959,0.223020449,0.370155871,0.268901974,0.209036425,0.295034498,0.412780195,0.300083399,0.24529627,0.290558845,0.410465658,0.288704365,0.196473002,0.354949236,0.154537812,0.425131828,0.341472119,0.201346055,0.317396164
2825.232673,0.218075946,0.307979017,0.221907243,0.374174505,0.262022227,0.211015612,0.339455128,0.323292673,0.236276776,0.421146393,0.315254867,0.307461768,0.233718112,0.246119738,0.275710285,0.268010736,0.34815532,0.290066719,0.397158861,0.380445421,0.309196562,0.263765305,0.227046892,0.375452429,0.2735416,0.21204254,0.298627079,0.417130858,0.304204971,0.249799758,0.293165088,0.414684266,0.292160124,0.200017318,0.359532356,0.157319814,0.429450482,0.344788313,0.204301521,0.321314961
2827.16116,0.220657274,0.312669307,0.224769548,0.379131436,0.265952468,0.214339882,0.344218284,0.328180194,0.240445971,0.425750643,0.317944169,0.311629087,0.236814082,0.25054723,0.280229121,0.271307319,0.352905214,0.29460752,0.401621312,0.385045916,0.311929792,0.267894268,0.231453836,0.381344587,0.278691322,0.215194315,0.302518457,0.421889246,0.308796465,0.25485611,0.295896679,0.419291258,0.295963883,0.203923404,0.364635617,0.160240695,0.434123576,0.348439038,0.207446307,0.325595737
2829.089646,0.223512039,0.317937434,0.227875113,0.384689003,0.270350605,0.21811828,0.349487662,0.333749771,0.245074809,0.430810452,0.320910752,0.316265315,0.240267426,0.255538702,0.285314679,0.274983078,0.358251065,0.299652398,0.406657785,0.390200883,0.314999998,0.272497386,0.236336917,0.387980908,0.284523755,0.218612194,0.30689317,0.427214503,0.31400618,0.26057753,0.298800528,0.42438969,0.300152361,0.208419397,0.370471567,0.163469687,0.439311028,0.352395892,0.210899264,0.330419838
2831.018133,0.226643771,0.323886603,0.231238335,0.391069591,0.275327295,0.22247611,0.355372608,0.340294212,0.250228614,0.436396986,0.32418716,0.321467489,0.244166449,0.261216819,0.290995866,0.279185086,0.364273727,0.305300087,0.4122594,0.395998567,0.318369269,0.277575195,0.241810232,0.395670056,0.291059643,0.222388938,0.311824143,0.433260083,0.319982648,0.267129958,0.301977336,0.430095851,0.30482617,0.213561609,0.377247542,0.167020962,0.445153862,0.356768161,0.214712724,0.335920155
2832.946619,0.230125934,0.330665171,0.235079378,0.398627341,0.281094313,0.227625847,0.361972451,0.348146111,0.256084114,0.442713052,0.327929914,0.327343076,0.248679698,0.267854691,0.297513932,0.284086198,0.371329516,0.311673939,0.418544352,0.402605146,0.322104454,0.283270538,0.248071983,0.404766321,0.29857868,0.226604521,0.317363709,0.440124571,0.327072978,0.274819434,0.30555284,0.436599374,0.310101062,0.219611481,0.385225832,0.171002284,0.451751053,0.361751407,0.218986869,0.342295289
2834.875106,0.234057114,0.338360429,0.23952426,0.407571763,0.287798524,0.233790517,0.369314969,0.357674778,0.262698203,0.449856997,0.332235217,0.333950788,0.253911853,0.275677532,0.305012763,0.289869785,0.379785806,0.318965256,0.425681204,0.410143703,0.326285124,0.289717525,0.255197048,0.415604025,0.307443231,0.231378362,0.323619306,0.447945952,0.335609347,0.284058601,0.309515536,0.444018126,0.316008955,0.226909503,0.394778132,0.17551294,0.459157169,0.367349535,0.223816037,0.349896699
2836.803592,0.238688946,0.347373724,0.244675592,0.418487608,0.295727968,0.241420463,0.377660125,0.369639188,0.270303458,0.458071172,0.337302893,0.341570139,0.260121703,0.285138607,0.313777924,0.296899706,0.390089601,0.327511847,0.433778673,0.418870628,0.331052154,0.297162503,0.263507426,0.428876728,0.318104327,0.236932129,0.330869168,0.457102269,0.346176356,0.295449972,0.314010531,0.452650815,0.32280314,0.235951215,0.406627297,0.180757701,0.467714161,0.373742461,0.229465008,0.359226227
2838.732079,0.244253024,0.358291656,0.250874937,0.432263494,0.305407941,0.25108707,0.387318403,0.385063976,0.279249489,0.467623919,0.343481153,0.350473285,0.267762363,0.296909302,0.324399352,0.305726707,0.403002053,0.33774367,0.443221092,0.429206014,0.336669296,0.30603084,0.273472667,0.445675313,0.331253886,0.243616804,0.339483887,0.468190193,0.359641761,0.30985558,0.319257736,0.462886006,0.330777079,0.247473791,0.421662509,0.187084153,0.477841198,0.38121295,0.236259446,0.370868862
2840.660565,0.251111269,0.371805131,0.258626103,0.450004101,0.317548901,0.263512433,0.398920119,0.405283898,0.290127635,0.479104817,0.351205647,0.361132264,0.27741468,0.311947912,0.337663859,0.317139208,0.419591844,0.350347787,0.454731107,0.441753387,0.343441695,0.31683749,0.285789698,0.467355818,0.347987443,0.251905799,0.350019068,0.482003927,0.377078861,0.328622878,0.325469285,0.475469798,0.340376467,0.262391925,0.441120684,0.194860324,0.490102321,0.390193701,0.244612396,0.385742515
2842.589051,0.259876311,0.388959467,0.268614322,0.47312808,0.333215743,0.279523134,0.413458794,0.431990594,0.303711206,0.493498355,0.361080647,0.374216348,0.289698303,0.331723303,0.354651004,0.331949711,0.441233635,0.36645028,0.46932894,0.457686067,0.351910293,0.330399036,0.301437944,0.49533388,0.369815141,0.262561768,0.363289624,0.49952057,0.399739385,0.353521347,0.332991779,0.491448015,0.352340877,0.281875342,0.46672228,0.204743341,0.505308032,0.401331842,0.255167782,0.404866606
2844.517538,0.271182805,0.411554307,0.28177163,0.50334996,0.353936046,0.299961478,0.432281405,0.467391789,0.321058393,0.512260318,0.374028087,0.390555501,0.305472165,0.358129829,0.377017349,0.351127267,0.469643831,0.387758404,0.488740116,0.47878316,0.362886995,0.348066747,0.32183677,0.531702518,0.398896575,0.276848286,0.380547196,0.521964729,0.42903316,0.387016445,0.342390835,0.512257874,0.367752582,0.307244569,0.500374913,0.217749596,0.524777532,0.415548563,0.268876374,0.429451823
2846.446024,0.284918636,0.440153867,0.298239708,0.540369749,0.379836619,0.324042231,0.455727369,0.511137247,0.342445582,0.536118865,0.389911801,0.410396457,0.324627966,0.391141415,0.405207932,0.374228954,0.504567623,0.414768457,0.513825059,0.50557816,0.376569659,0.370225698,0.347146988,0.576193929,0.435447305,0.295286924,0.401927441,0.548997045,0.464205652,0.429400772,0.353915393,0.538436353,0.386721551,0.337939233,0.541427791,0.234271154,0.548741996,0.433124304,0.28600654,0.4591479
2848.374511,0.297293514,0.466600895,0.313624829,0.573326588,0.402554303,0.344157428,0.477141649,0.549938917,0.361743152,0.558511853,0.404015124,0.428767443,0.341905713,0.420282066,0.431199551,0.394170314,0.535805464,0.439929128,0.537386656,0.530286133,0.389517814,0.390401065,0.370113313,0.616072893,0.468433231,0.312662333,0.421007425,0.573217869,0.494978249,0.467866719,0.365176976,0.562601984,0.403774679,0.364956319,0.57741636,0.250000447,0.570691645,0.449314833,0.302270651,0.485585213
2850.302997,0.302659065,0.47600022,0.320741951,0.583737195,0.408209473,0.349592268,0.484851748,0.561019123,0.368244708,0.566927493,0.409563035,0.436572939,0.348905534,0.427631199,0.440273196,0.400346041,0.54606837,0.449023455,0.545869291,0.538358092,0.396036357,0.397429526,0.37832582,0.629244268,0.479058474,0.320280403,0.427120924,0.582243383,0.505017936,0.479133725,0.372106016,0.571269989,0.40979296,0.374093562,0.587467253,0.257552832,0.579143047,0.455421388,0.310251057,0.494938165
2852.231484,0.301170081,0.466550112,0.319068551,0.570169806,0.396556795,0.340801239,0.477795392,0.542749882,0.361304253,0.559728682,0.406758189,0.432351351,0.345093608,0.412624866,0.430772126,0.392594665,0.53380084,0.439938545,0.538026392,0.528558671,0.396062762,0.390597433,0.370657563,0.613755822,0.466130972,0.318415552,0.419789344,0.574693501,0.493280172,0.461299449,0.374376118,0.563195109,0.404186875,0.364717811,0.570402145,0.256490797,0.572688937,0.450499207,0.309328556,0.485974371
2854.15997,0.297483772,0.450703561,0.314260542,0.548321307,0.380043745,0.32736358,0.465949863,0.514964402,0.350223958,0.54721278,0.401362211,0.423199743,0.33748433,0.391239226,0.41492945,0.380209833,0.513589323,0.424585491,0.525126994,0.5135023,0.394314557,0.379300743,0.357561469,0.588367522,0.44551456,0.31422171,0.408345431,0.560839653,0.473601252,0.4344531,0.375056863,0.549762964,0.394682169,0.348715484,0.544545949,0.25263831,0.560995817,0.441924483,0.305359364,0.470130175
2856.088457,0.294302523,0.436834276,0.310028374,0.528638005,0.366505682,0.315314919,0.456016093,0.490476459,0.340913236,0.536667049,0.396669,0.414434731,0.330772579,0.373310924,0.400993556,0.369224817,0.495347977,0.411339283,0.514620841,0.501178622,0.393428087,0.369636655,0.346038908,0.565304935,0.427357048,0.311429739,0.398665547,0.547895312,0.455286711,0.411221355,0.376096308,0.538359284,0.386456847,0.333937556,0.521821439,0.249618649,0.5507375,0.434693545,0.302014381,0.455122173
2858.016943,0.292155325,0.426534623,0.307161093,0.51323694,0.356959611,0.305686742,0.449256063,0.471579492,0.334373027,0.529404581,0.393288314,0.407534033,0.326023698,0.36023894,0.390607566,0.360728115,0.481093675,0.401821107,0.507781327,0.49274683,0.393840492,0.362749636,0.337541014,0.547140598,0.413500875,0.310497701,0.391771674,0.537816823,0.440391093,0.393692464,0.377918988,0.530282795,0.380661279,0.322042912,0.504440963,0.248000026,0.543266416,0.429740161,0.300073206,0.442895085
2859.94543,0.290890217,0.419472605,0.305627167,0.501656055,0.350563407,0.29815802,0.445291758,0.457427919,0.330223888,0.524936259,0.391082495,0.402686238,0.323031515,0.351139247,0.383247197,0.354523718,0.470432043,0.395609289,0.503881395,0.48754102,0.395412803,0.358313978,0.331750393,0.53336817,0.403509408,0.311100811,0.387411475,0.530633628,0.428697675,0.380952388,0.380545169,0.525108755,0.377052784,0.312840939,0.491665155,0.247703552,0.538340032,0.426771969,0.29954794,0.433430314
2861.873916,0.290527761,0.41525948,0.305400044,0.493487984,0.346809953,0.292617559,0.443692684,0.447292,0.328164071,0.523027003,0.389941901,0.399850428,0.321645021,0.34539789,0.378641576,0.350413173,0.462900132,0.392236531,0.502444446,0.484962165,0.39796719,0.356004745,0.328356922,0.523699522,0.397012174,0.313112587,0.385182828,0.526058614,0.419957429,0.372252554,0.384017169,0.522464573,0.375353754,0.30618766,0.482865542,0.248774126,0.535785258,0.425520271,0.300449163,0.426545441
2863.802403,0.291178793,0.413565338,0.306443721,0.488373429,0.345263839,0.288892031,0.444140941,0.440698117,0.327971637,0.523204088,0.389964759,0.398819566,0.32176882,0.342405528,0.376569003,0.348110586,0.458076417,0.391292095,0.503034294,0.484551519,0.401426047,0.355626792,0.327176422,0.517779589,0.393576801,0.316377252,0.384709239,0.523939908,0.41399914,0.367024601,0.388273329,0.522063494,0.375256866,0.301925957,0.477591604,0.251032621,0.535403371,0.425793529,0.302647471,0.422165722
2865.730889,0.292625219,0.413759351,0.308478683,0.485612839,0.345267743,0.286716461,0.446028322,0.43690896,0.329128772,0.524766207,0.390961975,0.399203479,0.32299304,0.341345876,0.376343489,0.347182125,0.455507785,0.392172962,0.505127251,0.485833228,0.405534923,0.356682539,0.327601761,0.514589489,0.392449766,0.320576191,0.385536641,0.523798943,0.410322696,0.364443094,0.393032312,0.523220181,0.376351148,0.299713612,0.474959999,0.254101574,0.536556005,0.427237868,0.305737942,0.419834346
2867.659376,0.294641882,0.415223002,0.31121394,0.484631568,0.3463175,0.285823405,0.448821306,0.4352974,0.331131577,0.527300119,0.392641574,0.400617301,0.325049251,0.341634154,0.377395481,0.347357601,0.454644054,0.394243658,0.50820756,0.488176674,0.409936666,0.358665794,0.329121053,0.513355672,0.392890006,0.325365424,0.38728866,0.524895191,0.408317387,0.363773942,0.398103356,0.52541858,0.378303111,0.299026817,0.474177986,0.257700711,0.538673639,0.429370016,0.309440851,0.418962091
2869.587862,0.296847552,0.417187572,0.314305216,0.484609216,0.347813338,0.285625786,0.451930076,0.434855402,0.333339006,0.530240476,0.394593507,0.402364492,0.327429712,0.342608184,0.3789078,0.348189473,0.454640895,0.396689922,0.511598825,0.490783006,0.41431275,0.361031711,0.331146508,0.513108492,0.394049495,0.330145597,0.389355659,0.526457071,0.407222509,0.364059418,0.403166145,0.528004408,0.380446643,0.299216002,0.474408001,0.261392355,0.541058898,0.431666166,0.31331715,0.418749332
2871.516348,0.299000233,0.419189245,0.317446589,0.484802008,0.349337995,0.285699517,0.455004632,0.434820652,0.335506231,0.533116996,0.396526903,0.403982162,0.32973659,0.343776554,0.380432516,0.349096477,0.454848915,0.399124473,0.514940441,0.493332773,0.41848281,0.363323331,0.333218127,0.513259709,0.395384312,0.334489912,0.391283184,0.528109789,0.406496167,0.364581466,0.40796864,0.530484378,0.382469863,0.299747258,0.474913865,0.264806062,0.543369532,0.433932245,0.316983759,0.418734401
2873.444835,0.30101642,0.421014428,0.320386618,0.484984398,0.35075137,0.285793632,0.457857162,0.434905797,0.337489963,0.535663188,0.398311377,0.405373812,0.331820399,0.344882518,0.381715,0.34987402,0.455036789,0.401403844,0.51795882,0.495697558,0.422288299,0.365333915,0.335162818,0.513511598,0.396633387,0.338201225,0.393023133,0.529597998,0.40596962,0.365068465,0.412427962,0.532755494,0.384356916,0.300271362,0.475388885,0.267777801,0.545447052,0.436013788,0.320158631,0.418732226
2875.373321,0.302985549,0.422792733,0.323116928,0.485525876,0.352179438,0.286070704,0.460581839,0.435431451,0.339367121,0.538040102,0.399990529,0.406664819,0.333749294,0.346275657,0.382974535,0.350798488,0.45559901,0.403648287,0.520881057,0.497936338,0.425827086,0.367304087,0.337223262,0.514283657,0.398013055,0.341567159,0.394860268,0.531150997,0.405973047,0.365904808,0.416546077,0.53497541,0.386271775,0.30097118,0.476141244,0.270430237,0.547407568,0.438024759,0.323012292,0.418943971
2877.301808,0.305069238,0.424882084,0.325917125,0.486934304,0.353888094,0.286888659,0.463537544,0.437028021,0.341442764,0.540648937,0.401795328,0.408141136,0.335832804,0.348305404,0.384814978,0.352156401,0.45691669,0.406256497,0.524094641,0.50039351,0.42933628,0.36957413,0.339669883,0.516120374,0.400065362,0.344942838,0.397007644,0.533233345,0.406889141,0.367606878,0.420548111,0.537450135,0.38835448,0.302232593,0.477739155,0.273067027,0.54968673,0.440169394,0.325972706,0.419818133
2879.230294,0.30724892,0.427373409,0.328909993,0.489202619,0.356024086,0.288208842,0.466688067,0.439724743,0.343761683,0.543612421,0.403852433,0.410027415,0.338199168,0.350886822,0.387155116,0.353971303,0.459061384,0.409292459,0.527662933,0.503256261,0.432914346,0.372107983,0.342449784,0.518984497,0.402870208,0.348446965,0.399385214,0.535924017,0.408744603,0.370303243,0.424534738,0.540275872,0.390592188,0.304249614,0.480323493,0.275840968,0.552415848,0.442490667,0.32908234,0.421534091
2881.158781,0.309635431,0.430375159,0.332011998,0.492208391,0.358598024,0.290087163,0.470101386,0.443307549,0.346492082,0.546869397,0.406137556,0.412460268,0.340880245,0.354045898,0.389948279,0.356218129,0.462070376,0.412668973,0.531408608,0.506462753,0.436478525,0.374937236,0.345639527,0.52296418,0.406347901,0.35219124,0.402099848,0.539141119,0.411532253,0.373901695,0.428478658,0.543543696,0.393173695,0.306955516,0.483693868,0.278854787,0.555626333,0.445072681,0.332408637,0.424089313
2883.087267,0.312182248,0.433844596,0.33517617,0.496057361,0.361518681,0.29257223,0.473874241,0.447640955,0.349587411,0.550382733,0.408591777,0.415324956,0.343800604,0.357767582,0.393285125,0.358833224,0.465793073,0.41637364,0.535202205,0.510050297,0.439975679,0.378118455,0.349182904,0.527874172,0.410506278,0.356134981,0.405171692,0.54279238,0.415177107,0.378258079,0.43233797,0.547266364,0.396037877,0.310184836,0.487819225,0.282031357,0.559221268,0.447814912,0.33596471,0.427285522
2885.015754,0.314941555,0.437826753,0.338523656,0.500769198,0.364890546,0.295599848,0.477981895,0.452819705,0.353107184,0.554307103,0.411299109,0.418664783,0.347022414,0.362132251,0.39728415,0.361855775,0.470269829,0.420554042,0.539379358,0.514089108,0.443572879,0.381699979,0.353180528,0.53374213,0.415376306,0.360334367,0.408606142,0.54703635,0.419652611,0.383481354,0.43615967,0.551548839,0.399182737,0.314044148,0.49282378,0.285346031,0.56328249,0.450846255,0.339747548,0.431130171
2886.94424,0.317832619,0.442233056,0.341974437,0.50605762,0.368615031,0.299043357,0.482254535,0.458751023,0.356923997,0.558565021,0.414182216,0.422383159,0.350496978,0.366919994,0.401753873,0.36527589,0.475389361,0.425051153,0.543808818,0.51843369,0.447043151,0.385555863,0.357578933,0.540358961,0.420765728,0.364616305,0.412301004,0.551713645,0.424817145,0.389428198,0.439849377,0.556195974,0.402602285,0.318481565,0.498489112,0.288790911,0.567733228,0.454159886,0.343619734,0.435556918
2888.872727,0.32070303,0.447077066,0.345499039,0.511865318,0.372629106,0.30283165,0.486719549,0.465261251,0.360933393,0.563129008,0.417235285,0.426421851,0.354190499,0.37201488,0.406514317,0.368992627,0.481005192,0.429883718,0.548353732,0.523113668,0.450300694,0.389627457,0.362214535,0.547499418,0.426579207,0.368867069,0.416162729,0.556719959,0.430571496,0.3959589,0.443343073,0.561064124,0.406283557,0.323356837,0.50469017,0.292274475,0.57252562,0.457602292,0.347540259,0.440513343
2890.801213,0.323661625,0.452237636,0.348989367,0.518072724,0.37696293,0.306884795,0.491465926,0.472156912,0.365229696,0.567845523,0.420426369,0.430766165,0.358011127,0.377476007,0.411602944,0.372898042,0.486952484,0.43498674,0.553039312,0.527934194,0.453293353,0.39386043,0.367054671,0.555110455,0.432710111,0.373037338,0.420250028,0.562039793,0.436699122,0.402824014,0.446614891,0.566170037,0.410093188,0.328586221,0.511348367,0.295653313,0.57755208,0.461156845,0.351457536,0.445818037
2892.7297,0.326628208,0.457506716,0.352383047,0.524504304,0.381457776,0.311048657,0.49631536,0.479281366,0.369619429,0.572521806,0.423619211,0.43524453,0.361755848,0.383120894,0.416917354,0.37696594,0.493070245,0.44006303,0.557813108,0.532806754,0.455972135,0.398140341,0.371964991,0.56292963,0.438965619,0.377005816,0.424494743,0.567443192,0.442986131,0.409893811,0.449551821,0.57136178,0.41393894,0.334029615,0.518356204,0.298861027,0.582639575,0.464783967,0.355208546,0.451262802
2894.658186,0.329661459,0.463106632,0.355826735,0.531225085,0.386069119,0.315421999,0.50120157,0.486733109,0.374129564,0.577382624,0.426849216,0.439946294,0.365554482,0.388941914,0.422444463,0.381278902,0.49944222,0.445233077,0.562701166,0.537883461,0.458602279,0.402646899,0.377025366,0.570994496,0.445417106,0.380751371,0.42882359,0.572968721,0.449546516,0.417349368,0.452221632,0.576686144,0.417981654,0.339659929,0.525748849,0.302031755,0.58793664,0.468486279,0.35887605,0.456899881
2896.586673,0.332734168,0.468889505,0.359236836,0.538047552,0.390779465,0.320017755,0.506160676,0.494431883,0.378760964,0.582463503,0.430081666,0.444792509,0.369429708,0.39488259,0.428027809,0.385773301,0.505928397,0.450523049,0.567593038,0.543109357,0.4610641,0.407293707,0.382283062,0.579211712,0.452019095,0.384218723,0.433189601,0.578722537,0.456248552,0.425070614,0.454649746,0.582044005,0.422126144,0.345498502,0.533391416,0.305137932,0.593326151,0.472248286,0.362422496,0.462689638
2898.515159,0.33577773,0.474883884,0.362711906,0.545103252,0.395738333,0.324814767,0.511397243,0.502482057,0.383571595,0.587721944,0.43335405,0.449818969,0.37336266,0.401047677,0.433779925,0.390390813,0.5126701,0.456041008,0.572577834,0.548564255,0.463302702,0.412019074,0.387722075,0.587758422,0.458847851,0.38746199,0.437729239,0.584623575,0.463148296,0.433099478,0.456897169,0.587406397,0.426435888,0.351606995,0.541347921,0.308149219,0.598909616,0.47617653,0.365899831,0.468792915
2900.443645,0.338892549,0.48123455,0.366143882,0.552674234,0.401062816,0.329829395,0.516886055,0.511028051,0.388653666,0.593192101,0.43672663,0.455124676,0.377316862,0.407672256,0.439878345,0.395116508,0.519851148,0.461810946,0.577737153,0.554359436,0.465391189,0.416979253,0.393369853,0.596813083,0.466106087,0.390411705,0.442470431,0.590747535,0.470473439,0.44153887,0.458944917,0.592921078,0.430927604,0.357943386,0.549758494,0.31105718,0.604721248,0.480297208,0.36935094,0.475221992
2902.372132,0.34211722,0.488263458,0.369592637,0.561078787,0.406977475,0.335205168,0.522816062,0.520508468,0.394246936,0.599222422,0.440314025,0.460862845,0.381516576,0.415101975,0.446625441,0.400150418,0.527766645,0.468071073,0.583407998,0.560723305,0.467537463,0.422440678,0.399548888,0.606841981,0.474112928,0.393339574,0.447625279,0.597627819,0.478550494,0.450999409,0.460834533,0.598956347,0.435827464,0.364657879,0.558978021,0.31399411,0.611046076,0.4847278,0.372896761,0.482236803
2904.300618,0.345575631,0.496391982,0.373354226,0.570824146,0.413890511,0.341314971,0.529583693,0.531523168,0.400614619,0.606149793,0.444267958,0.467307597,0.386310965,0.423775464,0.454437643,0.405867904,0.536927283,0.475312561,0.589945018,0.567956328,0.469960749,0.428688586,0.406632364,0.618525863,0.483339369,0.396574885,0.453664988,0.605335593,0.487797678,0.462180674,0.462844759,0.605760276,0.441473901,0.372223079,0.569582939,0.317227811,0.61838448,0.48974064,0.37678659,0.490209579
2906.229105,0.349529237,0.506127238,0.377754986,0.582551956,0.422418922,0.348794878,0.537728548,0.544968903,0.408171326,0.614504993,0.4489384,0.474902362,0.392018169,0.434468448,0.463865161,0.412807524,0.547972441,0.48421973,0.597844124,0.576900542,0.472832292,0.436210603,0.415199161,0.632548273,0.494617879,0.400382727,0.461004287,0.614469647,0.498885036,0.475862831,0.465279341,0.613975346,0.448241562,0.3814165,0.582550287,0.321142942,0.627017081,0.49578318,0.381425411,0.499789268
2908.157591,0.354411662,0.518664002,0.383497596,0.597557008,0.433586985,0.358537257,0.5482077,0.562645972,0.417847902,0.625323236,0.454829007,0.484397471,0.399355412,0.448499322,0.476065516,0.421765685,0.562257409,0.495823741,0.608100712,0.588565886,0.476599067,0.445866346,0.426183701,0.650526285,0.509266853,0.405505419,0.470353454,0.626207888,0.513098836,0.493790865,0.468399763,0.6247316,0.456886232,0.393395603,0.599539459,0.326321244,0.637871981,0.503487408,0.387444735,0.512093365
2910.086078,0.360934466,0.535527289,0.391269237,0.617764473,0.448822081,0.37153843,0.562234342,0.586937249,0.430867046,0.639822781,0.462647051,0.49664858,0.409219354,0.467727304,0.492626905,0.433899343,0.581598341,0.511634946,0.622283697,0.604173541,0.481884032,0.458746642,0.440824449,0.674719989,0.529302478,0.412967563,0.482909828,0.641619861,0.53203696,0.518464446,0.472583354,0.639327228,0.46830374,0.409588039,0.622707367,0.333500117,0.652323663,0.513768673,0.395511299,0.52830857
2912.014564,0.369785905,0.558580756,0.402006954,0.644897103,0.469581366,0.388690293,0.581328332,0.619980216,0.448542893,0.659604609,0.473202556,0.512810588,0.422387064,0.494171977,0.51537925,0.450364441,0.607772589,0.533578277,0.642190218,0.625512838,0.489451349,0.476206332,0.460592955,0.707103789,0.556995094,0.42392233,0.499828666,0.661976337,0.557121992,0.552456856,0.478445798,0.659570873,0.483637601,0.431277573,0.654005229,0.343642741,0.671695411,0.52761966,0.406541198,0.549858212
2913.943051,0.380420625,0.58655864,0.415264219,0.677033305,0.494201869,0.408449471,0.604274333,0.659399867,0.469569474,0.68374896,0.485863119,0.53223139,0.438087285,0.525710225,0.542986095,0.469803602,0.639094055,0.56025821,0.666664064,0.651377499,0.49886024,0.497168988,0.484292984,0.745562732,0.590380073,0.438020706,0.519837379,0.685866773,0.586499155,0.593641758,0.485842764,0.684194148,0.501906812,0.457021534,0.691006422,0.356417865,0.694903076,0.544148505,0.420279473,0.575354278
2915.871537,0.390014291,0.611328602,0.427430481,0.704963982,0.514821827,0.425119191,0.624280512,0.693866789,0.487866312,0.70524168,0.497287631,0.550061107,0.452253759,0.552132547,0.567407429,0.486469895,0.666641712,0.583739161,0.688412309,0.674075663,0.507269084,0.5155918,0.505328953,0.779716253,0.619429171,0.451112092,0.537191749,0.707182229,0.612288773,0.629691601,0.492843032,0.70592612,0.517859817,0.479762882,0.722757936,0.368310481,0.715651453,0.558703959,0.433322638,0.59814769
2917.800024,0.395268142,0.623857677,0.434284687,0.718785822,0.523279905,0.433045834,0.633868694,0.710469842,0.496822774,0.715709627,0.503492892,0.560537219,0.459930539,0.562985837,0.579516768,0.494419277,0.680684388,0.595042646,0.698764622,0.68471235,0.511378944,0.524882853,0.51615411,0.797602355,0.633338392,0.457828134,0.545552611,0.718975008,0.62591368,0.646429718,0.496898174,0.716768444,0.525857031,0.491645843,0.737480581,0.374803543,0.726676285,0.565985799,0.44113484,0.610836864
2919.72851,0.395889282,0.623518229,0.435051233,0.718349636,0.520179391,0.432320952,0.632916629,0.708545208,0.496278852,0.714714944,0.504068494,0.56286943,0.460656494,0.55892843,0.578878224,0.493551761,0.680633247,0.593839586,0.697269022,0.683001816,0.511084318,0.524693489,0.516250372,0.798356593,0.631896555,0.457677156,0.544763029,0.720383167,0.626593649,0.643415451,0.497585833,0.716420174,0.525704682,0.492247134,0.735123396,0.375231206,0.727568746,0.565893173,0.442793787,0.612507522
2921.656997,0.393898964,0.616188526,0.432121456,0.709884226,0.511467814,0.426968724,0.626561582,0.696282864,0.490820289,0.707945883,0.501431346,0.560386181,0.457320124,0.547310412,0.571564317,0.487859607,0.672457039,0.585973084,0.689609408,0.674970984,0.508535266,0.519445658,0.510496557,0.789240241,0.622270286,0.453940064,0.539164007,0.71565491,0.619898021,0.629984498,0.496264517,0.710156977,0.521160722,0.486437559,0.72342056,0.372232705,0.722843051,0.561683238,0.440607071,0.607459486
2923.585483,0.390831053,0.606572568,0.427714676,0.698468745,0.501344621,0.419876516,0.618415058,0.680157065,0.483712643,0.699499905,0.49759078,0.555719793,0.452085227,0.533673346,0.561880529,0.480608135,0.661009014,0.575651228,0.680198967,0.665113091,0.505101681,0.51249522,0.502618194,0.775985301,0.60986352,0.448938251,0.531803966,0.708179295,0.61022532,0.61319828,0.494026691,0.701879263,0.515152156,0.47796157,0.708489656,0.367974997,0.715783536,0.555966198,0.436622113,0.599292099
2925.51397,0.387436539,0.596689939,0.423005462,0.686818838,0.491548777,0.412388772,0.6102193,0.663619816,0.476424098,0.690968037,0.493458658,0.550158918,0.446340114,0.520605326,0.551948011,0.473278016,0.649057686,0.565171599,0.671015918,0.655245781,0.501496613,0.505378067,0.494354606,0.76165235,0.597309709,0.443731517,0.524121344,0.69962436,0.59971118,0.596395731,0.491368413,0.69353205,0.508922875,0.468869895,0.693363547,0.363452792,0.708162189,0.550139427,0.432008773,0.590315819
2927.442456,0.383879811,0.587065876,0.41814661,0.67540586,0.482404739,0.405043364,0.602466285,0.64772737,0.469324052,0.682687879,0.489198357,0.54411757,0.440615326,0.508489132,0.542300105,0.466136992,0.637454629,0.555073857,0.662410498,0.645967424,0.497910053,0.498446167,0.486152142,0.747293234,0.585075974,0.438557953,0.516686201,0.690601349,0.589119554,0.580463111,0.488377512,0.68530786,0.502678096,0.459817469,0.678851783,0.358805895,0.700482011,0.544243813,0.427044332,0.581115246
2929.370942,0.3803913,0.578070402,0.413340449,0.664352775,0.47394082,0.398049355,0.595139086,0.632775187,0.462536603,0.674921036,0.484955072,0.537961185,0.435094357,0.497351497,0.533112347,0.459497958,0.626364589,0.545564413,0.654569685,0.637496591,0.494318694,0.491737336,0.47824046,0.733421803,0.573382378,0.433512866,0.509637475,0.681623936,0.578629673,0.565680027,0.485272706,0.677396595,0.496617436,0.451000839,0.665178716,0.354224592,0.692827046,0.538599908,0.421922922,0.571941257
2931.299429,0.376847833,0.569246173,0.408661216,0.653396845,0.465751618,0.39123562,0.587952793,0.61841166,0.455822498,0.667384744,0.480513215,0.531649947,0.429627836,0.486738294,0.524196804,0.453196973,0.615525603,0.536516428,0.647039473,0.629279017,0.490603328,0.485142767,0.470346063,0.719455719,0.562080979,0.428391069,0.502702057,0.672579467,0.568016589,0.551542461,0.481985837,0.669668257,0.490570366,0.442321748,0.651966631,0.349510759,0.685219347,0.533073902,0.416548818,0.562631786
2933.227915,0.373069108,0.560330927,0.403937042,0.642217636,0.457787365,0.38432622,0.580757618,0.604453146,0.44902432,0.659791648,0.475924999,0.525114119,0.423952669,0.476488441,0.515283585,0.446919531,0.604649663,0.527720511,0.639610648,0.621063828,0.486691117,0.478574216,0.462347925,0.705160856,0.550877273,0.423133284,0.495707065,0.663467705,0.55722332,0.53776437,0.478527129,0.661840022,0.48451519,0.433552474,0.639042497,0.344536394,0.677698016,0.527366102,0.410923302,0.553002298
2935.156402,0.368996441,0.551300228,0.398929536,0.630890489,0.449893504,0.377045155,0.573381901,0.590488791,0.442065448,0.652097046,0.471015215,0.518342793,0.41773513,0.466373801,0.50645107,0.440231711,0.593583941,0.518971562,0.632170141,0.612541378,0.482464045,0.471833527,0.454227149,0.69066447,0.539575636,0.417714626,0.488598734,0.654116273,0.546254039,0.524191022,0.474802166,0.653730571,0.478329211,0.424355298,0.626024961,0.339350522,0.669907689,0.521556556,0.404997289,0.543260455
2937.084888,0.364402682,0.542051911,0.393409818,0.619675338,0.442005903,0.369353205,0.565823436,0.576378167,0.434901208,0.644224942,0.465625942,0.511360645,0.411081403,0.456294775,0.497605205,0.43286255,0.582498729,0.510119557,0.624585569,0.603824258,0.477874517,0.464802712,0.445939541,0.676181853,0.52821517,0.411991775,0.481383741,0.64452672,0.535196424,0.510871828,0.470603883,0.645156384,0.47181353,0.414644241,0.612904131,0.33377561,0.661747813,0.515540302,0.398690641,0.533456802
2939.013375,0.359351426,0.532738924,0.387512714,0.608618438,0.434213221,0.361558408,0.55810082,0.562558174,0.427600175,0.636280775,0.459994823,0.504290581,0.404359043,0.446527988,0.488809913,0.4253124,0.571735561,0.501405001,0.616822004,0.595176995,0.472915292,0.45762521,0.437580526,0.661985815,0.517040372,0.405946463,0.474135965,0.634956121,0.524302542,0.498073757,0.465906262,0.636374891,0.465145439,0.404758602,0.599943697,0.327876478,0.653502941,0.509287059,0.392228127,0.523751438
2940.941861,0.354051381,0.523403943,0.38126266,0.597757399,0.426475883,0.353961021,0.550079703,0.549422979,0.420197546,0.628224432,0.454118937,0.49707514,0.397529393,0.437028199,0.480157197,0.417932391,0.561236918,0.492882997,0.608726859,0.586359024,0.46750766,0.450453252,0.429188013,0.648145199,0.50598979,0.399510562,0.466963351,0.625510037,0.513721228,0.48585403,0.460601896,0.627570868,0.458398223,0.394911259,0.587284982,0.321711451,0.645233393,0.502951205,0.38555485,0.514150679
2942.870348,0.348663956,0.514402449,0.374853283,0.587310255,0.419056624,0.346709281,0.542076647,0.537211835,0.412981182,0.620241046,0.448207378,0.49011308,0.39074865,0.427924782,0.471792072,0.410870701,0.551214933,0.484688133,0.60062176,0.577526331,0.461707443,0.443451315,0.42099458,0.635095537,0.495353103,0.392792672,0.46002537,0.616634548,0.503633201,0.474406332,0.4548513,0.619048595,0.451825052,0.385508269,0.575393677,0.315424919,0.637269676,0.496735692,0.378869623,0.504970431
2944.798834,0.343222797,0.505935311,0.368466049,0.577538729,0.412077963,0.33987847,0.534401536,0.525929391,0.406202078,0.612722576,0.44244343,0.483743429,0.384164751,0.419387937,0.464051187,0.404244691,0.541983187,0.476962715,0.5927037,0.569163203,0.455575854,0.436719537,0.413171947,0.622920334,0.4854182,0.385955423,0.45347783,0.608391404,0.494232357,0.463902891,0.448716819,0.610952973,0.445623696,0.376823992,0.56457752,0.309129655,0.629895449,0.490749747,0.372332424,0.496490836
2946.727321,0.338032424,0.498328686,0.362308323,0.568955183,0.405885458,0.333766013,0.527520001,0.516049087,0.400175989,0.606040299,0.437138557,0.478187114,0.378087044,0.411817729,0.457379609,0.398266077,0.53386265,0.470210761,0.585319638,0.561868966,0.449387372,0.430632532,0.40616414,0.611913025,0.476544946,0.379509419,0.447663665,0.601141632,0.485913008,0.45477587,0.442403495,0.603842914,0.440030694,0.369053453,0.555265844,0.303157449,0.623279989,0.485394239,0.36609903,0.488946438
2948.655807,0.333277762,0.491776049,0.356668025,0.561566293,0.400659889,0.328566492,0.521618366,0.507840753,0.394958556,0.600352287,0.432433128,0.473514557,0.372782737,0.405493349,0.451810092,0.393161386,0.526957691,0.464583874,0.578822196,0.555698693,0.443390548,0.425312668,0.400101781,0.602454185,0.468956321,0.373791873,0.442678571,0.595067322,0.478679597,0.447221637,0.436246872,0.59798193,0.435279697,0.362542808,0.547641754,0.297831148,0.617578149,0.480732828,0.360502064,0.482534945
2950.584294,0.328847915,0.48610425,0.351573348,0.55511874,0.396276563,0.324175,0.516497552,0.500980377,0.390475839,0.595447421,0.428138256,0.469578862,0.368090749,0.400213689,0.44715637,0.388818681,0.520996869,0.459790945,0.573196709,0.550418198,0.4377051,0.420737535,0.39486593,0.594302714,0.462495714,0.368775666,0.438408107,0.589954495,0.47233659,0.440969348,0.430422246,0.593069494,0.431193024,0.35717988,0.541432619,0.293121368,0.612726867,0.47655803,0.355606735,0.477106124
2952.51278,0.324678421,0.481012851,0.346838087,0.549382269,0.392461836,0.320285857,0.511952639,0.494793922,0.386529058,0.591115952,0.424172103,0.46607399,0.363743693,0.395484477,0.443046063,0.384946793,0.515574336,0.455522656,0.568127632,0.545752883,0.432315975,0.416743338,0.390299499,0.586855352,0.45675683,0.364379197,0.434564471,0.585377872,0.466579527,0.435342371,0.424875051,0.589001596,0.42745018,0.35251981,0.535986781,0.288889587,0.608302414,0.47287342,0.351188928,0.472216934
2954.441267,0.320482612,0.476046085,0.342146903,0.543755174,0.388688833,0.316299409,0.507610679,0.48852092,0.382626772,0.586958945,0.42026037,0.462537527,0.359373927,0.390773714,0.438907534,0.381102443,0.510105073,0.451238841,0.563233674,0.541226983,0.42696774,0.412877977,0.385854661,0.579412162,0.451110423,0.360201359,0.430751443,0.580638111,0.460842699,0.429661244,0.419266045,0.585296631,0.423792779,0.347931832,0.530467808,0.284697682,0.604044318,0.469364613,0.346795976,0.467276156
2956.369753,0.316238105,0.471020192,0.33740285,0.537896454,0.384749591,0.31194514,0.503318548,0.481865764,0.378660798,0.582686305,0.416199476,0.458969921,0.354896665,0.385942608,0.434622109,0.377017677,0.504293084,0.446906775,0.558440208,0.536631763,0.421492249,0.408937812,0.381336451,0.571702778,0.445260882,0.35605672,0.426815242,0.575805664,0.454942852,0.42370978,0.413644671,0.581753731,0.42007792,0.342948109,0.524509907,0.280309081,0.599806607,0.465752959,0.342229605,0.462055236
2958.298239,0.312095374,0.465759784,0.332564175,0.53176868,0.380565435,0.30738771,0.498992056,0.474792331,0.374569058,0.57831496,0.412047595,0.455222249,0.350288093,0.380871087,0.430151492,0.372720182,0.498183548,0.442419559,0.553616345,0.531836212,0.415924907,0.404843926,0.376778424,0.563731074,0.439062446,0.351959676,0.422658563,0.570806265,0.448776513,0.417341113,0.408082306,0.578402221,0.416291296,0.33760047,0.51796782,0.27568087,0.595260143,0.461956173,0.337463498,0.45655936
2960.226726,0.308083743,0.460346162,0.327748537,0.525391996,0.376181573,0.302697122,0.494531572,0.467547148,0.370307356,0.573753834,0.407886654,0.45119369,0.345474839,0.375614226,0.425450206,0.368282378,0.491904587,0.437669843,0.548728824,0.526835203,0.410397381,0.400705665,0.372151315,0.555646598,0.432549328,0.347868353,0.418401688,0.565490842,0.442498267,0.410620332,0.402587086,0.575229585,0.412451297,0.332006603,0.511027813,0.270802081,0.590449393,0.458068073,0.332557619,0.450928867
2962.155212,0.304097623,0.454731315,0.323026955,0.518823266,0.371543795,0.29777053,0.489803731,0.460100651,0.365811169,0.568968117,0.403657138,0.446899682,0.340471059,0.370162934,0.4203915,0.363717258,0.485374719,0.4326922,0.543770015,0.521571219,0.40485248,0.396327525,0.367358178,0.547375381,0.425725639,0.343791723,0.414033681,0.55999428,0.436232805,0.403659433,0.397238851,0.572144747,0.4083727,0.326182812,0.503806114,0.265691817,0.585312366,0.454089642,0.327542782,0.445043445
2964.083699,0.300167501,0.448911756,0.318440259,0.51223594,0.366758794,0.292758971,0.485029787,0.452593714,0.361190081,0.564054608,0.399472922,0.442343414,0.335534424,0.364629209,0.415067613,0.359072268,0.478758007,0.427671522,0.538855612,0.516172945,0.399550706,0.391781837,0.362536401,0.539061427,0.418797582,0.339867055,0.409565181,0.554536998,0.429965258,0.396704137,0.392181695,0.569159508,0.404194772,0.320255786,0.496317118,0.260457933,0.580088913,0.450073153,0.322475821,0.439029336
2966.012185,0.296347976,0.442997813,0.313993007,0.505518556,0.361881286,0.287733853,0.480272323,0.445174515,0.356491387,0.558977067,0.395313442,0.43760547,0.330668628,0.359127432,0.409607559,0.354324579,0.472213477,0.422665209,0.533878148,0.510715187,0.39454326,0.387275934,0.357727826,0.530797124,0.411914587,0.336016417,0.405032009,0.549003243,0.423691422,0.389643103,0.387406588,0.566116512,0.399987459,0.314186811,0.488580078,0.255203426,0.574935079,0.44602704,0.31744808,0.433034807
2967.940672,0.292531222,0.437040925,0.309611112,0.498671561,0.356952816,0.282708317,0.475405008,0.43781361,0.351717949,0.553843617,0.391178519,0.432681143,0.32574743,0.353594393,0.404063642,0.349540532,0.465625674,0.417583346,0.528794765,0.505178332,0.389665216,0.382716954,0.35292235,0.522567689,0.404945612,0.332099169,0.400455326,0.543265879,0.417373478,0.382485807,0.382840782,0.562713444,0.395746231,0.307916731,0.480783939,0.249877036,0.569723248,0.441848189,0.312505096,0.426923543
2969.869158,0.288810939,0.431147456,0.305439562,0.491872638,0.352115482,0.277778476,0.470503867,0.430574954,0.346937448,0.548711717,0.387115955,0.427735806,0.320910662,0.348124325,0.39856267,0.344837487,0.459071934,0.412566125,0.5237661,0.499578267,0.385026902,0.378113389,0.348106951,0.514431179,0.397967756,0.328047574,0.39593336,0.537656426,0.411059648,0.37548691,0.37852934,0.558955193,0.391518146,0.301647037,0.473112732,0.244537905,0.564411581,0.437646538,0.307652324,0.420817137
2971.797645,0.285282761,0.425282568,0.301507264,0.4852902,0.347330272,0.272978365,0.465650678,0.423623681,0.342141837,0.543721855,0.383083731,0.422863811,0.316173136,0.342844397,0.393123299,0.340310454,0.452648044,0.40755713,0.518864274,0.493994862,0.380641669,0.37350598,0.343282282,0.506364226,0.391126871,0.323761493,0.391526461,0.532253206,0.404868424,0.368709892,0.374360919,0.554745734,0.387282848,0.295610189,0.465730965,0.239345044,0.559051275,0.433545411,0.302889317,0.414860845
2973.726131,0.281941444,0.419509798,0.29778865,0.479013205,0.342758447,0.268416703,0.460982651,0.417190641,0.337531149,0.538971722,0.379268497,0.418127507,0.311618745,0.337849617,0.387857676,0.336028248,0.446472853,0.402727991,0.514166772,0.48865357,0.376505673,0.369114339,0.338637352,0.498476505,0.384550691,0.31926176,0.387333661,0.52712518,0.398902833,0.362272471,0.370360762,0.55001688,0.383246988,0.28991431,0.45887813,0.234411448,0.553964078,0.429639012,0.29833129,0.409161061
2975.654618,0.278714865,0.413810164,0.294188291,0.472935051,0.338355303,0.264056563,0.456427693,0.411082804,0.333116502,0.534417152,0.375687212,0.413670152,0.307257444,0.333054096,0.382735938,0.33190769,0.440630436,0.398104042,0.50960952,0.483550787,0.37248224,0.364831924,0.334035486,0.490789324,0.37824285,0.314477652,0.38324669,0.522245944,0.393080562,0.356124818,0.366536319,0.544651866,0.379332125,0.284575462,0.452442229,0.229698613,0.549095273,0.425910562,0.293978125,0.403559983
2977.583104,0.275636137,0.40838632,0.290728301,0.467246681,0.334107965,0.259958744,0.452073604,0.405281901,0.328929871,0.530233502,0.372337908,0.409569293,0.303064764,0.328527063,0.37785548,0.327968627,0.435100496,0.393614382,0.505333483,0.478694171,0.368617326,0.360654563,0.329542845,0.483446956,0.372270703,0.309461325,0.379310936,0.517580569,0.387466788,0.350362688,0.362870663,0.538790643,0.375585079,0.279571891,0.44647193,0.225215361,0.544433177,0.422388077,0.289848596,0.398137331
2979.511591,0.272773296,0.403318852,0.28754878,0.461837679,0.330118626,0.256180942,0.447972417,0.399838448,0.324960738,0.526308239,0.369212598,0.40568465,0.299079537,0.324329048,0.373256445,0.324293703,0.429883778,0.389433712,0.50132215,0.474062502,0.364980966,0.356718391,0.325288683,0.476401687,0.366621912,0.304316372,0.375686705,0.513260067,0.382127255,0.344960779,0.35942179,0.532691002,0.372090816,0.274876684,0.440982103,0.221033037,0.540067613,0.419128269,0.285950691,0.393096328
2981.440077,0.270077765,0.398558646,0.284532547,0.456645042,0.326387435,0.252634495,0.444190294,0.394806445,0.321248949,0.522698045,0.366302043,0.402038008,0.295297056,0.320432037,0.368979067,0.320891082,0.425058931,0.385545224,0.497586936,0.469795048,0.361492664,0.353020668,0.321274251,0.469702423,0.361287117,0.299090207,0.372383028,0.509253025,0.377110183,0.339962512,0.356148124,0.526531339,0.368781894,0.27050209,0.435843617,0.217140108,0.536061227,0.416137606,0.282247394,0.388458908
2983.368564,0.267526925,0.394229084,0.281648517,0.451891094,0.322909534,0.249351203,0.440814912,0.390184015,0.317898631,0.519529343,0.363584161,0.398831457,0.291766226,0.316863626,0.365109324,0.317701578,0.420622349,0.381948262,0.494178653,0.465909928,0.35822171,0.349639744,0.317524701,0.463567764,0.356350988,0.293995529,0.369372427,0.505543947,0.37239337,0.335406572,0.353051603,0.520552874,0.365761995,0.266424894,0.43099916,0.213520393,0.532423615,0.413420558,0.278791457,0.384215921
2985.29705,0.26511094,0.390238523,0.278967172,0.447532386,0.319709063,0.246329293,0.437765688,0.385845214,0.314873517,0.516684771,0.361030519,0.395968288,0.28849411,0.313606501,0.361551046,0.314762175,0.416526586,0.378751367,0.491095036,0.462353677,0.355198294,0.346550256,0.314097792,0.457910925,0.351846099,0.289241076,0.366667598,0.50228107,0.367970973,0.331215262,0.350169003,0.515018404,0.363036722,0.262644202,0.426530331,0.210178033,0.529075027,0.410948902,0.275619328,0.380187035
2987.225536,0.262933344,0.386631608,0.27648893,0.443593234,0.316923648,0.243557796,0.435178578,0.381943077,0.312267929,0.514275014,0.358734339,0.393372864,0.285514504,0.310717225,0.358492941,0.312103629,0.41283226,0.376019984,0.48848629,0.459342957,0.352452725,0.343873382,0.311203808,0.452779204,0.347845435,0.284859329,0.364354789,0.499449134,0.364055604,0.327496976,0.347481042,0.510232091,0.360670865,0.259239554,0.422668576,0.207149163,0.526181877,0.40877676,0.272776037,0.376550108
2989.154023,0.26099658,0.38351813,0.274226516,0.44001621,0.314478427,0.241026312,0.433023185,0.378406465,0.310013592,0.512295008,0.356629044,0.391099274,0.282833695,0.308190763,0.355872571,0.309678823,0.409543425,0.373640865,0.486320972,0.456786424,0.349974126,0.34158054,0.308756024,0.448234081,0.344238758,0.280861914,0.362417489,0.496997654,0.360566497,0.324163914,0.344973058,0.50610131,0.358693182,0.256208271,0.419258922,0.204449564,0.523782969,0.406925321,0.270264715,0.37340343
2991.082509,0.259306073,0.380957931,0.272254288,0.43686536,0.312382817,0.238762021,0.431344509,0.375262797,0.308175445,0.510727346,0.354779154,0.38926357,0.280432642,0.306103677,0.353595495,0.307554185,0.406631768,0.37169531,0.484674186,0.454669565,0.34778893,0.339699358,0.306727976,0.444289237,0.34111011,0.277410567,0.360865593,0.495123416,0.357484937,0.321258426,0.342852503,0.502627671,0.357094973,0.253503263,0.416197449,0.202133909,0.521851659,0.405422926,0.268109262,0.370643795
2993.010996,0.257868171,0.378805578,0.270511478,0.434151202,0.310602695,0.236749038,0.430217355,0.37251085,0.306724519,0.509590745,0.353207678,0.387804478,0.278286487,0.304402947,0.351741105,0.305689275,0.404006988,0.370230824,0.483453184,0.453011692,0.345886827,0.338278621,0.305152923,0.44082281,0.338463902,0.274527967,0.359666616,0.493637323,0.354709148,0.318760395,0.341117471,0.499824882,0.355829805,0.251100659,0.41356644,0.200153396,0.520246446,0.404263318,0.266267896,0.368209392
2994.939482,0.256632239,0.377019316,0.268988013,0.431742311,0.309122592,0.234969839,0.429537803,0.370092452,0.305638522,0.508866966,0.351900309,0.386691362,0.276462406,0.303009629,0.350297898,0.304060817,0.401732743,0.369172245,0.482722998,0.451825857,0.344343066,0.337245703,0.304003865,0.437815368,0.33620885,0.272179931,0.358818382,0.492422163,0.352166563,0.316670805,0.339668036,0.497686088,0.354838312,0.249024361,0.411311597,0.198482931,0.519065738,0.403377593,0.264775544,0.366048813
2996.867969,0.255635917,0.375633568,0.267722875,0.429633379,0.307999492,0.233387277,0.429149598,0.368006647,0.304993808,0.508421779,0.350837946,0.385923743,0.274926782,0.301914662,0.349216998,0.302646816,0.399800867,0.368469507,0.482465208,0.451053321,0.343204379,0.336562455,0.303207338,0.435235381,0.334404677,0.270287752,0.358237088,0.491558135,0.349985093,0.314944297,0.338544935,0.496127725,0.35413003,0.24723649,0.409340888,0.197136611,0.518402576,0.40273425,0.26364544,0.364219636
2998.796455,0.254861057,0.374596298,0.266653568,0.427843273,0.307155848,0.231944934,0.429064035,0.366112858,0.304600745,0.508244634,0.349975526,0.385338277,0.273595989,0.301082551,0.348441809,0.301451564,0.398103446,0.368040055,0.482429117,0.450566649,0.34227699,0.336127996,0.302722186,0.432933211,0.332962334,0.268844903,0.357833892,0.491037399,0.348070264,0.313509613,0.337699801,0.494991302,0.353734165,0.245656416,0.40771836,0.196077853,0.518055141,0.402363241,0.262802839,0.362656981
3000.724942,0.254310578,0.37386632,0.265824914,0.426321834,0.306532115,0.230663553,0.429304451,0.364434928,0.304347694,0.508415818,0.349329352,0.384966254,0.272509545,0.300502211,0.347952724,0.30043003,0.396621168,0.367887646,0.482651532,0.450359941,0.341556579,0.335933536,0.302479267,0.430881739,0.331777334,0.267881483,0.357658118,0.490781486,0.346361011,0.312347293,0.337133437,0.494249403,0.353545129,0.244266629,0.40635708,0.195307061,0.51790899,0.402184159,0.262267649,0.361236751
3002.653428,0.25393483,0.373279572,0.26523459,0.424915045,0.306011558,0.229502499,0.429747432,0.363012493,0.304252595,0.508793116,0.348830938,0.384764403,0.27164638,0.300105155,0.34763363,0.299553216,0.39531523,0.367932856,0.483105689,0.450371087,0.341138691,0.335933119,0.30236277,0.429078072,0.330768645,0.267301083,0.357636631,0.490588158,0.344817013,0.311330616,0.33689189,0.49376452,0.353427649,0.243089601,0.405164093,0.194815814,0.517889321,0.402170658,0.261999309,0.360009611
3004.581915,0.25367251,0.372889638,0.264800251,0.423652738,0.305640161,0.228438064,0.430396438,0.361853033,0.30437538,0.50936991,0.348508418,0.384628356,0.271006584,0.299846649,0.347464055,0.298889548,0.394258112,0.368138254,0.483808547,0.450643063,0.340960026,0.336117715,0.302522331,0.427573264,0.329972655,0.267076582,0.357724339,0.49053511,0.343433917,0.310547143,0.337024629,0.493565857,0.353437603,0.242164299,0.404256076,0.194588199,0.518062592,0.402358174,0.26197964,0.359036177
3006.510401,0.253514409,0.372666806,0.264502376,0.422604322,0.305436015,0.227472007,0.43109262,0.36085552,0.304598004,0.510018706,0.348290622,0.38459903,0.270507693,0.299656391,0.34738338,0.298310012,0.393349439,0.368437529,0.484614342,0.450987548,0.340914577,0.336450219,0.302900076,0.426205546,0.329365999,0.267149746,0.357931405,0.490638793,0.342197508,0.309932947,0.337367266,0.493523836,0.353595912,0.241484165,0.403490037,0.194516718,0.518324852,0.402593732,0.262176841,0.358128637
3008.438888,0.253487319,0.372609079,0.264418572,0.421748698,0.305382401,0.226661071,0.43198806,0.360010654,0.304983318,0.510714352,0.348166615,0.384692788,0.270186424,0.299665838,0.347480357,0.297872633,0.392541975,0.368910939,0.4855721,0.451401502,0.341073006,0.336945891,0.303404063,0.425041556,0.32892254,0.267541856,0.358318567,0.490927875,0.341183633,0.309536994,0.337875515,0.4937585,0.353913963,0.240983292,0.402907401,0.194643453,0.518708467,0.402907729,0.262620598,0.357368112
3010.367374,0.253610462,0.372754067,0.264475912,0.421109617,0.305441469,0.226002753,0.433141619,0.359403491,0.305565327,0.511665702,0.348139763,0.384903163,0.270114243,0.299856544,0.347799957,0.297637075,0.391895235,0.369603485,0.486767232,0.452035069,0.341463596,0.337600112,0.304003477,0.424203008,0.328714609,0.268173337,0.358821362,0.491399676,0.340395302,0.309339732,0.338617921,0.494334042,0.3543742,0.240637451,0.402557284,0.195002764,0.519340098,0.403382301,0.263326824,0.356871188
3012.295861,0.253818452,0.373063147,0.264639437,0.420699567,0.305623055,0.225460842,0.434387952,0.359053403,0.306228936,0.512784779,0.348199993,0.385295004,0.270214379,0.300128877,0.348201275,0.297543913,0.391409039,0.37039575,0.488021106,0.452827275,0.341987669,0.338368118,0.304754019,0.423588127,0.328725427,0.268950701,0.359415144,0.492002428,0.339716434,0.309274524,0.339508295,0.495028704,0.355008751,0.240483955,0.402406454,0.195491254,0.520217955,0.404008985,0.264197618,0.356518447
3014.224347,0.254122198,0.373510629,0.265011996,0.420479327,0.306008935,0.225041166,0.435807168,0.358856618,0.307050526,0.513980031,0.348444819,0.385855913,0.270431101,0.300579637,0.348753721,0.297559202,0.391154945,0.371312827,0.489381105,0.45384261,0.342612416,0.339273721,0.305718482,0.423221886,0.328942508,0.2699323,0.360178381,0.492806971,0.339235783,0.309435397,0.340530932,0.495890111,0.355688095,0.240523845,0.402507812,0.196106553,0.521299422,0.404760689,0.265189916,0.356315881
3016.152833,0.254587561,0.37412414,0.265550762,0.420540214,0.306536108,0.224792451,0.437364638,0.358812511,0.308049709,0.515434265,0.34886837,0.386565417,0.270793289,0.301220775,0.349499553,0.29772836,0.391137242,0.372407138,0.490938693,0.455088139,0.343369931,0.340333551,0.306849509,0.423090607,0.329415351,0.271132559,0.361100018,0.493824869,0.339007914,0.309816211,0.341675609,0.496933371,0.356478214,0.240780815,0.4028337,0.196888283,0.52247268,0.405663341,0.266318291,0.3563025
3018.08132,0.255265802,0.375060618,0.266251773,0.420857787,0.30725193,0.224805757,0.439152926,0.359044373,0.309283942,0.517125964,0.349442452,0.387454927,0.271380574,0.302025825,0.35043627,0.298148483,0.391372144,0.373726428,0.492743701,0.456496447,0.344274282,0.341652066,0.308226198,0.423306704,0.330125839,0.272558481,0.36222288,0.495062083,0.339061737,0.310467631,0.343030095,0.498286754,0.357587963,0.241271988,0.403396577,0.19788751,0.523829639,0.406701565,0.267702103,0.356597662
3020.009806,0.256102115,0.37613079,0.26708445,0.42128861,0.308118731,0.224987388,0.441121757,0.359434068,0.310658008,0.518877387,0.350103736,0.388492107,0.272094905,0.302908033,0.351504713,0.298693717,0.391763479,0.375113457,0.494706094,0.457943916,0.345257968,0.343125015,0.309705079,0.42385906,0.330988199,0.274112433,0.363455504,0.496421635,0.339316189,0.311244458,0.344501674,0.499780744,0.358765811,0.241948575,0.404095203,0.199004337,0.525346816,0.407806635,0.269298285,0.357124895
3021.938293,0.257000744,0.377274305,0.268053949,0.421872556,0.309032172,0.225244969,0.443210661,0.360017002,0.312080115,0.520721495,0.350881487,0.389675498,0.272901982,0.303943127,0.352690816,0.299319744,0.392254651,0.37661618,0.496742487,0.459476143,0.346303761,0.344668925,0.311277062,0.424546212,0.332032621,0.275743425,0.364746869,0.497927427,0.339667559,0.31215328,0.345997572,0.50136137,0.360026181,0.242718711,0.404942602,0.200171545,0.526956797,0.409068674,0.270925075,0.357740641
3023.866779,0.257954478,0.378544182,0.269109368,0.422590286,0.309997827,0.225525752,0.44536069,0.360773355,0.313542843,0.522621632,0.351768821,0.390937001,0.273806185,0.305107951,0.353939086,0.299989402,0.39293775,0.378349096,0.498805523,0.461173922,0.347352564,0.346286029,0.312987506,0.425352752,0.333203852,0.277450651,0.366155714,0.499576628,0.340141505,0.313197106,0.347527891,0.503035724,0.36138308,0.243587494,0.405939013,0.201431975,0.528726697,0.410429269,0.272588879,0.358419061
3025.795266,0.259030581,0.379945338,0.270173222,0.423499316,0.311081767,0.225881711,0.447514534,0.361639798,0.315126121,0.524698138,0.352772713,0.392320663,0.274785101,0.306322157,0.35529393,0.300750405,0.393728554,0.380143106,0.50094533,0.462960631,0.348462522,0.348028779,0.314772695,0.426329702,0.334527194,0.279282093,0.367648631,0.501347303,0.340768695,0.314365387,0.349078,0.504704177,0.362821668,0.244590819,0.407069713,0.202795267,0.530659378,0.411857933,0.274343461,0.359176517
3027.723752,0.260228753,0.381497771,0.271324664,0.424548358,0.312219828,0.226377577,0.44971624,0.362577349,0.31686914,0.526884317,0.353870153,0.393809855,0.275829464,0.3075701,0.356836617,0.301659465,0.394555122,0.381936401,0.503133774,0.464731902,0.349695534,0.349873722,0.316638708,0.427436471,0.335993052,0.281219661,0.369180441,0.503192544,0.341529846,0.31570369,0.350775123,0.50651747,0.364330769,0.245627269,0.408309042,0.204206005,0.532590032,0.413319796,0.276158482,0.360057056
3029.652239,0.261473387,0.383099586,0.272571206,0.425649673,0.313365608,0.226947784,0.451936126,0.36353761,0.318590403,0.528957367,0.354984552,0.395378053,0.276916683,0.30882892,0.358412296,0.302643538,0.395537972,0.383831918,0.50531143,0.46656099,0.351005524,0.351732731,0.318582296,0.428649873,0.337437689,0.28317678,0.370771438,0.505012274,0.342354536,0.317078888,0.352518708,0.508440673,0.365794688,0.246730685,0.409611583,0.205625579,0.534567535,0.414815396,0.278025717,0.361032575
3031.580725,0.262766719,0.384702176,0.273876399,0.426776052,0.314578652,0.227541521,0.454276025,0.364550024,0.320287585,0.531085789,0.356164098,0.397008151,0.278040737,0.310155153,0.359958619,0.303646177,0.396578759,0.385811806,0.507574558,0.468530715,0.352402717,0.35358116,0.320531905,0.429853439,0.338909566,0.285136968,0.372349471,0.506794155,0.343194723,0.318409622,0.35423696,0.510422349,0.367329538,0.247871205,0.410970807,0.207073495,0.536641419,0.416326076,0.279878497,0.362081826
3033.509212,0.264099807,0.386289686,0.275194883,0.427898049,0.315826416,0.228098869,0.456661612,0.365547746,0.32207039,0.533357084,0.357422173,0.398588091,0.279155284,0.311504751,0.361530334,0.304611325,0.397549301,0.387706578,0.509895086,0.470470607,0.353779674,0.355326056,0.322429746,0.431024939,0.340447694,0.287086546,0.373940974,0.508600712,0.344029456,0.319726378,0.355980515,0.512390733,0.368887752,0.248984769,0.412246644,0.208536372,0.538753808,0.417791575,0.281697243,0.363109618
3035.437698,0.2654998,0.388012946,0.276532531,0.42910251,0.317138404,0.228720263,0.459072173,0.366665989,0.323961973,0.53575325,0.358772695,0.400235415,0.280353397,0.31292668,0.363239378,0.305625796,0.398605347,0.389669538,0.512267232,0.472474396,0.355160356,0.357227147,0.324448109,0.432402343,0.342093974,0.289137214,0.375686735,0.510556936,0.344946355,0.321216375,0.357804656,0.514486551,0.370498419,0.250175416,0.413537979,0.210080415,0.540968657,0.419380397,0.283617347,0.364133239
3037.366185,0.266963869,0.389816999,0.277969033,0.430393398,0.318472534,0.229427963,0.461589634,0.3678945,0.325874507,0.538242817,0.3601515,0.401954979,0.281642705,0.314402401,0.365029007,0.306717813,0.399781466,0.391838521,0.514694154,0.474599838,0.356669277,0.359303713,0.326598376,0.433915168,0.343864292,0.291323274,0.377467781,0.512618363,0.345979363,0.322809875,0.359764844,0.51666218,0.372204214,0.251434386,0.415002495,0.21168986,0.543200731,0.421075523,0.285688281,0.365253896
3039.294671,0.268473536,0.391698062,0.279533565,0.43183288,0.319902778,0.230176985,0.464261442,0.369173795,0.327909499,0.540837169,0.361567259,0.403822511,0.282997578,0.315969974,0.366899669,0.307925433,0.401057184,0.394100428,0.517371655,0.476769209,0.358311892,0.361443222,0.328837156,0.435483277,0.345701873,0.293596894,0.379261941,0.514766574,0.347102851,0.324495494,0.36180988,0.518824458,0.374013394,0.252761573,0.4166134,0.213399202,0.545612514,0.422868878,0.287844986,0.366482377
3041.223158,0.270038992,0.393691421,0.281090468,0.433268458,0.321395099,0.230959743,0.467018992,0.370497048,0.330078244,0.54346782,0.363010198,0.405790269,0.28437227,0.317648232,0.368830353,0.30915308,0.402344644,0.396341503,0.520207644,0.479083449,0.359996468,0.363657981,0.331115305,0.437170982,0.347587764,0.29588756,0.381103218,0.516873717,0.348271996,0.326254904,0.363947451,0.521134675,0.375884295,0.254148483,0.418264568,0.215236723,0.548082829,0.424696565,0.290020049,0.367767423
3043.151644,0.271616638,0.395758033,0.282681555,0.434726387,0.322893381,0.231766522,0.469751149,0.37187174,0.332262427,0.546129644,0.36445576,0.407716632,0.285755873,0.319357723,0.370785564,0.310371727,0.403658152,0.398657411,0.522958457,0.481533527,0.361711264,0.365879178,0.333465129,0.438868165,0.349556983,0.298220783,0.383022547,0.518972039,0.349467248,0.328031033,0.36611104,0.523546636,0.377750784,0.255574226,0.419904441,0.217073902,0.550536454,0.426548392,0.292256564,0.369093388
3045.08013,0.273252875,0.397955537,0.28441152,0.436347306,0.32452336,0.232658163,0.472572029,0.373381168,0.334515303,0.548860669,0.365953386,0.409692019,0.287268221,0.321134269,0.372921288,0.311703622,0.405173659,0.401138693,0.525802791,0.483997554,0.363553047,0.368227035,0.335912824,0.440613508,0.351677746,0.300680161,0.385020673,0.521202087,0.350741386,0.329971254,0.368324667,0.526062548,0.379675329,0.257074773,0.421566486,0.218927756,0.553175032,0.428471237,0.294543624,0.370458663
3047.008617,0.274959147,0.400226116,0.286177069,0.438054144,0.326252669,0.233583659,0.475506008,0.37496525,0.336811543,0.551624238,0.367504179,0.411688268,0.288860053,0.322962254,0.375127465,0.313083529,0.406768262,0.403677136,0.528784811,0.48656857,0.365530968,0.370618433,0.338406831,0.442525059,0.35394451,0.303266823,0.387073398,0.523604274,0.352082253,0.33199057,0.370680898,0.528603137,0.381639063,0.258659035,0.423402756,0.220889762,0.555948079,0.430416286,0.29690668,0.371862948
3048.937103,0.276672632,0.402552038,0.288003862,0.439850658,0.328029245,0.234517232,0.478534639,0.376586914,0.339102596,0.554479957,0.369094253,0.413740724,0.290493339,0.324871689,0.377295375,0.314483404,0.408304363,0.406253636,0.531817615,0.48927626,0.36756584,0.373035759,0.340984344,0.444507927,0.356191397,0.305948466,0.389222741,0.526101887,0.353458703,0.334016353,0.373097003,0.531199574,0.383663177,0.260275066,0.42538178,0.222949892,0.55877316,0.432468444,0.299381644,0.373342335
3050.86559,0.278424591,0.404861271,0.289874613,0.44162932,0.329797417,0.235480383,0.481608033,0.378228247,0.341459781,0.557349086,0.37071839,0.41588214,0.292143673,0.326839358,0.379488409,0.315882891,0.409862071,0.408818364,0.534884036,0.491927087,0.369608194,0.375506788,0.343554348,0.446591109,0.358422548,0.30858922,0.391389877,0.528527439,0.35484007,0.336075932,0.375573099,0.533845127,0.38575682,0.261908501,0.427341461,0.225047037,0.56144321,0.434558153,0.301889449,0.374877095
3052.794076,0.280249208,0.407312065,0.291810095,0.443515211,0.331674427,0.236540526,0.484680653,0.379987955,0.344005734,0.560288906,0.372475654,0.418121278,0.293885708,0.328863114,0.381793678,0.317353696,0.411528975,0.411474556,0.53808254,0.494659275,0.371785462,0.378052562,0.346264005,0.448766649,0.360830665,0.311315089,0.393611461,0.531063616,0.356271058,0.338263333,0.37822479,0.536542296,0.387953728,0.263620108,0.429388195,0.227258697,0.564183652,0.436688304,0.304491132,0.376549721
3054.722563,0.28207922,0.40979591,0.29380101,0.445461303,0.333553642,0.237619489,0.48782298,0.38175711,0.346523851,0.563246012,0.374248415,0.420335829,0.295693934,0.330904633,0.384131283,0.318835378,0.413264751,0.41419512,0.541340351,0.497453332,0.374093771,0.380654633,0.3490448,0.45087719,0.363245755,0.314171106,0.395814598,0.53352648,0.357741028,0.340461284,0.381039441,0.539335191,0.390157133,0.265358925,0.431422174,0.229517251,0.567050874,0.438843131,0.307145327,0.378244638
3056.651049,0.283920437,0.41220057,0.295802772,0.447353303,0.335374713,0.238647774,0.491100907,0.383518487,0.348988742,0.566279352,0.375977755,0.422537535,0.297490209,0.333003521,0.38650167,0.320328236,0.415014476,0.416969597,0.544606566,0.500229299,0.376488596,0.38326031,0.351765782,0.453060865,0.365722358,0.317037433,0.398008138,0.535958111,0.359247208,0.342645913,0.383880436,0.542137384,0.392405361,0.267107546,0.433479935,0.23177883,0.569969356,0.44108355,0.309843391,0.379840702
3058.579536,0.285786331,0.414712876,0.297855139,0.449237168,0.337248087,0.239750266,0.49428454,0.385322213,0.351509213,0.569395185,0.377702534,0.424758345,0.299345404,0.335112393,0.388880819,0.321827769,0.416731834,0.41975379,0.54787159,0.503034949,0.378906548,0.385899037,0.354463995,0.455223054,0.368225813,0.319926441,0.400272965,0.538464367,0.360764682,0.344889671,0.386674315,0.544885099,0.394671619,0.268837869,0.435510963,0.234108269,0.572898209,0.443350285,0.312571913,0.381433338
3060.508022,0.287672788,0.417200089,0.299955159,0.45109266,0.339055806,0.240858018,0.497321516,0.387088537,0.354002804,0.572298765,0.379468203,0.426913619,0.301139116,0.337112516,0.391132146,0.323231697,0.418453038,0.422371984,0.551116109,0.50577724,0.381280273,0.388504475,0.357112408,0.457353234,0.370577872,0.322833389,0.402503341,0.540911794,0.362227142,0.347068161,0.389502317,0.547564805,0.396790892,0.270549834,0.43748036,0.236436993,0.575734973,0.445484161,0.315258056,0.383037239
3062.436509,0.289560854,0.419554859,0.302073002,0.452929378,0.340827018,0.241882965,0.500370502,0.388894796,0.356425941,0.57511431,0.381260991,0.429050893,0.302883029,0.3390975,0.39335236,0.324675858,0.420139581,0.425025076,0.554324269,0.508451879,0.38370949,0.391060889,0.359746367,0.459498346,0.372955978,0.325767964,0.404679179,0.543447912,0.363659024,0.34918943,0.39237231,0.550287902,0.398897588,0.272245675,0.439512312,0.238747016,0.578579068,0.447565794,0.317951083,0.384581387
3064.364995,0.291422576,0.421797037,0.304118365,0.454737604,0.342506647,0.242858872,0.503323913,0.390632689,0.35868004,0.577891946,0.382946223,0.431069553,0.30467853,0.340987921,0.395518988,0.32609579,0.421702236,0.427616745,0.557410479,0.511088789,0.386144698,0.393435448,0.362293005,0.46150431,0.375263482,0.328639209,0.406822562,0.545853555,0.365057766,0.35124746,0.395238549,0.552889466,0.400965065,0.273850441,0.441360742,0.240972087,0.581245065,0.449550301,0.320618153,0.386015356
3066.293482,0.293358922,0.424085021,0.306196302,0.456574142,0.344151229,0.243888333,0.506248772,0.392331213,0.360928684,0.580697298,0.38466084,0.433043271,0.306513429,0.342847049,0.397610605,0.327531338,0.423252642,0.430075347,0.560514152,0.513779402,0.388605177,0.395758569,0.364845753,0.463549793,0.377563149,0.331460476,0.408911228,0.548158348,0.366473734,0.353301257,0.398168057,0.555364609,0.402988613,0.275455296,0.443156898,0.24323234,0.583832741,0.451535881,0.323245019,0.387499899
3068.221968,0.295269728,0.426235795,0.308270097,0.458159775,0.34576273,0.2449117,0.50914979,0.393906325,0.363108456,0.583492756,0.386341304,0.434944272,0.308287382,0.344688535,0.399583995,0.32902056,0.424756169,0.432511657,0.563444853,0.516287327,0.391043097,0.398076326,0.367307782,0.465580434,0.379802108,0.334246397,0.410871714,0.550379992,0.367799044,0.355231792,0.401054829,0.557763636,0.404918879,0.277059197,0.44495219,0.245546922,0.586353302,0.453475147,0.325819343,0.388988733
3070.150455,0.297096789,0.428285688,0.310275584,0.459655076,0.347249538,0.245821521,0.511984289,0.395371765,0.365209967,0.586182356,0.388053328,0.436731189,0.30994004,0.346428365,0.401544005,0.330421865,0.426212281,0.434873968,0.566265523,0.518592656,0.39337948,0.400280833,0.369675159,0.467490882,0.381842703,0.33700195,0.412818879,0.552528203,0.369022369,0.357059747,0.403874606,0.560090423,0.40677619,0.278613865,0.446675241,0.247758806,0.588816762,0.455329716,0.328347951,0.390370607
3072.078941,0.298888862,0.430375546,0.312285751,0.461259425,0.34865731,0.246687025,0.514639139,0.396879703,0.367321372,0.588796675,0.389784515,0.438457251,0.311574489,0.348069489,0.403479993,0.331681937,0.427581996,0.437151521,0.56916672,0.520883203,0.395719886,0.402487308,0.372022927,0.46930176,0.383836448,0.339758605,0.414664447,0.554647803,0.370243698,0.358865023,0.406694323,0.562436998,0.408609807,0.280124128,0.448348045,0.249879152,0.591233373,0.457190305,0.330833048,0.391672432
3074.007427,0.300711811,0.432309836,0.314284533,0.462738812,0.350005329,0.247577175,0.51719892,0.398368239,0.369381815,0.591318309,0.391364813,0.440167993,0.313180476,0.349651814,0.405272037,0.332946688,0.428864658,0.439415067,0.572031379,0.52316469,0.398139745,0.404639095,0.374284118,0.471125573,0.38582927,0.342506796,0.41642493,0.556715012,0.371370494,0.360581219,0.409531564,0.564777434,0.410362631,0.28158167,0.449993819,0.252010018,0.593621194,0.459068328,0.333353311,0.392931104
3075.935914,0.302652627,0.434169769,0.316347599,0.464168429,0.351347715,0.248511866,0.519867599,0.399866968,0.371459842,0.59388721,0.392977834,0.441934586,0.314757228,0.351266056,0.407067448,0.33430931,0.430190146,0.441683739,0.574937701,0.525490701,0.400608182,0.406747788,0.376546651,0.472912431,0.387808621,0.345310211,0.418261617,0.558859348,0.37247175,0.362278998,0.412471116,0.56714493,0.412150562,0.282987565,0.45166415,0.254258186,0.596064568,0.460905164,0.335922956,0.394186884
3077.8644,0.304528862,0.435983926,0.318437427,0.465531081,0.352640271,0.249412119,0.522517622,0.401272982,0.373457968,0.596344411,0.394623339,0.443608612,0.316410452,0.352824032,0.408794641,0.335567385,0.431472063,0.443872601,0.577785194,0.527766883,0.403023571,0.408832192,0.378798455,0.474552631,0.389697433,0.348101139,0.420069307,0.560863674,0.373667657,0.363920867,0.415439695,0.569354355,0.413952321,0.28434816,0.453200042,0.256462365,0.598345757,0.462582052,0.338477314,0.395376265
3079.792887,0.306344867,0.437821507,0.320483536,0.46688208,0.353913665,0.250252634,0.525108933,0.402587444,0.375390172,0.598662198,0.396265835,0.445239097,0.31802687,0.354325473,0.410437047,0.336810052,0.432721853,0.446049958,0.580522418,0.529985011,0.405403823,0.410869837,0.380978525,0.476186574,0.391560882,0.350829333,0.421900988,0.562817752,0.37479943,0.365502685,0.418400973,0.571462929,0.415679932,0.285756618,0.454700083,0.258577138,0.600678504,0.464235455,0.341011018,0.396488875
3081.721373,0.308143079,0.439540058,0.322479814,0.468148142,0.355140567,0.251016706,0.527593136,0.403850108,0.377227992,0.600935996,0.397834271,0.446784705,0.319521785,0.355724871,0.412039697,0.338036418,0.433905661,0.448161066,0.583170116,0.532013237,0.407774329,0.412833005,0.383074939,0.477757514,0.393336415,0.353548735,0.423647344,0.564831972,0.375770986,0.366982758,0.421315372,0.573524654,0.417280972,0.287144691,0.456192434,0.260709971,0.602922797,0.465939313,0.343469739,0.397529662
3083.64986,0.309961647,0.441216052,0.324525565,0.469375402,0.35629344,0.251776069,0.530132055,0.405109674,0.379053146,0.603316307,0.399420142,0.448270023,0.321099639,0.357055128,0.413709402,0.339229792,0.435012639,0.450251341,0.585892439,0.53415972,0.410248101,0.414825946,0.385237157,0.479362309,0.39505437,0.356345236,0.425303489,0.566793621,0.376804262,0.368444294,0.424215794,0.575526357,0.418906003,0.288452774,0.45760864,0.262876213,0.605104566,0.467750996,0.345977366,0.398644328
3085.578346,0.311833739,0.44292137,0.326593667,0.470609277,0.357428342,0.252586007,0.532711864,0.406339377,0.380943626,0.605873585,0.401062161,0.44978261,0.322726578,0.358425707,0.415300429,0.340454012,0.436136693,0.452317387,0.58874613,0.536591709,0.412830144,0.416877389,0.387349725,0.480922431,0.396760404,0.359188139,0.426961869,0.568691969,0.377843559,0.369834572,0.427199155,0.577643752,0.420610219,0.289768964,0.458929002,0.265063971,0.607387722,0.469500065,0.348507375,0.399773747
3087.506833,0.313644797,0.444495976,0.328631848,0.47169432,0.358555079,0.25333184,0.535243809,0.407516629,0.38276574,0.608247042,0.402648836,0.451239944,0.32430023,0.359814912,0.416745871,0.341628999,0.437236369,0.454309285,0.591549277,0.538775623,0.415391356,0.418873668,0.389489084,0.482448936,0.398411036,0.362062216,0.428650022,0.570639491,0.378788531,0.371178508,0.430241585,0.579778194,0.422291934,0.291066676,0.460264564,0.26728031,0.609496772,0.471114308,0.351045698,0.400779009
3089.435319,0.315499961,0.446107119,0.330697089,0.472755373,0.359601498,0.254034817,0.537741542,0.408676416,0.384537697,0.610523701,0.4042418,0.452629834,0.325865835,0.361123145,0.418282419,0.342817396,0.438243866,0.456330538,0.594207346,0.540801585,0.417970538,0.420811415,0.391676277,0.484018594,0.400119931,0.364954114,0.430390745,0.572631359,0.379736781,0.372587591,0.433329612,0.581811249,0.423929811,0.292288899,0.461670846,0.269507229,0.611577928,0.472714365,0.353642583,0.401761413
3091.363806,0.317393064,0.447728723,0.332749963,0.473816097,0.360603243,0.254756898,0.540205896,0.409743249,0.386345565,0.612876713,0.405886322,0.454029977,0.32740432,0.36234796,0.419799209,0.343962103,0.439197004,0.458379507,0.596891701,0.542909384,0.420627892,0.422716022,0.393736094,0.485587895,0.401798129,0.367782921,0.43209824,0.57455188,0.380705535,0.373905599,0.436404198,0.583818436,0.425551653,0.293503404,0.463012099,0.271707863,0.613716781,0.474284559,0.356239468,0.402792007
3093.292292,0.319262683,0.449359328,0.334837437,0.474907458,0.361686826,0.255496502,0.542670906,0.410761118,0.388179243,0.615217805,0.407583624,0.455504596,0.328912944,0.363673419,0.421299726,0.345076293,0.44014281,0.460455835,0.599815309,0.545102537,0.42332381,0.42466858,0.395879,0.487190992,0.403456718,0.370675266,0.433763206,0.576446295,0.381677181,0.375177532,0.439511985,0.585929513,0.427180767,0.294715375,0.464244127,0.273945898,0.615804911,0.475971967,0.358831048,0.403828889
3095.220779,0.321138978,0.450975507,0.336957008,0.475972623,0.362761915,0.256228864,0.545108736,0.41173929,0.389986098,0.617565989,0.409157336,0.456906587,0.330438823,0.365006655,0.422761023,0.346174359,0.441079527,0.462487906,0.602715254,0.547323883,0.426002473,0.426641971,0.398040622,0.488620162,0.405132085,0.373661816,0.435398787,0.578296125,0.382555187,0.376442105,0.442698151,0.58805573,0.428784639,0.295872331,0.465411752,0.276215285,0.617873549,0.477689236,0.361403584,0.404801369
3097.149265,0.323057741,0.452664733,0.339139074,0.477058411,0.363876671,0.256946146,0.547768116,0.412832886,0.391876817,0.619970381,0.410749078,0.458384752,0.332060814,0.366289467,0.424238116,0.347286314,0.442064583,0.464557946,0.605570078,0.549504876,0.428754658,0.428702205,0.400244117,0.490075499,0.40683344,0.376644492,0.437171429,0.580237687,0.38346079,0.377774,0.445965856,0.590189755,0.430511624,0.297098786,0.466775596,0.278562397,0.620180964,0.479390264,0.364046603,0.405837417
3099.077752,0.325019449,0.454434395,0.341345787,0.478198141,0.365007937,0.257657349,0.550438643,0.414016336,0.393815517,0.622544706,0.412475228,0.459944397,0.333697915,0.367670149,0.42582339,0.348481774,0.443087786,0.466652721,0.608463645,0.551758528,0.431551158,0.430772901,0.402478367,0.491608322,0.408565521,0.379683703,0.43901372,0.582238972,0.384526014,0.379125565,0.449319124,0.592394769,0.432289153,0.298430055,0.468252838,0.280914038,0.622536123,0.481133014,0.366722584,0.406888515
3101.006238,0.326962948,0.456193954,0.343600333,0.479298502,0.366136461,0.258414477,0.553142011,0.415190756,0.395846307,0.625264823,0.414226681,0.461451381,0.335371941,0.369151652,0.427474916,0.349687874,0.444161028,0.468812913,0.611429513,0.554089129,0.434389293,0.432842106,0.404799223,0.49323085,0.410342067,0.382915646,0.440800756,0.584252357,0.385656655,0.380547941,0.452666074,0.594550133,0.43406269,0.299772352,0.469735026,0.283259273,0.624797046,0.482964277,0.369486302,0.407950819
3102.934724,0.328919858,0.457990587,0.345906496,0.480477959,0.36731863,0.259209991,0.555954754,0.416311234,0.397877812,0.627926409,0.415960699,0.462976962,0.337077111,0.370554954,0.429175138,0.350890636,0.445194006,0.471065253,0.614558756,0.556433082,0.437319666,0.435047895,0.407176048,0.494954526,0.412181318,0.386173218,0.442570925,0.586248755,0.386707604,0.382044852,0.456009597,0.596617639,0.435880989,0.301083148,0.471117705,0.285715759,0.627100706,0.484783709,0.372310907,0.409032971
3104.863211,0.330947608,0.459798098,0.348181546,0.481725246,0.368542552,0.260018647,0.558713138,0.41739887,0.399817407,0.63054651,0.417672545,0.464575619,0.338790447,0.371993214,0.430873424,0.352098227,0.446216524,0.473341912,0.617695034,0.558872342,0.440319836,0.43732512,0.409455717,0.496641517,0.414036483,0.389368773,0.44447583,0.588323772,0.387791187,0.383498549,0.459500879,0.598854423,0.437748075,0.302431703,0.47245726,0.288225323,0.629441202,0.486573637,0.375145674,0.410142988
3106.791697,0.333071887,0.461701334,0.350527883,0.482912242,0.369836032,0.260830611,0.561560392,0.418661952,0.401868016,0.633151829,0.419520229,0.466277868,0.340589732,0.373522729,0.432582885,0.353344142,0.44733128,0.475657284,0.620752931,0.56136626,0.443318307,0.439616561,0.411835372,0.498411685,0.415995359,0.392669618,0.446541607,0.590500236,0.388989002,0.385022342,0.463081568,0.601312995,0.43963331,0.303896457,0.47395876,0.290779203,0.631841242,0.488496512,0.378090888,0.411412805
3108.720184,0.335192144,0.463690668,0.352926701,0.484058231,0.371183872,0.261647522,0.564384937,0.419967383,0.404057264,0.635798275,0.421401262,0.467948526,0.342416614,0.374977678,0.434329063,0.35464108,0.448481292,0.477977186,0.623939455,0.563902199,0.446353585,0.441870928,0.414331853,0.500124514,0.417994559,0.396066964,0.448536307,0.592649341,0.390185893,0.386575758,0.466622502,0.603781462,0.441539913,0.305409074,0.475445002,0.293350011,0.634235442,0.490403146,0.381089211,0.41269058
3110.64867,0.33728537,0.46578148,0.355386704,0.48538357,0.372579217,0.262574255,0.567379892,0.421303749,0.40632385,0.638614655,0.42325744,0.469709814,0.344324797,0.376588851,0.436197847,0.355955511,0.449727803,0.480431288,0.627338767,0.566510499,0.449556172,0.44419995,0.41694811,0.501903713,0.419995397,0.399529725,0.45052284,0.594995916,0.391437829,0.388192803,0.470211387,0.606226921,0.443578988,0.306921393,0.477052778,0.295979172,0.63681674,0.492365509,0.384129435,0.413946748
3112.577157,0.339370131,0.467822164,0.357819289,0.48679173,0.373895228,0.263478935,0.570387959,0.422641546,0.40854004,0.641382039,0.425171852,0.471511096,0.346234232,0.378266662,0.438061029,0.357253611,0.450933844,0.48281917,0.63061893,0.569072962,0.452679634,0.44657293,0.419478506,0.503786922,0.422038764,0.403007507,0.452437997,0.597222745,0.392659187,0.389806658,0.47383222,0.608640432,0.445539176,0.308421016,0.478722006,0.298648894,0.639463246,0.494409949,0.387150884,0.415182173
3114.505643,0.341494799,0.469808608,0.360304713,0.488176823,0.375263095,0.264321178,0.573298931,0.423962116,0.410807937,0.644181728,0.427120566,0.473281443,0.348113596,0.379887968,0.439958036,0.358599931,0.452147305,0.485207558,0.633780062,0.571674705,0.455794841,0.449012995,0.421976268,0.505726457,0.424152613,0.406551391,0.454397708,0.599363744,0.393940687,0.391488075,0.477491915,0.611287773,0.447555393,0.30997169,0.480410844,0.301380783,0.642172873,0.496500492,0.390256405,0.416471422
3116.43413,0.343763202,0.471940905,0.36292398,0.489654064,0.376780361,0.2652421,0.57635802,0.425411522,0.413122952,0.64713639,0.429079115,0.475175798,0.350078225,0.381645948,0.441906303,0.360036463,0.453519821,0.487786978,0.637113631,0.574302971,0.459052801,0.451506674,0.424611181,0.507774234,0.426337272,0.410139203,0.456580192,0.601713777,0.395356685,0.393301636,0.481214613,0.61407429,0.449681133,0.311656624,0.482120663,0.304181606,0.644963145,0.498580545,0.39345032,0.417847604
3118.362616,0.346033186,0.474271178,0.365522653,0.491183609,0.378335327,0.266235918,0.579526722,0.426938474,0.415500253,0.650160968,0.431074321,0.477072597,0.352157712,0.383494973,0.443898052,0.36151731,0.454889774,0.490438908,0.640777647,0.577093184,0.46234113,0.453983217,0.427304626,0.509794354,0.428564429,0.413836926,0.458754063,0.604157627,0.396787763,0.395158321,0.485051394,0.616758406,0.451789439,0.313380182,0.48382172,0.306991428,0.647674859,0.500602007,0.396735817,0.419279933
3120.291103,0.348282456,0.476673722,0.368159473,0.492815554,0.379887968,0.267278552,0.582773268,0.428529084,0.417935163,0.653328717,0.433078051,0.47899574,0.354301482,0.385299146,0.446060389,0.362952352,0.456283927,0.493173182,0.644397736,0.579994977,0.465693742,0.456530899,0.430108577,0.511890769,0.43086347,0.417700499,0.460889041,0.606667757,0.3982445,0.397103429,0.488896072,0.619405329,0.45399189,0.315054059,0.485706896,0.309882164,0.65049094,0.50277096,0.4000929,0.420799643
3122.219589,0.350590169,0.479004383,0.370840371,0.494465232,0.38145408,0.268335164,0.585993707,0.430126518,0.42038694,0.656524241,0.435110867,0.481099784,0.356410474,0.387120932,0.448246956,0.364420563,0.457783163,0.49595511,0.647861838,0.582793057,0.469056278,0.459130168,0.432996601,0.514079332,0.433219522,0.421572298,0.463103443,0.609059036,0.399727464,0.399147332,0.492678523,0.622078001,0.456169546,0.316802621,0.487619132,0.312838912,0.653343499,0.505013287,0.403335512,0.422313362
3124.148076,0.352874935,0.481419533,0.373540968,0.496079773,0.383124739,0.269384742,0.589276969,0.431713492,0.422959536,0.659630835,0.437245786,0.483240992,0.358549148,0.388997883,0.450414628,0.366057068,0.459231853,0.498768061,0.651492834,0.585727274,0.47240147,0.461805463,0.435869038,0.516343415,0.435633093,0.425480306,0.465377599,0.61146003,0.40125072,0.401272207,0.496699601,0.624899626,0.458329707,0.318642259,0.489579827,0.315820485,0.656251609,0.507239878,0.406645298,0.423821777
3126.076562,0.355172455,0.483846962,0.376237571,0.49781695,0.384898186,0.27041024,0.592575788,0.433417231,0.425510019,0.662712753,0.439360291,0.485323817,0.360748172,0.390897781,0.452579141,0.367659092,0.460728556,0.501538217,0.655163884,0.588718176,0.475727558,0.464451343,0.438668907,0.518699229,0.438112557,0.429388314,0.467643857,0.614006341,0.402798057,0.40327853,0.500783026,0.627792418,0.460574985,0.320503592,0.491578519,0.318748474,0.659270525,0.509447515,0.410093427,0.425313145
3128.005049,0.357535541,0.486396611,0.379003793,0.499643862,0.386763394,0.27150777,0.59595865,0.435282826,0.428170353,0.666011333,0.441524953,0.487481236,0.363062173,0.392980188,0.454944611,0.369218558,0.462428331,0.504376352,0.658952117,0.591745079,0.479178339,0.467180222,0.441582263,0.5210374,0.440687984,0.433377534,0.46997115,0.616564572,0.404439986,0.405342191,0.504755557,0.630764186,0.462951154,0.322468042,0.493588448,0.321799606,0.662431121,0.511684716,0.413625419,0.426949531
3129.933535,0.359945238,0.489065439,0.381815732,0.501494229,0.388554603,0.27266711,0.599428058,0.437119454,0.430873573,0.669398487,0.443697959,0.489628792,0.365425408,0.3951132,0.45737645,0.37079218,0.464096576,0.507246077,0.662719846,0.594781101,0.482720554,0.470008373,0.444542736,0.523346066,0.443261206,0.437460929,0.472306013,0.61902082,0.406081378,0.407584667,0.508792281,0.633634925,0.465283364,0.324493438,0.495689869,0.324989229,0.665543973,0.514046013,0.417160302,0.42869696
3131.862021,0.362435102,0.491688699,0.384726882,0.503449738,0.390387446,0.27387476,0.602912962,0.438987643,0.433645129,0.672756851,0.445885152,0.491899461,0.367807835,0.39724052,0.459798604,0.372403264,0.465805084,0.510211051,0.666557908,0.597889483,0.486307204,0.472871065,0.447599292,0.525784969,0.445877939,0.441625953,0.474724919,0.621517718,0.40779537,0.409935951,0.512933135,0.636597455,0.467683911,0.32652989,0.497912049,0.328190237,0.668636322,0.516526222,0.420751631,0.430458754
3133.790508,0.364971936,0.494375259,0.387711674,0.505443931,0.392284095,0.275110841,0.606455624,0.440993607,0.436485559,0.676182806,0.448192835,0.494323432,0.370253682,0.39938876,0.462338299,0.374159694,0.467609882,0.513189375,0.670549273,0.601116657,0.489881814,0.475783527,0.450707227,0.528261542,0.44857496,0.445881963,0.477222741,0.624127984,0.409662098,0.412380844,0.517121196,0.639815032,0.470227778,0.328576475,0.500197113,0.33145982,0.671905458,0.519041181,0.424444139,0.432219326
3135.718994,0.3674559,0.497094601,0.390598089,0.507402062,0.394123673,0.276292324,0.610008657,0.442976981,0.439303607,0.679555953,0.450454623,0.496694505,0.372645825,0.401543021,0.464780807,0.375946462,0.469436705,0.516057551,0.674465299,0.604244769,0.493347436,0.478674501,0.453729212,0.530764639,0.451318681,0.450089395,0.479628474,0.626869559,0.411521405,0.414769679,0.521335125,0.642985225,0.472703099,0.330645055,0.502448142,0.334680766,0.675128877,0.521504223,0.42813468,0.433888435
3137.647481,0.369830519,0.499865413,0.393614471,0.509404421,0.396060616,0.277518958,0.613671124,0.444947869,0.4422068,0.683030427,0.452683538,0.499044716,0.375052094,0.403774202,0.467323095,0.377664596,0.471247345,0.519194722,0.678465188,0.60744077,0.496915966,0.481652558,0.456855953,0.533367336,0.454197407,0.454371631,0.48206687,0.62967962,0.413392961,0.417090148,0.525546432,0.646151662,0.475165516,0.332746357,0.504741728,0.337937802,0.678401887,0.523886144,0.43189469,0.435661197
3139.575967,0.372263312,0.502691746,0.396653771,0.511499107,0.398068756,0.278747588,0.617435396,0.447000742,0.445086569,0.686556399,0.454980612,0.501425087,0.377566755,0.406047642,0.469943643,0.379361242,0.472991556,0.522482932,0.682610452,0.610795736,0.500552237,0.484659404,0.460042536,0.535943925,0.457075953,0.458788037,0.48457247,0.632389128,0.41522637,0.419471651,0.529785335,0.649391115,0.477649927,0.334892631,0.507065773,0.341262579,0.681771278,0.526356339,0.435729504,0.4375498
3141.504454,0.374821812,0.505589604,0.399661183,0.513650477,0.40017274,0.280016273,0.621266782,0.449096113,0.448142797,0.690119088,0.457360566,0.503969073,0.380154222,0.408371478,0.472557932,0.381181657,0.474896014,0.525785267,0.686831057,0.614337146,0.50426805,0.487684041,0.463350922,0.538675368,0.459979117,0.463242352,0.487122953,0.635131776,0.417146444,0.422132224,0.534235299,0.65279007,0.480246902,0.337127715,0.50946635,0.344622672,0.685132742,0.528960645,0.439573586,0.439496696
3143.43294,0.377355278,0.508496284,0.402768672,0.51582247,0.40224272,0.281343877,0.62499243,0.451141715,0.4511455,0.693860233,0.459726512,0.506536841,0.382715255,0.410631657,0.475261778,0.383069426,0.476821512,0.529017329,0.690905333,0.61785996,0.508011699,0.490674853,0.466648608,0.541507781,0.46291244,0.467726707,0.489668489,0.637914538,0.419140428,0.424791008,0.538686574,0.656092465,0.482854307,0.339375705,0.511835992,0.348011017,0.688560784,0.531460702,0.443339795,0.441406757
3145.361427,0.379992485,0.511569917,0.40590027,0.51802665,0.404307246,0.282669097,0.628780007,0.453319758,0.45412606,0.697604418,0.462153167,0.509089768,0.385284603,0.413045049,0.478034437,0.384961098,0.478773892,0.532338023,0.695158422,0.621306419,0.511824489,0.493834525,0.4699516,0.544297934,0.465886533,0.472365111,0.492260516,0.640910804,0.421140671,0.427381068,0.543106198,0.659418106,0.485541463,0.341705859,0.514250755,0.351465255,0.692164183,0.534077704,0.447254181,0.443282783
3147.289913,0.382712513,0.514723778,0.409034163,0.520172834,0.406413555,0.284015566,0.632690132,0.455625892,0.457275271,0.701348364,0.464609116,0.511675477,0.387925953,0.415542901,0.480850816,0.386856914,0.480858862,0.535770357,0.699540198,0.624832332,0.515720606,0.4971039,0.473310024,0.547097266,0.46896413,0.476957917,0.494907141,0.64388448,0.423197478,0.430060595,0.547559679,0.662882209,0.48828572,0.344067782,0.516785979,0.355023474,0.695763111,0.536805391,0.451296717,0.445243686
3149.2184,0.385409176,0.517740905,0.412223518,0.522392809,0.408556461,0.285360187,0.636603713,0.457908601,0.460414857,0.705114365,0.466986597,0.514289439,0.390624136,0.417956293,0.483629584,0.388719589,0.482878834,0.539036691,0.703881741,0.628414452,0.519468307,0.500272095,0.476719141,0.550013363,0.472081482,0.481436253,0.497544646,0.646656811,0.425260723,0.43279916,0.552066743,0.666332543,0.490928799,0.346335113,0.519332051,0.358574599,0.699291468,0.539470673,0.455256552,0.447241604
3151.146886,0.388068169,0.520754397,0.415464193,0.524727821,0.410775632,0.28674826,0.640569389,0.460139066,0.463599801,0.708855808,0.469408721,0.516940534,0.393331885,0.420469433,0.486451179,0.390628695,0.484890908,0.542381883,0.708312988,0.63198936,0.52331996,0.503510714,0.480177641,0.552913785,0.475226045,0.486059308,0.500233531,0.649482727,0.427360892,0.435573041,0.556693077,0.669801891,0.493595779,0.348622948,0.521891892,0.3621521,0.702776015,0.542216659,0.459278524,0.449295908
3153.075373,0.390686363,0.523795724,0.418641716,0.52705425,0.412948042,0.288136423,0.644506454,0.462415725,0.466714233,0.712715089,0.471886903,0.519576132,0.396001756,0.422947794,0.48941952,0.392565936,0.486943036,0.545827091,0.71255523,0.635580838,0.527268112,0.50666523,0.483574599,0.555682182,0.478341162,0.490816504,0.502895892,0.652374089,0.429477274,0.438214302,0.561185241,0.673240662,0.496344805,0.350984424,0.524385989,0.365686357,0.706359684,0.545014858,0.463360071,0.4513897
3155.003859,0.393407613,0.527003586,0.421894789,0.529405653,0.415201962,0.289524347,0.648543835,0.464834511,0.469909579,0.716673076,0.474368542,0.52226299,0.398727238,0.425396949,0.492433965,0.394529104,0.488994122,0.549301267,0.716872334,0.639426053,0.531148851,0.509850085,0.48707065,0.558625579,0.481519341,0.49563545,0.505540729,0.655350745,0.431681514,0.440990269,0.56575346,0.676864982,0.499188244,0.353432238,0.526981592,0.369206369,0.710211515,0.547774196,0.467436194,0.453425348
3156.932346,0.396151781,0.53025806,0.425151467,0.531778514,0.417476237,0.29088074,0.652579308,0.467159986,0.473167419,0.72049427,0.476848096,0.524974823,0.40151757,0.42793715,0.495349348,0.396488607,0.491107881,0.55272609,0.721360803,0.643169284,0.535012603,0.513049185,0.490528435,0.561636806,0.484739631,0.500362337,0.508336067,0.658312857,0.433947474,0.443889618,0.57041955,0.680387259,0.501970589,0.355889946,0.529668987,0.372831374,0.713972151,0.550478637,0.471539408,0.455465555
3158.860832,0.398870826,0.533518314,0.428398579,0.534258485,0.419794977,0.29224658,0.656732082,0.46944502,0.476430863,0.724315703,0.479496777,0.527792931,0.404317349,0.430597842,0.498355925,0.398412824,0.493366331,0.556190193,0.726002276,0.646889508,0.538912833,0.516352773,0.494043857,0.564679027,0.487922311,0.50518626,0.511162519,0.661340058,0.436206281,0.446761072,0.575034678,0.683871746,0.504820228,0.358315766,0.53239572,0.376564145,0.717766464,0.553202331,0.475725383,0.457664847
3160.789318,0.401616633,0.536725938,0.431755662,0.536677897,0.422079265,0.29367286,0.66093266,0.471790344,0.479743004,0.728368819,0.482164472,0.530558944,0.407054335,0.433180362,0.501343787,0.400341302,0.495558739,0.559781313,0.730572462,0.650734484,0.542905629,0.519799292,0.497619033,0.567734122,0.491130024,0.510135174,0.513842463,0.66428107,0.438407034,0.449644744,0.579669654,0.687630832,0.507617712,0.360741764,0.535103083,0.380283922,0.721487045,0.555917025,0.479900956,0.459780216
3162.717805,0.404401809,0.539960504,0.435159296,0.539073169,0.424290359,0.295074314,0.665067077,0.474232703,0.483151704,0.73251456,0.48473534,0.533300221,0.409837782,0.435780674,0.504314184,0.402327359,0.497627467,0.563430488,0.735123634,0.654435813,0.546899021,0.523106515,0.501230836,0.570750415,0.494471699,0.515008271,0.516656637,0.667253196,0.440606654,0.452571362,0.584323823,0.691488028,0.510345221,0.363217682,0.537729859,0.384003222,0.725132346,0.558838427,0.484158933,0.461858273
3164.646291,0.407145381,0.543279052,0.438539356,0.541589141,0.426593274,0.296519369,0.669207156,0.476704031,0.486576796,0.736553609,0.487287492,0.536089182,0.41264534,0.438438237,0.507311463,0.404375851,0.499715865,0.567051589,0.739803314,0.658304036,0.550843716,0.526344776,0.504807174,0.573754311,0.497838944,0.519869387,0.51950115,0.670176327,0.44284597,0.455618411,0.589075208,0.69509691,0.513225377,0.365746826,0.54041487,0.387764543,0.728974998,0.561825037,0.488430351,0.464015007
3166.574778,0.409863651,0.546532273,0.441810399,0.544039071,0.428906351,0.297984391,0.673272669,0.479142845,0.489898801,0.740558684,0.489820153,0.53892529,0.415411055,0.44103229,0.510294974,0.406390697,0.501920342,0.570613384,0.744324267,0.66217345,0.554790437,0.529611111,0.508270204,0.576698601,0.501125216,0.524799824,0.522192717,0.673062027,0.445058942,0.458612144,0.593869507,0.698475778,0.516055822,0.368218422,0.543142855,0.391413629,0.732850552,0.564657331,0.492627174,0.466124445
3168.503264,0.41267395,0.549870193,0.445183367,0.546452463,0.431262672,0.299410671,0.677470446,0.481652915,0.493278474,0.744648755,0.492471993,0.541878283,0.418268085,0.44368872,0.513565838,0.408354789,0.504259408,0.57422936,0.748944819,0.665857852,0.558785021,0.533075452,0.511891425,0.57980901,0.504509211,0.529815018,0.524917722,0.676201582,0.447323918,0.46154651,0.598657846,0.702173114,0.51889801,0.370717734,0.545844316,0.395111144,0.736696422,0.567439675,0.496828645,0.468321711
3170.431751,0.41548419,0.55313164,0.448586285,0.548952758,0.43361938,0.300802171,0.681548238,0.484224856,0.496634305,0.748845279,0.495127112,0.544724762,0.421114564,0.446299881,0.516743362,0.41036579,0.506546915,0.577800989,0.753577113,0.66963172,0.56282711,0.536521971,0.515468657,0.582984209,0.507890761,0.534689963,0.527738631,0.679090023,0.449583739,0.464492559,0.603398204,0.706056893,0.521869719,0.373300403,0.548608422,0.398893237,0.740479112,0.570191979,0.501016498,0.470533758
3172.360237,0.418284237,0.556450605,0.45190075,0.551544487,0.43599692,0.30226469,0.685605466,0.486842871,0.500036359,0.753001332,0.497737795,0.547620654,0.423980266,0.448935598,0.519799829,0.412440211,0.508813918,0.581483364,0.758165538,0.673573971,0.566879094,0.539931953,0.519076407,0.586163342,0.511236489,0.539625645,0.530632198,0.681980848,0.451977581,0.467535317,0.608212948,0.709920228,0.524860919,0.375837445,0.551483333,0.402711451,0.744523942,0.573154032,0.50542146,0.472775519
3174.288724,0.421093881,0.559756994,0.455317855,0.554118633,0.438379973,0.303799868,0.689877033,0.489289999,0.503424406,0.757013679,0.50034678,0.550455511,0.426926702,0.45154801,0.522891819,0.414478004,0.511048973,0.585173905,0.762769878,0.677495003,0.570898592,0.543401003,0.522702634,0.589401901,0.514658988,0.544747233,0.533447146,0.685034931,0.454472452,0.470631391,0.613048494,0.713568568,0.527675152,0.378379077,0.55419296,0.406532109,0.748515368,0.576081455,0.509827018,0.474981666
3176.21721,0.423983514,0.56308192,0.458851844,0.556699812,0.440840274,0.305267453,0.694057643,0.491772294,0.506855071,0.761082053,0.503022552,0.553336978,0.429920971,0.454242736,0.525971353,0.416502595,0.513282239,0.588843107,0.76749891,0.681423843,0.574990392,0.546817422,0.526309252,0.592683554,0.518178165,0.54989028,0.536274254,0.688135624,0.456857681,0.473719776,0.617862284,0.717159629,0.530570507,0.381029338,0.556920171,0.410359293,0.752422035,0.578951538,0.514195263,0.477168947
3178.145697,0.42677632,0.566565752,0.46232304,0.559249938,0.443246603,0.306721687,0.698181152,0.494354635,0.510285079,0.765078783,0.505725324,0.556316495,0.432876319,0.456938028,0.529142678,0.418513,0.51560235,0.592508614,0.772285223,0.685442328,0.57911092,0.550189078,0.529886067,0.595949471,0.521627665,0.554999352,0.539069295,0.691175222,0.459207594,0.476775259,0.622624159,0.72089994,0.53353101,0.383661807,0.559742987,0.414252788,0.756483376,0.581801236,0.518590629,0.479394913
3180.074183,0.42947343,0.569933414,0.465784431,0.56175828,0.445525348,0.308181047,0.702505231,0.496929586,0.513676226,0.769108057,0.508388698,0.559134245,0.435805112,0.459560156,0.532253444,0.420607239,0.517970383,0.596168756,0.776987314,0.689406574,0.583277881,0.553557634,0.533523262,0.599100709,0.524945974,0.560013175,0.541899204,0.69414717,0.461554617,0.479816616,0.627306819,0.724663615,0.536398828,0.386195838,0.562604725,0.41811195,0.760444522,0.584619284,0.522953629,0.481664181
3182.00267,0.432322651,0.57328546,0.46931538,0.564272702,0.447911948,0.309675336,0.706833601,0.499570638,0.517164826,0.773255527,0.511052012,0.561964631,0.438734174,0.462355375,0.535360694,0.422773689,0.520258188,0.599937439,0.781580925,0.693318665,0.587413311,0.556947768,0.537242413,0.602212071,0.528371632,0.565011144,0.544729769,0.697197855,0.463864297,0.482893974,0.632184803,0.728441656,0.539309502,0.388742268,0.565548539,0.422000408,0.764340222,0.587564111,0.527330935,0.484021276
3183.931156,0.435198009,0.576609433,0.472812355,0.566838264,0.450271904,0.311210454,0.710972965,0.502206087,0.520624816,0.777286291,0.513693571,0.564767063,0.441638708,0.465121418,0.538461268,0.424855173,0.522471964,0.603603601,0.786001146,0.697186828,0.591350555,0.560245872,0.540777981,0.605421245,0.531829774,0.570070028,0.547458112,0.700070918,0.466188133,0.485984683,0.637180448,0.732140839,0.542133093,0.391412199,0.568348169,0.425909519,0.768154323,0.590468168,0.53166759,0.486250311
3185.859643,0.43805325,0.580067813,0.476331651,0.56943202,0.452642441,0.31269148,0.71501255,0.504875124,0.524147868,0.781311393,0.516345203,0.567608595,0.444648981,0.467798203,0.541611433,0.426871032,0.52484262,0.607313275,0.790688157,0.701048493,0.595392704,0.563606977,0.544421494,0.608753145,0.535225749,0.575276196,0.550327182,0.703045905,0.468630731,0.489160389,0.642208517,0.735933185,0.545063674,0.394057244,0.571190953,0.429833859,0.772043049,0.593432307,0.536113501,0.488446087
3187.788129,0.440846115,0.583479285,0.47971791,0.571982503,0.454992384,0.314135313,0.718956888,0.507451892,0.527491748,0.785368085,0.518958509,0.570429742,0.447612971,0.470333844,0.544698298,0.428853214,0.527227104,0.610886991,0.795329154,0.704744399,0.599553704,0.566857696,0.547958314,0.6119681,0.538714588,0.580509007,0.553168893,0.70600003,0.471053541,0.492227376,0.647179782,0.73966217,0.548053622,0.396611929,0.573965728,0.433678776,0.775816977,0.596221864,0.540440917,0.490581691
3189.716615,0.443663627,0.586734891,0.483145624,0.574665368,0.457329959,0.315609276,0.723066568,0.510163605,0.530815959,0.789455414,0.521671891,0.573349297,0.450544357,0.472992748,0.547700167,0.430921227,0.529564321,0.614464343,0.799920857,0.708520949,0.603708923,0.570150316,0.551408529,0.615225196,0.542248607,0.585723341,0.555991948,0.708945572,0.473454446,0.495275289,0.65209049,0.743472397,0.550967455,0.399224102,0.576641262,0.437489539,0.779723585,0.598948419,0.544738591,0.492717534
3191.645102,0.44647482,0.590022087,0.486677498,0.577253699,0.45963791,0.317094386,0.727229893,0.512886226,0.5341627,0.793375611,0.524320364,0.576296151,0.453481555,0.475612879,0.550767779,0.432942033,0.531934917,0.618107796,0.804524541,0.712448239,0.607725263,0.57359606,0.554912686,0.618574202,0.545612752,0.590861619,0.558651924,0.711882353,0.475803584,0.498327762,0.656931102,0.747229934,0.553720891,0.401781261,0.579390228,0.441384405,0.783769906,0.601843774,0.54914099,0.494994253
3193.573588,0.449262798,0.593338132,0.490138084,0.579771936,0.461934835,0.318568975,0.731354237,0.5155164,0.537448645,0.797200263,0.526894629,0.579023957,0.456440091,0.478004873,0.55382365,0.434949994,0.534285426,0.621686459,0.808923006,0.716165364,0.611689806,0.576879025,0.558487535,0.621838808,0.548941672,0.595887423,0.561253846,0.714695334,0.478134245,0.501324713,0.661743701,0.750838101,0.556531191,0.404340446,0.582248569,0.445253521,0.787643254,0.604738772,0.553605318,0.497381955
3195.502075,0.452041477,0.596723676,0.493656874,0.582289994,0.464238912,0.320050895,0.735230803,0.518185854,0.540798783,0.80105269,0.529546499,0.581699371,0.459457576,0.480551034,0.556816995,0.43704015,0.536573887,0.625319302,0.813411474,0.719934165,0.615739822,0.580120623,0.562035799,0.625053167,0.552289009,0.600841403,0.564036965,0.717548132,0.480568856,0.504428983,0.66659075,0.754539132,0.559523404,0.406905383,0.585099101,0.449119747,0.791430056,0.607601821,0.558024585,0.499688953
3197.430561,0.454705894,0.600040197,0.497146875,0.584752202,0.466415048,0.32152015,0.739014149,0.5208202,0.544084251,0.805019319,0.532150507,0.584402263,0.462452501,0.483139843,0.559804082,0.439075142,0.538889885,0.628771901,0.817950249,0.723807216,0.619801044,0.583287835,0.565380752,0.628217995,0.555684626,0.605807006,0.566749811,0.720371664,0.482946038,0.507528067,0.671378613,0.758035064,0.56233412,0.409436911,0.587815464,0.452982932,0.795078635,0.610369861,0.56231308,0.501771569
3199.359048,0.45746088,0.603344917,0.500603318,0.587342262,0.468699962,0.322951257,0.743074477,0.523582816,0.547425151,0.809008718,0.534761786,0.587145448,0.465411633,0.485817075,0.562825084,0.441042721,0.541228056,0.632379115,0.822518051,0.727543175,0.623916745,0.586503983,0.56886363,0.631346285,0.559101522,0.610911369,0.569486678,0.723301351,0.485291272,0.510526121,0.676270902,0.761444747,0.565093935,0.412036628,0.590604663,0.456869125,0.798947513,0.613119662,0.566689432,0.504029632
3201.287534,0.460243881,0.606530964,0.50401485,0.589895368,0.471024185,0.32436654,0.747041106,0.52615577,0.550713301,0.812751651,0.537285864,0.589855909,0.468257666,0.488493383,0.565684259,0.44293502,0.543460786,0.63598758,0.826940954,0.731179059,0.627883077,0.589679539,0.572202206,0.634470403,0.562365413,0.616057098,0.572212219,0.726118624,0.487583458,0.513454199,0.681114018,0.764961481,0.567802906,0.414545804,0.593373001,0.46072042,0.802762985,0.615771353,0.57096529,0.506319761
3203.216021,0.463001966,0.609755874,0.507447839,0.592432141,0.473285854,0.325782955,0.751016498,0.528638482,0.554034472,0.816567361,0.539865136,0.592695177,0.471207529,0.491020292,0.568601906,0.444938838,0.54577589,0.63948065,0.831358135,0.734821439,0.631879568,0.592862189,0.575616896,0.637747943,0.565713048,0.621162057,0.574804783,0.728891551,0.489877373,0.516437471,0.685923398,0.76874125,0.570494711,0.417001367,0.596196711,0.464547902,0.806505084,0.618472755,0.575365603,0.508505583
3205.144507,0.465759546,0.613012731,0.510803163,0.594862401,0.475436568,0.327210009,0.754835367,0.531171083,0.55717808,0.820340753,0.542428493,0.595413864,0.474137962,0.493410766,0.57153213,0.446950465,0.548151731,0.642928421,0.835622013,0.738372028,0.636064291,0.596054792,0.579143107,0.641019762,0.569022059,0.62602067,0.577334523,0.731564462,0.49218148,0.519328117,0.690670073,0.77233845,0.573189914,0.419453144,0.598951757,0.468374729,0.810290158,0.621246159,0.579789221,0.510656476
3207.072994,0.468536913,0.616131783,0.514193296,0.597264886,0.477587402,0.32865575,0.758635342,0.533645511,0.560232341,0.824162424,0.544950008,0.597966492,0.476961732,0.495793164,0.574386835,0.448857695,0.550420403,0.646270216,0.839812338,0.742007196,0.640269697,0.599041641,0.58246845,0.644149721,0.572247744,0.630975306,0.579948604,0.734214306,0.494457841,0.522265911,0.695355237,0.775769472,0.575944781,0.421901286,0.601499259,0.472214252,0.8139624,0.623919606,0.584013343,0.51276052
3209.00148,0.47124368,0.619140089,0.517698884,0.599684656,0.479736984,0.329982936,0.762381554,0.536114693,0.563356698,0.8277843,0.547533154,0.600478888,0.479817808,0.49820146,0.577223659,0.450743228,0.552537203,0.649669826,0.844129086,0.745669842,0.644247591,0.602064788,0.585635602,0.647147655,0.575492501,0.635991514,0.582501769,0.73686415,0.496737063,0.525240898,0.700151026,0.779214382,0.578678906,0.424336195,0.603940725,0.475982755,0.817502618,0.626512468,0.588187635,0.514882147
3210.929967,0.473819822,0.622081876,0.521097064,0.602086425,0.481765032,0.331283748,0.765942454,0.538641095,0.566437006,0.831182778,0.550040185,0.602955878,0.482669294,0.500605524,0.579934776,0.452647686,0.554714322,0.652953804,0.84835583,0.749106526,0.648049355,0.605197787,0.588754773,0.650232315,0.578709364,0.6408692,0.584994853,0.73937875,0.498951614,0.528132319,0.705017388,0.782617331,0.581294298,0.426774591,0.60653007,0.479683995,0.820810556,0.629141331,0.592379093,0.516957998
3212.858453,0.476417869,0.625219107,0.524499774,0.604518831,0.483921736,0.332671165,0.769611061,0.541334808,0.569591343,0.834895909,0.552523315,0.605532289,0.485592365,0.503021598,0.582731783,0.454543322,0.556940794,0.656280696,0.852673292,0.752587736,0.652014375,0.608313143,0.59199971,0.653459251,0.581927955,0.645924866,0.587513208,0.742047369,0.501194298,0.531064153,0.709896207,0.786179423,0.583937466,0.42921862,0.609284639,0.483474314,0.824390471,0.63180846,0.596699893,0.519151926
3214.78694,0.479007334,0.628321707,0.527830064,0.606875837,0.486057818,0.334019274,0.773172319,0.543932498,0.572599471,0.838490069,0.555009663,0.607935727,0.488399595,0.505347729,0.585528016,0.456362069,0.559112608,0.659668028,0.856840372,0.756175041,0.655987322,0.611223936,0.595108688,0.656617463,0.585125625,0.650913954,0.59005332,0.744544148,0.503422618,0.533826888,0.71451968,0.78945595,0.586413801,0.431577533,0.61179781,0.487168759,0.828222513,0.634391546,0.600909412,0.521303773
3216.715426,0.481669903,0.631322443,0.531194568,0.609344304,0.488171935,0.335373104,0.776766479,0.546423972,0.575711429,0.842170179,0.557548881,0.610363603,0.49116236,0.507786214,0.588278115,0.458241701,0.561368585,0.662999451,0.86094296,0.759891689,0.659893215,0.614063501,0.598232925,0.659746289,0.588356793,0.655858278,0.592639089,0.747038662,0.505611062,0.536613762,0.719177902,0.792746425,0.588918269,0.433977842,0.614392757,0.490925699,0.831863523,0.637037992,0.605115414,0.523323536
3218.643912,0.484274358,0.634270847,0.534554362,0.611680925,0.490313888,0.336705238,0.780427098,0.548806608,0.578716993,0.845833778,0.559960604,0.612872005,0.493994266,0.510182858,0.590926588,0.460070968,0.563533902,0.666163504,0.864975452,0.76342833,0.663772285,0.616920531,0.601360142,0.662653804,0.591611564,0.660746098,0.595006466,0.749649107,0.507775784,0.539457202,0.72395581,0.796162367,0.59145081,0.436371744,0.616966605,0.494716704,0.835215688,0.639617682,0.609329641,0.525404572
3220.572399,0.486902624,0.637247086,0.537923515,0.614054799,0.492386103,0.338033736,0.784195602,0.551236153,0.581647456,0.849257171,0.562382996,0.615328133,0.496844292,0.512466431,0.593575358,0.461866587,0.565719426,0.669343054,0.869094849,0.76662147,0.667842507,0.619806826,0.604578197,0.665628314,0.594900012,0.665581763,0.597347438,0.75214988,0.50988394,0.542332888,0.728716016,0.79956758,0.594011188,0.43873167,0.619481802,0.498425961,0.838620961,0.642063797,0.613531172,0.527545214
3222.500885,0.489579648,0.640222132,0.541290045,0.616490424,0.4943645,0.339342475,0.787706256,0.553737164,0.584648907,0.852752686,0.564845502,0.617598057,0.499640584,0.514652252,0.596241295,0.463668346,0.567934036,0.672706842,0.873370826,0.769964099,0.671883821,0.622642875,0.607739687,0.668790758,0.597983003,0.670385003,0.599650025,0.754502833,0.512003899,0.545158744,0.733415127,0.802798271,0.596641064,0.441040933,0.62202251,0.502188802,0.842115998,0.644501925,0.617685437,0.529603839
3224.429372,0.492136478,0.643189371,0.544543445,0.618701577,0.496374726,0.340599954,0.791112602,0.556193233,0.587608576,0.856286168,0.567270935,0.619900227,0.502371907,0.516933441,0.598921299,0.465444326,0.5701738,0.676083684,0.877364516,0.773546875,0.675715983,0.625469089,0.610814333,0.671922982,0.601070404,0.675195456,0.602066576,0.756888807,0.514188111,0.54797703,0.738115847,0.805936635,0.59918189,0.443315506,0.624460161,0.505915344,0.845477402,0.647053778,0.621822953,0.53162837
3226.357858,0.494677067,0.64619714,0.54783982,0.621035755,0.4984366,0.341850758,0.794529498,0.558695912,0.590683639,0.859678388,0.569729984,0.622365594,0.505098283,0.519326329,0.601620138,0.467200726,0.572390974,0.679353952,0.881268799,0.776845574,0.679601669,0.62840265,0.613960147,0.674933016,0.604249358,0.679958463,0.60457325,0.759390593,0.516308129,0.550876975,0.742873251,0.809149623,0.601589203,0.445607483,0.626927793,0.50959152,0.848781765,0.649580717,0.625939727,0.533649027
3228.286345,0.497177124,0.649107397,0.55105561,0.623387635,0.50048995,0.343103081,0.797896564,0.561202109,0.593622506,0.862967253,0.572080731,0.624710619,0.507853389,0.521612525,0.604170024,0.468970865,0.574526131,0.682461619,0.885216117,0.780079067,0.683384061,0.631185591,0.616919041,0.677961528,0.607397556,0.684577942,0.606947958,0.761849046,0.518430829,0.553544879,0.747439384,0.812340677,0.604046762,0.447880924,0.629330277,0.513234735,0.852198184,0.65203625,0.629881978,0.535640538
3230.214831,0.499679089,0.652081668,0.55433476,0.625678957,0.502606094,0.344409168,0.801523149,0.563693464,0.596501708,0.866463482,0.574488699,0.627161145,0.510715902,0.52400279,0.606826782,0.470780671,0.576674521,0.685667515,0.889093161,0.783727944,0.687180638,0.63389045,0.619953811,0.681211233,0.610529482,0.689394116,0.609384358,0.764285922,0.520615339,0.55617547,0.752013385,0.81576699,0.606734931,0.450197458,0.631809771,0.516936183,0.855718672,0.654570818,0.633910537,0.537738264
3232.143318,0.502158701,0.654967487,0.557632983,0.628014624,0.50456816,0.345689148,0.804941714,0.566064656,0.599308789,0.869860828,0.576874852,0.629439831,0.513484478,0.526203811,0.609408021,0.472470224,0.578725815,0.688937068,0.893009067,0.787243187,0.691111326,0.636616886,0.62288326,0.684297919,0.613529444,0.694223225,0.611631751,0.766488254,0.522689521,0.558860064,0.75646621,0.81880945,0.60919255,0.45243609,0.634238541,0.520620286,0.859089971,0.657085478,0.638028562,0.539735138
3234.071804,0.504707217,0.657911539,0.560886621,0.630394518,0.506666064,0.347024769,0.808540523,0.568533599,0.6022138,0.87323004,0.579274476,0.631744683,0.516244352,0.528436899,0.611989737,0.474198401,0.580927193,0.692189872,0.897218347,0.790617943,0.695074916,0.639480233,0.62578249,0.687330067,0.616746664,0.699037731,0.613954544,0.768812716,0.524755597,0.561629295,0.761054695,0.821969986,0.611626565,0.454682738,0.636774421,0.524364352,0.862442493,0.659560323,0.642278373,0.541784286
3236.000291,0.507187963,0.660855234,0.564146161,0.632751942,0.508867085,0.348387092,0.812006593,0.570997238,0.605147183,0.876540303,0.581722856,0.634134531,0.519062817,0.530780196,0.614612401,0.475886285,0.583124161,0.695225239,0.901259303,0.793939829,0.698957562,0.642221987,0.628633201,0.69028765,0.619795978,0.703714252,0.616414666,0.771189511,0.526779473,0.564359784,0.765752137,0.825351298,0.614133477,0.456998885,0.639364719,0.528129399,0.865641832,0.661950171,0.646386027,0.543932021
3237.928777,0.509692669,0.663763046,0.567514718,0.635073483,0.510936558,0.349725753,0.815312922,0.573502541,0.608071208,0.87975502,0.584188461,0.636378109,0.521901071,0.5331164,0.617256701,0.477612138,0.585369408,0.698331952,0.90521729,0.797210693,0.702903748,0.64488399,0.631530643,0.693283737,0.622888088,0.708486199,0.618873417,0.773574531,0.528929949,0.567117691,0.770171463,0.82851547,0.616640508,0.459395081,0.641884863,0.53186959,0.868957102,0.664599419,0.650476873,0.545998216
3239.857264,0.51226753,0.666725338,0.570886731,0.637396693,0.513011515,0.351074874,0.818714678,0.576088369,0.611076355,0.883116305,0.586548746,0.638765156,0.52479589,0.535492182,0.619926155,0.479473829,0.587585866,0.701549828,0.90920651,0.800623596,0.706767023,0.647737563,0.634529591,0.696432292,0.626258075,0.713456988,0.62129128,0.776090205,0.531111062,0.569979846,0.774737835,0.831765532,0.619158447,0.461815029,0.644472539,0.535615623,0.872296154,0.667143464,0.654608369,0.548102081
3241.78575,0.514656007,0.669627428,0.574112177,0.639853299,0.515081167,0.352321088,0.821922719,0.578591883,0.614044607,0.886560857,0.588775456,0.641179025,0.527668655,0.537723124,0.622484565,0.481321931,0.589631915,0.704580486,0.91311115,0.80402714,0.710474193,0.650596142,0.637448728,0.699539423,0.629461586,0.71824199,0.623651743,0.778459668,0.533139706,0.572722971,0.779465556,0.83487463,0.621533096,0.464113206,0.646947145,0.539304435,0.87552309,0.669468105,0.658633947,0.55019784
3243.714236,0.517184734,0.672653019,0.577363133,0.64236635,0.517221093,0.353602439,0.825356603,0.581214428,0.617008865,0.890085161,0.591211379,0.643580914,0.53055203,0.540068269,0.62527734,0.483174324,0.591939449,0.707804084,0.917120457,0.807408571,0.714376569,0.653442085,0.640512645,0.702747822,0.632667184,0.722989202,0.626026213,0.780809283,0.535241067,0.575495541,0.784155607,0.838086188,0.624108195,0.466445804,0.649501204,0.543171704,0.878990769,0.672052503,0.662844539,0.552266359
3245.642723,0.51972419,0.675594747,0.58047688,0.644708037,0.519340098,0.35500446,0.828928888,0.583808959,0.61988765,0.893446624,0.593669474,0.646000445,0.533467233,0.542449415,0.628035009,0.484927714,0.594321012,0.710965693,0.920937002,0.810798943,0.718257248,0.656166553,0.643482447,0.705939114,0.635845363,0.727772772,0.628357649,0.783133984,0.537321329,0.578254879,0.788697779,0.841303766,0.626661718,0.468820721,0.652062535,0.547037542,0.882431805,0.674613059,0.667033315,0.554347932
3247.571209,0.522126198,0.678627431,0.583816886,0.647125602,0.521535218,0.356442124,0.832636774,0.586440563,0.622986138,0.896946371,0.596045971,0.648533285,0.536485076,0.544856727,0.630718291,0.486697018,0.596730649,0.714195013,0.924934745,0.814417899,0.722075164,0.658935964,0.646563709,0.709191203,0.639102519,0.732808113,0.630820096,0.785608113,0.539504468,0.581108451,0.793320596,0.844645202,0.629227221,0.471302122,0.654795885,0.550844312,0.885893822,0.677110314,0.67132318,0.556574285
3249.499696,0.524524689,0.681666374,0.587234914,0.649632514,0.523682356,0.357823759,0.836078942,0.588983357,0.625928342,0.900404334,0.598368824,0.65094173,0.539441347,0.547186375,0.633385122,0.488424331,0.599061906,0.717524588,0.928866863,0.818138123,0.725950122,0.661608577,0.649554312,0.712324262,0.642266691,0.737672269,0.633209229,0.788009584,0.541725516,0.584079683,0.797982872,0.84785676,0.631876886,0.473818749,0.657507181,0.554675281,0.88899976,0.679501891,0.675513029,0.558832049
3251.428182,0.527037084,0.684633493,0.590525866,0.652240217,0.525812387,0.359232813,0.839505076,0.591607094,0.628848612,0.903608501,0.600814581,0.653323293,0.542353511,0.549561977,0.636120439,0.490272403,0.601366341,0.72075659,0.932576418,0.821902275,0.729891598,0.664395154,0.652484715,0.715546846,0.645585716,0.742554188,0.635687888,0.790355682,0.543884873,0.587038755,0.802605331,0.850957811,0.634399354,0.476301312,0.660005689,0.558605015,0.892150223,0.68206799,0.679710746,0.561086714
3253.356669,0.529553175,0.687610447,0.593899012,0.654808462,0.528033614,0.360695571,0.842915356,0.594394028,0.631858766,0.906867921,0.603180587,0.655749202,0.545260489,0.551977515,0.638913155,0.492199421,0.603727698,0.723970056,0.936379373,0.825398445,0.733679771,0.667371035,0.65539515,0.718947113,0.649007082,0.747612119,0.638037324,0.792696893,0.54598546,0.589823425,0.807250261,0.85427022,0.636856258,0.478866339,0.662607133,0.562555313,0.895608068,0.684681654,0.683905125,0.563268244
3255.285155,0.531924725,0.690549791,0.59719497,0.657254159,0.530220807,0.362084776,0.846184671,0.597095311,0.634735942,0.910349011,0.605422735,0.658112049,0.548204541,0.554343522,0.641606688,0.494021088,0.606078982,0.727213204,0.940339267,0.82867533,0.737544537,0.670106411,0.658308208,0.72221899,0.652295768,0.752556682,0.640272677,0.794957101,0.548112988,0.592692733,0.811770856,0.857551754,0.639371455,0.481388777,0.665195465,0.566358745,0.899011314,0.687225521,0.687982917,0.565367401
3257.213642,0.534352064,0.693485856,0.600431144,0.659659743,0.532351077,0.363448381,0.849637568,0.599796593,0.63771534,0.913974822,0.607879043,0.660501778,0.551223397,0.556812465,0.64436096,0.495845437,0.608523428,0.730517626,0.944308162,0.832150042,0.741398394,0.672785342,0.661327124,0.725455165,0.655531526,0.757570207,0.642654717,0.797196746,0.550315738,0.595690846,0.816179812,0.860845327,0.641929388,0.483782917,0.667820454,0.570271671,0.90234369,0.689751327,0.692185938,0.567562044
3259.142128,0.536794007,0.69639498,0.603556335,0.662054718,0.534455657,0.364864558,0.853170276,0.602397799,0.640571237,0.917276382,0.610165715,0.662853599,0.554171801,0.559145689,0.646927238,0.497567952,0.610911131,0.733627379,0.948090434,0.835474968,0.744931638,0.675498068,0.664118171,0.728574276,0.658532977,0.762355149,0.644928038,0.799422503,0.552378714,0.598535061,0.820611715,0.86395359,0.644344687,0.4861871,0.6705001,0.57418412,0.90557611,0.692120016,0.696306944,0.569778264
3261.070615,0.539281785,0.699496746,0.606822133,0.664548635,0.536716223,0.366355002,0.856786728,0.605032206,0.643483937,0.920596778,0.612388849,0.66541338,0.557141423,0.561602175,0.649529219,0.499342531,0.613343418,0.736814857,0.952186227,0.83887583,0.748614311,0.678312242,0.667147279,0.731781244,0.661842406,0.767285466,0.647349119,0.801849484,0.554459929,0.601557672,0.825232804,0.86710465,0.646742642,0.488692939,0.673291147,0.577979267,0.909011304,0.694564581,0.700593829,0.571999073
3262.999101,0.541648567,0.702451587,0.610037148,0.666965127,0.538879216,0.367769003,0.859934092,0.607634068,0.646273196,0.924057901,0.614678562,0.66781044,0.560052335,0.56396085,0.652192116,0.501103282,0.61578083,0.739930272,0.956232488,0.842309833,0.752284586,0.680973947,0.66998601,0.735001266,0.665208757,0.77229172,0.649677515,0.804111123,0.556580186,0.604495227,0.829604149,0.87025547,0.649221003,0.491193354,0.675945222,0.581731856,0.912211657,0.696891904,0.704715192,0.574096859
3264.927588,0.543950379,0.705443025,0.613226712,0.669435322,0.540957153,0.369045109,0.863132715,0.610196173,0.649111211,0.927336454,0.616898656,0.670125723,0.562930644,0.566214502,0.654860318,0.502883732,0.618148029,0.742963195,0.95997709,0.84574455,0.755979776,0.683566153,0.67266494,0.738130212,0.668430984,0.777020335,0.652013659,0.806308627,0.55872041,0.607271671,0.833908617,0.873293161,0.651805758,0.493713886,0.678404629,0.585511923,0.915433586,0.699286461,0.708815336,0.576183617
3266.856074,0.546254337,0.708304524,0.616376221,0.671825171,0.542928517,0.370321929,0.86631161,0.612667084,0.651913524,0.930364847,0.619010091,0.672400177,0.565704584,0.568457544,0.65747112,0.50460583,0.62027669,0.746094942,0.96353966,0.849086881,0.759535134,0.686089516,0.675383925,0.741130471,0.671522915,0.781532109,0.654368758,0.808338344,0.560682774,0.609923363,0.838277221,0.876133442,0.654045522,0.496116996,0.680919945,0.58917594,0.918646812,0.701627612,0.712858558,0.578262866
3268.784561,0.548463523,0.710864902,0.61932689,0.674108982,0.544866025,0.371644855,0.869355977,0.61513263,0.654539108,0.933407009,0.621182442,0.674437642,0.568382025,0.570516348,0.659968555,0.506218493,0.6223557,0.749060392,0.967136919,0.852089942,0.763002396,0.688497543,0.678051114,0.744143724,0.674450397,0.786140263,0.656604111,0.810374498,0.562578321,0.612578273,0.842440784,0.879271746,0.656071663,0.498388082,0.683473706,0.592824161,0.921737254,0.703919888,0.716668427,0.580340922
3270.713047,0.550752342,0.713465512,0.622300625,0.676291466,0.546877146,0.372881204,0.872262657,0.617587209,0.657238066,0.936458826,0.623487532,0.676623344,0.571009398,0.572601259,0.662396967,0.507875443,0.624548018,0.751792371,0.970599115,0.855187476,0.76646477,0.690922022,0.68071878,0.747150362,0.67735517,0.790825844,0.65869385,0.812594473,0.564563453,0.615253329,0.846506596,0.882416487,0.658265293,0.500620306,0.685984373,0.596405447,0.924764335,0.706213832,0.720578313,0.582323134
3272.641533,0.552934587,0.716039896,0.62517637,0.678375244,0.548728049,0.374061853,0.87506789,0.619876325,0.65972352,0.939425051,0.625615597,0.678854406,0.57357949,0.574620783,0.664664209,0.509417355,0.626609087,0.754541218,0.973880947,0.858313322,0.769724429,0.693282545,0.683208644,0.749817908,0.680188656,0.795213401,0.660642803,0.814585268,0.566390336,0.617701113,0.850470901,0.884946764,0.660426021,0.502748668,0.688309729,0.599677205,0.927453995,0.708359718,0.724254131,0.584186316
3274.57002,0.554937661,0.718555868,0.628096581,0.680503964,0.550449014,0.375256926,0.878194809,0.62204814,0.662114143,0.942309201,0.627574503,0.680946767,0.576094568,0.576556563,0.666919589,0.51086086,0.628575504,0.757340729,0.977400303,0.861198008,0.773137569,0.69563061,0.685723782,0.75249809,0.683009088,0.799458742,0.66271174,0.816583216,0.568149269,0.620088458,0.854424775,0.887568772,0.662622869,0.504840493,0.690392315,0.60293895,0.930293083,0.710370064,0.727765083,0.586075842
3276.498506,0.556957126,0.720739603,0.630860388,0.682411194,0.55192703,0.376353025,0.880851984,0.62405771,0.6643278,0.944927335,0.629495561,0.682771146,0.578386962,0.57830739,0.668862939,0.512268126,0.630344689,0.759885371,0.980681598,0.863898039,0.776365817,0.697776377,0.687937975,0.755289435,0.685476482,0.803415,0.664576709,0.818533778,0.569801688,0.6222592,0.858161688,0.890073776,0.664684117,0.506836176,0.692307711,0.606088161,0.933126807,0.712189853,0.73106885,0.587729335
3278.426993,0.559093654,0.723044395,0.633554339,0.684263349,0.553477645,0.3773489,0.883438468,0.626245618,0.66659677,0.947671413,0.631442428,0.684484184,0.580683887,0.580089271,0.670853078,0.513734162,0.632065296,0.762374699,0.983619034,0.866590679,0.779294789,0.699962914,0.690187633,0.757857621,0.687914431,0.807284236,0.666372895,0.82035017,0.571434855,0.624441743,0.861728787,0.892694175,0.666558206,0.508731961,0.694327474,0.609198332,0.935805261,0.714209497,0.734398484,0.589356542
3280.355479,0.561106801,0.725236475,0.636143744,0.686014295,0.555035889,0.378277421,0.885831475,0.628227174,0.668850541,0.94995141,0.633216083,0.686116099,0.582841933,0.581800878,0.672821343,0.515064955,0.63377732,0.764602304,0.986310482,0.869070947,0.781897664,0.701944113,0.692295372,0.760177016,0.690219104,0.811050057,0.66806221,0.822024226,0.572945893,0.626491547,0.865182042,0.895109892,0.668334544,0.510446548,0.696229219,0.612203777,0.938144565,0.716044605,0.737731755,0.590832114
3282.283966,0.562925935,0.727276146,0.638617873,0.687691092,0.556440413,0.379245222,0.888175309,0.630001128,0.670923412,0.952011466,0.634999037,0.687760711,0.584890246,0.583329499,0.674545169,0.516378701,0.635474861,0.766821504,0.989322543,0.871333063,0.784700513,0.703831911,0.694380462,0.76262778,0.692415714,0.814656496,0.669744015,0.823832333,0.574351311,0.628375351,0.868582785,0.897253692,0.670161188,0.512093782,0.697950959,0.614970863,0.940546095,0.717847884,0.740917981,0.592289686
3284.212452,0.564724445,0.72933054,0.641135395,0.689249456,0.557813942,0.380169988,0.890484273,0.631738424,0.67270875,0.954553068,0.636734307,0.689379871,0.586971045,0.584775448,0.676306605,0.517645657,0.636997342,0.769176066,0.992082715,0.873350024,0.787802279,0.705735028,0.696483254,0.764890671,0.694687665,0.818017721,0.671479523,0.825490892,0.575754046,0.630225956,0.871887624,0.899247944,0.671787918,0.513745248,0.699556231,0.617616475,0.94273591,0.71957171,0.743830681,0.593797743
3286.140939,0.566660285,0.731122911,0.64354223,0.690721393,0.559020221,0.381009042,0.892674863,0.633326232,0.674452901,0.956996024,0.638389945,0.690939486,0.588993847,0.586136639,0.677922904,0.518672705,0.638316154,0.771380723,0.994320214,0.875242352,0.790684819,0.707416534,0.698183477,0.766970634,0.696704984,0.821362793,0.673070073,0.826997459,0.577043295,0.632009983,0.875284731,0.901061714,0.673291206,0.515272081,0.701100886,0.620230615,0.944580734,0.721050739,0.746488512,0.595089972
3288.069425,0.568566978,0.732993066,0.645966411,0.692111433,0.56010586,0.381744772,0.895006776,0.634898424,0.676431835,0.959146798,0.640098929,0.69246918,0.590866327,0.587562203,0.679434717,0.519749284,0.639617562,0.773470461,0.996844113,0.877200127,0.793508947,0.709095061,0.700067699,0.769122958,0.698595941,0.824622393,0.674565434,0.828457832,0.57827121,0.633794665,0.878651798,0.903281808,0.674852371,0.516709447,0.702677011,0.622831404,0.946876347,0.722574949,0.749244153,0.596436322
3289.997912,0.57021153,0.734733164,0.648163557,0.69335407,0.561152875,0.382447988,0.896877348,0.636377931,0.678157091,0.960896254,0.641699314,0.693830311,0.592572331,0.588793159,0.680783033,0.520830452,0.640904486,0.775334775,0.999367237,0.879046559,0.796145439,0.710545659,0.701905906,0.771002054,0.700401425,0.827386439,0.675948262,0.829746783,0.579497814,0.635329545,0.881644845,0.905318558,0.676311791,0.518002391,0.704117835,0.625206828,0.949160099,0.724101543,0.751858413,0.597676158
3291.926398,0.571893215,0.736488461,0.650470436,0.694746673,0.562280655,0.383240372,0.899002314,0.637970269,0.679893494,0.962757587,0.643429577,0.695182502,0.594335258,0.589947581,0.682206333,0.521983624,0.642216325,0.777194262,1.001769423,0.880876541,0.79865098,0.712127566,0.703755796,0.772748888,0.70223093,0.830473304,0.67741853,0.831291854,0.580779672,0.636832535,0.884726703,0.907214761,0.677916348,0.519224703,0.705454528,0.627520621,0.951260507,0.72574842,0.754465282,0.598885655
3293.854885,0.573650479,0.738047719,0.652790308,0.695875883,0.563302398,0.383868247,0.901019156,0.639411807,0.681497991,0.964820564,0.645016432,0.696408927,0.595971644,0.591120958,0.683575451,0.523073018,0.643367529,0.778886437,1.00379467,0.882537425,0.800963938,0.713649273,0.705452979,0.774455547,0.703811765,0.833658874,0.678695619,0.832583427,0.581925273,0.638236344,0.887666106,0.908754349,0.67946887,0.520403564,0.706632078,0.629767776,0.953027427,0.726945996,0.756946623,0.599995673
3295.783371,0.575410008,0.739394724,0.654982805,0.696959317,0.564251781,0.384485126,0.902900636,0.64085412,0.683088481,0.966777027,0.646553934,0.697763264,0.597634137,0.592248738,0.684871495,0.524058223,0.644620538,0.780537248,1.006092906,0.884272575,0.80331111,0.715108752,0.706976235,0.776335955,0.705450952,0.836537659,0.679887116,0.833748937,0.58300823,0.639656603,0.890631318,0.910443366,0.680962205,0.521581292,0.707947731,0.63209331,0.954944074,0.728186786,0.759364009,0.601121128
3297.711858,0.57694608,0.740837812,0.657111049,0.698101521,0.565088332,0.385095954,0.904627264,0.64208746,0.684608698,0.968522549,0.648063421,0.698852718,0.599195421,0.593185425,0.686073124,0.52501744,0.645723999,0.782111108,1.008442402,0.885862827,0.805625558,0.716564178,0.708508909,0.778140962,0.707019985,0.838941753,0.681092441,0.834870696,0.583898246,0.64090836,0.893397987,0.912241757,0.682153642,0.522673786,0.709179878,0.634217858,0.956894696,0.729614139,0.761694312,0.602265179
3299.640344,0.578510821,0.742366552,0.659008622,0.699216366,0.565944433,0.385684073,0.906296015,0.643223763,0.686055601,0.970240176,0.649523556,0.699792027,0.600750268,0.594138026,0.687152147,0.525935352,0.646713316,0.783749223,1.010512233,0.887309313,0.808057785,0.717870176,0.710152268,0.779711366,0.708383441,0.841486096,0.682445347,0.836190999,0.584846497,0.64207828,0.896139264,0.913700044,0.683365107,0.523712218,0.71028477,0.636273205,0.958744884,0.731057227,0.764083147,0.603155494
3301.56883,0.580239832,0.743901789,0.661128402,0.700233042,0.566945195,0.386342734,0.908262193,0.644627869,0.687640786,0.972186923,0.651079774,0.701111138,0.602529287,0.595265865,0.68846637,0.526914418,0.647830009,0.785413861,1.012583852,0.888956308,0.810700059,0.719290316,0.711806774,0.781193435,0.709905624,0.844414532,0.68383193,0.837640584,0.585984588,0.643454313,0.899369538,0.915449798,0.684873879,0.524845064,0.711392343,0.638467133,0.960653305,0.732511163,0.76658684,0.604027808
3303.497317,0.581902504,0.7454018,0.663350105,0.701110661,0.567817867,0.386947334,0.910104513,0.64585948,0.689141035,0.974158823,0.652554572,0.702412605,0.604129553,0.596437097,0.689758301,0.527923942,0.648781836,0.787022233,1.014380336,0.890707493,0.813283086,0.720616519,0.713228524,0.782868862,0.71138984,0.847117305,0.685020387,0.838977695,0.586966217,0.644681871,0.902448237,0.91704613,0.686245978,0.525918007,0.712407708,0.640392423,0.96232301,0.733629823,0.769052207,0.605023801
3305.425803,0.583621502,0.746985555,0.665600002,0.70232749,0.568661332,0.387582183,0.912178457,0.647229373,0.690815985,0.976045072,0.654145718,0.703591347,0.605612993,0.597693384,0.690953076,0.528887451,0.649734199,0.788910925,1.016324997,0.892495692,0.815890014,0.722123742,0.7149418,0.784684181,0.713039875,0.84982121,0.68630594,0.84048593,0.588097215,0.645973921,0.905457377,0.918742836,0.68757993,0.526816189,0.713581383,0.642556906,0.96430701,0.734920025,0.771593928,0.606160939
3307.35429,0.585207462,0.748385549,0.667808056,0.703417718,0.569443166,0.388134569,0.913933158,0.64848876,0.692213714,0.977591097,0.655665636,0.704525948,0.607049823,0.598666906,0.69194603,0.529699504,0.650615036,0.790666401,1.018189669,0.893791258,0.818232536,0.72353977,0.716581583,0.786150217,0.714456201,0.852363706,0.687530041,0.841497838,0.589160383,0.647119045,0.908417463,0.920369267,0.688891888,0.527695537,0.714698315,0.644691825,0.966203928,0.736197054,0.773731172,0.607116818
3309.282776,0.586890221,0.750023484,0.670031071,0.704393148,0.570279181,0.388694882,0.915831208,0.649671376,0.693693042,0.979391813,0.657284737,0.705737233,0.608569145,0.59970659,0.693087637,0.530642688,0.651708663,0.792583168,1.020138621,0.895298183,0.820850313,0.724832892,0.718155384,0.78786391,0.715782583,0.85524863,0.688932896,0.842580795,0.590034366,0.648234487,0.91143322,0.921977997,0.690427601,0.528760433,0.716007292,0.64681685,0.968007982,0.737548172,0.776070058,0.608123541
3311.211263,0.588512242,0.751504898,0.672231972,0.705448031,0.571096957,0.389261752,0.91790098,0.650870264,0.695376694,0.981486976,0.658896387,0.707003534,0.61007452,0.600871205,0.694467604,0.531611085,0.652890801,0.794366956,1.02233386,0.896992981,0.823414147,0.726160645,0.719730675,0.789571643,0.717288256,0.857989967,0.690353453,0.84389776,0.590911567,0.649484694,0.914177179,0.923734844,0.691774547,0.529689789,0.717121363,0.649135888,0.969756603,0.73893255,0.778555214,0.609184802
3313.139749,0.590153515,0.752858639,0.67441833,0.706659377,0.571893454,0.389821172,0.919931769,0.652150989,0.696833253,0.983387232,0.660452127,0.708134592,0.611733258,0.602078855,0.695738971,0.532595456,0.653957427,0.796055436,1.024505138,0.898490131,0.826035261,0.727512836,0.721453249,0.79113394,0.718850613,0.860575378,0.691739559,0.845385849,0.592031121,0.650843263,0.917042315,0.925539315,0.693070889,0.530558705,0.717992723,0.651355684,0.971678019,0.740322709,0.781102061,0.610196948
3315.068236,0.5919801,0.75449127,0.676735818,0.707842946,0.57272017,0.390402287,0.921945274,0.653685093,0.698236644,0.985239387,0.66205132,0.70935142,0.613527596,0.603387237,0.696913064,0.533684969,0.655036569,0.797839284,1.026375532,0.900203586,0.828939378,0.729048371,0.723129451,0.792787373,0.720380127,0.863350749,0.693057358,0.846846879,0.593199492,0.652174532,0.920425773,0.927333713,0.694514275,0.531511068,0.719127059,0.653487325,0.973694801,0.741749644,0.783831418,0.611333311
3316.996722,0.593839884,0.756162226,0.679059684,0.708863854,0.573614538,0.39099887,0.923844874,0.655213594,0.700001895,0.987195075,0.663672268,0.710637271,0.615285039,0.604646683,0.698125303,0.534681499,0.656127691,0.799647808,1.0285151,0.901909292,0.831666887,0.730695307,0.7247082,0.794520795,0.721929252,0.86629349,0.694427669,0.848172367,0.5942384,0.653459072,0.923820794,0.928999007,0.696003973,0.532475352,0.720436871,0.655676305,0.975574672,0.743221819,0.786462903,0.612427771
3318.925209,0.595831037,0.758029401,0.681500554,0.710123658,0.574613154,0.391712934,0.925804019,0.656756282,0.701986313,0.989143789,0.665483475,0.71215564,0.617215395,0.605991304,0.699582815,0.535647273,0.657276869,0.801794291,1.031020761,0.903719127,0.834539771,0.732309222,0.726589501,0.796424985,0.723653197,0.869635761,0.69604516,0.849600554,0.595393836,0.655017495,0.927341819,0.931003273,0.697660565,0.53357923,0.721846104,0.658266604,0.977786481,0.744935751,0.789138317,0.613574505
3320.853695,0.597612858,0.759842157,0.68390578,0.711405456,0.57566607,0.392368257,0.927607417,0.658121288,0.703684807,0.990998268,0.667070448,0.713527918,0.619089246,0.607336521,0.701142371,0.536600232,0.658425212,0.803818643,1.03336513,0.905578077,0.837221444,0.733594537,0.728198767,0.798322797,0.725287139,0.872660339,0.697479963,0.850768209,0.596438885,0.656601489,0.930935323,0.933046997,0.699115098,0.534656584,0.723033547,0.660787165,0.979951262,0.746596038,0.7916798,0.614692152
3322.782182,0.599495888,0.761737883,0.686557055,0.712809622,0.57687664,0.393091619,0.930002272,0.659695804,0.705658317,0.993311703,0.6688236,0.714946449,0.620913446,0.608837008,0.702731371,0.537749112,0.659782588,0.805853367,1.0360111,0.907562256,0.840073287,0.73512423,0.730022132,0.800366938,0.727142632,0.876007855,0.699030578,0.852291584,0.597671628,0.658218384,0.934814692,0.935095966,0.700769186,0.535776556,0.724350035,0.663219035,0.982267261,0.748334646,0.794682384,0.616000652
3324.710668,0.60144031,0.763446689,0.689082742,0.714238167,0.577885091,0.39381808,0.932200193,0.66139096,0.707554221,0.995726883,0.670695901,0.716361701,0.622621298,0.610253751,0.70417136,0.538968861,0.661106229,0.80785048,1.038536072,0.909543812,0.843035877,0.736866355,0.731894433,0.802189052,0.728911459,0.879310191,0.700596511,0.853807032,0.599018633,0.659677982,0.938452303,0.936836898,0.702514112,0.536878049,0.725702524,0.66572386,0.984455228,0.749897718,0.79768002,0.617338955
3326.639155,0.603460491,0.76537919,0.691341341,0.715716124,0.578920543,0.394473046,0.934301019,0.663000703,0.709426343,0.997992575,0.67245096,0.717870235,0.624370098,0.611772597,0.705767095,0.540199161,0.662394047,0.810009062,1.041013718,0.911340654,0.846098602,0.738595843,0.73371917,0.804118693,0.730692208,0.882499576,0.702266693,0.855475545,0.600220025,0.661260009,0.941807151,0.938659966,0.704314172,0.537960291,0.727115214,0.668235898,0.986815035,0.751561999,0.800588608,0.618563414
3328.567641,0.605459273,0.767391086,0.693682551,0.717083156,0.579933941,0.395143777,0.936413705,0.664526105,0.711248755,1.000166655,0.674164116,0.71936816,0.62620455,0.613353074,0.707303345,0.541359007,0.66357702,0.812051713,1.043197632,0.913058758,0.849044323,0.740191579,0.735520422,0.806126118,0.732496083,0.885820627,0.703748345,0.857051373,0.601354599,0.662900209,0.945010662,0.940808594,0.705959797,0.539040029,0.728556275,0.670663953,0.989271045,0.753222406,0.803429425,0.619924247
3330.496127,0.60721153,0.7690593,0.695918381,0.718241751,0.580857992,0.395809948,0.938462973,0.665992439,0.713030338,1.002218843,0.675804436,0.720794439,0.628018916,0.61475116,0.708744228,0.54239434,0.66480267,0.81405133,1.045360088,0.915064871,0.851682723,0.741665065,0.737303972,0.808044374,0.734155416,0.8891204,0.705074012,0.858313799,0.602564633,0.664397895,0.948125064,0.943028629,0.707404554,0.540042996,0.729815125,0.672978818,0.991348565,0.754806399,0.806049109,0.621283174
3332.424614,0.60907042,0.770865798,0.698214471,0.719601333,0.581896484,0.396534383,0.940870225,0.667622924,0.715061724,1.004204869,0.677607119,0.722282052,0.629754782,0.616226554,0.710489035,0.543450356,0.666118145,0.816233873,1.047756791,0.917203188,0.854475737,0.743231952,0.739332974,0.809948981,0.735891998,0.892448246,0.706761897,0.85984683,0.603827417,0.665980339,0.95145601,0.945045829,0.708959818,0.541096807,0.731230557,0.675232351,0.993374288,0.756385207,0.808840096,0.622613966
3334.3531,0.610748708,0.772516906,0.700572312,0.721066773,0.582858384,0.397194117,0.942958772,0.669269562,0.716771662,1.006021976,0.679272592,0.723572552,0.631401122,0.617672086,0.712036431,0.544489324,0.667241335,0.818014741,1.050209999,0.918749034,0.856959879,0.744696617,0.741160214,0.811613858,0.737513661,0.895140052,0.708392501,0.861257911,0.604972541,0.667430222,0.954792321,0.946649015,0.710467696,0.542172968,0.732572138,0.677328527,0.995369613,0.757721841,0.811297596,0.623833835
3336.281587,0.612430215,0.774205446,0.702946842,0.722488463,0.583816767,0.397791892,0.945059001,0.670983076,0.718431771,1.007788777,0.680859327,0.724936366,0.633153796,0.619176447,0.713410497,0.545586765,0.668504417,0.819664299,1.052399516,0.920295894,0.859543979,0.746267319,0.742862821,0.813492477,0.739250302,0.89783597,0.709976614,0.862872064,0.606229782,0.668863297,0.958128631,0.948746562,0.712101519,0.543156743,0.733805835,0.679555237,0.997587144,0.759347439,0.813815296,0.625014186
3338.210073,0.614151061,0.775782228,0.704828322,0.723665178,0.584572971,0.398343384,0.946894586,0.672444105,0.719933748,1.009424806,0.682317674,0.726165712,0.634686053,0.620524883,0.714670539,0.546594858,0.669701099,0.821318865,1.053762197,0.92211169,0.862059712,0.747633874,0.744145334,0.815204561,0.740732312,0.900187254,0.711265743,0.864208162,0.60734266,0.670119464,0.960997939,0.950602949,0.713479578,0.543936491,0.734941244,0.681579471,0.999506116,0.760842323,0.816280186,0.626247764
3340.13856,0.615824938,0.77743274,0.706591606,0.724891186,0.585322499,0.398942471,0.949049354,0.673832178,0.721544445,1.011305809,0.683701396,0.72749716,0.636021793,0.621794999,0.716005087,0.547582507,0.670872808,0.823384464,1.055614948,0.923791587,0.864380777,0.749103785,0.745690525,0.816797614,0.742170036,0.902408957,0.71238029,0.865356028,0.608441532,0.671459615,0.963748097,0.952203393,0.714886606,0.544775963,0.736160994,0.683398604,1.001530409,0.762214541,0.818602741,0.627509058
3342.067046,0.617339849,0.779023528,0.708593547,0.726132214,0.586057425,0.399470598,0.951076686,0.675187469,0.723104954,1.012991548,0.685114503,0.728769183,0.637201905,0.622992456,0.717201531,0.548441887,0.671850979,0.825022697,1.057130814,0.925094068,0.866535902,0.750508845,0.747281373,0.818488479,0.743492723,0.904500663,0.713504612,0.866573572,0.609577358,0.672763348,0.966237903,0.953846037,0.716220021,0.545646131,0.73725611,0.684907496,1.003418684,0.763340414,0.820547998,0.628614902
3343.995533,0.618686199,0.780564666,0.71042937,0.727332294,0.586816013,0.39987734,0.952498257,0.67655921,0.724692941,1.014500022,0.686545253,0.729919672,0.638473511,0.624217272,0.718313336,0.549318194,0.67268461,0.826303899,1.05856061,0.926309228,0.868524373,0.751587093,0.748596966,0.820329845,0.744704843,0.906274915,0.714757979,0.867880762,0.610608578,0.673930764,0.968650758,0.955450594,0.717551768,0.546405077,0.738334715,0.686214983,1.004923105,0.764510751,0.822208107,0.629766583
3345.924019,0.619997978,0.782198489,0.712131143,0.728416026,0.587534964,0.400316954,0.953947604,0.678045928,0.726186574,1.015919089,0.68792814,0.730986059,0.639707565,0.625384152,0.719481885,0.550260901,0.673485756,0.827789664,1.060138702,0.927619219,0.870472431,0.752702117,0.7500754,0.821919322,0.745977998,0.908188581,0.715989411,0.869026184,0.611543834,0.675036967,0.97106123,0.956908047,0.719063342,0.547025383,0.739577889,0.687636316,1.006707549,0.765905976,0.824037194,0.630990148
3347.852506,0.621141791,0.78367734,0.713783622,0.729476452,0.588160932,0.400730222,0.955298603,0.679410696,0.727199495,1.016907334,0.689146221,0.731886983,0.640716136,0.626352429,0.720479906,0.551026464,0.674223542,0.82921201,1.060955882,0.928887427,0.872068703,0.753851771,0.751464069,0.823045492,0.747083366,0.909761548,0.717053533,0.869844198,0.612439513,0.676046312,0.973234177,0.958193362,0.720217347,0.547549963,0.740576982,0.688931584,1.008527756,0.766914606,0.825621426,0.632082462
3349.780992,0.622421086,0.785257161,0.715476811,0.730559468,0.58886379,0.401152551,0.956656635,0.680726588,0.728545904,1.018013358,0.690458417,0.733036458,0.641749382,0.627416313,0.721531332,0.551824808,0.675082266,0.830697477,1.061900139,0.929985046,0.87381655,0.755188584,0.752862275,0.824334383,0.748381615,0.911365628,0.71819973,0.871091187,0.613480389,0.67713362,0.975379109,0.959785283,0.72136277,0.548080623,0.741540372,0.690216482,1.00982964,0.767885804,0.827203691,0.633152127
3351.709479,0.623602927,0.786464453,0.716844559,0.731317818,0.589354098,0.40152362,0.957834363,0.681818068,0.729648054,1.019067645,0.691672027,0.73402226,0.642700315,0.628416657,0.722399414,0.552587986,0.675805151,0.831763566,1.06291461,0.93080765,0.875609636,0.756122112,0.753969729,0.825563967,0.749458015,0.912682772,0.719181955,0.872320414,0.614369571,0.67797184,0.977046013,0.960930049,0.722580135,0.54849112,0.742428839,0.691307783,1.010738254,0.768828154,0.828748345,0.634115875
3353.637965,0.624753356,0.787832737,0.718277037,0.732322216,0.589913964,0.401939958,0.959195912,0.683139443,0.730752826,1.020308137,0.692797899,0.735022485,0.643758416,0.629602015,0.723271489,0.553401172,0.676779211,0.83295387,1.064094901,0.931832075,0.8774212,0.757031798,0.755190313,0.827044129,0.750615835,0.913843095,0.720279157,0.87338835,0.615309536,0.678882241,0.979128122,0.962193072,0.723816395,0.548996568,0.743358731,0.692461371,1.012055278,0.769880593,0.830307841,0.635203183
3355.566452,0.626016617,0.789293945,0.719758749,0.733286083,0.590493619,0.402386457,0.960442662,0.684536397,0.732010961,1.021518826,0.693863392,0.735912442,0.644635677,0.63059628,0.723966062,0.554133773,0.677607179,0.833986998,1.064792395,0.932853758,0.879299343,0.758142352,0.756371379,0.828593373,0.751698196,0.914990544,0.721336782,0.874147594,0.616171062,0.679700255,0.981180072,0.963408113,0.724740922,0.549490452,0.744373798,0.693369567,1.013105512,0.770933747,0.8314538,0.636259437
3357.494938,0.62719053,0.790462732,0.721190453,0.734259725,0.591056705,0.402747035,0.961915791,0.685813725,0.733055472,1.02249825,0.694985926,0.736714303,0.645540535,0.631376803,0.724738657,0.554804504,0.678270042,0.835087955,1.065516472,0.933799565,0.881181777,0.758987725,0.757562697,0.829908252,0.752522707,0.915916026,0.722252429,0.875009418,0.616944849,0.680569291,0.983157158,0.964518189,0.725715995,0.54989934,0.745442986,0.694134891,1.01454854,0.772098124,0.832507133,0.637252033
3359.423424,0.62811631,0.791387498,0.7227121,0.735277534,0.591496706,0.403088719,0.963002801,0.686940253,0.733993292,1.023392081,0.696058393,0.737380743,0.646459758,0.632240593,0.725754499,0.555493832,0.678986073,0.836190224,1.066340327,0.934513211,0.882707417,0.759567559,0.758458972,0.831145585,0.753316283,0.916501582,0.723104239,0.876004219,0.617782533,0.681421995,0.985241115,0.965853155,0.726853728,0.550284266,0.746264338,0.695056438,1.016201258,0.772973239,0.833865166,0.638251722
3361.351911,0.628982663,0.792331815,0.723891437,0.736069143,0.591929734,0.403477281,0.963835776,0.687859058,0.734871328,1.024248958,0.697049022,0.737997711,0.647251904,0.633192778,0.726617396,0.556183815,0.679518938,0.836969197,1.066958785,0.935054839,0.884123683,0.760327935,0.759198666,0.832347989,0.754132986,0.917090476,0.723919392,0.876990914,0.618616581,0.682020426,0.986888468,0.967082202,0.727843046,0.550695539,0.746962428,0.695803821,1.017173767,0.773555279,0.835053504,0.63931942
3363.280397,0.630064726,0.793631196,0.724984109,0.736933053,0.592331111,0.403873056,0.964974761,0.689024091,0.735917509,1.025182247,0.698135197,0.738882363,0.648115098,0.634110093,0.727429569,0.556903422,0.680176556,0.837921023,1.067392588,0.935671747,0.885729492,0.76126188,0.76042676,0.833579242,0.755235493,0.917924106,0.724610567,0.878104448,0.619496465,0.682727873,0.988503873,0.968046904,0.728855252,0.55111289,0.747890472,0.696672499,1.018064618,0.77439636,0.836167037,0.640425384
3365.208884,0.631051779,0.794744313,0.726169288,0.737700403,0.592552423,0.404146373,0.965776086,0.690237224,0.736901999,1.025743484,0.699024975,0.739668727,0.648790598,0.634795785,0.728014052,0.557609022,0.680822134,0.838639617,1.067364931,0.936379015,0.886832356,0.761838138,0.761277616,0.834835947,0.756109178,0.918566227,0.725225389,0.878867507,0.620147049,0.683241189,0.99000752,0.968564272,0.729795933,0.551346064,0.748591065,0.697452724,1.018809557,0.77511394,0.837120891,0.641222179
3367.13737,0.631986856,0.795910418,0.727307856,0.738610148,0.592990577,0.404400259,0.966909766,0.691321373,0.737798154,1.026230931,0.699898541,0.740446568,0.649577081,0.635722518,0.728580475,0.558396697,0.681484699,0.839485049,1.067777395,0.937283456,0.888086677,0.762538493,0.762029707,0.836093307,0.756915867,0.919368088,0.72612828,0.879513025,0.620807946,0.683704555,0.991832018,0.969690621,0.730833471,0.551551461,0.749228835,0.698099554,1.01954782,0.775966167,0.837981045,0.64200151
3369.065857,0.632808089,0.796929657,0.728253424,0.739420533,0.593265533,0.404679596,0.967527211,0.692227125,0.738401473,1.026597977,0.700763702,0.740870774,0.650311708,0.636450887,0.729088783,0.558938622,0.682001412,0.840202034,1.068267822,0.937737048,0.889621377,0.763258338,0.762539446,0.836977005,0.757669091,0.919792831,0.726990879,0.880004108,0.621473789,0.684031665,0.993464351,0.970722139,0.731644094,0.55171001,0.749910414,0.698531806,1.020071626,0.776788175,0.838715136,0.642807424
3370.994343,0.633792341,0.797969401,0.729460061,0.74015671,0.59366715,0.404973775,0.968176961,0.693132401,0.739167929,1.027045846,0.701775193,0.741503179,0.650933027,0.636980593,0.729657352,0.559470177,0.682474494,0.841021299,1.068780661,0.938274086,0.891202509,0.763876498,0.763046503,0.837825239,0.758412778,0.920200586,0.72764957,0.880830705,0.622154117,0.684501946,0.99489212,0.971402466,0.732329488,0.55199939,0.750617921,0.699056208,1.021031499,0.777470589,0.839607537,0.643802226
3372.92283,0.634738505,0.798894584,0.730577886,0.740763485,0.594032168,0.405220389,0.968972921,0.6939255,0.739878058,1.027462006,0.702722132,0.742097735,0.651407361,0.637541771,0.730027735,0.560008585,0.682886302,0.841625154,1.0686903,0.938834786,0.892492831,0.764209151,0.763696611,0.838645101,0.758930981,0.92072612,0.727966785,0.881514132,0.622823238,0.685043812,0.99611181,0.971989036,0.732972622,0.552234888,0.75110209,0.699689806,1.021805644,0.777937889,0.840375781,0.644779027
3374.851316,0.635360599,0.799602449,0.731424987,0.741253495,0.594206274,0.405391723,0.969679117,0.694925666,0.740346014,1.027322054,0.703448474,0.742284477,0.651808977,0.638256192,0.730342984,0.560491443,0.683289468,0.842162371,1.068645,0.939068377,0.893636405,0.764656663,0.764310062,0.83966589,0.759361744,0.921272814,0.728586912,0.882041574,0.623382211,0.685436189,0.997133613,0.972602606,0.733740211,0.552376866,0.751575351,0.700226903,1.022251964,0.77840507,0.84124887,0.645507455
3376.779803,0.635926187,0.800318003,0.732341647,0.741821527,0.594330966,0.405534714,0.970080018,0.695840359,0.740708292,1.027257919,0.704152942,0.742427886,0.652329028,0.638964772,0.730828106,0.560968101,0.683695197,0.842842519,1.068724394,0.939334929,0.894800484,0.765153706,0.764693499,0.84060359,0.759834349,0.921536267,0.729060173,0.882390976,0.623771787,0.685764194,0.998296857,0.973124146,0.734329998,0.552600026,0.752091169,0.700781226,1.022732615,0.778716922,0.842016101,0.646168113
3378.708289,0.63642168,0.800841212,0.733091116,0.742156744,0.594329774,0.405687839,0.970083773,0.696322858,0.740957499,1.027601004,0.70475316,0.742613971,0.652897358,0.639284015,0.731136262,0.56127739,0.683917046,0.842953503,1.068562508,0.939663351,0.895686209,0.765142381,0.764909089,0.84123373,0.76003325,0.921380222,0.729147375,0.882579267,0.624106169,0.685892403,0.99944365,0.97320348,0.734653413,0.552666128,0.752538264,0.701116323,1.022961974,0.778922439,0.84217006,0.646750689
3380.636776,0.637017667,0.801242769,0.733837008,0.742486775,0.594447732,0.405757695,0.970737815,0.697023451,0.741405964,1.027801633,0.705287874,0.743205845,0.653305233,0.639602661,0.731441915,0.561611235,0.684092402,0.843222976,1.068766475,0.939929307,0.896826982,0.765351176,0.765457809,0.842062056,0.760511756,0.921628416,0.729534388,0.883170426,0.624570072,0.685970426,1.000668168,0.973670423,0.735152841,0.552704811,0.753085732,0.701392114,1.023747683,0.779416502,0.842510104,0.647257686
3382.565262,0.637472212,0.80147934,0.734335005,0.742851257,0.594336271,0.405718833,0.970805585,0.697533607,0.741650343,1.027694106,0.705542207,0.7434268,0.653428853,0.639852166,0.731441081,0.561852515,0.684043348,0.843413949,1.068477988,0.939724207,0.897864282,0.765461802,0.765496492,0.8426072,0.76087302,0.921735048,0.729711652,0.883151114,0.624790311,0.685845137,1.001751065,0.973847628,0.735346854,0.552682459,0.753266275,0.701529205,1.024096251,0.779720306,0.842883527,0.647597849
3384.493749,0.637988925,0.802099526,0.734924376,0.743170619,0.594360113,0.405776322,0.970757782,0.697991133,0.741933286,1.027594209,0.705881,0.74341172,0.653829634,0.640085161,0.731449485,0.562184811,0.684271753,0.843611896,1.068235397,0.939643145,0.898845673,0.765625775,0.765556574,0.843021452,0.761171043,0.922212958,0.729901671,0.883407474,0.62508595,0.685925663,1.003036022,0.973833323,0.735818744,0.552681029,0.753539622,0.701901257,1.023927689,0.780010521,0.843357801,0.648069203
3386.422235,0.638447762,0.802253008,0.735387623,0.743186057,0.594280303,0.405794591,0.970761895,0.698230207,0.741874278,1.02721107,0.706272185,0.743215978,0.654125094,0.640125513,0.731424212,0.562337637,0.684503615,0.843498707,1.06765604,0.939513922,0.899631143,0.76580137,0.765536189,0.843291342,0.761345804,0.922298312,0.729792953,0.883599281,0.625304699,0.685977995,1.003799438,0.973678946,0.736079752,0.552608132,0.753619492,0.702322185,1.023866653,0.779815793,0.843645394,0.64837122
3388.350721,0.638723969,0.802321911,0.735759914,0.743293583,0.59400928,0.405737698,0.970756173,0.698366761,0.741803288,1.026995063,0.706637263,0.74308151,0.654348969,0.640274286,0.73136574,0.562295079,0.684473574,0.843403637,1.067446828,0.939347148,0.900390089,0.765791893,0.765573084,0.843712091,0.761406958,0.921933651,0.729742765,0.883394659,0.625401378,0.685873985,1.004682779,0.973752975,0.735919118,0.552448094,0.753557384,0.702510655,1.024095774,0.779712856,0.843877375,0.648687124
3390.279208,0.638989508,0.802589774,0.736371875,0.743517816,0.593718231,0.40564397,0.970541477,0.69871074,0.741917908,1.026997566,0.707002103,0.742987096,0.654538751,0.640339613,0.731283844,0.56243819,0.684314072,0.843554556,1.067207098,0.93923682,0.9012869,0.765538037,0.765640676,0.84398967,0.761444747,0.921800613,0.729833364,0.883386135,0.625517249,0.685643852,1.005725741,0.973943532,0.736052155,0.5523054,0.753630996,0.702600598,1.023965716,0.77977854,0.844097853,0.649088204
3392.207694,0.639180958,0.802589774,0.736849785,0.743605971,0.593372762,0.405559391,0.970246553,0.698928475,0.74187535,1.026707053,0.707172632,0.742682934,0.654519856,0.64019829,0.731136799,0.562699378,0.684056282,0.843504846,1.066720605,0.939000964,0.902034104,0.765283883,0.765339315,0.843960285,0.761375606,0.92164588,0.729684591,0.883295774,0.625547528,0.68535006,1.006337404,0.973682284,0.73623538,0.552189767,0.753450036,0.702733099,1.023591876,0.779667914,0.844175458,0.649196446
3394.136181,0.63942194,0.802801549,0.737192512,0.743660033,0.593140066,0.405459255,0.970372319,0.699108064,0.741763592,1.025908828,0.707291007,0.742608666,0.654587746,0.640227139,0.731022537,0.562839627,0.683949351,0.843353808,1.066677451,0.938706696,0.902770817,0.765297353,0.765088856,0.844236016,0.761418343,0.921752453,0.729440212,0.883082867,0.625624537,0.685120583,1.007067323,0.973531842,0.736209452,0.552081525,0.753371894,0.703007638,1.023610473,0.779673219,0.844165385,0.649187386
3396.064667,0.639552951,0.802543283,0.737311125,0.743526042,0.592850387,0.405349582,0.97004205,0.699155211,0.741401494,1.025168061,0.707352102,0.742287695,0.654634237,0.640042126,0.730457604,0.562712967,0.683861136,0.842797756,1.06584847,0.938028038,0.903354764,0.764794469,0.764454663,0.844316304,0.761170089,0.92145741,0.729035497,0.882569492,0.625522792,0.684643984,1.007433534,0.973180592,0.735936284,0.551765144,0.753048301,0.702968478,1.023114681,0.779360056,0.84392941,0.649044991
3397.993154,0.63971287,0.802377284,0.737688005,0.743475437,0.592737496,0.405234009,0.969672859,0.699224651,0.741205871,1.024893999,0.70745194,0.741977751,0.65476954,0.64002645,0.729979813,0.562713265,0.683755636,0.842647493,1.065212846,0.937582552,0.904086232,0.764436066,0.764213681,0.844179213,0.76101023,0.921248019,0.728872895,0.882493794,0.625493586,0.684321105,1.008131504,0.972793758,0.735743344,0.551526785,0.75268203,0.703056812,1.022651196,0.779135585,0.844177663,0.649088442
3399.92164,0.639662325,0.802179158,0.737802625,0.743278801,0.59228766,0.404917002,0.968652725,0.699065447,0.740708113,1.024095416,0.707420886,0.741301954,0.654659092,0.639828205,0.729656875,0.562636554,0.683178902,0.842266083,1.06447351,0.937288761,0.904367983,0.764095604,0.763828695,0.843972385,0.76073122,0.920993924,0.728469133,0.882188499,0.625374615,0.683883667,1.008587003,0.971859634,0.735359013,0.551307917,0.752524197,0.703066647,1.022272587,0.778668821,0.844249129,0.649058342
3401.850127,0.639688373,0.801712036,0.737870574,0.743179619,0.5916785,0.40466398,0.968076646,0.698995173,0.740246892,1.023233652,0.707438052,0.740588129,0.654552281,0.639410615,0.729246318,0.562591195,0.682740569,0.841772497,1.063558936,0.936965704,0.904497564,0.763675809,0.763215244,0.843886077,0.760503471,0.920903265,0.728085637,0.881820858,0.625203431,0.683535695,1.008765697,0.971156716,0.735203147,0.551018417,0.752332687,0.702984393,1.021628261,0.77824533,0.84403491,0.648954749
3403.778613,0.639751077,0.801122606,0.738065422,0.743006408,0.591041505,0.404446602,0.967788637,0.698996603,0.739549041,1.02227509,0.707431018,0.739984095,0.654373229,0.638929844,0.728429556,0.562536597,0.68240273,0.841360092,1.06216383,0.936231196,0.90465498,0.763145506,0.762481928,0.843609214,0.760080338,0.920523345,0.72757256,0.88138485,0.624887764,0.683024585,1.00898993,0.970558345,0.735054791,0.550594389,0.752004504,0.70285368,1.020537496,0.777764261,0.84368366,0.648795307
3405.7071,0.639571786,0.800687134,0.737781346,0.742561698,0.590382278,0.404226601,0.967033327,0.698698163,0.738779664,1.021295428,0.707276165,0.73909235,0.654032826,0.638469934,0.727679908,0.562303126,0.681835175,0.840785205,1.060838342,0.935280919,0.904837847,0.762315333,0.761601746,0.843295097,0.759281039,0.91959101,0.726853013,0.880775511,0.624504089,0.682148635,1.009209752,0.969598293,0.734592855,0.550071061,0.751571119,0.702452004,1.019638419,0.77719599,0.843230605,0.648592174
3407.635586,0.639483452,0.800346732,0.737407923,0.742057562,0.589802146,0.403896451,0.966150641,0.698174298,0.738271832,1.020306349,0.706930161,0.738325953,0.653700113,0.637999177,0.727138996,0.562116444,0.681497574,0.840075195,1.059620857,0.93443203,0.905192554,0.761618316,0.760956764,0.842916429,0.758814752,0.918951511,0.726100445,0.880289793,0.624274671,0.681358695,1.009383321,0.968953311,0.734012604,0.549571931,0.750919759,0.702201366,1.018824339,0.776600361,0.842606187,0.648390889
3409.564073,0.639255762,0.799550116,0.737007797,0.741494894,0.58897382,0.403420895,0.964796662,0.697648764,0.7372756,1.018779755,0.706474543,0.737487197,0.653223336,0.637290239,0.72624743,0.561958194,0.681013763,0.83889693,1.057788968,0.933037221,0.905121684,0.760806084,0.759866834,0.842400014,0.758244932,0.918104112,0.72536397,0.879419804,0.623709857,0.680469513,1.009181857,0.968126416,0.733229041,0.548973083,0.750138462,0.70179081,1.017840981,0.775692582,0.842028916,0.647915483
3411.492559,0.639002979,0.79885304,0.73690778,0.740966856,0.588223577,0.403035313,0.963590682,0.697339058,0.73635447,1.017558575,0.706280589,0.736770213,0.652882934,0.636707008,0.725382209,0.561868906,0.680402458,0.838140607,1.056640387,0.931569755,0.905170143,0.760006666,0.758949995,0.841950297,0.757603228,0.917338192,0.724873126,0.878728867,0.62317729,0.679532468,1.008968234,0.967083991,0.73243618,0.548438609,0.749488413,0.701244891,1.017088413,0.775061369,0.841700733,0.647553444
3413.421046,0.6384812,0.797825158,0.736551821,0.740239024,0.587252378,0.402580678,0.962136149,0.696750641,0.735197961,1.016388059,0.706029356,0.735729218,0.652358234,0.635809898,0.724283397,0.561450601,0.679487646,0.83711493,1.055032253,0.930178761,0.904980659,0.758834124,0.757964492,0.841121972,0.756714702,0.916241586,0.723819673,0.877687931,0.622630239,0.678314149,1.008286715,0.965338588,0.731424332,0.547772884,0.748568118,0.700678527,1.015517831,0.774085343,0.840526879,0.647082567
3415.349532,0.638005316,0.796977282,0.735913694,0.739693761,0.586321354,0.40213269,0.96111685,0.696083069,0.734113693,1.014858723,0.705631018,0.734480619,0.651759446,0.635017812,0.723277748,0.560936093,0.678571463,0.83591491,1.053463817,0.928834319,0.904645383,0.757779896,0.756802797,0.840451717,0.755799592,0.915097952,0.722692549,0.876673639,0.622013032,0.677258432,1.008091569,0.963777244,0.730717599,0.547018528,0.747567713,0.699996173,1.013871789,0.773037314,0.839229584,0.646496713
3417.278018,0.637721837,0.795984209,0.735274434,0.738904059,0.585448325,0.40154022,0.959628999,0.695229173,0.733039141,1.013092279,0.705004811,0.733237028,0.651056886,0.634115756,0.722103834,0.560510635,0.677806854,0.83461374,1.051747203,0.927219212,0.904263318,0.756737649,0.755342662,0.839493811,0.754826367,0.913810015,0.721501112,0.875619173,0.621333539,0.676092029,1.007598996,0.962405205,0.729897201,0.54617393,0.746510506,0.698996425,1.012271404,0.771873057,0.838017464,0.645785034
3419.206505,0.637210429,0.794521034,0.734533966,0.737960994,0.584509969,0.400977373,0.958048165,0.694517553,0.731837153,1.011381149,0.704482615,0.732025921,0.650281608,0.632899284,0.720796585,0.560097158,0.677065194,0.833124101,1.049807906,0.9254632,0.903649569,0.755332351,0.753727853,0.838397503,0.753685653,0.912180245,0.720369697,0.874566376,0.620616734,0.674640834,1.006569982,0.961040854,0.728681564,0.545252919,0.745561421,0.698061168,1.010836601,0.770677924,0.837023914,0.644981623
3421.134991,0.636578739,0.793058932,0.733725369,0.737073779,0.583458722,0.400457591,0.95646143,0.693750918,0.730481803,1.008980155,0.703794837,0.730621934,0.649464846,0.63168025,0.719506621,0.559544325,0.67625761,0.83157295,1.047889352,0.923668981,0.903025985,0.754033387,0.752283275,0.83726275,0.752437055,0.910630524,0.719233155,0.873556852,0.619905591,0.673143148,1.005750895,0.959465742,0.727232456,0.544346929,0.744567931,0.697083831,1.009206295,0.769479513,0.835849881,0.644169211
3423.063478,0.635728121,0.791516006,0.732671976,0.735983074,0.582183361,0.399771661,0.954138279,0.692572773,0.728863835,1.006384134,0.702743471,0.728940308,0.648486793,0.630340934,0.718025625,0.558790147,0.675089598,0.829799831,1.045431137,0.921788931,0.90224272,0.752696276,0.750787795,0.835889101,0.751048326,0.909038424,0.717868149,0.87203145,0.61901778,0.671629012,1.004611254,0.957400799,0.725767672,0.543395519,0.743355811,0.69585371,1.007010341,0.768083513,0.834206581,0.64328444
3424.991964,0.634803772,0.790166795,0.731674373,0.734802842,0.580900073,0.39907679,0.95236665,0.69145143,0.727266133,1.004542947,0.701809585,0.727433681,0.647484243,0.629143298,0.716619134,0.558154285,0.673798025,0.828220785,1.043129206,0.920124948,0.901292622,0.751237512,0.749195695,0.834754884,0.749804616,0.907350004,0.716486871,0.870567679,0.618163705,0.670150638,1.003402472,0.955743074,0.724579573,0.542431533,0.742036998,0.69477278,1.00482893,0.766782224,0.832517028,0.642402828
3426.920451,0.633920372,0.788470864,0.730399191,0.733469248,0.579411089,0.398303062,0.950242043,0.690073848,0.725181401,1.002521992,0.700935185,0.725675821,0.646292925,0.62772578,0.71489799,0.557510376,0.672521472,0.82637316,1.04052949,0.918386102,0.900147915,0.74945426,0.747189939,0.833307803,0.748327315,0.905339122,0.714685917,0.868849337,0.617018759,0.668321073,1.001879454,0.953832388,0.723172486,0.541289628,0.740366161,0.69342953,1.002532005,0.765068829,0.830515921,0.641246676
3428.848937,0.632988513,0.786717951,0.729092717,0.732317269,0.578121364,0.397587478,0.948124468,0.688815713,0.723366141,1.000155687,0.700169265,0.724000692,0.644979417,0.626213074,0.713139117,0.556844652,0.671340406,0.824662566,1.038434744,0.916534364,0.899261653,0.747769713,0.745356202,0.831666768,0.746834874,0.903591812,0.713103056,0.867526472,0.615749002,0.666539967,1.000618696,0.951812804,0.721737504,0.540213525,0.738818765,0.692068458,1.000872731,0.763410807,0.828952074,0.640189409
3430.777424,0.631827354,0.784897089,0.727869391,0.730809569,0.576737881,0.396773964,0.945847988,0.687380135,0.721554279,0.99736762,0.699142158,0.722187042,0.643522739,0.624466598,0.711127222,0.555993378,0.669946253,0.822611153,1.03612709,0.913973272,0.898092389,0.745978594,0.743204713,0.829921901,0.745126247,0.901366591,0.711364746,0.865997195,0.6145491,0.664605737,0.999169886,0.949386775,0.720068455,0.539056778,0.737326264,0.690503418,0.998694837,0.761591017,0.827117205,0.639047742
3432.70591,0.630831361,0.783070087,0.72651571,0.729148984,0.575214386,0.395955473,0.94356972,0.685814738,0.719543993,0.995137751,0.697995305,0.720324278,0.642199874,0.622680783,0.70917213,0.555163622,0.668614566,0.820466042,1.033435106,0.911428452,0.896515012,0.744169772,0.741006911,0.828370512,0.743427634,0.898937345,0.709456325,0.864143789,0.613402724,0.662674785,0.997755826,0.946941853,0.71845752,0.537831008,0.735880017,0.688802898,0.99614656,0.759886205,0.82520467,0.637767971
3434.634397,0.629779458,0.78091532,0.724950254,0.727576792,0.573587716,0.395119667,0.941175163,0.684227169,0.717422903,0.992911518,0.696562171,0.718318164,0.640726924,0.620905757,0.707215607,0.554226696,0.667218685,0.818377376,1.030430079,0.909390092,0.894897044,0.742182374,0.73885119,0.826669633,0.741633236,0.896627247,0.707477868,0.862422347,0.612176597,0.660669327,0.996109545,0.944420397,0.716635168,0.536634088,0.734147787,0.687218428,0.993750572,0.758176684,0.823024988,0.636431873
3436.562883,0.628406823,0.778667152,0.723237276,0.72608757,0.571876049,0.394139528,0.938609838,0.68253094,0.715067267,0.990115583,0.695061564,0.716140091,0.639221966,0.618981183,0.705139756,0.553069353,0.665523529,0.815924823,1.02715826,0.907071829,0.893319547,0.739882767,0.736661315,0.824614406,0.739545763,0.894231379,0.705538452,0.860405684,0.610734224,0.658480942,0.99381274,0.941626012,0.71448034,0.535220563,0.732144713,0.685461164,0.991181374,0.75621599,0.820501149,0.634967327
3438.49137,0.627105951,0.776409447,0.721435964,0.724514186,0.570240438,0.393153906,0.936067879,0.680938125,0.712797344,0.987245739,0.693765998,0.714127004,0.637660086,0.617060244,0.703101695,0.55195719,0.663778305,0.81356591,1.02456665,0.904253006,0.891521275,0.73789072,0.734488547,0.822554767,0.737571359,0.89183104,0.703692853,0.858588517,0.609342098,0.656309307,0.991626382,0.939072251,0.712468445,0.53369993,0.730094671,0.683628857,0.98823005,0.75413686,0.818183243,0.633488715
3440.419856,0.625690937,0.773796499,0.719383657,0.722603619,0.568448901,0.3920829,0.932988167,0.678995848,0.710494399,0.983858287,0.692322016,0.711802781,0.635805905,0.61494571,0.700721145,0.550869524,0.661972404,0.811112225,1.021837711,0.901143372,0.889570773,0.735920012,0.731794178,0.820354819,0.735471129,0.88891995,0.701508939,0.856523693,0.607854784,0.653933764,0.98929888,0.936267912,0.710384369,0.532226205,0.727905929,0.681622624,0.984855115,0.751632154,0.815547347,0.631756544
3442.348343,0.6241768,0.77169019,0.717516482,0.720727563,0.566755295,0.391027868,0.930390358,0.676950634,0.708211124,0.980724633,0.69085139,0.709634602,0.634082854,0.612775445,0.698431253,0.549825191,0.660358608,0.808616161,1.018822908,0.898218513,0.887894034,0.733810008,0.7291888,0.818091631,0.733321726,0.886137724,0.699270606,0.854231834,0.606272697,0.651604474,0.986999154,0.933591545,0.708219707,0.530842841,0.725942373,0.679505348,0.982103825,0.749425948,0.812936187,0.629962444
3444.276829,0.622505128,0.768955588,0.715386629,0.718519211,0.564764977,0.389912456,0.927294493,0.674810648,0.705536544,0.977515519,0.689080834,0.707199752,0.63213557,0.610395968,0.695970237,0.548513114,0.658595145,0.805719733,1.015181541,0.895022631,0.885590315,0.731263578,0.726298749,0.815728664,0.730777085,0.883291423,0.696614087,0.851709008,0.604579568,0.649089336,0.984131396,0.930551827,0.705725849,0.529252052,0.723738313,0.677303851,0.979222536,0.747047544,0.809822738,0.628093302
3446.205315,0.620866477,0.766119897,0.713097632,0.716544449,0.562796772,0.388793021,0.924032867,0.672590256,0.702841163,0.974184334,0.687278032,0.704619467,0.630165517,0.608160555,0.693590641,0.547311544,0.656692445,0.803088486,1.011752844,0.891933501,0.882990837,0.728761375,0.723561049,0.813473463,0.728391647,0.880560338,0.694186628,0.849370241,0.602859795,0.646642864,0.981288612,0.927623928,0.703403234,0.527609646,0.721451759,0.675113082,0.976132691,0.744648039,0.806899071,0.626284122
3448.133802,0.619137049,0.763612747,0.710956991,0.714525282,0.560879588,0.387632221,0.92062068,0.670181274,0.699975252,0.971025169,0.685352862,0.702049673,0.628066719,0.605760038,0.690944672,0.546062589,0.654612303,0.800254881,1.008556128,0.889058828,0.880628109,0.726283908,0.7206285,0.810944378,0.725981712,0.877569079,0.691815317,0.847151041,0.601125479,0.643934608,0.97841084,0.924495637,0.701007903,0.525882959,0.719121993,0.672698021,0.972580373,0.742200673,0.804016352,0.624363899
3450.062288,0.617346823,0.760813057,0.708773255,0.712333798,0.558746338,0.386458337,0.917245626,0.667784989,0.69715786,0.967892587,0.683558404,0.699388325,0.625969887,0.603210926,0.688151777,0.544629574,0.652530432,0.797099292,1.005146146,0.885863006,0.878412962,0.723669052,0.717611432,0.808468997,0.723361433,0.874265254,0.689255893,0.844602168,0.599283814,0.641216695,0.97538799,0.920994401,0.698590994,0.524065077,0.716767967,0.670355082,0.968963802,0.739623189,0.800958812,0.622304857
3451.990775,0.615466654,0.757804751,0.706283987,0.710134804,0.556593299,0.385259032,0.914092302,0.665318608,0.694388628,0.964477479,0.681778252,0.696770251,0.623782516,0.600650489,0.685470283,0.543163717,0.650445938,0.794092178,1.001475573,0.882497847,0.875766098,0.720951736,0.714888573,0.805702984,0.72081548,0.870888054,0.686661243,0.842093766,0.597365737,0.638670802,0.972313583,0.917584419,0.696051359,0.522274733,0.714320362,0.667889237,0.965543568,0.737050533,0.797926664,0.620148361
3453.919261,0.613375187,0.754640758,0.703595877,0.707688391,0.554405987,0.383913934,0.910259187,0.662719548,0.691405714,0.96094954,0.679788172,0.693961084,0.62133944,0.597895145,0.682702839,0.541542947,0.648174822,0.79094696,0.997531354,0.879393876,0.872850657,0.718147635,0.711916208,0.802532196,0.717980027,0.867404819,0.683852911,0.839613855,0.595482409,0.635783315,0.968997478,0.91406548,0.69315213,0.520446897,0.711673856,0.665167093,0.961929381,0.734315991,0.794415951,0.617870152
3455.847748,0.611560583,0.751684606,0.70100534,0.705398321,0.552224457,0.382551491,0.906688392,0.660208285,0.688521206,0.957516253,0.677812159,0.691281438,0.619071007,0.59534502,0.680158257,0.540052593,0.645955622,0.788039148,0.994066596,0.876361728,0.870189369,0.715578496,0.709053695,0.799653471,0.715233743,0.864187062,0.681091845,0.837023199,0.593536675,0.632910073,0.965904832,0.91080755,0.690402389,0.518738687,0.709019959,0.662593663,0.958289862,0.731682479,0.791037381,0.615703166
3457.776234,0.609605432,0.748350084,0.698257744,0.702856481,0.549925029,0.381172746,0.903295398,0.65752399,0.685246706,0.953480721,0.675518155,0.688352108,0.616794705,0.592557669,0.677163005,0.538532197,0.643537104,0.78478241,0.99072051,0.872821987,0.867346227,0.71283567,0.705831528,0.79676193,0.71246773,0.860644162,0.678252339,0.834165812,0.591453314,0.629949987,0.962283194,0.907283783,0.68768847,0.516762197,0.706261992,0.659863174,0.954338908,0.72868681,0.787676692,0.613444328
3459.704721,0.607439518,0.745227337,0.695864558,0.700375676,0.547719836,0.379821986,0.8999964,0.654999971,0.682062089,0.949704468,0.673469901,0.685355604,0.614591777,0.589693546,0.674174547,0.537025154,0.641208529,0.781492829,0.987031937,0.869094193,0.864475489,0.710165083,0.702762663,0.793924391,0.709840477,0.857162297,0.675654769,0.831428707,0.589374244,0.627094686,0.958833814,0.903613567,0.685054123,0.514688373,0.703687668,0.657206774,0.950985014,0.72578913,0.784365654,0.611234307
3461.633207,0.605220139,0.741974354,0.693210542,0.697830737,0.545300961,0.378432125,0.895958543,0.652143002,0.678854585,0.945873678,0.671327949,0.682331026,0.612083912,0.586831212,0.671058774,0.535335064,0.638890803,0.778005838,0.982695758,0.865267575,0.861271262,0.707158327,0.699344456,0.790824354,0.706939518,0.853271902,0.672723949,0.828638315,0.587145805,0.623996198,0.955321133,0.899461031,0.681918383,0.512712002,0.700882018,0.65425241,0.947393954,0.722865403,0.780699253,0.608804226
3463.561694,0.603029251,0.738588154,0.690199256,0.695424616,0.542970538,0.377084166,0.891982913,0.649396122,0.67563206,0.94195503,0.669140637,0.679407299,0.609641671,0.584038377,0.668081045,0.533669353,0.636519551,0.774576426,0.978817761,0.86176163,0.858339667,0.704136789,0.695722103,0.787713885,0.703885555,0.849375665,0.669768393,0.825723827,0.585053205,0.620879948,0.951691985,0.895603836,0.678949296,0.510744929,0.698114157,0.651313782,0.943379462,0.719837189,0.776938319,0.606402993
3465.49018,0.600848377,0.735355973,0.687301576,0.693069279,0.540646553,0.37560451,0.888207495,0.64682436,0.672275603,0.938210845,0.666859627,0.67650038,0.607193708,0.581167042,0.665167928,0.532057762,0.63403672,0.77113086,0.974777937,0.858223021,0.855369449,0.701305091,0.692363083,0.784451544,0.700734496,0.845760763,0.666750491,0.822616279,0.582891107,0.617788255,0.948283136,0.891890287,0.676156163,0.508763194,0.695249379,0.648404419,0.939450741,0.716674447,0.77310431,0.604068041
3467.418667,0.598614037,0.731845856,0.684459269,0.690220714,0.538120925,0.374052316,0.884124398,0.643786073,0.668912113,0.93398416,0.664264858,0.673318148,0.604513884,0.578153908,0.661796391,0.530234098,0.631546438,0.767400444,0.97031039,0.854448497,0.852137923,0.698195755,0.688834608,0.781232476,0.697277248,0.841877818,0.663447201,0.819651604,0.580644429,0.614445686,0.944565117,0.887897432,0.67310226,0.50668782,0.692171633,0.645313263,0.935645998,0.713540733,0.769373655,0.601534665
3469.347153,0.596342802,0.728192031,0.681779504,0.687498212,0.535669386,0.372557253,0.880211651,0.64068526,0.665473342,0.929697871,0.661827683,0.670138419,0.60191679,0.575139105,0.658616364,0.52845788,0.629111648,0.763819754,0.965967059,0.850498617,0.84899348,0.695014596,0.685426295,0.778181791,0.694188178,0.83792901,0.660323739,0.816821933,0.578351915,0.611165524,0.940414071,0.884010851,0.670009553,0.50463903,0.689213157,0.6422804,0.931558728,0.710616171,0.765887916,0.599067152
3471.27564,0.593868673,0.724305689,0.678928971,0.684838414,0.533110321,0.370986819,0.8760162,0.637615144,0.661590874,0.925491333,0.659400344,0.666801214,0.599130511,0.571930408,0.65526855,0.526637971,0.626467586,0.759989917,0.961579859,0.846105695,0.845458686,0.691734254,0.681922197,0.774934888,0.691106856,0.833833337,0.657045841,0.81369102,0.575946927,0.607848406,0.936012566,0.87973237,0.666707754,0.502449334,0.686188936,0.639055192,0.927020788,0.70737946,0.762052298,0.596557498
3473.204126,0.591463625,0.720832109,0.675962746,0.682010531,0.530671775,0.369442999,0.871964157,0.63459152,0.658059418,0.921446264,0.657185733,0.663458765,0.59640193,0.568843186,0.65195775,0.524840713,0.623804033,0.756436586,0.957483649,0.842012048,0.841910958,0.68870753,0.678367913,0.771597981,0.68801415,0.829849064,0.653985023,0.810608983,0.573722064,0.604538977,0.932009459,0.8756935,0.663614333,0.500234842,0.683243036,0.635945916,0.922924101,0.704286933,0.758224189,0.594052196
3475.132612,0.589074373,0.717194617,0.672653556,0.679023087,0.528038502,0.367833346,0.867294908,0.631316245,0.654429018,0.917071402,0.654778004,0.66005969,0.59368068,0.565597177,0.64856869,0.522957563,0.62105006,0.752615035,0.952623785,0.838044584,0.838268995,0.685425341,0.674340427,0.767893553,0.684789658,0.82565558,0.650826633,0.80735296,0.571292818,0.601007044,0.92806524,0.871234,0.660221517,0.497954309,0.68008405,0.632616222,0.918389142,0.701042652,0.753942847,0.591338277
3477.061099,0.58666724,0.71337682,0.669535935,0.67627269,0.525399923,0.366305441,0.862869024,0.628211617,0.650794089,0.912477553,0.652148962,0.656895697,0.591091394,0.562371075,0.645117521,0.521102369,0.618517697,0.748613238,0.94792062,0.833928347,0.834919512,0.681988955,0.670650899,0.764359415,0.681421816,0.821687937,0.647579074,0.804128408,0.568842232,0.597671807,0.924449921,0.867016256,0.656891644,0.495619714,0.677070558,0.629394174,0.913902164,0.697734594,0.749773264,0.588626802
3478.989585,0.584085047,0.709558904,0.666497767,0.673285782,0.522688866,0.364672333,0.858668447,0.625133038,0.64704299,0.907993197,0.649339616,0.65350163,0.588335514,0.559078336,0.641597569,0.519117653,0.615813613,0.744554162,0.943334341,0.829415321,0.83145231,0.678590298,0.667057514,0.760620534,0.677867532,0.817446291,0.644168675,0.800668299,0.56628722,0.594159842,0.920288742,0.862926304,0.653637707,0.493322581,0.673818707,0.626152396,0.909460306,0.694218993,0.745648563,0.585865974
3480.918072,0.58152473,0.705744803,0.663368344,0.670229852,0.519968629,0.362996608,0.854212165,0.621971607,0.643378198,0.903577685,0.646566749,0.649854422,0.585425198,0.555758178,0.638161361,0.517066121,0.612964571,0.740499198,0.938763857,0.824935853,0.828044772,0.67527324,0.663107574,0.756830156,0.674269736,0.812936783,0.640765786,0.797163129,0.563744843,0.5904302,0.915882349,0.858433664,0.650328457,0.491006315,0.670450985,0.622703552,0.904975772,0.690649092,0.74159801,0.583122253
3482.846558,0.57888788,0.701874733,0.660272896,0.667353511,0.517281711,0.361315608,0.849504292,0.61873138,0.639546931,0.89898473,0.643993735,0.646347523,0.582499921,0.552389741,0.634824932,0.51512289,0.61009711,0.736600101,0.934176981,0.820637286,0.82461983,0.6719293,0.659142733,0.753035963,0.670787811,0.808399141,0.637395799,0.793516934,0.561245263,0.586687267,0.911573172,0.854014814,0.64693898,0.488623708,0.667211533,0.619203508,0.900407553,0.687256753,0.737436235,0.580466628
3484.775045,0.576035619,0.697730601,0.656920135,0.664220929,0.514314055,0.359552085,0.844504476,0.615200043,0.635294378,0.894067287,0.641302586,0.642764568,0.579503715,0.548854053,0.631139338,0.513103187,0.607156575,0.732398391,0.929153264,0.816264868,0.820638359,0.668447912,0.654902399,0.74921912,0.667104959,0.8038131,0.633721888,0.789904714,0.558575213,0.582756102,0.906748354,0.849426448,0.643226862,0.486065984,0.663730979,0.615581989,0.895460606,0.683628559,0.732918262,0.577615023
3486.703531,0.573303461,0.693738639,0.653705478,0.661197543,0.511498451,0.357943892,0.840162635,0.611670732,0.631429434,0.889255762,0.638583422,0.639281631,0.576547861,0.545502007,0.627519667,0.51111412,0.604387283,0.728281677,0.92416656,0.811969578,0.816755712,0.66511327,0.650875211,0.745559514,0.66345346,0.799618006,0.630163848,0.786608756,0.555932105,0.579036832,0.902510464,0.84514451,0.639673889,0.48354885,0.660357952,0.612119019,0.89074707,0.679953992,0.728893936,0.574734688
3488.632018,0.570426226,0.689399898,0.650220275,0.657910466,0.508630037,0.356178492,0.835411191,0.608040392,0.627286375,0.884307086,0.635756016,0.635465086,0.573379517,0.541962206,0.623699129,0.508936882,0.601250291,0.723888457,0.918637097,0.807355702,0.812771618,0.661325932,0.646683156,0.741535962,0.659710228,0.794937968,0.626416445,0.782828331,0.55310899,0.575147986,0.898292243,0.840436935,0.636021018,0.481055647,0.656795323,0.6082986,0.885874033,0.676084578,0.72442174,0.571691871
3490.560504,0.567619801,0.685155332,0.646649241,0.654619336,0.505700827,0.354345858,0.830565512,0.604710281,0.62315315,0.879382432,0.632957399,0.631626666,0.570307374,0.538401306,0.619863808,0.506758869,0.598172307,0.719597936,0.913685977,0.802847624,0.808984399,0.657511771,0.642612338,0.737618625,0.655948162,0.790205419,0.622763932,0.779202402,0.550360918,0.571388364,0.893771052,0.835602462,0.632432222,0.478584439,0.653154731,0.604564011,0.88114661,0.672427118,0.71982646,0.568668425
3492.488991,0.564745367,0.680863142,0.643025517,0.651369274,0.502623439,0.352506012,0.825474918,0.601220131,0.618938506,0.874369979,0.629940093,0.627793491,0.567114115,0.534728289,0.615981281,0.504609883,0.595164001,0.715269804,0.90893203,0.798096538,0.804955482,0.653564095,0.638363123,0.733528078,0.652055383,0.785281003,0.619083047,0.775406718,0.547544897,0.567514479,0.888982117,0.83081758,0.628627598,0.476032227,0.649421215,0.6009233,0.875972807,0.668738127,0.715213895,0.565586448
3494.417477,0.561989248,0.676502168,0.63961482,0.648103774,0.499649227,0.350714266,0.820634544,0.597517192,0.614766657,0.869293869,0.62704885,0.623954237,0.564014971,0.53124094,0.612228453,0.50251925,0.592165768,0.710954905,0.903796792,0.793266654,0.800850511,0.64968574,0.633991718,0.72955513,0.64834106,0.780527234,0.615357041,0.77145046,0.544748127,0.563461542,0.884432614,0.826023042,0.624891043,0.47339204,0.646011889,0.597220957,0.870723486,0.664981067,0.7105937,0.562605023
3496.345964,0.559208453,0.672181249,0.636333108,0.644787371,0.496607482,0.348882645,0.815922022,0.593816102,0.610534608,0.864263177,0.62413305,0.620114625,0.560813487,0.527648866,0.60841012,0.500268281,0.589010775,0.706504226,0.898219466,0.788430929,0.796625793,0.645976722,0.629766524,0.725333512,0.644616067,0.775856912,0.611486137,0.76741153,0.541910291,0.55946666,0.87978369,0.820962489,0.621151924,0.470717609,0.642490745,0.593379259,0.86553365,0.661101878,0.705981255,0.559555054
3498.27445,0.556152105,0.667883217,0.632648587,0.641294062,0.493364394,0.34690693,0.810452521,0.590032637,0.606083512,0.85917449,0.621136725,0.616162181,0.55747366,0.523766696,0.604295492,0.497827768,0.585638165,0.701684952,0.892750084,0.783236027,0.792233109,0.642056525,0.625368774,0.720940113,0.640463173,0.770928323,0.607490778,0.763480365,0.53902024,0.555461407,0.874750495,0.815718651,0.617219508,0.467980057,0.638619721,0.589437902,0.860291243,0.657190382,0.701173663,0.556253374
3500.202937,0.553146303,0.663672447,0.629044592,0.637889028,0.490248412,0.345015734,0.805139184,0.58630538,0.601808846,0.853943765,0.618174613,0.61220783,0.554352164,0.52007997,0.600262165,0.495524287,0.582334042,0.697103262,0.887644649,0.778228998,0.788270533,0.638210773,0.621012866,0.716835082,0.636279464,0.766221464,0.603712618,0.759738266,0.536205053,0.551448941,0.869856358,0.810878754,0.613438785,0.465259165,0.634982884,0.585653901,0.855286658,0.65335089,0.696540654,0.553077459
3502.131423,0.549913585,0.658951342,0.625297368,0.634281635,0.486943811,0.343061566,0.799621642,0.582477868,0.597248793,0.848460972,0.614874482,0.608122528,0.55098176,0.516165018,0.595895708,0.493133426,0.57887876,0.69231528,0.882016301,0.773270011,0.784226298,0.634087205,0.616395712,0.712474525,0.632145882,0.761152506,0.599680841,0.755677223,0.53319335,0.547141969,0.864862025,0.805833757,0.609301984,0.462387681,0.631003141,0.581659198,0.849987805,0.649088323,0.691763401,0.549900174
3504.059909,0.546670139,0.654144585,0.621463001,0.630674779,0.483689725,0.340981126,0.794340372,0.578668416,0.592702985,0.843080103,0.611738682,0.604029536,0.547515094,0.512273848,0.591630757,0.490787834,0.575556815,0.687545776,0.876517355,0.768269002,0.780097663,0.630080819,0.611770153,0.708025992,0.628049314,0.756066144,0.595517039,0.7516765,0.530197978,0.542909741,0.860016584,0.80080533,0.605131626,0.459593058,0.62691021,0.577815413,0.844729125,0.644825876,0.687080085,0.54668498
3505.988396,0.543409765,0.649195433,0.617535174,0.627028704,0.480343312,0.338868082,0.788966477,0.574627817,0.587954402,0.837602854,0.6084705,0.599648774,0.544022322,0.508307219,0.587338507,0.488393188,0.572109103,0.68264544,0.87060976,0.762838423,0.77551204,0.62599206,0.606988609,0.703322649,0.623645365,0.750911891,0.59128356,0.747180641,0.527096093,0.538579464,0.854755223,0.795466065,0.600986481,0.456840694,0.622818112,0.573711395,0.838911355,0.64063555,0.682102323,0.543318331
3507.916882,0.540331423,0.644574106,0.613752186,0.6233688,0.477062106,0.33690697,0.783542633,0.570612133,0.583381832,0.832156897,0.605274498,0.595489442,0.540765226,0.504336655,0.58309406,0.485972017,0.568695366,0.677845776,0.864939451,0.757422864,0.770997822,0.621686876,0.602367461,0.698948562,0.619332612,0.746079564,0.587325394,0.742840707,0.524105787,0.534338713,0.849723101,0.790247917,0.597038925,0.453943938,0.619009733,0.569503784,0.833244979,0.636746764,0.677094221,0.540076137
3509.845369,0.53711766,0.639819503,0.609917283,0.619553685,0.473636299,0.334814966,0.778018951,0.566416442,0.578721464,0.826565802,0.601888239,0.591219544,0.537210763,0.50025779,0.57887578,0.483387947,0.565139353,0.67287612,0.859270155,0.752224505,0.766387045,0.617356539,0.597591639,0.694360733,0.614989936,0.74092859,0.583148181,0.738539338,0.521024466,0.530002296,0.844578326,0.784880757,0.592853129,0.451036096,0.615142286,0.56528604,0.82780391,0.632511973,0.672080815,0.536684036
3511.773855,0.533713162,0.634900093,0.605891168,0.615763545,0.470062435,0.332641572,0.772241056,0.562375486,0.573914826,0.821011841,0.598381996,0.586728513,0.533382177,0.49615851,0.574543118,0.48085326,0.561599672,0.667775989,0.853472948,0.746969461,0.761703551,0.61310184,0.592669189,0.689619541,0.610635936,0.735559404,0.57872951,0.734124601,0.517910779,0.525555968,0.839215279,0.779282808,0.588531375,0.448152035,0.611043274,0.561041772,0.822291195,0.628163815,0.666990995,0.533227682
3513.702342,0.530513227,0.630192459,0.601823926,0.612048805,0.466582328,0.330488026,0.766397476,0.558549225,0.569169641,0.815359056,0.595145106,0.58234632,0.529681861,0.492124975,0.570128798,0.47841844,0.558237374,0.663016319,0.847856522,0.741708636,0.757322669,0.608766019,0.587886453,0.684981346,0.60631603,0.730521023,0.574394226,0.729683101,0.514805079,0.52123338,0.833969891,0.773851335,0.584292233,0.445213914,0.606877983,0.557007551,0.816630363,0.623977005,0.66184485,0.529853404
3515.630828,0.527147353,0.625087082,0.597520351,0.60817939,0.462976068,0.328254014,0.760343015,0.554408967,0.564076543,0.809292197,0.59161216,0.577901721,0.526068211,0.487937242,0.565372169,0.475741118,0.554473996,0.657910943,0.841749489,0.73622787,0.752486944,0.604197741,0.582885027,0.680097282,0.601758659,0.725125134,0.56984961,0.725079775,0.511485994,0.51670754,0.82845068,0.768078864,0.579776585,0.442191094,0.602441788,0.552725494,0.810584962,0.619379997,0.656597376,0.52626735
3517.559315,0.523635566,0.620031416,0.593410313,0.604391694,0.459457636,0.326075137,0.754452944,0.550264239,0.559182703,0.803544939,0.588087618,0.573559046,0.522569478,0.483817309,0.560823679,0.473088086,0.550674975,0.652678132,0.835811079,0.730655551,0.747549713,0.599720836,0.578058422,0.675324857,0.597229123,0.719925165,0.565313816,0.720751047,0.508219659,0.512153089,0.823149741,0.762474597,0.575446188,0.439200073,0.598247051,0.548416853,0.804821014,0.614781141,0.651640534,0.522728384
3519.487801,0.519862533,0.614706695,0.589085042,0.600352287,0.455715686,0.323817939,0.748303354,0.545907438,0.554228663,0.797779858,0.584473372,0.568837166,0.518627286,0.47947675,0.556268334,0.470310271,0.546862364,0.647320628,0.829516292,0.724782705,0.742778122,0.594996691,0.572871745,0.670367002,0.592398107,0.714502275,0.560608566,0.715853512,0.504891455,0.507497132,0.817537487,0.756767035,0.570810139,0.436115593,0.593981147,0.543981194,0.798935711,0.610006452,0.646360993,0.518996716
3521.416288,0.516191721,0.609512746,0.58486259,0.596375823,0.452042907,0.321641773,0.742577612,0.541703641,0.549363136,0.791902542,0.580945969,0.564253509,0.514746606,0.475160599,0.551673949,0.467598081,0.543234229,0.642008901,0.823242188,0.719010353,0.738225818,0.590467334,0.567635357,0.665470362,0.587702036,0.709098637,0.555998683,0.710984349,0.501723826,0.503063798,0.812180579,0.750993013,0.566166699,0.432898968,0.589694679,0.539662778,0.793173432,0.605493426,0.640954196,0.515343487
3523.344774,0.512495339,0.604331672,0.580782831,0.59234339,0.448326379,0.319332868,0.736605406,0.537347734,0.544161975,0.785778701,0.57729882,0.559677362,0.510870993,0.470637381,0.547035575,0.464874357,0.539433956,0.63654995,0.816959918,0.713262379,0.733222365,0.58587563,0.562400281,0.660160899,0.582994759,0.703586817,0.551225185,0.706046104,0.498297811,0.498495668,0.806552768,0.745040715,0.56152451,0.429561764,0.585264087,0.535186827,0.787055671,0.600909054,0.635400772,0.511737525
3525.273261,0.508731544,0.599086642,0.576375484,0.58832401,0.444519371,0.316947311,0.730335534,0.532905757,0.538828075,0.779434562,0.573502123,0.555036604,0.507023394,0.466224253,0.542417884,0.462185949,0.535449445,0.631123722,0.810644269,0.7072559,0.728126347,0.581085682,0.557157218,0.654973269,0.578217924,0.697922528,0.546574354,0.701034069,0.494807005,0.493713528,0.800690949,0.739317715,0.556766272,0.426309437,0.580802619,0.53055954,0.780828595,0.596161962,0.629976809,0.508134067
3527.201747,0.504996836,0.593693614,0.571824551,0.584142029,0.440654814,0.314506263,0.724045038,0.528448582,0.533675194,0.773003638,0.569722474,0.550300837,0.503095448,0.46186021,0.537607074,0.459458023,0.53144455,0.62561667,0.804259419,0.701237381,0.723154902,0.576223314,0.551839709,0.649924934,0.573379278,0.692321956,0.541963696,0.69607842,0.491243213,0.488787502,0.795072675,0.733383298,0.552055418,0.423104972,0.576225221,0.526007771,0.774576128,0.591384351,0.624507964,0.504398525
3529.130234,0.501072407,0.587856889,0.567228973,0.579653859,0.436611116,0.311917067,0.717332602,0.52379477,0.52822566,0.766482115,0.565825224,0.545172334,0.498951465,0.457145542,0.53253597,0.45645532,0.527301311,0.619912565,0.797709227,0.695238292,0.717939913,0.571241796,0.546326518,0.64466083,0.568360031,0.686680436,0.537028134,0.690955281,0.487504512,0.483754426,0.789209127,0.726982176,0.547177672,0.419739723,0.571388483,0.521286309,0.768259108,0.586458564,0.618913829,0.500413239
3531.05872,0.497218281,0.582092643,0.562651098,0.575443566,0.432649374,0.309395075,0.710686564,0.519231677,0.522725642,0.760151446,0.561961651,0.540092587,0.494962126,0.452545077,0.52748692,0.453448802,0.523210287,0.614341676,0.79114747,0.689167917,0.712692559,0.566378117,0.540895402,0.63942343,0.56341064,0.681077838,0.532099485,0.685903609,0.484013051,0.478901118,0.783291101,0.720888853,0.542244911,0.416397035,0.566822767,0.5166592,0.761994839,0.581528962,0.613271236,0.496452481
3532.987206,0.493235499,0.576234698,0.557929993,0.571096659,0.428543717,0.306884199,0.703935385,0.514423132,0.517114818,0.753681839,0.557917356,0.534946918,0.49083209,0.447842032,0.522286236,0.450442076,0.518922091,0.608510852,0.784164608,0.682861865,0.707128644,0.561239481,0.535164535,0.63383311,0.558260262,0.675075412,0.526950002,0.680553734,0.48031494,0.473827899,0.777073801,0.714629292,0.537198663,0.413065344,0.562117994,0.51189065,0.755163372,0.576433063,0.607292891,0.49238053
3534.915693,0.48924616,0.570661068,0.553232908,0.566734254,0.424524397,0.304463893,0.697502017,0.509740949,0.511647642,0.747089744,0.553917646,0.52998656,0.486756742,0.443160683,0.517300129,0.447519064,0.514713109,0.602815747,0.777581871,0.676602602,0.701646805,0.556118608,0.529531121,0.62839061,0.55313766,0.669223189,0.521833956,0.675307691,0.476598561,0.468723595,0.771100879,0.708482206,0.532253563,0.409667075,0.557443142,0.507117033,0.748692393,0.571561754,0.601657331,0.488469303
3536.844179,0.485149592,0.564735889,0.548381984,0.562258363,0.420304298,0.30180341,0.690611422,0.504981995,0.505967259,0.740379572,0.549749315,0.524851739,0.482321888,0.438270181,0.512099981,0.444313198,0.51038903,0.596718431,0.770672739,0.670192838,0.696039259,0.550910413,0.523626447,0.622685552,0.54779166,0.663148105,0.51646775,0.669663668,0.472771019,0.463424832,0.764884114,0.701917291,0.527075708,0.406050295,0.55261749,0.502181888,0.741997242,0.566357911,0.595737457,0.484401554
3538.772666,0.481014639,0.558641195,0.543624818,0.557754338,0.416016251,0.299091876,0.683772206,0.500204563,0.50025934,0.733777523,0.545576572,0.519701064,0.477894813,0.433423698,0.50685823,0.441109985,0.506095648,0.590533912,0.763563931,0.663806915,0.690484583,0.545718312,0.51774931,0.617012203,0.542482376,0.657114625,0.511214316,0.663963854,0.468994796,0.458194047,0.75851053,0.695281506,0.52191937,0.402383327,0.54763025,0.497184783,0.735313177,0.561151743,0.589851975,0.480215907
3540.701152,0.476739377,0.552677631,0.538807571,0.553154349,0.411785245,0.296408474,0.677117169,0.495364636,0.494491756,0.726991355,0.54142189,0.514484942,0.473668486,0.428542048,0.5015679,0.437924594,0.501685262,0.58445853,0.756367564,0.657417238,0.684939563,0.54037267,0.511956573,0.611212254,0.537076235,0.65096736,0.5060094,0.658240497,0.465174496,0.452949554,0.752065003,0.688662648,0.516677499,0.398721308,0.542567432,0.492120206,0.728633165,0.555914104,0.58388108,0.475993335
3542.629639,0.472337812,0.546533883,0.533844948,0.548409462,0.407516569,0.293712258,0.67013216,0.490380257,0.488682687,0.71988368,0.537246943,0.509115398,0.469397664,0.423487425,0.496131122,0.434672236,0.49709329,0.578258693,0.749024332,0.650648415,0.679433525,0.534879088,0.506020248,0.605241001,0.531479597,0.644693077,0.500648439,0.652472556,0.461237609,0.447588891,0.745728672,0.681974232,0.51140517,0.394998819,0.537423551,0.486986399,0.72167182,0.55037117,0.577857256,0.471771002
3544.558125,0.468099236,0.540339947,0.528940976,0.543680072,0.403251022,0.291143119,0.663138568,0.485435694,0.482936382,0.712890148,0.533013999,0.50387913,0.465048999,0.418442667,0.490719706,0.431583375,0.492614955,0.572148979,0.741876006,0.643763185,0.673851252,0.529520929,0.500103652,0.599450529,0.525958478,0.638728142,0.49530071,0.646851182,0.457374871,0.442235291,0.739488244,0.675465882,0.506310046,0.391274869,0.532426298,0.481907547,0.714810729,0.544953227,0.571977079,0.467578411
3546.486612,0.463597894,0.533854961,0.523792744,0.538682163,0.398723304,0.288370162,0.655580759,0.48026666,0.476757646,0.705807865,0.528514385,0.498328924,0.460300803,0.413160115,0.485065997,0.428239375,0.487989902,0.56569308,0.734491765,0.636937916,0.667749882,0.523959816,0.493842959,0.593356311,0.520200431,0.632270873,0.489567876,0.640813708,0.453267276,0.436566949,0.73260963,0.668565631,0.500792861,0.387415111,0.527242124,0.476558656,0.707518101,0.539540708,0.565572679,0.463111162
3548.415098,0.459013283,0.527533889,0.518601179,0.533847034,0.394188464,0.285500646,0.648032844,0.475119501,0.470555902,0.698569477,0.524093568,0.492799997,0.455687672,0.4079853,0.479444474,0.424741089,0.483454347,0.559308827,0.727228224,0.630115151,0.66179049,0.518347919,0.487596691,0.587109447,0.514458299,0.625801265,0.483914822,0.634847641,0.44920361,0.430991709,0.7259776,0.661568105,0.495148063,0.383582532,0.52190429,0.471242428,0.700283587,0.534090102,0.559260011,0.458705813
3550.343585,0.454357028,0.521152794,0.513274968,0.528911412,0.389605254,0.28257677,0.640493691,0.469839007,0.46430856,0.691131651,0.519463539,0.487220377,0.450977147,0.402728111,0.473706126,0.421177655,0.478676915,0.552840173,0.719537854,0.623080492,0.655733287,0.512557328,0.481163114,0.580673695,0.50854677,0.619240701,0.478219092,0.628666997,0.445067018,0.425246149,0.719279587,0.654361129,0.489435136,0.379683971,0.516369581,0.465860695,0.692834914,0.528306544,0.552719533,0.454195857
3552.272071,0.449700952,0.514760435,0.508011341,0.523831308,0.385128736,0.279690474,0.633051097,0.464544564,0.458106071,0.68376416,0.514866531,0.481609285,0.446210682,0.397508383,0.468136579,0.417783052,0.473881066,0.54631418,0.711857438,0.616066277,0.649601221,0.506854177,0.474803895,0.57450974,0.502677083,0.612785637,0.4724527,0.622609973,0.440841854,0.419507712,0.712503791,0.647450864,0.483804643,0.375750273,0.511018515,0.460567355,0.685482502,0.522614777,0.546184421,0.4496319
3554.200558,0.445087075,0.508173048,0.502616346,0.51860404,0.380411625,0.276708126,0.625464737,0.459105402,0.451715678,0.676566124,0.510222197,0.475895375,0.441440344,0.392054439,0.462328136,0.414291799,0.469074756,0.539576411,0.704190493,0.609052062,0.643188477,0.500996232,0.468319237,0.568101883,0.496716559,0.606188834,0.466529638,0.616415501,0.436387926,0.413814396,0.705432177,0.640336335,0.478081405,0.371877849,0.505702257,0.455043852,0.678125739,0.516798794,0.539524972,0.44491902
3556.129044,0.440415084,0.501489818,0.497245222,0.513375103,0.375573307,0.273647428,0.617747784,0.453724205,0.445333242,0.669306993,0.505607367,0.470200598,0.436576009,0.386476606,0.456424564,0.410580099,0.464216769,0.532796383,0.696532667,0.601948142,0.636845231,0.49505657,0.461719483,0.56167829,0.490725577,0.599300325,0.460544974,0.609923303,0.432028115,0.407952338,0.698128402,0.633082092,0.472391844,0.367866904,0.500161648,0.449360818,0.670652807,0.510983706,0.532884657,0.440147102
3558.057531,0.435647637,0.494847596,0.491871059,0.508339584,0.370852172,0.270620942,0.610041201,0.448387831,0.438939244,0.661675334,0.501045525,0.46445021,0.431655437,0.381039947,0.450660706,0.406816423,0.45945394,0.526068211,0.688919067,0.594644725,0.630700588,0.489137292,0.455154896,0.55541569,0.484678745,0.592570841,0.454648167,0.603347659,0.427788109,0.402007014,0.691066146,0.625957906,0.466733307,0.363773286,0.494470835,0.443836182,0.663212061,0.505154073,0.526343524,0.43543008
3559.986017,0.430792212,0.488102674,0.48625198,0.503106475,0.36603111,0.267579436,0.602343023,0.44287166,0.432418168,0.65394181,0.496341944,0.458490044,0.426625192,0.375450969,0.444719195,0.403045535,0.454434931,0.519102991,0.680961728,0.587242246,0.624258101,0.483099341,0.448429525,0.548870564,0.478452027,0.585670888,0.448678851,0.596636236,0.423328578,0.395984113,0.683867276,0.618580163,0.46084255,0.359661222,0.488781214,0.438111275,0.655613482,0.499231935,0.519536972,0.430607647
3561.914503,0.425920665,0.481442958,0.480734766,0.497763783,0.361282229,0.26460129,0.594823241,0.437433988,0.426069558,0.646256626,0.491629899,0.45267117,0.421696156,0.369940609,0.438871175,0.399419457,0.449309289,0.512307286,0.673054993,0.57990396,0.617756724,0.477169603,0.441806436,0.542263508,0.472403973,0.578646839,0.442746311,0.590266228,0.418892026,0.390035063,0.676500916,0.611190915,0.454995692,0.355398715,0.483173192,0.432334006,0.648172677,0.493407279,0.512896955,0.425848156
3563.84299,0.420911342,0.474537611,0.475104004,0.492239445,0.356397718,0.2615574,0.586895347,0.431863099,0.419548959,0.638245285,0.486684471,0.446700901,0.416683644,0.364371359,0.432719916,0.395682335,0.444234967,0.505366206,0.664891064,0.572272539,0.611064672,0.471055746,0.435074359,0.535346448,0.46602875,0.5715487,0.436626166,0.583720684,0.414366573,0.38386628,0.668954492,0.603471875,0.449027538,0.350872815,0.477319479,0.426370144,0.640356541,0.487303048,0.505957901,0.420998096
3565.771476,0.416040927,0.467727482,0.469556034,0.486891925,0.351630896,0.258591235,0.579004049,0.426416129,0.413119078,0.630151749,0.481916428,0.440892488,0.411731482,0.358886629,0.426600069,0.392070949,0.439415395,0.49838987,0.656830728,0.564565241,0.604579747,0.464949697,0.428519815,0.528728008,0.459638089,0.564680576,0.430574894,0.577191293,0.410003453,0.377719134,0.661764324,0.596246064,0.443163157,0.346369773,0.471683949,0.420536786,0.632491946,0.481512904,0.499117047,0.416183978
3567.699963,0.410905868,0.460600287,0.463692039,0.481508791,0.34665519,0.255411953,0.570670962,0.420647502,0.406319469,0.622278035,0.476832151,0.434904218,0.406505853,0.353135526,0.420379937,0.38820684,0.434246927,0.491232634,0.648603261,0.557144403,0.597781658,0.458572149,0.421639055,0.521947443,0.453324616,0.557457268,0.42442134,0.570422888,0.40531534,0.371598065,0.654105425,0.588982522,0.437122971,0.342148811,0.465911359,0.414639294,0.624554634,0.475322068,0.492039323,0.411176711
3569.628449,0.405596167,0.453416407,0.457706928,0.475738525,0.341522276,0.252077192,0.562261224,0.41471228,0.399425119,0.614903927,0.471647114,0.428637564,0.401153892,0.347197026,0.414013773,0.384024441,0.428864688,0.484100401,0.640456378,0.54996115,0.590693474,0.45218876,0.414529175,0.514968097,0.44688037,0.550149739,0.418125272,0.563368499,0.400460869,0.3654311,0.646006703,0.581253886,0.430894554,0.338093132,0.459879398,0.408528119,0.616723359,0.468818665,0.484659582,0.406102955
3571.556936,0.400386363,0.446277678,0.451833278,0.470001429,0.336435914,0.248813629,0.554154932,0.408940673,0.392691076,0.607336938,0.466656625,0.422373235,0.395838141,0.341315389,0.407654583,0.379881263,0.423596203,0.476988018,0.63248539,0.542489827,0.583719254,0.44584316,0.40746814,0.50810039,0.440244645,0.542996109,0.411774606,0.556249797,0.39578566,0.359181821,0.637962401,0.573351443,0.424605459,0.333885461,0.453878254,0.402373642,0.608963907,0.462553948,0.477377355,0.400965184
3573.485422,0.395072162,0.43906951,0.445904881,0.464473099,0.331281066,0.245516911,0.545934498,0.403171301,0.38586846,0.599422693,0.46148932,0.416141689,0.390439272,0.335431427,0.401368767,0.37580815,0.418214232,0.469693989,0.624319792,0.534792781,0.576724768,0.439366221,0.400430471,0.501185298,0.433637977,0.535612643,0.405424446,0.549171269,0.391042858,0.352929264,0.63002044,0.565552652,0.418422371,0.329521388,0.447935224,0.396171302,0.600916564,0.456303447,0.47007212,0.395734161
3575.413909,0.389749467,0.432062626,0.440005213,0.458818763,0.326202929,0.242209047,0.537724853,0.397349238,0.37901184,0.591475427,0.456298769,0.409940064,0.385102719,0.329557002,0.395184457,0.371768057,0.412941575,0.462497085,0.616113424,0.527092874,0.56968075,0.432872891,0.393402308,0.494238704,0.427100956,0.528149605,0.399044186,0.542195439,0.38629654,0.34668541,0.622363806,0.557965279,0.412359357,0.325045854,0.442048669,0.390038252,0.592848182,0.450037181,0.462856501,0.390639395
3577.342395,0.384294569,0.424759746,0.433825821,0.452900082,0.32098642,0.238806888,0.529375613,0.391283095,0.372016639,0.58338052,0.450968683,0.403560638,0.379633486,0.323480427,0.388694823,0.367469639,0.407616854,0.455217898,0.607709885,0.519482791,0.562378287,0.426209748,0.386113793,0.487101942,0.420322478,0.520467877,0.392477453,0.534906745,0.381390661,0.340213507,0.614381611,0.550049186,0.406005651,0.320425928,0.435858548,0.383721441,0.584653914,0.443570763,0.45550254,0.385411292
3579.270882,0.378893107,0.417521089,0.42777577,0.447084874,0.315782487,0.235396132,0.52115351,0.385354578,0.365202308,0.575374782,0.445777386,0.397384077,0.374159217,0.317521721,0.382228315,0.363216519,0.402145028,0.447989374,0.599471569,0.511986732,0.555159688,0.419722378,0.379059315,0.480102569,0.41360563,0.512932777,0.386003107,0.527692914,0.376542479,0.333776206,0.606345117,0.542330325,0.399664223,0.315884709,0.429644167,0.377434254,0.57662046,0.437225789,0.448182106,0.380155861
3581.199368,0.373428464,0.410093665,0.421729028,0.441264957,0.310467124,0.231855705,0.512642324,0.379275769,0.358205318,0.567247748,0.440433294,0.39105019,0.368535995,0.311450571,0.375639647,0.359013557,0.39640224,0.4405981,0.591156542,0.504204929,0.547724903,0.413111389,0.371830791,0.472904116,0.406740367,0.505326807,0.379501045,0.520349562,0.371526569,0.327267826,0.598176062,0.534412682,0.393303543,0.311316401,0.42342487,0.371123016,0.568446934,0.430668652,0.440643489,0.374765426
3583.127855,0.367938012,0.402713478,0.415677339,0.435483932,0.305287033,0.228414372,0.504311919,0.373260558,0.351321399,0.559257448,0.435097665,0.384688944,0.363105267,0.305375785,0.369158059,0.354841709,0.390853614,0.433241785,0.582918286,0.496517807,0.540335476,0.406634659,0.364625245,0.465794444,0.400053531,0.49776262,0.373133451,0.513093114,0.366610914,0.320852101,0.589922011,0.526487947,0.387125611,0.306668073,0.41733849,0.364871055,0.560299933,0.424293727,0.433197826,0.369553924
3585.056341,0.362563729,0.395467848,0.409639359,0.4297328,0.300268054,0.22515659,0.496158153,0.367484808,0.344555497,0.55108881,0.429910898,0.378436655,0.357758462,0.299434602,0.362756342,0.350674152,0.385538012,0.425807387,0.574603856,0.488678247,0.533213317,0.400235951,0.357576877,0.458760589,0.393450439,0.490159154,0.36677289,0.506012261,0.361911058,0.314495325,0.581691384,0.518754244,0.380968422,0.301876485,0.41121012,0.358659685,0.552202225,0.418108374,0.42588526,0.364494562
3586.984828,0.357088983,0.388098657,0.403479904,0.423951298,0.295156896,0.221826211,0.487712085,0.361519814,0.337637931,0.542750359,0.424675912,0.372026891,0.352175146,0.293452859,0.356260419,0.346458554,0.380067199,0.418252349,0.566307425,0.480684102,0.52593255,0.393651515,0.350407869,0.451676369,0.386709869,0.482388467,0.360339761,0.498808444,0.356979579,0.308043659,0.573586285,0.510993183,0.374670148,0.297045231,0.404934198,0.352196962,0.54390049,0.411748976,0.418428391,0.359193116
3588.913314,0.351280451,0.38049832,0.397093862,0.417955577,0.289665341,0.218174085,0.47891894,0.355140477,0.330374658,0.534787118,0.419243753,0.365352154,0.346436203,0.287160367,0.349451184,0.341920525,0.374339163,0.410585672,0.558039844,0.47307539,0.518235564,0.38681373,0.342915356,0.444454372,0.379843742,0.474501401,0.353612959,0.491215914,0.35168469,0.301452488,0.56525439,0.502845645,0.368091345,0.292560697,0.398655295,0.345506191,0.535447299,0.405016065,0.410697758,0.353620082
3590.8418,0.345417649,0.372665733,0.39066121,0.411901146,0.283966154,0.214387774,0.470085829,0.34870553,0.322935551,0.526801825,0.413630188,0.358589292,0.340578556,0.28071937,0.342424423,0.337163508,0.368487865,0.402866483,0.549536288,0.465518057,0.510538876,0.379884094,0.335282356,0.437096149,0.372774512,0.466530681,0.346752435,0.483474642,0.346345246,0.294787675,0.556567132,0.494466484,0.361408472,0.288118035,0.392305672,0.33891803,0.526988626,0.398103952,0.40291059,0.348003387
3592.770287,0.33992666,0.365268886,0.384563267,0.406039327,0.278759718,0.210931867,0.461692899,0.342673153,0.315987825,0.518672049,0.408296406,0.352173865,0.335014313,0.27465564,0.33589673,0.332800686,0.362882853,0.395427555,0.541184127,0.457850695,0.503198206,0.373320669,0.328124076,0.430080622,0.365905046,0.458866864,0.340264499,0.476170629,0.341322929,0.288214087,0.548126161,0.486600101,0.355166554,0.28340742,0.386097759,0.332592785,0.518678844,0.391614348,0.395429969,0.342708051
3594.698773,0.334367067,0.357813299,0.378303409,0.399991989,0.273506075,0.207478851,0.453106582,0.336578995,0.309000343,0.510484993,0.402786046,0.345642477,0.329409838,0.268514961,0.329290003,0.328451544,0.357253015,0.387809902,0.532771707,0.450201213,0.495660841,0.36651054,0.320759654,0.4228912,0.358961314,0.450964093,0.333729625,0.468631357,0.336173832,0.281580597,0.539625168,0.478466481,0.348748833,0.278647482,0.379787415,0.326102674,0.510240734,0.384949207,0.387751371,0.33738184
3596.62726,0.328679681,0.350284994,0.372011751,0.393956423,0.268162072,0.203917995,0.444691509,0.330447823,0.301860064,0.502519727,0.397261173,0.339031667,0.323642671,0.26233834,0.322549492,0.324033737,0.351619542,0.380276501,0.524519563,0.442628533,0.488185227,0.359564632,0.313269228,0.415731579,0.352033079,0.442888737,0.327190429,0.460907876,0.331009597,0.275043041,0.531186819,0.47038278,0.342240632,0.273941636,0.373473555,0.319593787,0.501920998,0.378313392,0.380141318,0.331975967
3598.555746,0.322999179,0.342694223,0.365674138,0.387984335,0.262797505,0.200307563,0.436182886,0.324323863,0.294583261,0.494422346,0.391819477,0.332407832,0.31785664,0.256090462,0.315769076,0.319462568,0.345846593,0.372609377,0.516096592,0.434942544,0.480752647,0.352713495,0.305789798,0.408565551,0.345095634,0.434871018,0.320522398,0.453254074,0.325819343,0.268400192,0.522679329,0.462246835,0.335822314,0.269152194,0.367076844,0.313061267,0.493388295,0.371666014,0.372429252,0.326532573
3600.484233,0.31722343,0.335101455,0.359278589,0.381981134,0.257314712,0.196737558,0.427441776,0.318237901,0.287353218,0.486039609,0.386256367,0.325800717,0.311995775,0.249741986,0.309009761,0.314767033,0.339966327,0.364755392,0.507696092,0.427191943,0.473190308,0.34585622,0.298214644,0.401271731,0.338063151,0.426981062,0.313811779,0.445683897,0.320577294,0.261711627,0.514240801,0.453960508,0.329297066,0.264324605,0.360656172,0.306435704,0.484691799,0.365066081,0.364567757,0.321060032
3602.412719,0.311302722,0.327488124,0.352689445,0.375726521,0.251764596,0.193112373,0.41867283,0.311950833,0.279987007,0.477729738,0.380546838,0.319020718,0.306023479,0.243379295,0.302064627,0.310024738,0.334096819,0.356765866,0.499216437,0.419260323,0.4654423,0.338739902,0.290562749,0.39397034,0.330930114,0.418945372,0.307013065,0.437935859,0.315262377,0.254916817,0.505651772,0.445694745,0.322508961,0.259495944,0.354270875,0.299637169,0.475967854,0.358421385,0.356572151,0.31545645
3604.341206,0.305479974,0.319821298,0.346102238,0.369503319,0.246269464,0.189479098,0.409858346,0.305650592,0.272557497,0.46935463,0.374846846,0.312160015,0.300139785,0.237088263,0.295042217,0.305317998,0.328325182,0.348723888,0.490414917,0.411285222,0.457930356,0.331668854,0.283002228,0.386755943,0.323861867,0.410842121,0.300212801,0.43012166,0.309973359,0.248087019,0.497062981,0.437320769,0.315823138,0.254549295,0.347781897,0.292891502,0.467274666,0.351596594,0.348634541,0.309932321
3606.269692,0.299755365,0.312525004,0.339895219,0.363441914,0.241061658,0.186113179,0.401304692,0.299693853,0.265375048,0.460788637,0.369439602,0.30552718,0.294438481,0.230972141,0.288381368,0.300862193,0.322833091,0.340902805,0.481782228,0.403314263,0.450824231,0.324856341,0.275607795,0.379687697,0.316898406,0.403037161,0.293615222,0.422577262,0.30496037,0.241350457,0.488872707,0.429229587,0.309557885,0.249347925,0.341424972,0.286424279,0.458690524,0.345140427,0.341036409,0.30467844
3608.198179,0.293932945,0.305078834,0.333460808,0.357204229,0.235686511,0.18270655,0.392662555,0.293601513,0.257959276,0.452042162,0.363922805,0.298708379,0.288650751,0.224705786,0.281531364,0.296202868,0.317207247,0.332844436,0.473012179,0.395182163,0.443442822,0.317784607,0.267965734,0.372505844,0.30969736,0.395005196,0.28683126,0.415004849,0.299787343,0.234466255,0.480433822,0.421067983,0.303135067,0.24403064,0.334993243,0.279800653,0.449880958,0.338566214,0.33318457,0.299280316
3610.126665,0.288117766,0.297449619,0.326867908,0.350935549,0.230070695,0.179095283,0.383960158,0.287362218,0.250438839,0.443394125,0.358194292,0.291852325,0.282701552,0.218310788,0.274527103,0.291339725,0.311331064,0.32474938,0.464245856,0.387378991,0.435866863,0.310518384,0.260206699,0.365336597,0.302499533,0.386831284,0.279955894,0.407191396,0.294376403,0.227562577,0.471956283,0.412746698,0.29638803,0.238937646,0.328408509,0.27305904,0.440918893,0.331825018,0.325272143,0.293761164
3612.055152,0.2821787,0.289678514,0.320244402,0.34448877,0.224394545,0.175362974,0.374958366,0.280971795,0.242785394,0.434819758,0.352322489,0.284848899,0.276636124,0.211794481,0.267308921,0.286498487,0.305261374,0.316505373,0.455403537,0.379618764,0.42821759,0.303024918,0.252273172,0.357997686,0.295208722,0.378599286,0.272964716,0.399015486,0.288807392,0.220508337,0.463319033,0.404188424,0.289515942,0.233934522,0.321738333,0.266289175,0.431746155,0.325006396,0.317323446,0.288064897
3613.983638,0.2762613,0.281895399,0.313770741,0.338237941,0.218762636,0.171592653,0.365867853,0.274653673,0.235302284,0.426427126,0.346699148,0.277820677,0.270769626,0.205331057,0.26012519,0.281757653,0.299201876,0.308369815,0.446654081,0.371769607,0.420793891,0.295773178,0.244411156,0.35077104,0.288052648,0.370347202,0.266078681,0.390987098,0.283285439,0.213495106,0.454627901,0.395778865,0.28283143,0.229063407,0.315143406,0.25964579,0.422825634,0.318071961,0.309392214,0.28243643
3615.912125,0.270332217,0.274102688,0.307291746,0.332076967,0.213098943,0.1677275,0.356817275,0.268376857,0.227893114,0.418066144,0.341116041,0.270774782,0.26492542,0.19877924,0.252920568,0.276923805,0.293184668,0.300349206,0.43786943,0.363815784,0.413377106,0.288606614,0.236537203,0.343565732,0.280993253,0.362012655,0.259250253,0.382971317,0.277715981,0.206383958,0.445961535,0.387386888,0.276158899,0.224191204,0.30860135,0.253031015,0.413816512,0.310984939,0.301442772,0.277010769
3617.840611,0.264520198,0.266480714,0.300923228,0.325954109,0.20771347,0.164154232,0.347860098,0.262294412,0.220566154,0.409353286,0.335464895,0.263704598,0.259208411,0.192312777,0.245741218,0.272175997,0.287368357,0.292161703,0.429134816,0.355737209,0.40601927,0.281403422,0.228784427,0.336513191,0.273964345,0.353720218,0.252455682,0.375057191,0.272303492,0.199236661,0.437427461,0.379151821,0.269716442,0.219025865,0.302178651,0.246514112,0.404654205,0.304117054,0.293614447,0.271653324
3619.769097,0.258656085,0.258847922,0.294519424,0.319768488,0.202286229,0.160506919,0.338664383,0.256051511,0.213147253,0.400817245,0.329785138,0.256557286,0.253398985,0.185735121,0.238581583,0.267332137,0.281385064,0.283916831,0.420435816,0.348065495,0.398633063,0.273981035,0.22085914,0.329461753,0.266873091,0.345258832,0.24548322,0.366871655,0.266780466,0.192129061,0.428724706,0.370865405,0.263084412,0.214135349,0.29562059,0.239887178,0.395578235,0.297142953,0.285694689,0.266053855
3621.697584,0.252537102,0.2508035,0.28769961,0.313280642,0.196465462,0.156435326,0.329082489,0.249397889,0.205304012,0.392413974,0.323850393,0.2491045,0.247301042,0.178830683,0.230992153,0.262160033,0.274992764,0.2755602,0.411320359,0.340452194,0.390926361,0.266189635,0.21246089,0.322057515,0.259528458,0.336526811,0.238259345,0.358300924,0.260760397,0.184845746,0.419743836,0.362053663,0.255979568,0.209398076,0.288787276,0.23299022,0.386285663,0.289812922,0.277426004,0.260206193
3623.62607,0.2464654,0.242959559,0.281028062,0.306874901,0.190785304,0.1525525,0.319779128,0.243005037,0.197562128,0.383631915,0.318058312,0.241675496,0.241333395,0.172108933,0.223465785,0.257112265,0.268716931,0.267187446,0.402216136,0.3325288,0.383350998,0.258617342,0.204266101,0.314817727,0.252259433,0.328049988,0.231164753,0.349988192,0.254867047,0.177497208,0.411082536,0.353375405,0.249021411,0.204347432,0.282052785,0.226270169,0.376888335,0.282673806,0.269300997,0.254529923
3625.554557,0.240448162,0.235382885,0.274528414,0.300433725,0.185235947,0.148859128,0.310621828,0.236878112,0.189896137,0.374277949,0.312368035,0.234259784,0.235449508,0.1655709,0.216088921,0.252167314,0.262617558,0.258577496,0.393078029,0.324180067,0.376108795,0.251125425,0.196275711,0.307641476,0.244988859,0.319794744,0.22412537,0.34183377,0.249254286,0.17007941,0.402519524,0.344739765,0.242249161,0.198785737,0.275280923,0.219679102,0.367384523,0.275657684,0.261309475,0.249044895
3627.483043,0.234680399,0.228238642,0.268374085,0.294306785,0.180085987,0.145588011,0.301804692,0.231246665,0.182551369,0.364440411,0.306952089,0.227187604,0.229932919,0.159458548,0.209078491,0.247573793,0.256909072,0.250025302,0.384073198,0.315473109,0.369314551,0.243855864,0.18862842,0.300785154,0.237893686,0.311782956,0.217329487,0.334151179,0.244055778,0.162898093,0.394373417,0.33668828,0.236005887,0.192668289,0.268689275,0.213304728,0.358143091,0.269291669,0.253629297,0.243784592
3629.41153,0.228482962,0.220450237,0.261556208,0.287867635,0.174322367,0.14186956,0.292247385,0.225005746,0.174620569,0.355276227,0.300960749,0.219754949,0.223929286,0.152771741,0.201627105,0.242461219,0.250656426,0.241200432,0.374649614,0.307292968,0.361800879,0.235896096,0.180225983,0.2934753,0.230348542,0.303243667,0.209992319,0.325554013,0.238265172,0.155420855,0.385560483,0.327952951,0.22907348,0.18731603,0.261934072,0.206493139,0.348511755,0.262154311,0.245329082,0.238008082
3631.340016,0.221934929,0.211948663,0.254096627,0.280984491,0.167866066,0.13747178,0.282037288,0.218089774,0.166074395,0.346752167,0.294288903,0.211756736,0.217308551,0.145506084,0.193604499,0.236718804,0.243808135,0.232105717,0.364808977,0.299574196,0.353862762,0.227415264,0.171158269,0.285748541,0.222438693,0.294372201,0.202226609,0.316302985,0.231886461,0.147723034,0.376194894,0.318306506,0.221382692,0.182605356,0.2549389,0.199312612,0.338532656,0.254112512,0.236501768,0.231875524
3633.268503,0.215661958,0.203942075,0.247092515,0.274369955,0.161823481,0.133402422,0.272211283,0.211608365,0.157861233,0.337669343,0.287962139,0.203963965,0.210934058,0.138572544,0.185878858,0.231287867,0.237319514,0.223051339,0.355113178,0.291464627,0.346382588,0.219226092,0.162416637,0.278392136,0.214772373,0.285735995,0.194662601,0.3075279,0.225848645,0.140151054,0.367383838,0.309196919,0.213985473,0.177356541,0.248042479,0.192332551,0.32864055,0.246664017,0.228033543,0.225959271
3635.196989,0.209391102,0.195976019,0.240047455,0.267739922,0.155783713,0.129422054,0.262320846,0.205201328,0.149627164,0.328255326,0.281697154,0.19621025,0.204649568,0.13161464,0.178109124,0.225915611,0.230906636,0.213855699,0.345313698,0.28309378,0.338870466,0.210910738,0.153635442,0.271018237,0.207019851,0.277099192,0.187033251,0.298649043,0.219818443,0.132446378,0.358556837,0.300042599,0.206575304,0.171962112,0.241042107,0.185342625,0.31856364,0.239197612,0.219615176,0.220058918
3637.125476,0.203073844,0.18803747,0.233005002,0.261147857,0.14975211,0.125460073,0.252456516,0.198880732,0.141387776,0.318741232,0.275476605,0.188513443,0.198421612,0.124719433,0.170367643,0.220537797,0.224457875,0.204773128,0.335513562,0.274721891,0.33150962,0.202644482,0.144958183,0.263796777,0.199295089,0.268552452,0.179435551,0.289898396,0.213849172,0.12479388,0.349815667,0.290955424,0.199274838,0.166441828,0.234058335,0.178426355,0.308536947,0.23168312,0.211201772,0.214223668
3639.053962,0.19668074,0.180104673,0.225959197,0.254475534,0.143718377,0.121473067,0.242482364,0.192581773,0.133101076,0.309232801,0.269210011,0.180737942,0.19216691,0.117794804,0.162543893,0.215065882,0.217961401,0.195593715,0.325594753,0.266370416,0.324127793,0.19425647,0.136242419,0.256494552,0.191606686,0.259937167,0.171794683,0.281054974,0.207850158,0.11711669,0.341022968,0.281803846,0.191943482,0.160871893,0.227061272,0.171486422,0.298428804,0.224137366,0.202689528,0.208324939
3640.982449,0.190443084,0.172231391,0.21900849,0.247835547,0.137748584,0.117537454,0.232607961,0.186386883,0.12494345,0.299748868,0.262964636,0.17294687,0.186011538,0.110949188,0.154751822,0.209652677,0.211527318,0.186431691,0.315759629,0.258014113,0.316757023,0.18591629,0.127537742,0.249196246,0.184059814,0.251437932,0.164243758,0.272251844,0.201922923,0.109494343,0.332332879,0.272749841,0.18473132,0.155403331,0.22017011,0.164645642,0.288424641,0.216653571,0.194342434,0.202530622
3642.910935,0.184183151,0.164320558,0.212060273,0.241160765,0.131731927,0.113557883,0.222725034,0.180151418,0.116725072,0.290060341,0.256686091,0.165012836,0.17980969,0.104028992,0.146927819,0.204231113,0.204986259,0.177192539,0.305937141,0.249541029,0.309355915,0.177508682,0.118750438,0.24196212,0.176389948,0.24297221,0.156572953,0.263388038,0.195966572,0.101737075,0.323691607,0.263706923,0.177447587,0.149815246,0.21325703,0.157755807,0.278379947,0.20907411,0.186017573,0.196713001
3644.839422,0.177938953,0.156459123,0.205173671,0.23453927,0.125829116,0.109570824,0.212949783,0.174066544,0.108603418,0.280185372,0.250493169,0.157137766,0.173759297,0.097160816,0.139119893,0.198939338,0.198530868,0.167935222,0.296185702,0.240844473,0.302150398,0.169219941,0.110145457,0.234920442,0.168709546,0.234703243,0.149012312,0.254665881,0.190143451,0.094013892,0.315188795,0.254688442,0.170217708,0.14397274,0.20632267,0.150982067,0.268319845,0.201648086,0.177881449,0.190989941
3646.767908,0.17193523,0.148979545,0.19864133,0.228205025,0.120372146,0.105925463,0.2035117,0.168437988,0.100851379,0.269961089,0.244689018,0.149615183,0.168037802,0.090615056,0.13162291,0.193894237,0.192386314,0.15887253,0.286597699,0.231928214,0.295312524,0.161273688,0.101913616,0.228224427,0.161326528,0.226711005,0.141789541,0.246372789,0.184670582,0.086541504,0.307055503,0.246259958,0.163451672,0.137821838,0.199572921,0.144542083,0.258445323,0.194715127,0.170124695,0.185538605
3648.696394,0.165828884,0.141381338,0.191974789,0.221781835,0.114773951,0.102247432,0.193832994,0.162706986,0.092977166,0.260007411,0.238698512,0.141978711,0.162194341,0.083918616,0.124019101,0.188646823,0.186072096,0.14978379,0.276969373,0.223392978,0.28830722,0.15311183,0.093494348,0.221365318,0.153869465,0.218607396,0.134429619,0.23781842,0.178974077,0.079017252,0.298777461,0.237789318,0.156584457,0.131993234,0.192836091,0.138014913,0.248566315,0.187565088,0.162213385,0.179921016
3650.624881,0.159349218,0.133268028,0.184757069,0.215041637,0.108537681,0.097997434,0.183609009,0.156323537,0.084637031,0.250998437,0.232096538,0.133995414,0.155890137,0.076782964,0.116024755,0.182936698,0.17921856,0.140590027,0.267178088,0.215600297,0.280810028,0.144505799,0.08454144,0.213992164,0.146105915,0.210055918,0.126579612,0.228643119,0.172727466,0.071295403,0.290036589,0.228741512,0.149063185,0.126907319,0.185874656,0.131118536,0.238487139,0.17973654,0.15376316,0.173813686
3652.553367,0.152833402,0.12501584,0.177342683,0.208167627,0.102036782,0.093400076,0.173298582,0.149672925,0.076178573,0.242382243,0.225396276,0.12592724,0.149400994,0.069451138,0.107936487,0.176978946,0.172242507,0.131387308,0.257373035,0.207990065,0.273263782,0.13578482,0.075434275,0.206464827,0.138298437,0.201488972,0.118663236,0.219351038,0.166382268,0.06354484,0.281212419,0.219436079,0.141317979,0.122055881,0.178804874,0.124137856,0.228486657,0.171592787,0.145237103,0.16766043
3654.481854,0.146840423,0.117456265,0.170612484,0.201733828,0.096282229,0.089385144,0.16379647,0.143852726,0.068476416,0.233246237,0.219389319,0.118378088,0.143550754,0.062738195,0.100417159,0.171627194,0.165902272,0.122560926,0.24809669,0.199912384,0.266500682,0.127733856,0.06708888,0.19966498,0.130941436,0.19368048,0.111403733,0.210933417,0.160722107,0.056172691,0.273086727,0.21091336,0.134415582,0.1165656,0.172100469,0.117718235,0.219062492,0.164324611,0.137518391,0.162063554
3656.41034,0.140825331,0.109964475,0.163933307,0.195324346,0.09059497,0.0854159,0.154367059,0.138058752,0.060846921,0.224290714,0.213322431,0.11097683,0.137725592,0.056127273,0.092936784,0.166310877,0.159490392,0.113784418,0.238909319,0.192054614,0.259694219,0.119727321,0.058793541,0.192911431,0.123551302,0.185863271,0.104068048,0.202545658,0.154973641,0.048826452,0.265029609,0.202586219,0.127616838,0.111125387,0.165470898,0.111356094,0.209592402,0.157165632,0.129818022,0.156368345
3658.338827,0.134712964,0.102296419,0.157003775,0.188763738,0.084562421,0.081133328,0.144829676,0.131977722,0.053047311,0.215997159,0.207024351,0.10352879,0.131670967,0.049308252,0.085341081,0.160736725,0.152866662,0.105064034,0.229802594,0.184777573,0.252678394,0.111575082,0.050361052,0.185975596,0.11609631,0.178013265,0.0966933,0.193925902,0.14899081,0.041519418,0.256927341,0.194017798,0.12057367,0.106241256,0.158808589,0.104913659,0.200221002,0.149678662,0.121980928,0.150578797
3660.267313,0.12891081,0.095011562,0.150396571,0.182505429,0.078869544,0.077130221,0.135759607,0.126280263,0.045634523,0.207665429,0.201136902,0.096369892,0.125934288,0.04281592,0.07807,0.15538992,0.146535411,0.096672885,0.221047729,0.177525625,0.246126518,0.103756979,0.042335868,0.179383442,0.10894163,0.17050688,0.089739278,0.185791343,0.143363565,0.034507684,0.249141291,0.185891733,0.113897718,0.101173714,0.15236862,0.098745905,0.19128561,0.142686248,0.114514798,0.145013437
3662.1958,0.123296201,0.087964833,0.144016445,0.176374808,0.073381089,0.073225915,0.127016693,0.12072964,0.038497608,0.199582234,0.195394814,0.089459933,0.120413713,0.036533412,0.071023859,0.150115028,0.140430376,0.088519827,0.212591082,0.170464754,0.239832386,0.096168354,0.034573637,0.172934473,0.101997815,0.163248003,0.082997575,0.17794773,0.137924924,0.027684972,0.241591394,0.178086922,0.107459456,0.096208394,0.146128446,0.092721418,0.182602331,0.135902897,0.10729824,0.139617234
3664.124286,0.117872737,0.081301145,0.137971535,0.170441195,0.0682346,0.069536954,0.118769005,0.115512177,0.03179048,0.19177334,0.189904466,0.082939394,0.115215458,0.030573046,0.064361691,0.145182833,0.134650126,0.080742076,0.204534888,0.163601756,0.233823374,0.089028031,0.027218854,0.166829064,0.095355541,0.156351462,0.076620117,0.170482531,0.132793605,0.021162951,0.234520391,0.170742422,0.101413369,0.091331258,0.140130058,0.086994231,0.174364701,0.129451156,0.100464374,0.134523839
3666.052773,0.112686723,0.074958973,0.132195517,0.164760277,0.063363515,0.066029631,0.110949911,0.110620908,0.025421031,0.184123099,0.184749931,0.076706007,0.110233352,0.024906917,0.057980914,0.140497223,0.129068971,0.073328428,0.196843892,0.156909332,0.228098005,0.082236305,0.020249166,0.161032692,0.088981196,0.149734616,0.070564382,0.163449004,0.127907231,0.014929798,0.227788106,0.163725629,0.095725447,0.086379759,0.134313956,0.081575043,0.166549534,0.123368114,0.09398815,0.129607648
3667.981259,0.107972078,0.069245137,0.126959875,0.159483641,0.059068553,0.062957592,0.103848174,0.106321119,0.01968026,0.176389933,0.18021661,0.070937775,0.105701879,0.019807177,0.052173369,0.136215106,0.124008887,0.066420883,0.189782739,0.150165483,0.222977787,0.075956188,0.014000331,0.155781239,0.083066568,0.143718392,0.065104596,0.157172278,0.123575024,0.0091101,0.221672416,0.157464296,0.090739891,0.081130445,0.128930852,0.076636039,0.159312516,0.118109234,0.088145025,0.125184879
3669.909746,0.103374593,0.063731484,0.121877871,0.154367372,0.054886706,0.059985425,0.096922055,0.10198807,0.014129741,0.169277638,0.175752655,0.065433174,0.101292416,0.014898591,0.046624232,0.131950423,0.118995443,0.059811242,0.18290396,0.143983051,0.217975378,0.069851205,0.007859693,0.150642008,0.077300422,0.137808487,0.059743598,0.151002422,0.119163401,0.003484263,0.215585187,0.151600525,0.085885502,0.076290727,0.123828366,0.071805686,0.152306005,0.113020815,0.082366638,0.120799504
3671.838232,0.098711275,0.057924122,0.116502531,0.149013132,0.050200313,0.056517456,0.089899421,0.097207367,0.008356503,0.1632604,0.170906499,0.059876539,0.09663704,0.00971928,0.04086129,0.127321348,0.113718487,0.053321879,0.176150247,0.138675258,0.212716222,0.063719749,0.001456706,0.145230398,0.071514413,0.131756455,0.054267839,0.144605398,0.114392392,-0.002131325,0.2093613,0.145255283,0.080643117,0.072396547,0.118645571,0.066777922,0.145462081,0.107318409,0.076386191,0.116211668
3673.766719,0.094577312,0.052952819,0.111846119,0.144176826,0.046359956,0.053684928,0.083866626,0.093310073,0.003412189,0.15692465,0.166850001,0.055003993,0.092635207,0.005267084,0.035767078,0.123377688,0.109197639,0.047392342,0.170134768,0.13315025,0.208141699,0.058311891,-0.004056477,0.140534475,0.066282578,0.126325086,0.049608886,0.139164492,0.110387325,-0.007252087,0.204012632,0.139819965,0.076284431,0.06799303,0.113910466,0.06233567,0.13936615,0.102644943,0.071163461,0.112191357
3675.695205,0.090614706,0.048281383,0.107461818,0.139741525,0.042793561,0.051036522,0.078043051,0.089530729,-0.001237512,0.151300892,0.162987754,0.050470833,0.088775046,0.001106459,0.03105377,0.119639039,0.104812346,0.041899268,0.164380059,0.128222898,0.203730762,0.053077247,-0.009321093,0.136026725,0.061221931,0.121101342,0.045133084,0.133893624,0.106402792,-0.012038962,0.198743522,0.134961843,0.072180986,0.063976564,0.109529622,0.058151741,0.133594528,0.098339684,0.066129319,0.108225472
3677.623691,0.086473629,0.043177783,0.10257218,0.134977818,0.038527094,0.047704924,0.071881667,0.085112453,-0.006259475,0.146986067,0.158621132,0.045669515,0.084454067,-0.003491824,0.026078107,0.115422972,0.099978246,0.036518525,0.158719465,0.124258161,0.198931471,0.047599506,-0.014967086,0.131110206,0.056055207,0.115661822,0.040333565,0.128159389,0.101993434,-0.016836481,0.193119437,0.129442751,0.067503273,0.061103802,0.104974993,0.053700358,0.127844512,0.09328901,0.060750328,0.103962742
3679.552178,0.082666308,0.038511354,0.098041303,0.130455315,0.034645233,0.044664212,0.06634371,0.081171289,-0.010777261,0.142581582,0.1547025,0.041273225,0.080516398,-0.007711879,0.021446653,0.111557625,0.095520861,0.031482406,0.153645411,0.12035884,0.194589272,0.042604662,-0.020092117,0.126636237,0.051330183,0.110627234,0.036015548,0.12305513,0.098007925,-0.021268385,0.18799524,0.124356382,0.063303389,0.058033109,0.100698724,0.049593087,0.122618794,0.088765465,0.055843133,0.100080326
3681.480664,0.079186052,0.03424374,0.09396708,0.126331016,0.031232638,0.041972864,0.061327524,0.077652439,-0.014846447,0.138216898,0.151194245,0.037330344,0.076987088,-0.01149566,0.017249275,0.108110189,0.091490529,0.026823575,0.149025723,0.116549544,0.190668046,0.038061276,-0.024736172,0.122588605,0.046954121,0.106032662,0.032210946,0.118492149,0.094339699,-0.025325704,0.183273911,0.119970299,0.059627842,0.054782908,0.096797973,0.045822557,0.117849998,0.084767714,0.051425882,0.096564196
3683.409151,0.075979136,0.030317038,0.090131409,0.122439131,0.028075652,0.039438423,0.056698777,0.074335128,-0.01864339,0.13413617,0.147922352,0.033611193,0.073678747,-0.015035493,0.013343221,0.104851164,0.087767057,0.022505812,0.144781739,0.112896316,0.186946422,0.03383017,-0.02903638,0.11877846,0.042809609,0.10170798,0.028754758,0.114297837,0.090886794,-0.029096361,0.17888236,0.11587283,0.056181617,0.051646911,0.093114451,0.042312361,0.113422692,0.081031263,0.047309276,0.093302265
3685.337637,0.073218398,0.027090222,0.086885229,0.119029239,0.02549215,0.037424386,0.052755244,0.07161586,-0.021753503,0.129867911,0.145253286,0.030323092,0.070857801,-0.018019222,0.009953883,0.102045454,0.084620461,0.018640749,0.141028181,0.109141082,0.183772489,0.030176086,-0.032630686,0.115578204,0.039172709,0.097933583,0.025804587,0.110843405,0.088021584,-0.032458052,0.175170392,0.11241591,0.05332182,0.048261121,0.089815393,0.039298832,0.109555982,0.078042902,0.043761808,0.090557911
3687.266124,0.070749812,0.024374388,0.08414299,0.116093397,0.023468433,0.035875,0.049378145,0.069405369,-0.024292637,0.125559762,0.143091217,0.027571782,0.068529695,-0.020435508,0.007065996,0.099673092,0.081990555,0.015212282,0.137649775,0.105451703,0.181040436,0.027012084,-0.035653692,0.112880953,0.035986949,0.094601557,0.02324474,0.107838646,0.08565338,-0.035428241,0.171886578,0.109646268,0.051110744,0.044757295,0.086920813,0.036654402,0.106166273,0.075701803,0.040667064,0.088166557
3689.19461,0.068193384,0.021422088,0.081217609,0.113182813,0.02121185,0.034035806,0.045838796,0.066894822,-0.027082214,0.122338571,0.140611902,0.024883131,0.065982714,-0.023005182,0.004130641,0.097153589,0.079112351,0.011948721,0.134373441,0.102690682,0.178030282,0.023775058,-0.038932092,0.109952778,0.032799207,0.091142319,0.020522226,0.10455405,0.082960121,-0.038260736,0.168309718,0.106726974,0.048627529,0.042210769,0.084151633,0.033935227,0.102862276,0.072979763,0.037383214,0.085549451
3691.123097,0.065489873,0.01809481,0.077895336,0.110052846,0.018464355,0.031733535,0.042038016,0.063990213,-0.030217944,0.12000566,0.137733728,0.02194724,0.063058577,-0.025959054,0.000940469,0.094351575,0.075876713,0.008666425,0.131119862,0.100578941,0.174731657,0.020368524,-0.042528026,0.10680525,0.029527606,0.087459937,0.017634684,0.101097614,0.07994616,-0.041140962,0.164465576,0.103397883,0.045641117,0.040491346,0.08128228,0.030970268,0.099567689,0.069648601,0.03384006,0.082745604
3693.051583,0.06308651,0.015196793,0.07487759,0.107240289,0.016085612,0.02977987,0.038742363,0.061507609,-0.032865137,0.117595218,0.135243103,0.019342113,0.060518809,-0.028519778,-0.001902188,0.091837525,0.073066622,0.005723907,0.128211781,0.098435387,0.17182897,0.017359883,-0.045633379,0.104116686,0.026603561,0.084105991,0.015149128,0.098127671,0.077351063,-0.043712683,0.160995156,0.100497939,0.043103728,0.038678888,0.078713752,0.028301846,0.096663192,0.066793777,0.030713134,0.080347136
3694.98007,0.060926251,0.012734069,0.072246499,0.104734674,0.014058817,0.028125674,0.035826247,0.059352033,-0.03514979,0.115191013,0.133080244,0.017056253,0.058256652,-0.030710034,-0.004371773,0.089616232,0.070654042,0.003098152,0.12557736,0.096346118,0.169204667,0.014624882,-0.048361406,0.101725459,0.023935454,0.08110524,0.012942366,0.09544263,0.075073071,-0.046005875,0.157891363,0.097973883,0.040972844,0.036817912,0.076458499,0.025973374,0.09405902,0.064404577,0.027924038,0.078278333
3696.908556,0.05888629,0.01053883,0.069879852,0.10240113,0.012232481,0.02661564,0.03319015,0.057403233,-0.037245397,0.112844467,0.131130978,0.015012207,0.056211852,-0.032707304,-0.006600811,0.087571137,0.068548925,0.000660634,0.123144545,0.094324194,0.166802272,0.012083659,-0.050818171,0.099524871,0.021464253,0.078340977,0.011003298,0.093059473,0.073011562,-0.048131369,0.155130252,0.095700897,0.039081801,0.034874547,0.0743462,0.023825087,0.091610022,0.062275954,0.025364086,0.076365985
3698.837043,0.057028908,0.008548871,0.067741983,0.100309253,0.010569852,0.025269559,0.030821986,0.055689864,-0.039112289,0.110497303,0.129343942,0.01320186,0.054335076,-0.034515619,-0.008612565,0.08568874,0.066617303,-0.001578663,0.120909244,0.092292957,0.164576352,0.009786009,-0.053052891,0.097515032,0.019209566,0.075735688,0.009289334,0.091000378,0.071127206,-0.050134867,0.15254283,0.093687087,0.037377644,0.032868974,0.07234145,0.021780919,0.089332648,0.060407322,0.023010528,0.074616477
3700.765529,0.055291515,0.006719211,0.065678306,0.09835764,0.009094428,0.024011387,0.028583607,0.054109376,-0.040858682,0.108206809,0.12768881,0.01148978,0.052504014,-0.036158856,-0.010443863,0.083951652,0.064734861,-0.00368534,0.118795119,0.090306886,0.162453979,0.007634883,-0.055112362,0.095587954,0.017063227,0.073228903,0.007664322,0.08909151,0.069310278,-0.052040327,0.149981022,0.091853671,0.035818908,0.030903168,0.07044705,0.019822812,0.087242238,0.058695558,0.02076553,0.072993971
3702.694016,0.053584479,0.004960916,0.063610584,0.096432023,0.00768147,0.022744313,0.026411207,0.052464277,-0.042583875,0.106320754,0.125988111,0.009843874,0.05072007,-0.037719063,-0.012167548,0.082253836,0.06290213,-0.005711797,0.116755016,0.088739857,0.160343736,0.005573568,-0.057162419,0.093663014,0.014940039,0.070822299,0.006043966,0.08716777,0.067462482,-0.053788032,0.147466108,0.090062641,0.034260429,0.029220877,0.068692446,0.017927989,0.085237369,0.056983888,0.01853333,0.071326926
3704.622502,0.051873494,0.003095796,0.061474238,0.094380446,0.006026897,0.021354847,0.024268609,0.050705243,-0.044397764,0.104582295,0.124185577,0.008097248,0.048837803,-0.039366599,-0.013986556,0.080427371,0.06105002,-0.007786124,0.114705406,0.087250195,0.158124775,0.003464269,-0.059335355,0.091716774,0.012795884,0.068430275,0.004373233,0.085208409,0.06567724,-0.055535439,0.144969687,0.088061579,0.03255266,0.027709031,0.066855296,0.015932633,0.083186194,0.0551465,0.016182775,0.069625668
3706.550988,0.050359681,0.001597041,0.059644017,0.092594907,0.004684321,0.02032076,0.0225606,0.049415827,-0.045904044,0.102470279,0.122754112,0.006642547,0.047225852,-0.040683307,-0.015534658,0.078843661,0.059523799,-0.009686667,0.112837993,0.085488014,0.156339154,0.001636198,-0.0610657,0.090115033,0.010930283,0.066383377,0.003004062,0.083703086,0.06429448,-0.057053238,0.142897144,0.086447276,0.031230196,0.025889983,0.065171838,0.014178691,0.081379227,0.053783778,0.014175022,0.068243831
3708.479475,0.048957203,0.000365208,0.057986669,0.091000795,0.003574806,0.019513264,0.021135462,0.048414208,-0.04725283,0.100271098,0.121486306,0.005425906,0.045758005,-0.041773528,-0.016832195,0.077506736,0.058233462,-0.011475355,0.111054242,0.083672352,0.154782996,-1.05E-05,-0.062585369,0.088724904,0.009226812,0.064586408,0.001792983,0.082412489,0.063076094,-0.058409847,0.141084701,0.085036129,0.030084815,0.023936069,0.063652106,0.012589365,0.079771422,0.052715354,0.012432811,0.067033544
3710.407961,0.047744259,-0.000706033,0.056470767,0.089570627,0.0026617,0.018871689,0.019904025,0.047565475,-0.048477072,0.098159336,0.12035241,0.00441587,0.044429068,-0.042686433,-0.01787648,0.076351561,0.057172954,-0.013147902,0.109421022,0.081867985,0.153360367,-0.001520977,-0.063953787,0.08752121,0.007628152,0.062929198,0.000711177,0.081285089,0.062021442,-0.059658259,0.13942568,0.083827086,0.029123509,0.021969711,0.062334146,0.011117991,0.078306772,0.051863715,0.010850494,0.066000953
3712.336448,0.046419457,-0.002037578,0.054741044,0.08805012,0.001480794,0.018036062,0.018377749,0.046341449,-0.049937122,0.096683048,0.118849911,0.003320692,0.042827647,-0.043803297,-0.019054122,0.07497552,0.055873439,-0.014802017,0.107729584,0.080596946,0.15173246,-0.003211968,-0.065601878,0.086073518,0.005897904,0.061085459,-0.00060481,0.079869412,0.060744308,-0.060953029,0.137456521,0.08249145,0.027907645,0.020600652,0.06101862,0.009473222,0.076757818,0.05066609,0.008977039,0.064708956
3714.264934,0.044890415,-0.003795239,0.052685264,0.086221904,-0.000197185,0.016703529,0.016479203,0.044646434,-0.05169034,0.095708005,0.117036276,0.001839783,0.040929046,-0.045358188,-0.020686291,0.073273599,0.054196429,-0.016504593,0.105973132,0.079709768,0.149692267,-0.00517102,-0.06758742,0.084318072,0.004025118,0.058979586,-0.002140118,0.078097306,0.059136406,-0.062426712,0.135106683,0.080600962,0.026233254,0.019824885,0.059492879,0.007635809,0.075146258,0.048828848,0.006776964,0.063111573
3716.193421,0.043644164,-0.005173156,0.05113652,0.084797211,-0.001341935,0.015631659,0.014939868,0.043426275,-0.05285218,0.094547153,0.115834072,0.000657896,0.039669551,-0.046576407,-0.022032263,0.071964905,0.052873053,-0.017803028,0.104656309,0.078734465,0.148001149,-0.006625448,-0.069035016,0.083003275,0.002567074,0.057172682,-0.003212426,0.076786213,0.057833947,-0.063671768,0.133212015,0.07925722,0.025086345,0.018839726,0.058249503,0.006278108,0.073868647,0.047426604,0.005121424,0.061945632
3718.121907,0.042445347,-0.006435381,0.049820196,0.083582036,-0.002202912,0.014655928,0.013519008,0.042364661,-0.05373355,0.093419433,0.114889845,-0.000415126,0.03865692,-0.047618154,-0.023257179,0.070833437,0.051707704,-0.018899314,0.103478216,0.077798009,0.146433398,-0.007845103,-0.070318468,0.081844419,0.001337568,0.055416506,-0.004093908,0.075576022,0.056599189,-0.064817883,0.131469637,0.078272544,0.02420252,0.017810592,0.057117347,0.005075347,0.072712123,0.046216067,0.003708548,0.060984723
3720.050394,0.04137079,-0.007592085,0.048673619,0.082523681,-0.002910436,0.013788239,0.012266236,0.041435909,-0.054479137,0.092266873,0.114100382,-0.001449212,0.037697516,-0.048575252,-0.02439796,0.069804102,0.050653458,-0.019939061,0.102403939,0.07680016,0.144973934,-0.008965985,-0.071437649,0.080784149,0.000198521,0.053706601,-0.004874406,0.074476093,0.05545935,-0.065897755,0.129803166,0.077477574,0.023448916,0.016713109,0.056062609,0.003971482,0.071659885,0.045130286,0.002391754,0.060101219
3721.97888,0.04038864,-0.008665148,0.04752741,0.081521891,-0.003658161,0.012985343,0.011037461,0.040500231,-0.055265538,0.091245614,0.113250196,-0.002374274,0.036686573,-0.049525719,-0.025452733,0.06883011,0.04957797,-0.020940809,0.101369277,0.075925864,0.143571377,-0.010043881,-0.072544225,0.079688728,-0.000957844,0.052082758,-0.005679175,0.073433034,0.054384939,-0.066940568,0.128119275,0.076699495,0.022685245,0.015719419,0.055016216,0.002863919,0.070644684,0.044046901,0.001075474,0.059168227
3723.907367,0.039438635,-0.009667576,0.046354815,0.080479376,-0.004453965,0.012185819,0.009859119,0.039555054,-0.0560956,0.090234257,0.112388618,-0.003226566,0.035654467,-0.050418325,-0.026472673,0.067902111,0.048542596,-0.021873681,0.100335576,0.075118445,0.142308503,-0.011111203,-0.073625445,0.078644142,-0.002042992,0.05057605,-0.006422008,0.072489038,0.053335641,-0.067913927,0.126511455,0.075828083,0.021948511,0.014785843,0.053991988,0.001745975,0.069706343,0.043075308,-0.000158325,0.058311611
3725.835853,0.038486667,-0.01055899,0.045319919,0.079530321,-0.005106817,0.01151355,0.008785441,0.038712498,-0.056823529,0.089262925,0.111578368,-0.003997058,0.034703784,-0.051206321,-0.027340923,0.067017712,0.047607321,-0.022763614,0.099362478,0.074331023,0.141137123,-0.012121962,-0.074625231,0.077727832,-0.003085035,0.04910288,-0.007165698,0.071619958,0.052352183,-0.068799958,0.125044733,0.075133182,0.02130481,0.013887797,0.05311203,0.000720169,0.068741746,0.042287335,-0.001307907,0.057515569
3727.76434,0.037421342,-0.011645535,0.044060878,0.078375891,-0.006018428,0.010685407,0.007639491,0.037702195,-0.057765424,0.088537022,0.110572897,-0.004911826,0.033592451,-0.052165665,-0.028343134,0.065939479,0.046600219,-0.023811562,0.098309137,0.073637322,0.139733076,-0.013235179,-0.07580024,0.076615825,-0.004257112,0.047610022,-0.008052239,0.070606723,0.051387448,-0.069746852,0.123456553,0.074172236,0.020404588,0.01323684,0.052114893,-0.000477529,0.067706645,0.041201036,-0.00265937,0.056615725
3729.692826,0.036646258,-0.01232347,0.043090157,0.077508576,-0.006551214,0.010226471,0.006913837,0.037167367,-0.058424029,0.087352447,0.109862268,-0.005537417,0.032751046,-0.052769437,-0.029046245,0.065190703,0.045965534,-0.024743954,0.0973958,0.072631992,0.138743415,-0.014056901,-0.076569043,0.075865217,-0.005192247,0.046511762,-0.008580817,0.070021212,0.050775517,-0.070501767,0.122274064,0.073516399,0.019824725,0.012093333,0.051301748,-0.001449036,0.066928513,0.04061991,-0.003725347,0.056036711
3731.621312,0.035937168,-0.012824025,0.042187713,0.076778889,-0.00694249,0.009951531,0.006320891,0.03681092,-0.05899252,0.086001933,0.109235793,-0.006024698,0.031924624,-0.053194761,-0.029585183,0.064580426,0.045461655,-0.025662577,0.096489891,0.071484968,0.13791807,-0.014847787,-0.077250324,0.075256668,-0.006093349,0.045478933,-0.009071356,0.069539271,0.050214149,-0.071187168,0.12122453,0.072987638,0.019381274,0.010697735,0.050542813,-0.002334028,0.066105813,0.040249676,-0.004703893,0.055480018
3733.549799,0.035150897,-0.013471162,0.041166984,0.075877734,-0.007544675,0.009575866,0.005646492,0.036353182,-0.059722595,0.084767275,0.108558387,-0.006537204,0.031017641,-0.053726364,-0.030214064,0.063841343,0.044884559,-0.026629454,0.095559999,0.070396289,0.137043849,-0.015745798,-0.078051552,0.074511252,-0.007087668,0.044398472,-0.009696264,0.068935871,0.049603466,-0.071897551,0.120122962,0.072314709,0.018842854,0.009411888,0.049759857,-0.003304434,0.065265,0.039775778,-0.005766687,0.05483209
3735.478285,0.034292262,-0.014161089,0.04010538,0.074921548,-0.008226529,0.009128854,0.004833373,0.035742972,-0.06058912,0.083728299,0.10768906,-0.007066957,0.030044777,-0.054370947,-0.030833017,0.063026205,0.044199202,-0.027601037,0.094568916,0.069507711,0.136072442,-0.0167439,-0.079000399,0.073696904,-0.008133667,0.043268844,-0.010445787,0.068186089,0.048929159,-0.072627701,0.118924141,0.071597181,0.018185891,0.008339367,0.048987143,-0.0043873,0.064418778,0.039255746,-0.006982124,0.054089162
3737.406772,0.033270605,-0.015128552,0.038697854,0.073812991,-0.009250174,0.00834269,0.003759434,0.034707237,-0.06172882,0.083186932,0.106479205,-0.007860861,0.028754964,-0.055228364,-0.031666394,0.062003996,0.043253198,-0.0286703,0.09344238,0.068999015,0.134762838,-0.017961651,-0.080257848,0.072620623,-0.009349845,0.041936465,-0.011391357,0.067158967,0.047975421,-0.073437735,0.117429979,0.070503108,0.01717741,0.007784419,0.048042469,-0.005648511,0.063416146,0.03829946,-0.008457934,0.053116657
3739.335258,0.032217726,-0.016255129,0.037179191,0.072600484,-0.010487471,0.007362121,0.002629968,0.033573817,-0.062943526,0.08269015,0.105170123,-0.00878993,0.02733854,-0.056176081,-0.032689147,0.060828749,0.04219795,-0.02981996,0.092247091,0.0684864,0.133391127,-0.019192969,-0.08159066,0.071515113,-0.010650532,0.040538557,-0.012374638,0.066073999,0.046917677,-0.074331813,0.115900271,0.069170006,0.015971163,0.007266871,0.047002342,-0.00696607,0.06239108,0.037127882,-0.009996881,0.052092601
3741.263745,0.031608015,-0.016739432,0.036302317,0.071708851,-0.011007119,0.00700767,0.002259379,0.033259451,-0.063495241,0.081290305,0.104615457,-0.009278279,0.026578913,-0.056581456,-0.033239391,0.060173526,0.041821953,-0.030761665,0.091404073,0.067216188,0.132664308,-0.019847421,-0.082148694,0.071078971,-0.011491597,0.039763197,-0.012770833,0.065789811,0.046570506,-0.074957885,0.115104914,0.068500623,0.015522258,0.005840087,0.046246745,-0.007853848,0.061807662,0.036780726,-0.010855897,0.051711708
3743.192231,0.031483606,-0.016362114,0.036240615,0.071550056,-0.010449969,0.007598979,0.002624742,0.03384639,-0.0632402,0.079299688,0.104926921,-0.009077908,0.026586717,-0.056207437,-0.033021979,0.060320582,0.042105883,-0.031232225,0.091074415,0.065605693,0.132670596,-0.019864662,-0.081871964,0.071214631,-0.011811418,0.03955365,-0.012545948,0.066299446,0.046874154,-0.075130872,0.11503306,0.06908492,0.016077578,0.003788975,0.046087336,-0.008075952,0.061679855,0.037583731,-0.010970396,0.051905949
3745.120718,0.030724373,-0.016905945,0.035313275,0.07087484,-0.010980076,0.007233283,0.001867668,0.03322757,-0.063923076,0.078762405,0.10412842,-0.009530935,0.025665715,-0.056706082,-0.033508386,0.05962256,0.041386917,-0.031951956,0.090280056,0.065181002,0.131706983,-0.020721158,-0.082736462,0.070382237,-0.012699739,0.038446762,-0.013169743,0.065600738,0.046130009,-0.075706244,0.113866262,0.068647303,0.015475153,0.003211947,0.045494065,-0.00893127,0.060958926,0.037038576,-0.012090058,0.051191688
3747.049204,0.029737759,-0.018013721,0.033885829,0.069695815,-0.012265231,0.006185858,0.000754235,0.032041613,-0.065057158,0.078603268,0.102909371,-0.01047493,0.024351114,-0.05773028,-0.034539349,0.058460258,0.040355723,-0.032896429,0.08928974,0.06496162,0.130287603,-0.021926679,-0.084023386,0.069243163,-0.013815203,0.037061576,-0.014077902,0.064480312,0.045053676,-0.076552242,0.112301446,0.067256741,0.014256845,0.003103247,0.044486169,-0.010186729,0.060026452,0.035673559,-0.013525045,0.050255936
3748.977691,0.029255636,-0.018205389,0.033344891,0.06923382,-0.01244999,0.00608189,0.000554071,0.031944156,-0.06529358,0.077393658,0.102678806,-0.010714356,0.023902448,-0.057930022,-0.034879729,0.058138777,0.040136062,-0.033458337,0.088770233,0.063952535,0.12974672,-0.022390913,-0.084343053,0.068997063,-0.014406035,0.036350228,-0.014244247,0.06436494,0.044829108,-0.077010751,0.111677021,0.06703613,0.01414365,0.001883048,0.044009116,-0.010823142,0.059603713,0.035628099,-0.014077325,0.050035235
3750.906177,0.028618785,-0.018554863,0.032659672,0.0687702,-0.012746102,0.005841235,5.15E-05,0.031608824,-0.065690689,0.07672704,0.102175288,-0.010997249,0.023294691,-0.058269423,-0.035248201,0.057626691,0.039667182,-0.0340202,0.088163234,0.063390985,0.12901552,-0.023004455,-0.084899224,0.068506643,-0.015082424,0.035490561,-0.014629605,0.063977569,0.044326838,-0.077454142,0.110800438,0.06688416,0.013863629,0.001104137,0.043564174,-0.01149557,0.059091158,0.035407521,-0.01491432,0.049588472
3752.834664,0.027654821,-0.019650886,0.0313113,0.067749478,-0.013880214,0.004844699,-0.001184554,0.030421885,-0.066735297,0.076834597,0.100955971,-0.011816524,0.022057265,-0.059229996,-0.036121305,0.056470416,0.038532797,-0.034832165,0.087200977,0.063477784,0.127624184,-0.024136838,-0.086156681,0.067299753,-0.0161692,0.034150466,-0.015622064,0.062783733,0.043164499,-0.078216426,0.109146707,0.065875806,0.012760613,0.00115076,0.042763598,-0.012664152,0.058199052,0.034173079,-0.016371531,0.048565242
3754.76315,0.026681945,-0.020799074,0.029896026,0.06659665,-0.015095156,0.003739461,-0.00241485,0.029202126,-0.067806907,0.076822668,0.099782608,-0.01271042,0.020747101,-0.060257453,-0.037096065,0.055252269,0.037362453,-0.035660099,0.086196817,0.063490048,0.126183093,-0.025319988,-0.087422617,0.066077814,-0.017288424,0.032786164,-0.01657483,0.061577197,0.042014539,-0.07906086,0.107497104,0.064625442,0.011596492,0.001221631,0.041832928,-0.013937815,0.057301722,0.032808907,-0.01776335,0.047494225
3756.691637,0.025992705,-0.021452235,0.028924575,0.06580393,-0.015699849,0.003134526,-0.003074023,0.028629376,-0.068384185,0.076269992,0.099113196,-0.013286716,0.019907314,-0.060877454,-0.037751745,0.054523055,0.036704604,-0.03629918,0.08549922,0.063026443,0.12519291,-0.026092989,-0.088149153,0.065376654,-0.018047463,0.031804521,-0.017043248,0.061015707,0.041329209,-0.079649322,0.106451988,0.063939199,0.011007993,0.000694065,0.041138083,-0.014769901,0.056764714,0.032123953,-0.018656312,0.046884853
3758.620123,0.025426425,-0.021835476,0.028261436,0.065302603,-0.016007423,0.002848253,-0.003505778,0.028306998,-0.068757281,0.075596943,0.098627843,-0.013635637,0.019328559,-0.061238833,-0.038182482,0.05406243,0.036242258,-0.036815491,0.084966049,0.06244453,0.124444708,-0.026653279,-0.088669047,0.064929068,-0.018626908,0.030954275,-0.017395522,0.060686879,0.040830631,-0.080122463,0.105564825,0.063645259,0.010720806,-4.59E-05,0.04070811,-0.015400648,0.056359924,0.031782545,-0.019382171,0.046453834
3760.548609,0.024760021,-0.022453247,0.027414337,0.064641744,-0.016649647,0.002324555,-0.004174901,0.027635831,-0.069359407,0.07524702,0.097949669,-0.01410578,0.018544795,-0.061793417,-0.03875494,0.053350605,0.03558128,-0.03738239,0.084329598,0.062115688,0.123494647,-0.027365627,-0.089394972,0.064253986,-0.019374223,0.029909236,-0.017948529,0.060065091,0.040146563,-0.080697179,0.104405224,0.06310115,0.010139181,-0.000391597,0.040168483,-0.016222222,0.055782173,0.031098405,-0.02032355,0.045847692
3762.477096,0.024167677,-0.023075068,0.026530381,0.063935533,-0.01726233,0.001784754,-0.004823721,0.027023716,-0.069938295,0.074783869,0.097283341,-0.014590137,0.017771641,-0.062340412,-0.039326198,0.05268411,0.034970544,-0.037973635,0.083729632,0.061709587,0.122599229,-0.028049974,-0.090097122,0.063599102,-0.020148342,0.028908122,-0.018431963,0.059502859,0.0395176,-0.08124198,0.103353083,0.062582068,0.009584366,-0.000889739,0.039534468,-0.017015951,0.055187799,0.030456578,-0.021213524,0.045266666
3764.405582,0.023649678,-0.023469895,0.025899705,0.063394524,-0.017597709,0.001439426,-0.005238971,0.02669456,-0.070312224,0.074175611,0.096786395,-0.014916591,0.017208094,-0.062669657,-0.03969432,0.052220065,0.034517508,-0.038478006,0.083268277,0.06121343,0.121930636,-0.028603312,-0.090590425,0.063127354,-0.020753046,0.028147912,-0.018715391,0.059170496,0.039053455,-0.081656009,0.102596514,0.062276896,0.009332437,-0.001559912,0.039007965,-0.017622883,0.054740965,0.030115366,-0.021898776,0.044858858
3766.334069,0.023090746,-0.023873208,0.025292132,0.06286826,-0.017937634,0.001097554,-0.005671443,0.026313122,-0.070631526,0.073628068,0.096296512,-0.01525618,0.016620515,-0.063008294,-0.040079489,0.051714431,0.034073096,-0.038935047,0.08277785,0.060800586,0.121211879,-0.029155565,-0.091060571,0.062636718,-0.021322342,0.027415425,-0.019021664,0.058822833,0.038592141,-0.082085602,0.101812378,0.0619139,0.009040301,-0.002136904,0.038515765,-0.018222582,0.054341387,0.029742561,-0.02257476,0.04447839
3768.262555,0.022568719,-0.024276787,0.024661116,0.062346522,-0.018294511,0.000771253,-0.006136337,0.025939358,-0.070967428,0.072986297,0.09585537,-0.015574669,0.016022075,-0.06334275,-0.040506646,0.051223762,0.033644289,-0.039393667,0.082273975,0.060299374,0.12050347,-0.029646318,-0.091534391,0.062174585,-0.02189233,0.026666166,-0.019374575,0.058515299,0.03813668,-0.082556702,0.100996748,0.061566502,0.008731751,-0.002786338,0.038039666,-0.018867355,0.053938542,0.029365737,-0.023252459,0.044070832
3770.191042,0.022023777,-0.024784951,0.02398509,0.061803441,-0.018721087,0.000374869,-0.006639376,0.025460908,-0.071449481,0.072505482,0.095314182,-0.015918212,0.015373441,-0.06378188,-0.040958431,0.050673638,0.033111729,-0.039906368,0.08170829,0.05988152,0.119686179,-0.030231213,-0.092115358,0.061627455,-0.022529177,0.025781108,-0.019820957,0.058056086,0.037548117,-0.08305119,0.10004165,0.061196063,0.008323975,-0.003310392,0.037546117,-0.019569173,0.053435311,0.028906662,-0.024079083,0.043543976
3772.119528,0.021416564,-0.025486024,0.023114568,0.061147973,-0.019334378,-0.000202114,-0.007264565,0.024781834,-0.072051987,0.072346509,0.094580695,-0.01640369,0.014573594,-0.064394772,-0.041521464,0.049975496,0.032467529,-0.040482618,0.081044964,0.05973069,0.118729718,-0.031007545,-0.092869617,0.060931802,-0.023223579,0.02479971,-0.020340377,0.05740013,0.036885619,-0.08356598,0.098917663,0.060570464,0.007720835,-0.003584634,0.036990289,-0.020355878,0.052879389,0.028166996,-0.025013996,0.042947397
3774.048015,0.020886013,-0.026026743,0.02234197,0.0606061,-0.019828467,-0.00063454,-0.007756201,0.024319027,-0.072476417,0.072007157,0.094029509,-0.016779171,0.013909983,-0.064848103,-0.041939374,0.049419235,0.032002117,-0.040976826,0.080479749,0.059443243,0.117969804,-0.031612046,-0.093429074,0.060377583,-0.023802981,0.024018122,-0.020677468,0.056961983,0.036410548,-0.083989739,0.09806931,0.060111489,0.007308728,-0.003988096,0.036516983,-0.021002647,0.052457221,0.027629409,-0.025704818,0.042531565
3775.976501,0.020370243,-0.026460206,0.02169483,0.060115367,-0.020205617,-0.000972567,-0.008176963,0.023927089,-0.072848618,0.071472168,0.093617186,-0.017105551,0.013360449,-0.065223254,-0.042326882,0.048974227,0.031618748,-0.041406237,0.080015317,0.058944516,0.11722523,-0.032096397,-0.09387508,0.059968479,-0.024361195,0.023312613,-0.020966079,0.056646954,0.035997391,-0.084374212,0.09731362,0.059807803,0.006997931,-0.004568544,0.036036208,-0.021590775,0.052042022,0.027270472,-0.026345901,0.042151019
3777.904988,0.01990406,-0.026788054,0.021211706,0.059663758,-0.020475021,-0.001225657,-0.008479312,0.023652187,-0.073133543,0.070846871,0.093310528,-0.017371021,0.012901724,-0.065473072,-0.042701256,0.048615221,0.031259824,-0.041773215,0.079674497,0.05840024,0.116593927,-0.032469597,-0.094210699,0.0596697,-0.024843508,0.022684304,-0.021196466,0.056441441,0.035621844,-0.084727295,0.096657977,0.059598085,0.006813232,-0.005258646,0.035601601,-0.022148877,0.051698834,0.027013084,-0.026946964,0.041802876
3779.833474,0.019405786,-0.027205419,0.020657647,0.059182722,-0.020830465,-0.001562236,-0.008840812,0.023264203,-0.073493227,0.070382848,0.092794165,-0.017672699,0.012340016,-0.065787822,-0.043114964,0.048170891,0.030795507,-0.042193461,0.079204701,0.058035016,0.115920357,-0.032951932,-0.094672114,0.059181333,-0.025390573,0.021904187,-0.02150107,0.056087073,0.035095856,-0.085143,0.095880754,0.059300534,0.006535115,-0.005773345,0.035159383,-0.022782477,0.051339943,0.026669336,-0.027642339,0.041330054
3781.761961,0.018869407,-0.027776459,0.019933218,0.058597378,-0.021330992,-0.002066136,-0.009351447,0.022711612,-0.073983297,0.070109814,0.09215609,-0.018066036,0.011692387,-0.066247873,-0.043588296,0.047628872,0.0302814,-0.042677674,0.078619897,0.057786126,0.115147971,-0.033585381,-0.095281929,0.058538835,-0.026025426,0.021057006,-0.021911075,0.055616926,0.034547243,-0.085585974,0.094932027,0.058802463,0.006065398,-0.006082905,0.034669407,-0.023481546,0.050938506,0.026152821,-0.028411306,0.04082514
3783.690447,0.018422319,-0.028135663,0.019387277,0.058182001,-0.0216073,-0.002363087,-0.009706633,0.022443227,-0.074252553,0.069748737,0.091836654,-0.018280931,0.011208858,-0.066543765,-0.043862645,0.047248401,0.029937241,-0.043044087,0.078242503,0.057464451,0.114600487,-0.033996858,-0.095681317,0.058127418,-0.026497966,0.020445684,-0.022163965,0.055368885,0.034216829,-0.085907064,0.094227865,0.058549475,0.005789229,-0.006518445,0.034342024,-0.023997778,0.050651114,0.025846202,-0.02900089,0.040516611
3785.618934,0.017979287,-0.028505266,0.018779984,0.057726916,-0.021923807,-0.002692143,-0.010091498,0.022096923,-0.074543379,0.069472365,0.091504276,-0.018534331,0.010665704,-0.066909797,-0.044179011,0.046804778,0.029569071,-0.043421101,0.07790979,0.057214864,0.114003435,-0.034396913,-0.096138261,0.057728689,-0.026968956,0.019812604,-0.022421245,0.055089351,0.033824202,-0.086235203,0.093484916,0.058250759,0.005513078,-0.006905692,0.033970699,-0.024554985,0.050324392,0.02545096,-0.029629368,0.040151164
3787.54742,0.017544717,-0.028982162,0.018088689,0.057184517,-0.022343911,-0.003071724,-0.010528664,0.021690404,-0.074911304,0.069176763,0.091042869,-0.018894345,0.0100976,-0.067294598,-0.044568453,0.04628022,0.029160013,-0.043829955,0.07748957,0.056932922,0.113285176,-0.034848534,-0.096619286,0.057260841,-0.027506882,0.019066459,-0.022762414,0.054767381,0.033400502,-0.086624943,0.092691027,0.057875801,0.005162842,-0.007282482,0.033513319,-0.025160741,0.049955968,0.024999997,-0.030286992,0.03976135
3789.475906,0.017142292,-0.029421901,0.017500907,0.056763522,-0.022673307,-0.003391777,-0.01085575,0.021357503,-0.075220123,0.06885013,0.090563141,-0.019178264,0.009578878,-0.067569591,-0.044946,0.045829751,0.028749565,-0.044183135,0.077076063,0.056663409,0.112626798,-0.035280496,-0.097031131,0.056850687,-0.02800381,0.018331595,-0.023076087,0.054484863,0.033022787,-0.086990781,0.091960654,0.057570953,0.004846726,-0.007687335,0.033116583,-0.025701804,0.04961193,0.024646986,-0.030912694,0.039417084
3791.404393,0.016763134,-0.029800195,0.016995052,0.05634097,-0.022982797,-0.003710308,-0.011104214,0.021023989,-0.075528502,0.068450257,0.090201236,-0.019405233,0.009079982,-0.067850806,-0.045277882,0.045458145,0.02838029,-0.044514105,0.076737911,0.056400463,0.112096913,-0.03567056,-0.097415231,0.056512017,-0.028464571,0.017702507,-0.023306619,0.054222312,0.032627314,-0.087325558,0.091293082,0.057296023,0.004596224,-0.008160973,0.032744925,-0.02621576,0.049320608,0.02433512,-0.031445492,0.039113205
3793.332879,0.016359989,-0.030113233,0.016484464,0.055896591,-0.023322083,-0.003970797,-0.011419379,0.020737346,-0.075835042,0.067952715,0.089956239,-0.019641221,0.00861615,-0.06817136,-0.045577087,0.045080557,0.028123712,-0.044843193,0.076376252,0.055980932,0.111549176,-0.036030095,-0.097745933,0.056197248,-0.02889199,0.017110018,-0.023521608,0.053951658,0.032258458,-0.087703012,0.09065976,0.057039272,0.004386734,-0.008766603,0.032323048,-0.02668684,0.049038537,0.024103492,-0.031934757,0.038799696
3795.261366,0.016028902,-0.030233348,0.016120875,0.055656686,-0.023456341,-0.004076575,-0.011660009,0.020593585,-0.075966291,0.067504719,0.089779824,-0.019712828,0.008315234,-0.068317257,-0.045738757,0.044833262,0.027985131,-0.045101717,0.076060452,0.05551672,0.111112356,-0.036307793,-0.097947948,0.055963133,-0.029202644,0.016643016,-0.023612117,0.053864371,0.032041349,-0.087973341,0.090173751,0.05697934,0.004357366,-0.009346945,0.032018874,-0.027048491,0.048824176,0.024057534,-0.032351919,0.03859688
3797.189852,0.015667645,-0.030495333,0.015698256,0.055272859,-0.023664678,-0.00431995,-0.011896966,0.020346681,-0.076164983,0.06713447,0.089411013,-0.019900048,0.007885842,-0.068516724,-0.045957562,0.044486366,0.027731165,-0.045432311,0.075740546,0.055161707,0.110608943,-0.036655452,-0.098262712,0.055681299,-0.029614914,0.016087594,-0.023728203,0.053751033,0.031739742,-0.088260166,0.089621425,0.056808103,0.0041695,-0.009785707,0.031704955,-0.027514813,0.048592303,0.023809411,-0.03284312,0.03839343
3799.118339,0.01548792,-0.030586004,0.015458924,0.05491725,-0.023654953,-0.004397885,-0.011845753,0.020369118,-0.076148413,0.066306084,0.08933869,-0.020054882,0.007594337,-0.068580396,-0.046130031,0.044293512,0.027690554,-0.045721695,0.075580314,0.054465864,0.110314846,-0.03678713,-0.098325364,0.055608183,-0.029888336,0.015711255,-0.02370617,0.053854596,0.031697296,-0.088488683,0.089299507,0.056755826,0.004190087,-0.010677509,0.031436183,-0.027876938,0.048476063,0.023828249,-0.033133954,0.038339034
3801.046825,0.015383439,-0.030406343,0.015447105,0.054888044,-0.023348767,-0.004158564,-0.01172005,0.020555148,-0.075962953,0.065652512,0.089441679,-0.019909753,0.007524938,-0.068403997,-0.046003964,0.044371683,0.027714781,-0.045821834,0.075504623,0.053931206,0.110206187,-0.036713056,-0.098243125,0.055588186,-0.030019049,0.015425576,-0.02366234,0.054011218,0.031714763,-0.088560589,0.089116469,0.057182532,0.004483272,-0.011495009,0.031384096,-0.028068371,0.048443701,0.024197673,-0.033323269,0.038295638
3802.975312,0.01473467,-0.031120911,0.014564768,0.05421013,-0.024082202,-0.004821709,-0.012454879,0.019733764,-0.076644115,0.066002369,0.088594578,-0.020403512,0.006695308,-0.069028251,-0.046543032,0.043630097,0.02702824,-0.04625481,0.074966617,0.054156244,0.109240942,-0.037384249,-0.099052258,0.054888971,-0.030665092,0.014500093,-0.024221739,0.053333342,0.030942215,-0.089011036,0.088009842,0.056525495,0.003765346,-0.011227099,0.030859439,-0.02880892,0.04796546,0.023312375,-0.034258269,0.037648939
3804.903798,0.014314322,-0.031533729,0.013952165,0.053688075,-0.024528205,-0.005266457,-0.012789718,0.019328583,-0.077021658,0.065646604,0.088157162,-0.020758018,0.006142694,-0.069408007,-0.046960253,0.043097481,0.026677657,-0.046634965,0.074620634,0.053843159,0.108600184,-0.037837736,-0.099459551,0.054477971,-0.031129668,0.013938333,-0.024418334,0.053077269,0.030559931,-0.089379489,0.087275572,0.056074467,0.003395664,-0.01155178,0.030435842,-0.029372888,0.047679435,0.022824358,-0.034792088,0.037340671
3806.832285,0.014085275,-0.031483501,0.01374995,0.053622,-0.02446509,-0.005235733,-0.012807298,0.019323608,-0.077035047,0.06526053,0.088073783,-0.020682028,0.005920308,-0.069378108,-0.046942778,0.04299714,0.02654052,-0.046711139,0.074454829,0.053552054,0.108289123,-0.03797327,-0.099552087,0.05427083,-0.031366069,0.013551863,-0.024443882,0.053013042,0.03041398,-0.089517444,0.086888745,0.056295078,0.003465973,-0.01202556,0.03031607,-0.029670443,0.047585372,0.022935623,-0.035044566,0.037217002
3808.760771,0.013537269,-0.032072313,0.012934925,0.053064957,-0.025141548,-0.005853427,-0.013436254,0.018631659,-0.077598915,0.065589696,0.087431803,-0.02108933,0.005167366,-0.069941878,-0.0474521,0.042365924,0.025942618,-0.047001857,0.073989429,0.053778719,0.107426681,-0.038581073,-0.10027004,0.05363673,-0.031878192,0.012710627,-0.024958909,0.052398209,0.029785126,-0.089884989,0.08594659,0.055693686,0.002866189,-0.01176141,0.029838048,-0.030334802,0.047160119,0.022188226,-0.035913393,0.036672655
3810.689258,0.013035304,-0.03254709,0.012236048,0.052506231,-0.025695501,-0.006331618,-0.013926699,0.018096957,-0.07803186,0.065451495,0.08692304,-0.02145608,0.004555032,-0.070385113,-0.047911786,0.04181068,0.025491796,-0.047366206,0.073544115,0.053666666,0.106684558,-0.039071675,-0.100812875,0.053155471,-0.032355454,0.011982528,-0.02533919,0.052021023,0.029308138,-0.090277456,0.085145779,0.055245884,0.002407995,-0.011936128,0.029419119,-0.030936455,0.046778075,0.021619882,-0.036636874,0.036243409
3812.617744,0.012699168,-0.032704026,0.011821983,0.052036211,-0.025936734,-0.006573187,-0.014065823,0.017921893,-0.078201227,0.06483458,0.086641811,-0.021640815,0.004187232,-0.070581689,-0.048145507,0.041512385,0.025310716,-0.04767102,0.073262982,0.053148001,0.106201552,-0.039336976,-0.101024471,0.052934073,-0.032758139,0.011515128,-0.025422161,0.051985122,0.029119566,-0.090586163,0.084616534,0.055019379,0.002257396,-0.012590803,0.029065238,-0.031354893,0.046572741,0.021388151,-0.037016753,0.036087248
3814.546231,0.01272698,-0.032313105,0.01198287,0.052088205,-0.025481591,-0.006255393,-0.013680467,0.018391751,-0.077846505,0.063773066,0.086940929,-0.021438202,0.004305179,-0.07031399,-0.047880236,0.041726042,0.025580525,-0.047699232,0.073331133,0.052300062,0.106255464,-0.039160825,-0.100693449,0.053155746,-0.032823209,0.011498902,-0.025092473,0.052488945,0.029382804,-0.090589531,0.084641896,0.055515632,0.002780639,-0.013673951,0.029005805,-0.031389274,0.046676505,0.02195318,-0.036933992,0.036285348
3816.474717,0.012425384,-0.032422733,0.01173851,0.051969539,-0.025488913,-0.006313675,-0.013835714,0.018182509,-0.077978514,0.063565738,0.086673275,-0.021469148,0.00399633,-0.070395403,-0.047941603,0.041481573,0.025360281,-0.047809623,0.073086947,0.052189961,0.105770431,-0.039405998,-0.100926161,0.052890923,-0.033114076,0.011050781,-0.025252402,0.052333783,0.029082591,-0.090770215,0.084093384,0.055612773,0.00273131,-0.013961936,0.028820924,-0.031744625,0.046485204,0.021890931,-0.037345354,0.036015734
3818.403203,0.011924528,-0.033064265,0.010972157,0.051271569,-0.026162811,-0.00691952,-0.014351777,0.017484114,-0.078541808,0.063547209,0.085979111,-0.021932367,0.003278417,-0.070896223,-0.048520066,0.040782861,0.024814185,-0.048213702,0.072620548,0.052169267,0.104937904,-0.039980672,-0.101528063,0.052307893,-0.033666052,0.010339205,-0.02566188,0.051846713,0.028495807,-0.091211669,0.083214834,0.054897357,0.002120648,-0.014010207,0.02829398,-0.032394946,0.046073068,0.021119744,-0.038081992,0.035579801
3820.33169,0.011794737,-0.033011779,0.010807506,0.051163483,-0.026064169,-0.006820928,-0.014248442,0.017590888,-0.078441799,0.063041367,0.085976176,-0.021893652,0.003135685,-0.070812061,-0.048483886,0.040744413,0.024814453,-0.048367102,0.072549425,0.051760618,0.104784213,-0.040001266,-0.101489231,0.052316088,-0.033831824,0.010056246,-0.025564855,0.0520004,0.028441064,-0.091305397,0.082996465,0.055145614,0.002302395,-0.014649753,0.028181905,-0.032586392,0.046033315,0.021291699,-0.038266342,0.035553452
3822.260176,0.011326719,-0.0333753,0.010225118,0.050813813,-0.026489262,-0.007225888,-0.014694102,0.017107256,-0.078785233,0.063312255,0.085452244,-0.022088716,0.002530749,-0.071171664,-0.048750289,0.040318809,0.024382954,-0.048640594,0.072191574,0.051943909,0.104121901,-0.040465001,-0.102007538,0.051866893,-0.034251098,0.009370779,-0.025950693,0.051529564,0.027928226,-0.091581799,0.08226496,0.054906189,0.00195895,-0.014552741,0.027871612,-0.033110671,0.045736589,0.020778524,-0.038951699,0.035125419
3824.188663,0.010776892,-0.033976067,0.009414253,0.050150696,-0.027204202,-0.007916135,-0.01530984,0.016386364,-0.079354845,0.063422941,0.084763743,-0.022527061,0.001767291,-0.071737118,-0.049277499,0.039651435,0.023759708,-0.049056139,0.071690626,0.051974569,0.103288122,-0.04109171,-0.102669522,0.051199153,-0.034840837,0.00859816,-0.026489288,0.050957974,0.027383359,-0.092026852,0.081367619,0.054287236,0.001343183,-0.014492664,0.027343692,-0.033785716,0.045337021,0.020002695,-0.039751492,0.034628581
3826.117149,0.010462527,-0.034216568,0.008978354,0.049814437,-0.027439751,-0.008165908,-0.015491324,0.016123159,-0.079568699,0.063163854,0.084469765,-0.022698717,0.001395681,-0.07193806,-0.049485371,0.03930686,0.023459995,-0.049267694,0.07143081,0.051761415,0.102778472,-0.041427739,-0.102959797,0.050882492,-0.035220318,0.00810488,-0.026701435,0.050785128,0.027125847,-0.092266671,0.080785841,0.054118223,0.001111101,-0.014769025,0.027055783,-0.034159984,0.045132961,0.01976238,-0.040176176,0.034357335
3828.045636,0.010159581,-0.034480188,0.008599271,0.049512941,-0.027680011,-0.008398649,-0.015655175,0.01592177,-0.079748474,0.062928997,0.084144302,-0.022874977,0.00103617,-0.072155826,-0.049672876,0.038989794,0.023270648,-0.049434382,0.071200535,0.051590744,0.102259748,-0.041731164,-0.103231363,0.050643098,-0.035529546,0.007627408,-0.026853532,0.050642621,0.026820336,-0.09250851,0.080292545,0.053936426,0.000888187,-0.014992694,0.026802592,-0.034507796,0.044939533,0.019495882,-0.040636435,0.034116365
3829.974122,0.009945791,-0.034640566,0.008314868,0.049278494,-0.02777848,-0.008559801,-0.015748307,0.01581727,-0.079830267,0.062542245,0.083918288,-0.022970859,0.000762362,-0.072236113,-0.049796283,0.03878447,0.023178244,-0.049582552,0.071021438,0.051281471,0.101891987,-0.041901503,-0.103346728,0.050491188,-0.035751075,0.007256749,-0.026883399,0.050659738,0.026627995,-0.092718638,0.079910688,0.053925313,0.00084696,-0.015417473,0.02657195,-0.034842353,0.044811241,0.019407541,-0.040946331,0.033979185
3831.902609,0.009719626,-0.034789506,0.00799288,0.04897204,-0.027917203,-0.008726078,-0.015863581,0.015653418,-0.079965636,0.062192932,0.083701082,-0.023037614,0.000411297,-0.072351061,-0.049967155,0.038567849,0.022998013,-0.049764026,0.070815995,0.051004685,0.101515464,-0.042118784,-0.103505895,0.050293438,-0.036024678,0.006869175,-0.026953382,0.050573166,0.02640399,-0.092919625,0.079469994,0.053802416,0.000842623,-0.015848793,0.0263166,-0.035228178,0.044654042,0.019251458,-0.041222502,0.033818226
3833.831095,0.00941682,-0.034982428,0.007657333,0.048580587,-0.028128864,-0.008873988,-0.015954895,0.015462528,-0.080131955,0.061749712,0.083516382,-0.023180649,8.95E-05,-0.072536454,-0.050182462,0.038315859,0.022809209,-0.049996004,0.070582375,0.050609011,0.101115286,-0.042349331,-0.103703223,0.050113019,-0.0363314,0.006462381,-0.027041603,0.050512798,0.02622959,-0.09315531,0.079029992,0.053629529,0.000809776,-0.016375728,0.026004059,-0.035599444,0.044500057,0.019038469,-0.041558638,0.033630554
3835.759582,0.009322728,-0.034898106,0.007651292,0.048476409,-0.027931971,-0.008707318,-0.015737431,0.015670044,-0.07994061,0.060959522,0.083680935,-0.023109684,0.000145288,-0.07236857,-0.050109673,0.038348034,0.02295284,-0.050098147,0.070590854,0.049961288,0.100991316,-0.04228539,-0.103545211,0.050189141,-0.036422964,0.006341005,-0.026868101,0.050859243,0.026371041,-0.093221121,0.078943469,0.053917199,0.001075131,-0.017242353,0.025882775,-0.035713721,0.04457508,0.019334193,-0.041613847,0.03367687
3837.688068,0.009214226,-0.034787755,0.007631782,0.04850712,-0.027728783,-0.008540664,-0.015653256,0.015798301,-0.079787165,0.06058142,0.083670802,-0.022998061,8.55E-05,-0.072253361,-0.049994241,0.038368702,0.023030128,-0.050124656,0.070570126,0.049775511,0.100813143,-0.042248625,-0.103472777,0.050163798,-0.036529407,0.006119952,-0.026825098,0.05100457,0.026313446,-0.093260251,0.078790665,0.054272547,0.001275037,-0.017730048,0.025902249,-0.0358347,0.044621989,0.019657515,-0.041761331,0.033631865
3839.616555,0.008665749,-0.035344932,0.006890464,0.047999542,-0.02836314,-0.009167759,-0.016234122,0.015077016,-0.080359906,0.061012108,0.082940169,-0.023393663,-0.000649951,-0.072846442,-0.050501455,0.037734348,0.022432126,-0.050430488,0.070127144,0.050154999,0.100039966,-0.042820696,-0.10414543,0.049558431,-0.037073411,0.005345969,-0.027329467,0.050404549,0.02562849,-0.093628965,0.077892326,0.053711362,0.00070035,-0.017377991,0.02550409,-0.036487337,0.044185836,0.018937768,-0.042548232,0.033110585
3841.545041,0.008256773,-0.035885867,0.006181576,0.047483467,-0.028909354,-0.009758594,-0.016672902,0.014527153,-0.080826007,0.061208013,0.082404368,-0.023725307,-0.001285637,-0.073314972,-0.050960988,0.037147202,0.021888303,-0.05074054,0.069812141,0.050225478,0.099378161,-0.043326303,-0.10467694,0.049046576,-0.037561852,0.004702687,-0.027674524,0.049979053,0.025162494,-0.093945898,0.077133097,0.053174861,0.000177303,-0.017280303,0.02508853,-0.03709973,0.043825708,0.018255286,-0.043198075,0.032708783
3843.473528,0.007996951,-0.036210127,0.005770601,0.047252942,-0.029115766,-0.010006154,-0.01687626,0.01426986,-0.080988832,0.061255977,0.082130365,-0.023835035,-0.001688824,-0.073473893,-0.051107846,0.03684935,0.021613276,-0.050880913,0.069642685,0.050144769,0.098951839,-0.043604277,-0.104956552,0.048761722,-0.037871603,0.004263611,-0.027824624,0.049835235,0.02491644,-0.094108671,0.076607235,0.053065062,-5.05E-05,-0.01742183,0.024878815,-0.037461374,0.043736916,0.017977955,-0.043620013,0.032468252
3845.402014,0.007581941,-0.036687054,0.005224551,0.046846274,-0.02953954,-0.010407076,-0.017228782,0.013813383,-0.081327684,0.061277542,0.081674755,-0.024123989,-0.00223477,-0.073800743,-0.05141734,0.036446419,0.02126671,-0.051100902,0.069299087,0.050075509,0.098366998,-0.044002589,-0.105411783,0.048327517,-0.038301755,0.003719382,-0.02809489,0.04953745,0.024466723,-0.094411887,0.075940467,0.05269156,-0.000381878,-0.017469887,0.024536975,-0.037940495,0.043524981,0.017502628,-0.044173893,0.032157745
3847.3305,0.007328298,-0.03687539,0.004841696,0.046513982,-0.029743724,-0.01059839,-0.017321594,0.013583764,-0.081508137,0.061098404,0.081416674,-0.024285313,-0.002587573,-0.073995128,-0.051602282,0.036155477,0.021100104,-0.051246893,0.069085196,0.049929485,0.097971752,-0.044189543,-0.105632737,0.04808826,-0.038576081,0.003342542,-0.028203126,0.049424358,0.024219284,-0.094652668,0.075491711,0.052451387,-0.000518914,-0.017721739,0.024297224,-0.038271718,0.04337569,0.017245669,-0.044525746,0.031963859
3849.258987,0.007310992,-0.036798529,0.004749925,0.046292998,-0.02963746,-0.010614648,-0.017046297,0.013702387,-0.081375629,0.060447041,0.081480525,-0.024243152,-0.002652204,-0.073962487,-0.051597696,0.036077764,0.021255763,-0.051340155,0.069097377,0.049422588,0.097886913,-0.044144683,-0.10550718,0.048217576,-0.038634427,0.003235094,-0.028039422,0.049734663,0.024360711,-0.094742924,0.075417958,0.052497298,-0.000344238,-0.018457813,0.024091687,-0.038362127,0.043378875,0.017346917,-0.044599701,0.032048706
3851.187473,0.007706052,-0.036085509,0.00538518,0.046584666,-0.028784053,-0.009941108,-0.016186524,0.014643817,-0.080598757,0.058906637,0.082224071,-0.023745621,-0.002063993,-0.073284164,-0.051109239,0.036676612,0.022035701,-0.051209562,0.069458097,0.04827971,0.0984383,-0.04354604,-0.104661718,0.048993554,-0.038299341,0.003636453,-0.027291059,0.050789423,0.025117012,-0.094512179,0.076125056,0.053458139,0.00067135,-0.020029318,0.024213338,-0.03799244,0.043735802,0.018481052,-0.044053629,0.032650996
3853.11596,0.00794508,-0.035392918,0.005979427,0.047108334,-0.02796942,-0.009171251,-0.015586291,0.015406338,-0.07997182,0.058146697,0.082873218,-0.023176156,-0.001581387,-0.072580539,-0.050528936,0.037241783,0.022539379,-0.050954606,0.069733977,0.04773942,0.098840244,-0.04302115,-0.104022063,0.049541052,-0.038027741,0.003846521,-0.02674474,0.051465318,0.025541363,-0.094249986,0.076518089,0.054555994,0.001535274,-0.020916915,0.024558142,-0.037680533,0.044088148,0.01954951,-0.043694381,0.032994669
3855.044446,0.007261258,-0.036186334,0.005062679,0.046571236,-0.028792527,-0.009911709,-0.016426699,0.014421774,-0.080731146,0.059226129,0.081980459,-0.023623738,-0.002494388,-0.073214322,-0.051033176,0.036440752,0.021676941,-0.051201586,0.069252044,0.048530485,0.097812153,-0.043714952,-0.104976237,0.048662968,-0.038640361,0.002929433,-0.027439525,0.05050873,0.024583066,-0.094634183,0.075329989,0.053893954,0.000655072,-0.019980533,0.024168869,-0.038413469,0.04367901,0.018546542,-0.04469794,0.032278009
3856.972933,0.006437256,-0.037321601,0.00372923,0.045554932,-0.030069117,-0.011142057,-0.017521229,0.013096806,-0.081762537,0.060320195,0.080734991,-0.024461139,-0.003698063,-0.074269451,-0.051938806,0.0353195,0.020647259,-0.051631052,0.068601757,0.049282283,0.096549489,-0.044643968,-0.106219009,0.047562353,-0.039425995,0.001878831,-0.028320203,0.049405925,0.02355824,-0.095234677,0.07394211,0.052612834,-0.000633627,-0.018989924,0.023428891,-0.039432287,0.043084346,0.017026093,-0.045903556,0.031420901
3858.901419,0.006140328,-0.037628032,0.003242166,0.04517632,-0.030398102,-0.011525683,-0.017753737,0.01274295,-0.082015969,0.060302749,0.080424786,-0.024652278,-0.004127482,-0.074580647,-0.052158613,0.034994185,0.020383526,-0.051785477,0.068410143,0.049230032,0.096109204,-0.044909101,-0.106530227,0.047235001,-0.039720315,0.001472853,-0.028521203,0.049226347,0.023327257,-0.095488049,0.073422343,0.052283242,-0.000973529,-0.019087562,0.023141339,-0.039883249,0.042941436,0.016662035,-0.046355054,0.031127667
3860.829906,0.006015145,-0.037694324,0.003058725,0.045006853,-0.030395422,-0.011601578,-0.017698284,0.012622038,-0.082030527,0.05995566,0.080367945,-0.024613524,-0.004334475,-0.074605353,-0.05216809,0.034907293,0.020324167,-0.051898684,0.068384774,0.049006052,0.095809154,-0.045006517,-0.106548145,0.047174618,-0.039886918,0.001225357,-0.0285189,0.049288314,0.023262352,-0.095598288,0.07313472,0.052325733,-0.000934129,-0.019555354,0.023049906,-0.040136676,0.0429499,0.016657379,-0.046560939,0.031038458
3862.758392,0.005893615,-0.037650093,0.002930408,0.044795893,-0.030384129,-0.011607271,-0.017637493,0.012600393,-0.081974074,0.059570786,0.08035592,-0.024633346,-0.004532086,-0.074594952,-0.05220012,0.034830313,0.020308714,-0.051999502,0.0683119,0.048716616,0.095565706,-0.045036495,-0.106537715,0.04715585,-0.040026098,0.00096768,-0.028462645,0.049384337,0.023209728,-0.095697381,0.072931573,0.052481726,-0.000801018,-0.020062953,0.022956939,-0.040342323,0.04293149,0.016697003,-0.046698388,0.031053254
3864.686879,0.005714439,-0.037662555,0.002770517,0.044670872,-0.030412378,-0.011633211,-0.017662058,0.012552819,-0.081998773,0.059451059,0.080223322,-0.024651345,-0.004755971,-0.074620947,-0.052215051,0.034664992,0.020273894,-0.052028231,0.06819988,0.048616216,0.095362321,-0.045110404,-0.10660658,0.046986021,-0.04016405,0.000682045,-0.028469339,0.049401823,0.023067672,-0.095807672,0.072695307,0.052634235,-0.000798095,-0.020260543,0.02285553,-0.040532291,0.04283132,0.01666588,-0.046929669,0.030994082
3866.615365,0.00548121,-0.037882589,0.002478726,0.044376299,-0.030638138,-0.011882872,-0.017758247,0.012301085,-0.082194045,0.059419852,0.079923376,-0.024771297,-0.005036137,-0.074781112,-0.052372038,0.034365673,0.020164547,-0.052125946,0.068081066,0.048516165,0.095024295,-0.045306504,-0.106811032,0.04677406,-0.040363107,0.000399463,-0.028560176,0.04935386,0.022897521,-0.095984168,0.072327204,0.052434254,-0.000974563,-0.020365648,0.022606105,-0.040796373,0.042687047,0.016367141,-0.047277741,0.030867856
3868.543852,0.005429098,-0.03766904,0.002508849,0.04435112,-0.03044367,-0.011718237,-0.017494505,0.012500293,-0.082007065,0.0589105,0.080057003,-0.024637904,-0.004985874,-0.07462398,-0.052246328,0.034445513,0.020353291,-0.052105285,0.068148293,0.048052218,0.094993047,-0.045149811,-0.106643237,0.046917092,-0.040356487,0.000342631,-0.028358702,0.049610868,0.023052845,-0.096009828,0.072293445,0.052744064,-0.000665819,-0.020946125,0.02252239,-0.040815558,0.042756982,0.016637033,-0.047301836,0.030959725
3870.472338,0.005180369,-0.037665974,0.002254083,0.044257134,-0.030488063,-0.01178845,-0.01753231,0.012352345,-0.082029946,0.058912162,0.079906024,-0.024658848,-0.005221894,-0.074699186,-0.052291084,0.034266539,0.02022329,-0.052116595,0.068036407,0.048102859,0.094691396,-0.045246355,-0.106782228,0.046745725,-0.040547051,2.17E-05,-0.028454566,0.049510043,0.02288866,-0.096123092,0.071923427,0.052866314,-0.000706755,-0.021044707,0.022365596,-0.04102635,0.042672802,0.016598633,-0.047567453,0.03078982
3872.400825,0.004776518,-0.038112558,0.001646117,0.04373952,-0.031018831,-0.012303882,-0.017930096,0.011750106,-0.082432225,0.059198279,0.079389609,-0.024979576,-0.005840484,-0.075143553,-0.052665658,0.033709612,0.019730315,-0.052328013,0.067715764,0.048303515,0.094017178,-0.045700125,-0.107290179,0.046281364,-0.040970296,-0.000560862,-0.028849838,0.049129944,0.022382732,-0.096435025,0.071226135,0.052369419,-0.001275116,-0.020817779,0.021986229,-0.041552138,0.042426016,0.015967857,-0.048133589,0.030458266
3874.329311,0.00453448,-0.038297627,0.001273607,0.043443467,-0.0312376,-0.012533803,-0.018132318,0.011459513,-0.082660533,0.059184752,0.079056025,-0.025053684,-0.00622184,-0.075325489,-0.052842882,0.033402596,0.019473357,-0.052483406,0.067534432,0.048278145,0.093556665,-0.045920894,-0.107561812,0.046039131,-0.041206211,-0.00093264,-0.029044501,0.049013533,0.022073489,-0.096629076,0.070726976,0.052246306,-0.001505299,-0.020890057,0.021763816,-0.041913483,0.042310681,0.015689192,-0.048491322,0.030253893
3876.257797,0.004263692,-0.038527731,0.000865708,0.043138698,-0.031510923,-0.012883431,-0.01835986,0.011132462,-0.082919285,0.059214305,0.078678541,-0.02519203,-0.006626841,-0.075522467,-0.053052761,0.033085633,0.019242851,-0.052636717,0.067315936,0.048380613,0.093086004,-0.046173714,-0.107888862,0.045772865,-0.041462049,-0.001314392,-0.029252356,0.048834868,0.021786077,-0.096790016,0.070193775,0.0520395,-0.001690059,-0.020942789,0.021534802,-0.04224306,0.042136133,0.015326681,-0.048867818,0.030018672
3878.186284,0.004191078,-0.038508948,0.000774341,0.043003708,-0.031493418,-0.012958644,-0.018247413,0.011148024,-0.082845107,0.058954671,0.07867121,-0.025192657,-0.006751079,-0.075482681,-0.053038437,0.033040732,0.019297685,-0.052654117,0.067291558,0.04814991,0.092942514,-0.046162061,-0.107835218,0.04577063,-0.04150784,-0.001486913,-0.029163271,0.048976157,0.021795541,-0.09680181,0.070042036,0.052097928,-0.001571498,-0.021241646,0.021455951,-0.042321846,0.042152196,0.015379298,-0.048952326,0.030072641
3880.11477,0.004063246,-0.038424559,0.000689617,0.042935424,-0.03141002,-0.012923305,-0.018144818,0.011148514,-0.082737759,0.0587124,0.078573994,-0.025114717,-0.006853178,-0.075419858,-0.052965529,0.033031594,0.019309862,-0.052632991,0.067300394,0.047826223,0.092752174,-0.046160176,-0.10778673,0.045728303,-0.041577064,-0.001667134,-0.029114697,0.049066603,0.021767359,-0.096853159,0.069825262,0.052299127,-0.001461499,-0.021542739,0.021338936,-0.04245054,0.042161793,0.015487424,-0.049087256,0.030057782
3882.043257,0.003767655,-0.038644664,0.000310416,0.042562127,-0.031692412,-0.013187941,-0.018280581,0.010813461,-0.082951918,0.05861859,0.078175262,-0.025330124,-0.007243361,-0.075685419,-0.053161055,0.032733757,0.019071156,-0.052736711,0.067130648,0.047706947,0.092244998,-0.046451129,-0.108078741,0.045480981,-0.041856736,-0.002085885,-0.029284559,0.048859883,0.021488206,-0.097072415,0.069357507,0.052048858,-0.001688297,-0.021697856,0.021011859,-0.042805091,0.042008422,0.015101379,-0.049512204,0.029846827
3883.971743,0.003741052,-0.038462948,0.000333523,0.04254102,-0.031529188,-0.013065246,-0.018047087,0.010993511,-0.082812212,0.058248803,0.078304864,-0.025261234,-0.007242057,-0.075573616,-0.053065401,0.032760069,0.019159541,-0.052707065,0.067160763,0.047495708,0.092206694,-0.046384852,-0.107938163,0.045610238,-0.041866433,-0.002162443,-0.029125618,0.049127638,0.021616589,-0.097084984,0.069360115,0.052280195,-0.001494462,-0.022126529,0.0209838,-0.042830311,0.042077202,0.015291471,-0.04955529,0.029943621
3885.90023,0.003557082,-0.038453601,0.000180131,0.042476542,-0.031576462,-0.013137455,-0.018084001,0.010939168,-0.082851931,0.058172297,0.078192584,-0.025242629,-0.007437602,-0.075554751,-0.053050157,0.03263507,0.019013006,-0.052768212,0.067067325,0.047515038,0.091983058,-0.046507403,-0.108040191,0.045469426,-0.042034294,-0.002385559,-0.029187927,0.049085245,0.021496192,-0.097197495,0.069116123,0.052414913,-0.001514192,-0.022278473,0.020896778,-0.043050162,0.042008355,0.015261642,-0.049777519,0.029788893
3887.828716,0.003214027,-0.038867798,-0.00035403,0.04202801,-0.03207881,-0.013590201,-0.018394254,0.010403818,-0.083226062,0.058326945,0.077712923,-0.025539886,-0.007962853,-0.075898647,-0.053425279,0.032175541,0.018645663,-0.052987378,0.066839121,0.047639433,0.091406278,-0.046944257,-0.108473651,0.045026962,-0.042442631,-0.002842996,-0.029456411,0.048709899,0.021035576,-0.097472548,0.068529628,0.051987413,-0.001928423,-0.022156078,0.020589152,-0.043508183,0.041781913,0.01466755,-0.050271753,0.029386396
3889.757203,0.003154691,-0.038914841,-0.000509115,0.041850396,-0.032110255,-0.013612022,-0.01832344,0.010366214,-0.083184168,0.058064703,0.077677384,-0.025507255,-0.008091239,-0.075882807,-0.05349962,0.032091208,0.01869976,-0.053025052,0.066812821,0.047399692,0.091230519,-0.046993058,-0.108451068,0.045008048,-0.04261582,-0.002986239,-0.029394561,0.048873883,0.020989561,-0.097543806,0.068363614,0.052043084,-0.001808899,-0.022466056,0.020503785,-0.043633904,0.041803729,0.014674398,-0.050395451,0.029351724
3891.685689,0.003017922,-0.038982082,-0.000638655,0.041735288,-0.032161068,-0.013680714,-0.018349789,0.010300224,-0.083215438,0.058001872,0.077510431,-0.025449889,-0.008251103,-0.075896457,-0.053497009,0.03200037,0.018650264,-0.053013761,0.066706881,0.047303982,0.090997517,-0.047071066,-0.108529575,0.044902064,-0.042754959,-0.003243512,-0.029460201,0.048891589,0.020818723,-0.097623251,0.068070143,0.052131418,-0.001763232,-0.02264948,0.020389749,-0.043781903,0.041808076,0.014658588,-0.050607972,0.029244343
3893.614176,0.002646948,-0.039352074,-0.001116885,0.041322459,-0.03259521,-0.014120771,-0.01866198,0.009846824,-0.083548501,0.058178268,0.077053607,-0.025683679,-0.008704088,-0.076257095,-0.053789482,0.031588361,0.018271776,-0.053198412,0.066459216,0.047440398,0.090445891,-0.047429454,-0.108924106,0.044484686,-0.043078899,-0.003720925,-0.02976292,0.048563786,0.020358089,-0.097849958,0.06743291,0.051758733,-0.002212577,-0.022544783,0.02007224,-0.044162266,0.041578658,0.014169335,-0.051112935,0.028895896
3895.542662,0.002406209,-0.039582543,-0.001494068,0.040969264,-0.032812916,-0.014381958,-0.018793019,0.009603932,-0.08367759,0.058019008,0.076839454,-0.025883459,-0.009047079,-0.076500826,-0.053972427,0.031299632,0.018060617,-0.053374633,0.066301964,0.04738092,0.090053111,-0.047617771,-0.109127961,0.044275988,-0.043329049,-0.004042617,-0.029868359,0.048471764,0.020127077,-0.098002188,0.067057177,0.051562127,-0.002396015,-0.022737123,0.019838549,-0.04447734,0.041407499,0.013925611,-0.051426303,0.028727381
3897.471149,0.002385265,-0.039526355,-0.001523369,0.040892765,-0.032668352,-0.014323308,-0.018569659,0.009704223,-0.083568908,0.057619821,0.07690154,-0.02587893,-0.009093259,-0.076446526,-0.053949866,0.031283509,0.018127194,-0.053368241,0.066320807,0.047067706,0.090008371,-0.047546644,-0.109032489,0.044340964,-0.043339573,-0.004106637,-0.029723896,0.048703134,0.020230358,-0.098031618,0.067017831,0.051698741,-0.002182883,-0.023173027,0.019743977,-0.044575851,0.041470513,0.014063144,-0.051420972,0.028794719
3899.399635,0.002410862,-0.039420556,-0.001457988,0.040888112,-0.032511059,-0.014161069,-0.018320104,0.009869593,-0.083415583,0.057221092,0.07695169,-0.02573886,-0.00906865,-0.076278597,-0.053889647,0.031322654,0.018241884,-0.053320847,0.066424765,0.046717662,0.090014324,-0.047476109,-0.108853981,0.04444154,-0.043300666,-0.004127125,-0.029533479,0.048963904,0.02035878,-0.098015554,0.067027405,0.051930271,-0.001923797,-0.023575708,0.019709194,-0.044640761,0.041585829,0.014234955,-0.051397897,0.028836614
3901.328122,0.002384566,-0.039437905,-0.001517675,0.040809181,-0.032486737,-0.014145762,-0.018251557,0.009888113,-0.083350018,0.057068884,0.076872222,-0.025677381,-0.009168698,-0.076205373,-0.053891756,0.031243576,0.018249555,-0.053323135,0.066446237,0.046587326,0.089883894,-0.047504574,-0.108831026,0.044462834,-0.043366551,-0.00426726,-0.02947017,0.049064957,0.02025909,-0.098043531,0.066929892,0.052044261,-0.001827919,-0.023824079,0.019665329,-0.044783484,0.041619498,0.014243929,-0.051538616,0.028775521
3903.256608,0.002282187,-0.03953094,-0.00170854,0.040700737,-0.032518689,-0.014279034,-0.018302096,0.009794449,-0.083397403,0.057077885,0.076778069,-0.02570425,-0.00934748,-0.076232947,-0.053923648,0.031106394,0.018119948,-0.053343788,0.066327497,0.046626601,0.089667186,-0.047592837,-0.108947754,0.04435708,-0.043552246,-0.00451818,-0.02956965,0.049067937,0.020082768,-0.098172158,0.066692948,0.052096203,-0.001886721,-0.02394674,0.019530866,-0.044956829,0.041591395,0.014187755,-0.051765036,0.028675741
3905.185094,0.00200618,-0.039883457,-0.002162885,0.040433399,-0.032829195,-0.014666609,-0.018635012,0.009415028,-0.083702803,0.057298806,0.076452658,-0.0258845,-0.009760567,-0.076505519,-0.054099787,0.030755639,0.017781382,-0.053465102,0.066107854,0.046847478,0.089217134,-0.047901534,-0.109301597,0.044028074,-0.043831859,-0.004977971,-0.029837046,0.048800737,0.019750571,-0.098366126,0.066140391,0.051880911,-0.002214659,-0.023798862,0.019283462,-0.045303442,0.04145686,0.013839302,-0.052180424,0.028375618
3907.113581,0.001675548,-0.040262271,-0.002671018,0.040058989,-0.033257931,-0.015119649,-0.018957837,0.008955671,-0.084033996,0.05754856,0.076014251,-0.026122987,-0.01022811,-0.076866977,-0.054351069,0.030338774,0.017467147,-0.053648848,0.065945186,0.047019489,0.088725984,-0.048245106,-0.109708436,0.043703284,-0.044127479,-0.005417929,-0.030050304,0.048500411,0.019382577,-0.098569557,0.065530211,0.051444039,-0.002644347,-0.023643842,0.019032259,-0.045691919,0.041274842,0.013372761,-0.052639041,0.028102739
3909.042067,0.001493577,-0.04035696,-0.002909797,0.039866779,-0.033432763,-0.015232385,-0.018954011,0.00878685,-0.084107615,0.057547845,0.075806275,-0.02620988,-0.010450377,-0.076977946,-0.054454163,0.03016963,0.01738403,-0.053691708,0.065907754,0.047001667,0.08845365,-0.048325889,-0.109842554,0.043575186,-0.044308372,-0.005634832,-0.030076912,0.04848605,0.019239824,-0.09871006,0.065190576,0.051326342,-0.002757108,-0.023726061,0.018911006,-0.045908913,0.041203633,0.013189077,-0.052891761,0.028008845
3910.970554,0.001371719,-0.040414259,-0.003042681,0.039765559,-0.033504777,-0.015302539,-0.018925816,0.008713068,-0.084148861,0.057534717,0.07571993,-0.026255624,-0.010626511,-0.077021621,-0.05455637,0.030062689,0.017331852,-0.053671449,0.065869354,0.046955258,0.088220477,-0.048323747,-0.109916508,0.043471895,-0.044386759,-0.005796095,-0.030127989,0.04852239,0.019158598,-0.098810323,0.065003783,0.051348761,-0.002771905,-0.023805317,0.018835111,-0.046077017,0.041230362,0.013084418,-0.053080559,0.027901202
3912.89904,0.001286525,-0.040471978,-0.003158401,0.039642755,-0.033507317,-0.015408617,-0.018927865,0.008640761,-0.084168158,0.057448409,0.07565131,-0.026244877,-0.010796383,-0.077071659,-0.054607254,0.029990291,0.017312001,-0.053640623,0.06582021,0.046868771,0.087972224,-0.048340216,-0.109962337,0.043428045,-0.044463892,-0.005982465,-0.030126981,0.048573442,0.019069219,-0.098877333,0.06489978,0.051373336,-0.002754493,-0.023911117,0.018729277,-0.046226196,0.04127001,0.013053499,-0.053244743,0.027844545
3914.827527,0.001182911,-0.040550914,-0.003294785,0.039494496,-0.033476457,-0.015472572,-0.018861504,0.008579052,-0.084155738,0.057202216,0.075614519,-0.02622127,-0.010907918,-0.077091485,-0.054562289,0.029932225,0.017326824,-0.053645056,0.06578543,0.046698444,0.087780356,-0.048359677,-0.109943599,0.043481261,-0.044564031,-0.006162987,-0.030064439,0.04867278,0.019009842,-0.098931991,0.064714782,0.05148251,-0.002675009,-0.024209877,0.01861408,-0.04635907,0.041266792,0.013040439,-0.053388998,0.027824044
3916.756013,0.001024019,-0.040626373,-0.003453648,0.039336294,-0.033505213,-0.015529738,-0.018792298,0.008544179,-0.084157474,0.056991994,0.075562477,-0.026242573,-0.011063633,-0.077103212,-0.054531373,0.029851606,0.017323732,-0.053752568,0.065707952,0.046527453,0.087623052,-0.048416227,-0.109991223,0.043449335,-0.044694547,-0.006311613,-0.030068768,0.048713848,0.018931458,-0.099017583,0.064492345,0.051590156,-0.002703761,-0.024573561,0.018478142,-0.046528678,0.041232713,0.0129755,-0.053509966,0.02780154
3918.6845,0.000880638,-0.040692676,-0.00364296,0.039160527,-0.033616085,-0.015625739,-0.018847236,0.00839371,-0.084233753,0.056977578,0.075351283,-0.026294714,-0.01132053,-0.077142827,-0.054648079,0.029652601,0.017226551,-0.053834606,0.065576233,0.046509854,0.087404862,-0.048538908,-0.110162638,0.043258533,-0.044844132,-0.006558615,-0.030153994,0.048646566,0.018746529,-0.099130772,0.064237431,0.051566392,-0.002835955,-0.024650117,0.018284075,-0.046756871,0.041144565,0.012804067,-0.053708639,0.027656214
3920.612986,0.000702817,-0.040802989,-0.003882208,0.038939044,-0.033751331,-0.015819799,-0.018951545,0.00814763,-0.084335394,0.05703387,0.075121239,-0.026341027,-0.011603755,-0.077271938,-0.054769695,0.029361,0.017026464,-0.053876128,0.065478437,0.046477128,0.087088965,-0.048644435,-0.110353462,0.043090638,-0.044998731,-0.006871879,-0.030266639,0.048567094,0.018603742,-0.099251755,0.063939378,0.051454175,-0.002972326,-0.02465786,0.018084144,-0.046982449,0.04103725,0.012597483,-0.053987451,0.027464164
3922.541473,0.000515503,-0.040866863,-0.004053641,0.038776435,-0.033811364,-0.015972298,-0.018958963,0.008002394,-0.084356047,0.056971338,0.074995995,-0.026361765,-0.011833791,-0.077388123,-0.054767434,0.029263131,0.016956512,-0.053903729,0.065423727,0.046395332,0.086815089,-0.048694432,-0.110426053,0.042968001,-0.045122921,-0.007052621,-0.030310135,0.048526864,0.018486561,-0.099349275,0.063699082,0.051440772,-0.002993948,-0.024818463,0.017951448,-0.047152095,0.041001581,0.012517591,-0.054159876,0.027395422
3924.469959,0.00032011,-0.040972929,-0.004257995,0.038589828,-0.033904746,-0.016152173,-0.018994845,0.007847799,-0.084462628,0.056848861,0.074867561,-0.026440891,-0.012070169,-0.077469952,-0.054896533,0.029196976,0.016924517,-0.053988915,0.065309577,0.046312071,0.086609744,-0.048767839,-0.110532239,0.042812686,-0.045238379,-0.007231568,-0.030370561,0.04846837,0.018256539,-0.099530824,0.063405097,0.051440269,-0.003050496,-0.024970189,0.0178122,-0.047327716,0.04093729,0.012393103,-0.054401051,0.027292764
3926.398446,0.000181857,-0.041089363,-0.004482193,0.038352292,-0.03404256,-0.016318439,-0.019070193,0.007652238,-0.084601238,0.056812566,0.074725337,-0.026492361,-0.012292958,-0.077569745,-0.055024941,0.029021814,0.016821451,-0.054091569,0.065190703,0.046228524,0.086359695,-0.048838481,-0.110677466,0.042682391,-0.045367483,-0.007494906,-0.030409327,0.048449714,0.018103067,-0.099713594,0.063121386,0.051445954,-0.003178767,-0.025078788,0.017651504,-0.04749446,0.040812932,0.012250198,-0.054668799,0.027190786
3928.326932,0.000152413,-0.041112702,-0.004606405,0.038184617,-0.034123104,-0.016419806,-0.019043082,0.007517401,-0.084651463,0.056766666,0.074604243,-0.026511896,-0.012443472,-0.077629976,-0.055060659,0.028861966,0.016752997,-0.054109406,0.065128133,0.046156,0.086133927,-0.048912797,-0.110732846,0.042549964,-0.045454469,-0.007685829,-0.030438952,0.048511058,0.018023733,-0.099758394,0.062883183,0.051445767,-0.003246045,-0.025212837,0.017499769,-0.047645681,0.040738348,0.012147058,-0.054816149,0.027141975
3930.255419,0.000111574,-0.041069157,-0.004675195,0.038113896,-0.03407288,-0.016431296,-0.01890892,0.007487324,-0.084604546,0.056636386,0.074575588,-0.026468894,-0.012521693,-0.07758978,-0.055030201,0.028816389,0.016763542,-0.054071277,0.065098353,0.046037901,0.085964426,-0.048928794,-0.110715762,0.042523026,-0.045482583,-0.007760928,-0.030445525,0.048631065,0.017984519,-0.099748448,0.062763423,0.051531915,-0.003184577,-0.025443409,0.017414456,-0.047747049,0.040776178,0.01214585,-0.054929554,0.027132347
3932.183905,-7.23E-05,-0.041120678,-0.004825848,0.037981171,-0.034134518,-0.016502192,-0.018917803,0.007342475,-0.084634654,0.056572571,0.074436717,-0.026451686,-0.012702493,-0.077645987,-0.055069491,0.028712114,0.016706601,-0.054074287,0.065054178,0.04597469,0.085698336,-0.048989888,-0.110801667,0.042472176,-0.045595597,-0.007945,-0.030475568,0.048605371,0.01789546,-0.099860132,0.062584788,0.051578127,-0.003159946,-0.025623161,0.017321765,-0.047891974,0.040742759,0.012046824,-0.055117182,0.027032454
3934.112391,-0.000363422,-0.041278351,-0.005104799,0.037707031,-0.034369178,-0.016793491,-0.019074211,0.00708538,-0.084841639,0.056523897,0.074127004,-0.026581986,-0.013021402,-0.077851295,-0.055270404,0.028452825,0.016488509,-0.054179132,0.064941958,0.045926001,0.085354023,-0.049180899,-0.111037873,0.042275809,-0.045821477,-0.008305323,-0.03065861,0.048425537,0.017662117,-0.100097507,0.062175971,0.051400051,-0.00335918,-0.025704628,0.017091939,-0.048159957,0.040556017,0.011726385,-0.055422995,0.02678873
3936.040878,-0.000521937,-0.041366395,-0.00533152,0.037472721,-0.034501992,-0.016963501,-0.019163471,0.006915356,-0.084973358,0.056417808,0.073917635,-0.026687412,-0.013257292,-0.077985361,-0.055347849,0.028294662,0.016322024,-0.054223698,0.064801142,0.045891043,0.085039131,-0.049315583,-0.111197107,0.042122245,-0.046004478,-0.00855757,-0.030737741,0.048365138,0.017459162,-0.100231141,0.061838899,0.051316548,-0.003522923,-0.025746856,0.016865075,-0.04838302,0.040428486,0.011537729,-0.055657666,0.026643701
3937.969364,-0.00062523,-0.04144128,-0.005516487,0.037243463,-0.034618706,-0.017071251,-0.019208997,0.006766771,-0.085011832,0.056279581,0.073800124,-0.026751962,-0.013440769,-0.078087658,-0.055383317,0.028169911,0.016207157,-0.054250799,0.064727098,0.045783117,0.084788628,-0.049435291,-0.111280017,0.042004656,-0.046173185,-0.00872326,-0.030751444,0.048366196,0.017312296,-0.10034059,0.06160773,0.051328488,-0.003559243,-0.025878564,0.016702933,-0.048526071,0.040381521,0.011452086,-0.05582146,0.026563589
3939.897851,-0.000745278,-0.041462783,-0.005658787,0.037060812,-0.034672372,-0.017205074,-0.019149985,0.006666097,-0.085010879,0.05616213,0.07369893,-0.02675554,-0.013582966,-0.078164086,-0.055429146,0.028060099,0.016150534,-0.054319937,0.064738534,0.045639895,0.084609427,-0.049525335,-0.111331441,0.04194615,-0.046293806,-0.008881588,-0.030775463,0.048390437,0.017216433,-0.100424297,0.061465152,0.051358461,-0.003542801,-0.026070923,0.016569445,-0.048602797,0.040392235,0.011378721,-0.055943985,0.026487028
3941.826337,-0.000831309,-0.041471746,-0.005759319,0.036929104,-0.034683075,-0.017273189,-0.019106681,0.006597612,-0.085018255,0.056028329,0.073591508,-0.02676557,-0.01372649,-0.078194238,-0.05546385,0.027963314,0.016141932,-0.054373898,0.064682856,0.045543082,0.084416628,-0.04958649,-0.111408867,0.04185845,-0.046397172,-0.009004054,-0.030799232,0.048418831,0.017125586,-0.10047286,0.061285805,0.051377904,-0.003549689,-0.026242357,0.016434798,-0.048748013,0.040388778,0.011272801,-0.056098253,0.026402332
3943.754824,-0.001017909,-0.041607119,-0.005984011,0.036701605,-0.034842581,-0.017422846,-0.01919947,0.006448696,-0.085144632,0.055937685,0.073400043,-0.026870688,-0.013977852,-0.078304119,-0.055588719,0.027736714,0.016014146,-0.05446472,0.064539783,0.0454368,0.084159136,-0.049772646,-0.11159879,0.041674018,-0.046587821,-0.009236082,-0.030933443,0.048308127,0.016935,-0.100649305,0.060956832,0.051250607,-0.003675445,-0.026405506,0.016226085,-0.049010433,0.040278614,0.011055503,-0.0563812,0.026233105
3945.68331,-0.001177581,-0.041716464,-0.006198152,0.03655114,-0.034981929,-0.017560693,-0.019221583,0.006292694,-0.085263699,0.055868711,0.073246345,-0.02691613,-0.014166425,-0.078390196,-0.055690762,0.027564708,0.015938848,-0.054501545,0.064483114,0.045410737,0.083985567,-0.04990387,-0.111708269,0.041548487,-0.046726823,-0.009453828,-0.030988047,0.048257165,0.016769543,-0.100777537,0.060710885,0.051167782,-0.003731884,-0.026529547,0.016056955,-0.049181074,0.040200111,0.010938906,-0.056565944,0.0261178
3947.611797,-0.001296698,-0.041748285,-0.006336496,0.036457665,-0.035024364,-0.017637832,-0.019214962,0.006231875,-0.085299045,0.05570852,0.073177837,-0.026915895,-0.014288797,-0.078421161,-0.055746689,0.027456695,0.015924985,-0.05451607,0.06448523,0.045320895,0.083881602,-0.049924955,-0.111731678,0.041493066,-0.046813112,-0.009609705,-0.030970387,0.048304208,0.016644951,-0.100851871,0.060555913,0.051232092,-0.003707629,-0.026728181,0.015990602,-0.0493026,0.04017099,0.010921992,-0.05668059,0.026061414
3949.540283,-0.001507114,-0.04182642,-0.006540012,0.03625875,-0.035139233,-0.01780927,-0.019289138,0.006091307,-0.085378312,0.055617239,0.073002309,-0.027006818,-0.014511211,-0.078555465,-0.055858709,0.02725892,0.015756501,-0.054605413,0.064397782,0.045221735,0.083623849,-0.05005775,-0.111855067,0.041377377,-0.046964731,-0.009828354,-0.031008594,0.048220932,0.016417047,-0.100985527,0.060348064,0.051201571,-0.003789853,-0.026854446,0.01586128,-0.049497914,0.040065568,0.010760416,-0.056881979,0.02592524
3951.46877,-0.001619289,-0.041936222,-0.006742522,0.036057096,-0.03529397,-0.018017732,-0.01931737,0.005922371,-0.085474089,0.055572018,0.072826929,-0.027123163,-0.014756142,-0.078660436,-0.055965908,0.027089261,0.015534569,-0.054673802,0.06430538,0.045200292,0.08334814,-0.050187998,-0.111986227,0.041248672,-0.047132164,-0.010016548,-0.031053513,0.048165251,0.016215339,-0.101092748,0.060121849,0.051105231,-0.003889134,-0.026908055,0.015706655,-0.049692743,0.040017664,0.010584273,-0.057098694,0.025798125
3953.397256,-0.001619747,-0.042032581,-0.006915235,0.035902821,-0.03536585,-0.018116144,-0.019301351,0.005836138,-0.085519761,0.055547815,0.072730877,-0.027165378,-0.014920121,-0.078669488,-0.056005236,0.026996817,0.015404153,-0.054707225,0.064224824,0.04517775,0.083197936,-0.050283026,-0.112074129,0.041202009,-0.047269519,-0.010185223,-0.031074997,0.048237767,0.016100084,-0.10116449,0.059924368,0.051072508,-0.003934547,-0.026973167,0.015581713,-0.049824256,0.040065695,0.010478736,-0.057297453,0.025697913
3955.325743,-0.001731204,-0.042163312,-0.00711924,0.035725486,-0.035470393,-0.018209482,-0.019371871,0.005678046,-0.08560054,0.055411395,0.07254836,-0.027218038,-0.015105735,-0.078755163,-0.056122277,0.026854413,0.015328082,-0.054815549,0.064059071,0.045086328,0.08299236,-0.050470207,-0.112222381,0.041072231,-0.047467228,-0.010399975,-0.031142581,0.048225727,0.015923984,-0.101283148,0.059683889,0.050980493,-0.004025851,-0.027097216,0.015398499,-0.049997833,0.039979797,0.010306616,-0.057520814,0.025511468
3957.254229,-0.001951447,-0.04232692,-0.007348016,0.035485975,-0.035644304,-0.018383469,-0.0195053,0.005507605,-0.085734263,0.055214945,0.072301395,-0.02732834,-0.015358411,-0.07894472,-0.056314867,0.026627123,0.015206208,-0.054945476,0.063918099,0.044928771,0.082667179,-0.050665658,-0.112397835,0.040870469,-0.047680624,-0.010662435,-0.031296469,0.048094377,0.015716422,-0.101456784,0.059400961,0.050846785,-0.004174842,-0.027352372,0.015227005,-0.050253697,0.03981822,0.010134205,-0.057756897,0.025293097
3959.182716,-0.002122503,-0.042456895,-0.007554237,0.035291918,-0.035786726,-0.018529298,-0.0195629,0.005369155,-0.085836872,0.055119902,0.07216575,-0.027449725,-0.015568944,-0.07908532,-0.05642451,0.026422713,0.015047641,-0.054988012,0.063845642,0.044868827,0.0823915,-0.050806958,-0.11251992,0.040747657,-0.047835205,-0.010879586,-0.031354882,0.048018761,0.015568908,-0.101586983,0.059163842,0.050781704,-0.004293272,-0.027532838,0.01509585,-0.05045205,0.039728079,0.010025879,-0.057931557,0.025164779
3961.111202,-0.00223596,-0.042581595,-0.007750078,0.035178557,-0.035903495,-0.01862972,-0.019551091,0.005277866,-0.085882738,0.054981314,0.072105713,-0.027547527,-0.015748855,-0.079120822,-0.05647853,0.026292449,0.014917392,-0.055029154,0.063818567,0.044833947,0.082215779,-0.050879631,-0.112606458,0.04067003,-0.047974076,-0.011012668,-0.03134514,0.04801742,0.015430521,-0.10168463,0.058984205,0.050824638,-0.00434211,-0.027652921,0.01499005,-0.050589021,0.039690088,0.009941503,-0.05811438,0.025098076
3963.039688,-0.002403683,-0.04275972,-0.007999879,0.035016816,-0.036010038,-0.018780073,-0.019630712,0.005141578,-0.085976511,0.054870795,0.071908019,-0.027625039,-0.01597704,-0.079214424,-0.056603704,0.026118448,0.014783157,-0.055135708,0.063751839,0.044786479,0.08199174,-0.051005028,-0.112749845,0.040541526,-0.048094299,-0.011225928,-0.031468898,0.047957145,0.015235901,-0.101809584,0.058766898,0.05078356,-0.00442895,-0.027761005,0.014850356,-0.050772507,0.0396307,0.009772534,-0.058378078,0.024928845
3964.968175,-0.002534137,-0.042844784,-0.008157556,0.034906916,-0.036024913,-0.018914454,-0.019716429,0.004986523,-0.086040944,0.054821949,0.071745068,-0.027652802,-0.016166216,-0.079267912,-0.056671098,0.025986435,0.014722199,-0.055188581,0.063677117,0.044731777,0.081795387,-0.051124036,-0.1128629,0.040445533,-0.04818283,-0.011445954,-0.031552881,0.047941819,0.015135169,-0.101906523,0.058531564,0.050726913,-0.004456151,-0.027882094,0.014700002,-0.0509305,0.039592903,0.009678169,-0.05855063,0.024785953
3966.896661,-0.002591982,-0.042912118,-0.008259042,0.034801472,-0.036025263,-0.019003864,-0.019741522,0.004875413,-0.086074531,0.054796867,0.071638346,-0.027657401,-0.016310658,-0.079278998,-0.056687441,0.025937011,0.01471056,-0.055197168,0.06364429,0.044613704,0.08163882,-0.051184032,-0.112929612,0.040393237,-0.048276264,-0.011595831,-0.031542111,0.047990512,0.015060251,-0.101999164,0.058332615,0.050777514,-0.00442871,-0.028013693,0.01459885,-0.051043555,0.039593678,0.009643915,-0.058660768,0.024747016
3968.825148,-0.002774545,-0.0431168,-0.008490135,0.034571625,-0.03614476,-0.019167036,-0.019822704,0.004692734,-0.086229302,0.054652359,0.07139273,-0.027731933,-0.016506238,-0.079418778,-0.056829322,0.025756456,0.014585045,-0.055298738,0.063483633,0.044472802,0.081377238,-0.051329564,-0.113084733,0.040229172,-0.048475161,-0.011804751,-0.031653024,0.047918219,0.01482801,-0.102149904,0.058089793,0.050674416,-0.004576779,-0.028183423,0.014409623,-0.051252089,0.039479796,0.009458569,-0.058897257,0.02461217
3970.753634,-0.002971275,-0.043249149,-0.0086853,0.034411673,-0.036244206,-0.019334247,-0.019853115,0.004581567,-0.086353742,0.054516617,0.07119485,-0.027813254,-0.016679838,-0.079538822,-0.056929212,0.025573978,0.014435557,-0.05537549,0.063372865,0.044413447,0.081132263,-0.051415443,-0.113200776,0.040093422,-0.048673198,-0.012010318,-0.031752754,0.047824699,0.014611576,-0.102262937,0.057831574,0.050586399,-0.004709031,-0.028346304,0.014217733,-0.05148394,0.039342869,0.009287037,-0.059128497,0.024473894
3972.682121,-0.003067861,-0.043324407,-0.008795443,0.03432114,-0.036298946,-0.019458385,-0.019825408,0.004496583,-0.086387627,0.054485235,0.071121357,-0.027849521,-0.016810592,-0.079588152,-0.056948837,0.025510801,0.014336318,-0.05538613,0.063388124,0.04440074,0.08098276,-0.051436622,-0.113238461,0.040009983,-0.04876592,-0.012183899,-0.031753734,0.047831245,0.014509967,-0.102344647,0.057636995,0.050619051,-0.004733367,-0.028430277,0.01412998,-0.051613525,0.039293006,0.009164734,-0.059287038,0.024385087
3974.610607,-0.003221028,-0.043473206,-0.008967021,0.034164071,-0.036400013,-0.01959724,-0.019888062,0.004330346,-0.086465821,0.054404948,0.071011864,-0.027888281,-0.017003331,-0.079666749,-0.057004277,0.025398703,0.014230307,-0.055448566,0.063299656,0.044334002,0.080768868,-0.051518038,-0.113345988,0.039868403,-0.048872709,-0.012405916,-0.031814024,0.047796134,0.01441746,-0.102480516,0.057448406,0.050602391,-0.004811739,-0.028607924,0.014004144,-0.0517461,0.039256047,0.009050937,-0.059468053,0.024267653
3976.539094,-0.003425924,-0.043641724,-0.009232489,0.03393415,-0.036536649,-0.019768383,-0.02000211,0.004126395,-0.086604737,0.054333415,0.070832945,-0.027978929,-0.017267857,-0.079841837,-0.057126369,0.025197938,0.01412665,-0.055564124,0.063123785,0.044226333,0.080478087,-0.051643632,-0.113545895,0.039672799,-0.049036216,-0.012623231,-0.031938605,0.047688249,0.014220489,-0.102649912,0.057134606,0.050529152,-0.004955651,-0.028765654,0.013797127,-0.051977389,0.03912054,0.008899648,-0.059692059,0.024104137
3978.46758,-0.003597415,-0.043762866,-0.009465173,0.033736177,-0.036635116,-0.019908033,-0.020053038,0.003956339,-0.086667284,0.054201208,0.07071235,-0.028054796,-0.01747472,-0.079978578,-0.057231911,0.025021426,0.014058766,-0.055669051,0.062973127,0.044076297,0.080280095,-0.051725842,-0.113701634,0.039475277,-0.049175356,-0.012817113,-0.032035787,0.047628853,0.014014097,-0.102789998,0.05683751,0.050475482,-0.005072128,-0.028872512,0.0136134,-0.052166071,0.038950913,0.008773322,-0.05990747,0.023948926
3980.396067,-0.003745488,-0.043856204,-0.009602414,0.033555444,-0.036691807,-0.020029441,-0.02009985,0.003798431,-0.086712927,0.05411711,0.070582464,-0.028117813,-0.017649855,-0.08004909,-0.057329711,0.02490586,0.013942229,-0.055755328,0.062844165,0.043951657,0.080079123,-0.051776193,-0.113804661,0.039341982,-0.049277328,-0.013054436,-0.032112416,0.047586367,0.013850044,-0.102898993,0.056667149,0.050466198,-0.005139229,-0.029014857,0.013415374,-0.052295044,0.038853981,0.008658034,-0.060094748,0.023838522
3982.324553,-0.003941255,-0.043962818,-0.009774967,0.033347871,-0.036830369,-0.020184474,-0.020195404,0.003574077,-0.086858556,0.054034565,0.070372067,-0.028226433,-0.017897326,-0.080181755,-0.057499196,0.024738679,0.013795693,-0.055881146,0.062695853,0.043829214,0.079807594,-0.051889256,-0.11396423,0.039194733,-0.049458135,-0.013290328,-0.032204371,0.047529895,0.013649782,-0.103050135,0.056441464,0.05040044,-0.005224635,-0.029177636,0.013161675,-0.052462149,0.038715411,0.008442734,-0.060335457,0.023682855
3984.25304,-0.004146368,-0.044055834,-0.009996573,0.033178791,-0.03699369,-0.020314924,-0.020269027,0.003390166,-0.086995915,0.053918801,0.070177034,-0.028314034,-0.018125309,-0.080313265,-0.057614323,0.024523882,0.013717628,-0.055979762,0.062579758,0.043727275,0.079568855,-0.052006006,-0.11412435,0.03902154,-0.049644303,-0.013461222,-0.03228632,0.047451142,0.013473101,-0.103210516,0.056143373,0.050315715,-0.005299693,-0.029342463,0.012966394,-0.052614722,0.038573537,0.008253495,-0.060583387,0.023554727
3986.181526,-0.004294064,-0.044189021,-0.010205096,0.032976963,-0.037084688,-0.020484339,-0.020350333,0.003206362,-0.087125592,0.053811502,0.069996066,-0.028408496,-0.018327951,-0.080436118,-0.057702079,0.024372783,0.013605886,-0.056070283,0.062479787,0.043618239,0.079341702,-0.052152779,-0.114260957,0.038867369,-0.049773701,-0.01363928,-0.032409482,0.047339581,0.013312007,-0.103368931,0.055844937,0.050253659,-0.005405316,-0.029497897,0.012824901,-0.05280298,0.03847399,0.008086036,-0.060780071,0.023438565
3988.110013,-0.004444727,-0.044340581,-0.010376517,0.032786116,-0.037164267,-0.020675363,-0.020439111,0.003033865,-0.08722955,0.053650178,0.06981875,-0.028488066,-0.018521221,-0.080519564,-0.05778512,0.024252661,0.013452299,-0.05616191,0.062356442,0.043464046,0.079087242,-0.052298341,-0.114394426,0.03876235,-0.049898956,-0.013884088,-0.032518189,0.047250818,0.013160937,-0.103530534,0.055606749,0.050218053,-0.005516456,-0.029688109,0.012687908,-0.052996811,0.038377535,0.007956794,-0.060960926,0.023306061
3990.038499,-0.004611416,-0.044453796,-0.010546703,0.032604232,-0.037266206,-0.020870838,-0.020506382,0.002861088,-0.087333567,0.053523619,0.069653764,-0.028568665,-0.018723501,-0.080612302,-0.057858065,0.02408996,0.013291845,-0.056245022,0.062216446,0.043328214,0.078770541,-0.052396789,-0.114551075,0.03860392,-0.050032552,-0.014140309,-0.032626867,0.047164295,0.013020433,-0.103679992,0.055393796,0.050149884,-0.005589011,-0.029857878,0.012511088,-0.053143401,0.038277727,0.007803551,-0.061160311,0.023185341
3991.966985,-0.00479223,-0.044547379,-0.010766989,0.032383975,-0.037374388,-0.021087214,-0.02057397,0.002646307,-0.087473035,0.05337628,0.069487758,-0.028700443,-0.018974515,-0.080769882,-0.057943795,0.023899045,0.013138994,-0.05638776,0.062080305,0.043183375,0.07851132,-0.052503299,-0.114708617,0.03839425,-0.050225563,-0.014375983,-0.032795079,0.047072899,0.012854915,-0.103851482,0.055117406,0.050058022,-0.005692162,-0.030037403,0.012328419,-0.053323179,0.038142126,0.007601732,-0.061367311,0.02301003
3993.895472,-0.0049594,-0.0446277,-0.010989526,0.032165948,-0.037513688,-0.02121442,-0.020653464,0.002465493,-0.087587126,0.053271089,0.069301955,-0.028794859,-0.0191833,-0.080905363,-0.058050994,0.023732174,0.013014218,-0.05647143,0.061972532,0.043089066,0.078332424,-0.052633747,-0.114829548,0.038270216,-0.050409082,-0.014592159,-0.032870922,0.046968728,0.01267689,-0.10401208,0.054834418,0.05003098,-0.005810452,-0.030176608,0.012150648,-0.053535875,0.038007353,0.007427086,-0.061565824,0.022864189
3995.823958,-0.005115605,-0.044704609,-0.011161921,0.031939171,-0.037647929,-0.021296835,-0.020758094,0.002308805,-0.087687075,0.053141229,0.069174856,-0.028873552,-0.019382505,-0.080992788,-0.05821117,0.023598175,0.012865425,-0.056517389,0.061870456,0.042945407,0.078101262,-0.052795239,-0.114985481,0.038120627,-0.050573193,-0.014757041,-0.032942604,0.046843968,0.012509131,-0.104153521,0.05460418,0.049977235,-0.005923025,-0.030295374,0.011917128,-0.053744085,0.03791343,0.007242759,-0.061791524,0.022708327
3997.752445,-0.005318657,-0.044796001,-0.011316674,0.031716563,-0.037772976,-0.02145943,-0.020892167,0.00216078,-0.087791935,0.05298258,0.069030084,-0.028999029,-0.01962249,-0.081095763,-0.058344472,0.023428885,0.012711989,-0.056637395,0.061720069,0.042769309,0.077858858,-0.0529598,-0.115173124,0.037930891,-0.050760977,-0.014952877,-0.03307759,0.046732653,0.012320248,-0.104298025,0.054360323,0.049855448,-0.006058376,-0.030467475,0.01168839,-0.053930894,0.037810259,0.007099668,-0.062001102,0.022517329
3999.680931,-0.005500152,-0.044905957,-0.011532125,0.031482745,-0.037945505,-0.021658964,-0.021000167,0.001957997,-0.087947674,0.052818149,0.06882482,-0.029110374,-0.0198476,-0.08124914,-0.058467072,0.023230655,0.0125703,-0.056801714,0.061515033,0.042653605,0.077638552,-0.05312892,-0.11532867,0.037770152,-0.050940525,-0.015191855,-0.033168361,0.046648171,0.012107754,-0.10445191,0.054061633,0.049753234,-0.006215233,-0.030653451,0.011483108,-0.054138076,0.037659895,0.006991094,-0.062183797,0.022362132
4001.609418,-0.005677345,-0.045043133,-0.011820878,0.03124267,-0.038119972,-0.021843463,-0.021086847,0.00176695,-0.088112168,0.052601643,0.068626665,-0.02919847,-0.020092603,-0.081406243,-0.05860908,0.023019182,0.012419911,-0.056949656,0.06133642,0.042498011,0.07737305,-0.053293116,-0.11548166,0.037581921,-0.05111495,-0.015405652,-0.033271719,0.046549331,0.011888795,-0.104636729,0.053770699,0.049674239,-0.006330274,-0.030861132,0.011260242,-0.054365214,0.03748532,0.006799862,-0.062435083,0.022186831
