x,AP1_0-20,AP1_100-120,AP1_20-40,AP1_50-69,AP1_80-100,AP2_0-20,AP2_100-120,AP2_20-40,AP2_50-69,AP2_80-100,AP3_0-20,AP3_100-119,AP3_20-40,AP3_50-69,AP3_80-100,AP4_0-20,AP4_20-40,AP4_50-70,AP4_80-99,AP4_99-120,AT1_0-40,AT1_143-163,AT1_163-183,AT1_63-83,AT1_83-103,AT2_0-40,AT2_123-143,AT2_143-163,AT2_43-63,AT2_63-83,AT3_0-40,AT3_140-160,AT3_160-180,AT3_60-80,AT3_80-100,AT5_0-40,AT5_130-150,AT5_150-170,AT5_50-70,AT5_70-90
599.7592911,4.32E-06,3.09E-06,4.61E-06,2.92E-06,3.29E-06,3.44E-06,3.41E-06,3.01E-06,3.43E-06,2.82E-06,4.04E-06,2.95E-06,4.19E-06,3.21E-06,3.09E-06,3.67E-06,2.73E-06,3.53E-06,3.59E-06,3.26E-06,5.24E-06,3.45E-06,3.51E-06,3.26E-06,3.43E-06,4.95E-06,3.24E-06,3.26E-06,3.43E-06,2.89E-06,5.17E-06,3.13E-06,3.31E-06,3.62E-06,2.87E-06,4.95E-06,3.02E-06,3.09E-06,4.42E-06,3.20E-06
601.6877775,5.48E-06,2.59E-06,4.41E-06,1.70E-06,2.01E-06,2.76E-06,3.17E-06,2.77E-06,2.96E-06,3.88E-06,5.39E-06,2.61E-06,3.51E-06,2.12E-06,2.25E-06,2.62E-06,1.92E-06,3.31E-06,2.97E-06,3.17E-06,4.29E-06,2.69E-06,1.96E-06,3.26E-06,3.32E-06,5.25E-06,3.14E-06,2.90E-06,2.52E-06,2.17E-06,4.75E-06,3.81E-06,2.32E-06,2.63E-06,2.02E-06,5.22E-06,3.86E-06,3.49E-06,3.18E-06,2.71E-06
603.616264,9.69E-06,5.14E-06,8.97E-06,3.31E-06,4.71E-06,5.48E-06,6.57E-06,6.19E-06,6.30E-06,7.47E-06,9.37E-06,6.92E-06,8.80E-06,5.33E-06,5.39E-06,5.51E-06,3.56E-06,6.13E-06,5.31E-06,6.14E-06,1.04E-05,6.01E-06,3.82E-06,5.76E-06,7.34E-06,9.73E-06,6.46E-06,5.40E-06,4.26E-06,5.36E-06,1.01E-05,6.64E-06,4.63E-06,5.79E-06,5.06E-06,1.15E-05,8.29E-06,6.01E-06,7.15E-06,5.20E-06
605.5447505,1.43E-05,8.29E-06,1.45E-05,6.34E-06,8.25E-06,8.35E-06,1.04E-05,9.41E-06,9.71E-06,1.04E-05,1.35E-05,1.02E-05,1.40E-05,8.70E-06,9.04E-06,1.01E-05,6.95E-06,8.76E-06,1.10E-05,1.01E-05,1.73E-05,8.75E-06,7.06E-06,7.72E-06,1.12E-05,1.51E-05,9.74E-06,8.90E-06,6.79E-06,8.07E-06,1.59E-05,9.61E-06,7.89E-06,8.64E-06,7.95E-06,1.73E-05,1.16E-05,1.03E-05,1.26E-05,7.39E-06
607.4732369,1.98E-05,1.24E-05,2.06E-05,9.37E-06,1.23E-05,1.04E-05,1.51E-05,1.18E-05,1.37E-05,1.39E-05,1.76E-05,1.33E-05,1.85E-05,1.22E-05,1.30E-05,1.30E-05,1.08E-05,1.23E-05,1.71E-05,1.38E-05,2.48E-05,1.15E-05,1.15E-05,1.12E-05,1.48E-05,2.26E-05,1.25E-05,1.31E-05,8.64E-06,1.09E-05,2.28E-05,1.25E-05,1.22E-05,1.12E-05,1.13E-05,2.33E-05,1.59E-05,1.49E-05,1.93E-05,9.84E-06
609.4017234,2.43E-05,1.53E-05,2.49E-05,1.09E-05,1.55E-05,1.15E-05,1.83E-05,1.25E-05,1.74E-05,1.77E-05,2.11E-05,1.59E-05,2.16E-05,1.48E-05,1.53E-05,1.57E-05,1.32E-05,1.57E-05,2.03E-05,1.64E-05,3.03E-05,1.48E-05,1.39E-05,1.42E-05,1.69E-05,2.76E-05,1.54E-05,1.55E-05,8.95E-06,1.34E-05,2.82E-05,1.48E-05,1.52E-05,1.30E-05,1.29E-05,2.82E-05,1.94E-05,1.79E-05,2.42E-05,1.20E-05
611.3302099,2.66E-05,1.63E-05,2.69E-05,1.19E-05,1.67E-05,1.17E-05,1.94E-05,1.29E-05,1.97E-05,1.98E-05,2.37E-05,1.78E-05,2.29E-05,1.65E-05,1.68E-05,1.81E-05,1.44E-05,1.79E-05,2.24E-05,1.90E-05,3.33E-05,1.73E-05,1.46E-05,1.59E-05,1.79E-05,3.04E-05,1.74E-05,1.61E-05,1.02E-05,1.45E-05,3.06E-05,1.67E-05,1.66E-05,1.42E-05,1.34E-05,3.04E-05,2.12E-05,1.97E-05,2.63E-05,1.39E-05
613.2586963,3.05E-05,1.91E-05,3.08E-05,1.44E-05,1.92E-05,1.41E-05,2.29E-05,1.62E-05,2.34E-05,2.24E-05,2.80E-05,2.12E-05,2.68E-05,1.85E-05,2.00E-05,2.14E-05,1.76E-05,2.17E-05,2.65E-05,2.28E-05,3.63E-05,2.06E-05,1.77E-05,1.91E-05,2.06E-05,3.49E-05,2.06E-05,1.91E-05,1.36E-05,1.68E-05,3.49E-05,2.00E-05,1.99E-05,1.71E-05,1.68E-05,3.48E-05,2.52E-05,2.28E-05,2.99E-05,1.69E-05
615.1871828,3.38E-05,2.14E-05,3.33E-05,1.45E-05,2.09E-05,1.50E-05,2.55E-05,1.76E-05,2.53E-05,2.49E-05,3.02E-05,2.29E-05,3.01E-05,1.89E-05,2.21E-05,2.35E-05,1.99E-05,2.41E-05,2.91E-05,2.46E-05,3.78E-05,2.23E-05,1.96E-05,2.01E-05,2.28E-05,3.71E-05,2.33E-05,2.14E-05,1.53E-05,1.81E-05,3.76E-05,2.22E-05,2.18E-05,1.89E-05,1.82E-05,3.69E-05,2.78E-05,2.44E-05,3.16E-05,1.84E-05
617.1156693,3.67E-05,2.32E-05,3.73E-05,1.57E-05,2.36E-05,1.53E-05,2.83E-05,1.85E-05,2.77E-05,2.84E-05,3.29E-05,2.43E-05,3.40E-05,1.99E-05,2.39E-05,2.60E-05,2.13E-05,2.74E-05,3.24E-05,2.83E-05,4.07E-05,2.48E-05,2.20E-05,2.23E-05,2.67E-05,3.92E-05,2.61E-05,2.37E-05,1.61E-05,2.10E-05,3.92E-05,2.45E-05,2.43E-05,2.17E-05,2.03E-05,3.95E-05,2.96E-05,2.61E-05,3.48E-05,1.98E-05
619.0441557,3.74E-05,2.51E-05,3.90E-05,1.68E-05,2.55E-05,1.73E-05,3.06E-05,2.00E-05,2.90E-05,3.08E-05,3.46E-05,2.59E-05,3.54E-05,2.14E-05,2.62E-05,2.79E-05,2.24E-05,2.94E-05,3.46E-05,3.02E-05,4.25E-05,2.56E-05,2.36E-05,2.37E-05,2.79E-05,4.10E-05,2.70E-05,2.58E-05,1.66E-05,2.29E-05,4.05E-05,2.52E-05,2.61E-05,2.31E-05,2.18E-05,4.26E-05,2.99E-05,2.82E-05,3.67E-05,2.07E-05
620.9726422,3.75E-05,2.74E-05,3.90E-05,1.85E-05,2.72E-05,1.94E-05,3.25E-05,2.19E-05,3.01E-05,3.27E-05,3.56E-05,2.84E-05,3.54E-05,2.36E-05,2.83E-05,2.86E-05,2.35E-05,3.02E-05,3.58E-05,3.13E-05,4.32E-05,2.66E-05,2.52E-05,2.51E-05,2.85E-05,4.15E-05,2.79E-05,2.73E-05,1.78E-05,2.44E-05,4.15E-05,2.75E-05,2.72E-05,2.42E-05,2.28E-05,4.26E-05,3.19E-05,3.15E-05,3.73E-05,2.24E-05
622.9011286,3.76E-05,2.82E-05,3.83E-05,1.98E-05,2.73E-05,1.86E-05,3.26E-05,2.24E-05,3.09E-05,3.31E-05,3.48E-05,2.95E-05,3.50E-05,2.42E-05,2.82E-05,2.85E-05,2.39E-05,2.99E-05,3.55E-05,3.12E-05,4.05E-05,2.83E-05,2.61E-05,2.55E-05,2.88E-05,3.94E-05,2.88E-05,2.78E-05,1.83E-05,2.48E-05,3.92E-05,2.92E-05,2.72E-05,2.38E-05,2.37E-05,4.02E-05,3.31E-05,3.21E-05,3.60E-05,2.29E-05
624.8296151,3.69E-05,2.80E-05,3.65E-05,1.96E-05,2.68E-05,1.78E-05,3.22E-05,2.23E-05,3.10E-05,3.30E-05,3.39E-05,2.95E-05,3.38E-05,2.38E-05,2.82E-05,2.79E-05,2.45E-05,2.97E-05,3.41E-05,3.02E-05,3.71E-05,2.80E-05,2.59E-05,2.47E-05,2.86E-05,3.76E-05,2.94E-05,2.79E-05,1.83E-05,2.53E-05,3.63E-05,2.90E-05,2.66E-05,2.22E-05,2.38E-05,3.75E-05,3.28E-05,3.11E-05,3.37E-05,2.31E-05
626.7581016,3.65E-05,2.93E-05,3.67E-05,2.10E-05,2.94E-05,1.92E-05,3.37E-05,2.30E-05,3.28E-05,3.45E-05,3.42E-05,3.10E-05,3.42E-05,2.50E-05,2.97E-05,2.85E-05,2.57E-05,3.16E-05,3.56E-05,3.17E-05,3.55E-05,2.85E-05,2.69E-05,2.52E-05,2.99E-05,3.71E-05,3.02E-05,2.95E-05,1.86E-05,2.65E-05,3.55E-05,3.08E-05,2.88E-05,2.38E-05,2.50E-05,3.62E-05,3.50E-05,3.22E-05,3.35E-05,2.41E-05
628.686588,3.51E-05,3.07E-05,3.58E-05,2.08E-05,2.93E-05,1.99E-05,3.39E-05,2.20E-05,3.29E-05,3.52E-05,3.24E-05,3.14E-05,3.27E-05,2.52E-05,3.02E-05,2.87E-05,2.61E-05,3.18E-05,3.65E-05,3.19E-05,3.34E-05,2.88E-05,2.69E-05,2.43E-05,2.88E-05,3.52E-05,3.02E-05,3.06E-05,1.87E-05,2.54E-05,3.37E-05,3.06E-05,2.99E-05,2.34E-05,2.56E-05,3.44E-05,3.49E-05,3.26E-05,3.25E-05,2.32E-05
630.6150745,3.46E-05,3.10E-05,3.63E-05,2.07E-05,2.85E-05,1.98E-05,3.44E-05,2.22E-05,3.33E-05,3.66E-05,3.22E-05,3.20E-05,3.22E-05,2.48E-05,3.08E-05,2.85E-05,2.62E-05,3.26E-05,3.79E-05,3.28E-05,3.41E-05,3.06E-05,2.82E-05,2.40E-05,2.90E-05,3.36E-05,3.17E-05,3.16E-05,1.93E-05,2.53E-05,3.31E-05,3.09E-05,3.04E-05,2.34E-05,2.65E-05,3.43E-05,3.44E-05,3.37E-05,3.32E-05,2.35E-05
632.543561,3.43E-05,2.97E-05,3.65E-05,2.07E-05,2.81E-05,1.91E-05,3.47E-05,2.25E-05,3.36E-05,3.72E-05,3.12E-05,3.23E-05,3.16E-05,2.43E-05,3.10E-05,2.78E-05,2.46E-05,3.27E-05,3.80E-05,3.31E-05,3.38E-05,3.10E-05,2.90E-05,2.32E-05,2.90E-05,3.20E-05,3.18E-05,3.13E-05,1.93E-05,2.47E-05,3.18E-05,3.11E-05,3.08E-05,2.40E-05,2.65E-05,3.38E-05,3.40E-05,3.42E-05,3.27E-05,2.35E-05
634.4720474,3.53E-05,3.02E-05,3.68E-05,2.09E-05,2.91E-05,1.85E-05,3.54E-05,2.19E-05,3.39E-05,3.80E-05,3.13E-05,3.26E-05,3.23E-05,2.46E-05,3.07E-05,2.89E-05,2.41E-05,3.30E-05,3.82E-05,3.41E-05,3.33E-05,3.17E-05,3.02E-05,2.26E-05,2.93E-05,3.22E-05,3.25E-05,3.18E-05,1.95E-05,2.50E-05,3.11E-05,3.19E-05,3.18E-05,2.42E-05,2.68E-05,3.34E-05,3.45E-05,3.43E-05,3.26E-05,2.30E-05
636.4005339,3.47E-05,3.06E-05,3.58E-05,1.95E-05,2.95E-05,1.62E-05,3.53E-05,2.01E-05,3.33E-05,3.77E-05,3.07E-05,3.24E-05,3.22E-05,2.36E-05,2.94E-05,2.71E-05,2.35E-05,3.31E-05,3.76E-05,3.47E-05,3.15E-05,3.27E-05,3.03E-05,2.10E-05,2.85E-05,3.08E-05,3.25E-05,3.28E-05,1.81E-05,2.48E-05,3.02E-05,3.23E-05,3.16E-05,2.34E-05,2.53E-05,3.24E-05,3.42E-05,3.32E-05,3.23E-05,2.11E-05
638.3290204,3.22E-05,3.01E-05,3.43E-05,1.78E-05,2.80E-05,1.45E-05,3.51E-05,1.89E-05,3.38E-05,3.78E-05,2.86E-05,3.19E-05,3.06E-05,2.22E-05,2.90E-05,2.34E-05,2.20E-05,3.33E-05,3.66E-05,3.47E-05,2.96E-05,3.29E-05,3.01E-05,2.03E-05,2.78E-05,2.93E-05,3.21E-05,3.34E-05,1.66E-05,2.42E-05,2.87E-05,3.22E-05,3.13E-05,2.20E-05,2.39E-05,3.05E-05,3.37E-05,3.26E-05,3.20E-05,2.01E-05
640.2575068,3.01E-05,2.91E-05,3.42E-05,1.81E-05,2.74E-05,1.30E-05,3.52E-05,1.85E-05,3.55E-05,3.94E-05,2.74E-05,3.22E-05,2.99E-05,2.13E-05,2.95E-05,2.28E-05,2.08E-05,3.40E-05,3.77E-05,3.60E-05,2.91E-05,3.36E-05,3.12E-05,2.01E-05,2.86E-05,2.88E-05,3.25E-05,3.35E-05,1.59E-05,2.41E-05,2.71E-05,3.30E-05,3.19E-05,2.20E-05,2.40E-05,3.07E-05,3.42E-05,3.26E-05,3.20E-05,2.07E-05
642.1859933,2.86E-05,2.78E-05,3.26E-05,1.70E-05,2.68E-05,1.06E-05,3.53E-05,1.70E-05,3.48E-05,3.94E-05,2.55E-05,3.24E-05,2.85E-05,2.02E-05,2.85E-05,2.21E-05,1.98E-05,3.29E-05,3.82E-05,3.61E-05,2.83E-05,3.30E-05,3.09E-05,1.84E-05,2.74E-05,2.69E-05,3.18E-05,3.30E-05,1.44E-05,2.24E-05,2.58E-05,3.25E-05,3.15E-05,2.15E-05,2.29E-05,3.09E-05,3.36E-05,3.19E-05,3.07E-05,1.99E-05
644.1144798,2.83E-05,2.72E-05,3.20E-05,1.70E-05,2.69E-05,1.03E-05,3.55E-05,1.57E-05,3.48E-05,3.94E-05,2.61E-05,3.22E-05,2.82E-05,1.96E-05,2.73E-05,2.11E-05,1.89E-05,3.31E-05,3.94E-05,3.60E-05,2.78E-05,3.32E-05,3.11E-05,1.84E-05,2.74E-05,2.47E-05,3.24E-05,3.31E-05,1.30E-05,2.12E-05,2.47E-05,3.31E-05,3.15E-05,2.16E-05,2.25E-05,3.07E-05,3.34E-05,3.09E-05,3.05E-05,1.93E-05
646.0429662,2.74E-05,2.60E-05,3.16E-05,1.69E-05,2.63E-05,9.77E-06,3.41E-05,1.41E-05,3.49E-05,3.94E-05,2.63E-05,3.11E-05,2.76E-05,1.81E-05,2.63E-05,1.99E-05,1.70E-05,3.31E-05,3.92E-05,3.64E-05,2.67E-05,3.31E-05,3.08E-05,1.77E-05,2.73E-05,2.27E-05,3.23E-05,3.26E-05,1.14E-05,1.98E-05,2.24E-05,3.34E-05,3.10E-05,2.16E-05,2.20E-05,3.02E-05,3.29E-05,2.96E-05,2.97E-05,1.81E-05
647.9714527,2.79E-05,2.61E-05,3.30E-05,1.77E-05,2.72E-05,9.87E-06,3.44E-05,1.45E-05,3.68E-05,4.10E-05,2.82E-05,3.15E-05,2.95E-05,1.79E-05,2.65E-05,2.08E-05,1.65E-05,3.47E-05,4.03E-05,3.92E-05,2.65E-05,3.42E-05,3.16E-05,1.85E-05,2.88E-05,2.24E-05,3.32E-05,3.29E-05,1.07E-05,1.99E-05,2.21E-05,3.42E-05,3.22E-05,2.44E-05,2.27E-05,3.08E-05,3.39E-05,3.00E-05,3.06E-05,1.87E-05
649.8999392,2.81E-05,2.60E-05,3.31E-05,1.78E-05,2.66E-05,9.95E-06,3.43E-05,1.41E-05,3.70E-05,4.12E-05,2.89E-05,3.12E-05,3.01E-05,1.79E-05,2.63E-05,2.06E-05,1.61E-05,3.47E-05,4.18E-05,3.96E-05,2.54E-05,3.40E-05,3.17E-05,1.86E-05,2.88E-05,2.19E-05,3.33E-05,3.24E-05,1.04E-05,1.96E-05,2.25E-05,3.36E-05,3.25E-05,2.54E-05,2.27E-05,3.11E-05,3.40E-05,2.96E-05,3.00E-05,1.87E-05
651.8284256,2.86E-05,2.59E-05,3.29E-05,1.67E-05,2.57E-05,1.01E-05,3.42E-05,1.35E-05,3.68E-05,4.08E-05,2.95E-05,3.08E-05,3.03E-05,1.79E-05,2.66E-05,1.98E-05,1.57E-05,3.44E-05,4.24E-05,3.94E-05,2.62E-05,3.40E-05,3.19E-05,1.86E-05,2.83E-05,2.31E-05,3.30E-05,3.23E-05,1.07E-05,2.00E-05,2.44E-05,3.30E-05,3.27E-05,2.51E-05,2.27E-05,3.26E-05,3.46E-05,3.02E-05,3.05E-05,1.83E-05
653.7569121,3.16E-05,2.66E-05,3.58E-05,1.81E-05,2.72E-05,1.12E-05,3.53E-05,1.42E-05,3.83E-05,4.18E-05,3.24E-05,3.21E-05,3.34E-05,1.91E-05,2.78E-05,2.25E-05,1.62E-05,3.70E-05,4.43E-05,4.17E-05,2.96E-05,3.57E-05,3.36E-05,1.99E-05,3.00E-05,2.61E-05,3.42E-05,3.29E-05,1.07E-05,2.12E-05,2.75E-05,3.47E-05,3.40E-05,2.77E-05,2.43E-05,3.65E-05,3.62E-05,3.15E-05,3.38E-05,1.90E-05
655.6853986,3.58E-05,2.74E-05,3.79E-05,1.93E-05,2.76E-05,1.29E-05,3.67E-05,1.45E-05,3.86E-05,4.25E-05,3.47E-05,3.28E-05,3.59E-05,2.06E-05,2.88E-05,2.50E-05,1.69E-05,3.75E-05,4.63E-05,4.25E-05,3.47E-05,3.61E-05,3.47E-05,2.11E-05,3.09E-05,3.11E-05,3.52E-05,3.33E-05,1.15E-05,2.15E-05,3.18E-05,3.53E-05,3.44E-05,2.88E-05,2.50E-05,4.11E-05,3.68E-05,3.23E-05,3.69E-05,1.97E-05
657.613885,4.01E-05,2.81E-05,4.23E-05,2.01E-05,2.89E-05,1.44E-05,3.87E-05,1.54E-05,4.05E-05,4.46E-05,3.91E-05,3.31E-05,3.99E-05,2.23E-05,2.97E-05,2.67E-05,1.74E-05,3.89E-05,4.98E-05,4.42E-05,4.21E-05,3.78E-05,3.55E-05,2.24E-05,3.28E-05,3.77E-05,3.76E-05,3.39E-05,1.16E-05,2.24E-05,3.85E-05,3.69E-05,3.60E-05,3.10E-05,2.60E-05,4.83E-05,3.86E-05,3.35E-05,4.18E-05,2.05E-05
659.5423715,4.37E-05,2.84E-05,4.61E-05,2.03E-05,2.96E-05,1.59E-05,4.06E-05,1.66E-05,4.10E-05,4.65E-05,4.16E-05,3.38E-05,4.33E-05,2.37E-05,3.09E-05,2.81E-05,1.81E-05,4.03E-05,5.19E-05,4.52E-05,5.14E-05,3.86E-05,3.58E-05,2.29E-05,3.38E-05,4.62E-05,3.81E-05,3.44E-05,1.13E-05,2.27E-05,4.78E-05,3.77E-05,3.66E-05,3.28E-05,2.67E-05,5.50E-05,3.96E-05,3.57E-05,4.73E-05,2.04E-05
661.470858,4.91E-05,3.05E-05,5.10E-05,2.15E-05,3.12E-05,1.76E-05,4.33E-05,1.82E-05,4.25E-05,4.85E-05,4.45E-05,3.55E-05,4.83E-05,2.55E-05,3.30E-05,3.04E-05,2.00E-05,4.27E-05,5.45E-05,4.74E-05,6.10E-05,4.03E-05,3.82E-05,2.48E-05,3.61E-05,5.61E-05,3.93E-05,3.62E-05,1.22E-05,2.39E-05,5.80E-05,3.94E-05,3.80E-05,3.54E-05,2.83E-05,6.30E-05,4.15E-05,3.87E-05,5.48E-05,2.20E-05
663.3993444,5.31E-05,3.19E-05,5.47E-05,2.21E-05,3.08E-05,1.92E-05,4.45E-05,1.89E-05,4.30E-05,4.82E-05,4.60E-05,3.58E-05,5.16E-05,2.74E-05,3.45E-05,3.11E-05,2.14E-05,4.36E-05,5.55E-05,4.87E-05,6.84E-05,4.05E-05,3.93E-05,2.55E-05,3.72E-05,6.44E-05,3.99E-05,3.67E-05,1.27E-05,2.45E-05,6.60E-05,3.96E-05,3.84E-05,3.57E-05,2.83E-05,7.06E-05,4.20E-05,4.00E-05,5.98E-05,2.30E-05
665.3278309,5.78E-05,3.04E-05,6.35E-05,2.56E-05,3.56E-05,1.53E-05,4.30E-05,1.84E-05,4.96E-05,5.20E-05,5.49E-05,3.39E-05,6.14E-05,2.63E-05,3.30E-05,3.46E-05,1.94E-05,5.01E-05,6.17E-05,5.38E-05,7.37E-05,4.49E-05,4.17E-05,2.66E-05,4.32E-05,6.71E-05,4.48E-05,3.75E-05,1.04E-05,2.45E-05,7.01E-05,4.33E-05,4.37E-05,4.30E-05,2.94E-05,8.14E-05,4.60E-05,3.69E-05,6.80E-05,2.53E-05
667.2563174,6.67E-05,2.58E-05,8.86E-05,3.77E-05,5.48E-05,2.18E-06,3.67E-05,1.51E-05,7.13E-05,6.83E-05,8.19E-05,3.08E-05,9.00E-05,2.11E-05,2.64E-05,4.64E-05,1.19E-05,7.12E-05,8.09E-05,7.09E-05,7.52E-05,6.14E-05,4.93E-05,2.98E-05,6.24E-05,6.02E-05,5.94E-05,3.86E-05,2.88E-07,2.47E-05,6.80E-05,5.95E-05,6.16E-05,7.11E-05,3.46E-05,0.000105066,5.70E-05,2.60E-05,8.67E-05,3.08E-05
669.1848038,6.65E-05,2.65E-05,8.69E-05,3.70E-05,5.36E-05,6.09E-06,3.78E-05,1.54E-05,6.80E-05,6.82E-05,7.98E-05,3.23E-05,8.87E-05,2.29E-05,2.76E-05,4.70E-05,1.25E-05,6.85E-05,7.84E-05,7.03E-05,7.90E-05,5.95E-05,4.77E-05,2.94E-05,6.02E-05,6.43E-05,5.72E-05,3.76E-05,1.42E-06,2.56E-05,7.14E-05,5.88E-05,6.00E-05,7.03E-05,3.43E-05,0.00010573,5.39E-05,2.92E-05,8.64E-05,2.91E-05
671.1132903,6.04E-05,2.94E-05,6.61E-05,2.49E-05,3.64E-05,1.60E-05,4.26E-05,1.76E-05,4.86E-05,5.32E-05,5.73E-05,3.42E-05,6.56E-05,2.65E-05,3.23E-05,3.83E-05,1.73E-05,4.98E-05,6.14E-05,5.50E-05,8.11E-05,4.53E-05,3.99E-05,2.64E-05,4.32E-05,7.37E-05,4.46E-05,3.66E-05,9.49E-06,2.49E-05,7.65E-05,4.39E-05,4.39E-05,4.69E-05,2.91E-05,8.76E-05,4.33E-05,3.82E-05,7.21E-05,2.36E-05
673.0417768,5.71E-05,2.80E-05,6.01E-05,2.03E-05,3.08E-05,1.48E-05,4.07E-05,1.59E-05,4.25E-05,4.75E-05,5.11E-05,3.18E-05,5.80E-05,2.51E-05,3.09E-05,3.47E-05,1.63E-05,4.35E-05,5.51E-05,4.94E-05,7.68E-05,4.10E-05,3.60E-05,2.37E-05,3.76E-05,7.24E-05,3.98E-05,3.48E-05,9.05E-06,2.26E-05,7.39E-05,3.81E-05,3.81E-05,4.02E-05,2.66E-05,8.04E-05,3.89E-05,3.67E-05,6.57E-05,2.00E-05
674.9702632,5.48E-05,2.62E-05,5.88E-05,1.96E-05,2.95E-05,1.30E-05,3.81E-05,1.44E-05,4.04E-05,4.53E-05,5.01E-05,2.97E-05,5.50E-05,2.26E-05,2.84E-05,3.27E-05,1.51E-05,4.13E-05,5.20E-05,4.71E-05,7.06E-05,3.95E-05,3.41E-05,2.12E-05,3.58E-05,6.73E-05,3.72E-05,3.28E-05,7.72E-06,2.09E-05,6.86E-05,3.61E-05,3.62E-05,3.90E-05,2.55E-05,7.57E-05,3.67E-05,3.44E-05,6.18E-05,1.75E-05
676.8987497,5.11E-05,2.31E-05,5.53E-05,1.74E-05,2.64E-05,9.56E-06,3.41E-05,1.18E-05,3.70E-05,4.22E-05,4.67E-05,2.66E-05,4.98E-05,1.85E-05,2.45E-05,3.05E-05,1.25E-05,3.82E-05,4.73E-05,4.30E-05,6.15E-05,3.67E-05,3.14E-05,1.70E-05,3.26E-05,5.89E-05,3.35E-05,2.97E-05,4.52E-06,1.79E-05,6.00E-05,3.34E-05,3.28E-05,3.61E-05,2.25E-05,6.74E-05,3.35E-05,2.98E-05,5.56E-05,1.40E-05
678.8272362,4.71E-05,2.04E-05,5.04E-05,1.49E-05,2.39E-05,6.96E-06,3.01E-05,8.85E-06,3.42E-05,3.92E-05,4.25E-05,2.33E-05,4.45E-05,1.52E-05,2.13E-05,2.85E-05,9.24E-06,3.42E-05,4.26E-05,3.98E-05,5.23E-05,3.38E-05,2.92E-05,1.37E-05,2.90E-05,5.02E-05,2.97E-05,2.68E-05,1.49E-06,1.56E-05,5.13E-05,3.08E-05,2.97E-05,3.25E-05,1.98E-05,5.90E-05,3.03E-05,2.55E-05,4.94E-05,1.10E-05
680.7557226,4.38E-05,1.87E-05,4.50E-05,1.20E-05,2.16E-05,5.74E-06,2.73E-05,7.02E-06,3.16E-05,3.58E-05,3.83E-05,2.05E-05,3.98E-05,1.25E-05,1.91E-05,2.57E-05,7.06E-06,3.08E-05,3.87E-05,3.69E-05,4.46E-05,3.10E-05,2.70E-05,1.07E-05,2.60E-05,4.30E-05,2.68E-05,2.43E-05,3.90E-07,1.36E-05,4.40E-05,2.85E-05,2.68E-05,2.94E-05,1.72E-05,5.13E-05,2.74E-05,2.23E-05,4.34E-05,8.85E-06
682.6842091,4.16E-05,1.70E-05,4.13E-05,1.05E-05,2.01E-05,5.23E-06,2.59E-05,6.80E-06,2.99E-05,3.41E-05,3.59E-05,1.88E-05,3.66E-05,1.08E-05,1.75E-05,2.42E-05,6.04E-06,2.99E-05,3.61E-05,3.50E-05,3.90E-05,2.97E-05,2.53E-05,9.16E-06,2.47E-05,3.83E-05,2.53E-05,2.30E-05,3.09E-07,1.30E-05,3.82E-05,2.72E-05,2.48E-05,2.74E-05,1.61E-05,4.50E-05,2.56E-05,2.00E-05,3.93E-05,7.97E-06
684.6126956,3.92E-05,1.63E-05,3.87E-05,9.95E-06,1.87E-05,4.76E-06,2.50E-05,6.43E-06,2.79E-05,3.21E-05,3.27E-05,1.80E-05,3.26E-05,9.76E-06,1.65E-05,2.31E-05,5.53E-06,2.81E-05,3.44E-05,3.28E-05,3.41E-05,2.85E-05,2.43E-05,8.02E-06,2.30E-05,3.53E-05,2.39E-05,2.18E-05,4.56E-07,1.28E-05,3.41E-05,2.54E-05,2.30E-05,2.50E-05,1.54E-05,4.04E-05,2.37E-05,1.93E-05,3.59E-05,7.77E-06
686.541182,3.73E-05,1.59E-05,3.69E-05,9.64E-06,1.79E-05,3.68E-06,2.39E-05,5.73E-06,2.64E-05,3.03E-05,3.04E-05,1.70E-05,2.98E-05,9.04E-06,1.56E-05,2.20E-05,4.87E-06,2.68E-05,3.33E-05,3.11E-05,2.98E-05,2.76E-05,2.39E-05,6.61E-06,2.17E-05,3.24E-05,2.25E-05,2.04E-05,0,1.19E-05,3.03E-05,2.40E-05,2.21E-05,2.38E-05,1.44E-05,3.74E-05,2.19E-05,1.85E-05,3.31E-05,7.95E-06
688.4696685,3.71E-05,1.65E-05,3.58E-05,1.03E-05,1.82E-05,5.18E-06,2.48E-05,6.70E-06,2.63E-05,3.03E-05,3.00E-05,1.74E-05,2.90E-05,1.02E-05,1.60E-05,2.16E-05,5.48E-06,2.68E-05,3.33E-05,3.11E-05,2.93E-05,2.80E-05,2.43E-05,7.25E-06,2.19E-05,3.21E-05,2.21E-05,2.06E-05,1.49E-06,1.22E-05,2.92E-05,2.39E-05,2.22E-05,2.29E-05,1.52E-05,3.59E-05,2.18E-05,1.94E-05,3.21E-05,8.50E-06
690.398155,3.59E-05,1.64E-05,3.38E-05,1.08E-05,1.78E-05,5.22E-06,2.50E-05,5.95E-06,2.54E-05,2.96E-05,2.89E-05,1.66E-05,2.75E-05,1.06E-05,1.57E-05,2.12E-05,5.49E-06,2.53E-05,3.32E-05,3.13E-05,2.78E-05,2.78E-05,2.39E-05,6.96E-06,2.16E-05,3.10E-05,2.19E-05,2.06E-05,2.02E-06,1.19E-05,2.78E-05,2.32E-05,2.13E-05,2.20E-05,1.51E-05,3.46E-05,2.14E-05,1.91E-05,3.06E-05,7.78E-06
692.3266414,3.55E-05,1.73E-05,3.23E-05,1.17E-05,1.84E-05,5.95E-06,2.57E-05,5.87E-06,2.50E-05,2.91E-05,2.79E-05,1.68E-05,2.67E-05,1.17E-05,1.67E-05,2.16E-05,6.50E-06,2.52E-05,3.29E-05,3.16E-05,2.75E-05,2.78E-05,2.44E-05,7.25E-06,2.19E-05,3.19E-05,2.24E-05,2.09E-05,2.78E-06,1.26E-05,2.84E-05,2.37E-05,2.11E-05,2.21E-05,1.57E-05,3.41E-05,2.15E-05,2.04E-05,3.04E-05,8.77E-06
694.2551279,3.59E-05,1.89E-05,3.23E-05,1.30E-05,2.00E-05,7.92E-06,2.65E-05,7.42E-06,2.54E-05,2.93E-05,2.75E-05,1.86E-05,2.68E-05,1.36E-05,1.84E-05,2.29E-05,7.99E-06,2.63E-05,3.31E-05,3.19E-05,2.87E-05,2.84E-05,2.53E-05,8.49E-06,2.27E-05,3.43E-05,2.29E-05,2.14E-05,4.58E-06,1.42E-05,3.01E-05,2.44E-05,2.17E-05,2.28E-05,1.69E-05,3.45E-05,2.18E-05,2.24E-05,3.09E-05,1.10E-05
696.1836144,3.61E-05,2.05E-05,3.32E-05,1.48E-05,2.19E-05,1.04E-05,2.73E-05,1.01E-05,2.61E-05,2.99E-05,2.82E-05,2.03E-05,2.80E-05,1.59E-05,2.05E-05,2.44E-05,9.62E-06,2.68E-05,3.43E-05,3.37E-05,3.13E-05,2.95E-05,2.65E-05,1.03E-05,2.43E-05,3.69E-05,2.37E-05,2.28E-05,6.79E-06,1.64E-05,3.15E-05,2.51E-05,2.22E-05,2.42E-05,1.87E-05,3.68E-05,2.26E-05,2.41E-05,3.27E-05,1.27E-05
698.1121008,3.49E-05,2.15E-05,3.25E-05,1.54E-05,2.21E-05,1.18E-05,2.75E-05,1.14E-05,2.58E-05,2.92E-05,2.71E-05,2.06E-05,2.84E-05,1.67E-05,2.17E-05,2.40E-05,1.03E-05,2.63E-05,3.43E-05,3.43E-05,3.25E-05,2.93E-05,2.67E-05,1.09E-05,2.48E-05,3.91E-05,2.32E-05,2.29E-05,7.69E-06,1.69E-05,3.26E-05,2.48E-05,2.19E-05,2.47E-05,1.95E-05,3.78E-05,2.24E-05,2.44E-05,3.39E-05,1.30E-05
700.0405873,3.36E-05,2.12E-05,3.13E-05,1.53E-05,2.12E-05,1.15E-05,2.68E-05,1.11E-05,2.49E-05,2.88E-05,2.61E-05,2.00E-05,2.81E-05,1.62E-05,2.15E-05,2.34E-05,1.03E-05,2.54E-05,3.36E-05,3.34E-05,3.24E-05,2.80E-05,2.63E-05,1.04E-05,2.43E-05,4.04E-05,2.22E-05,2.13E-05,7.67E-06,1.67E-05,3.36E-05,2.42E-05,2.13E-05,2.46E-05,1.93E-05,3.81E-05,2.15E-05,2.28E-05,3.41E-05,1.26E-05
701.9690738,3.37E-05,2.10E-05,3.09E-05,1.59E-05,2.06E-05,1.26E-05,2.62E-05,1.13E-05,2.40E-05,2.80E-05,2.64E-05,1.96E-05,2.82E-05,1.67E-05,2.12E-05,2.34E-05,1.08E-05,2.42E-05,3.32E-05,3.26E-05,3.35E-05,2.73E-05,2.58E-05,1.07E-05,2.37E-05,4.21E-05,2.13E-05,2.04E-05,8.97E-06,1.70E-05,3.50E-05,2.36E-05,2.07E-05,2.44E-05,1.94E-05,3.89E-05,2.10E-05,2.25E-05,3.41E-05,1.30E-05
703.8975602,3.26E-05,1.97E-05,2.96E-05,1.55E-05,1.88E-05,1.32E-05,2.43E-05,1.06E-05,2.20E-05,2.61E-05,2.55E-05,1.84E-05,2.72E-05,1.57E-05,1.99E-05,2.25E-05,1.00E-05,2.28E-05,3.20E-05,3.03E-05,3.35E-05,2.57E-05,2.39E-05,1.04E-05,2.21E-05,4.17E-05,1.94E-05,1.90E-05,9.37E-06,1.59E-05,3.50E-05,2.13E-05,1.89E-05,2.37E-05,1.86E-05,3.78E-05,1.93E-05,2.10E-05,3.27E-05,1.25E-05
705.8260467,3.10E-05,1.79E-05,2.75E-05,1.44E-05,1.70E-05,1.34E-05,2.27E-05,1.03E-05,2.01E-05,2.40E-05,2.48E-05,1.71E-05,2.56E-05,1.47E-05,1.86E-05,2.19E-05,9.19E-06,2.09E-05,2.98E-05,2.76E-05,3.30E-05,2.38E-05,2.22E-05,1.00E-05,2.06E-05,4.09E-05,1.79E-05,1.72E-05,8.98E-06,1.47E-05,3.41E-05,1.93E-05,1.69E-05,2.28E-05,1.78E-05,3.60E-05,1.85E-05,1.92E-05,3.11E-05,1.17E-05
707.7545332,2.89E-05,1.57E-05,2.54E-05,1.31E-05,1.49E-05,1.35E-05,2.06E-05,1.02E-05,1.82E-05,2.16E-05,2.39E-05,1.58E-05,2.33E-05,1.37E-05,1.70E-05,2.11E-05,8.18E-06,1.87E-05,2.68E-05,2.50E-05,3.17E-05,2.14E-05,2.03E-05,9.41E-06,1.88E-05,3.87E-05,1.61E-05,1.49E-05,8.09E-06,1.29E-05,3.28E-05,1.77E-05,1.53E-05,2.12E-05,1.64E-05,3.46E-05,1.69E-05,1.73E-05,2.84E-05,1.07E-05
709.6830196,2.84E-05,1.44E-05,2.45E-05,1.32E-05,1.38E-05,1.50E-05,1.90E-05,1.15E-05,1.74E-05,2.05E-05,2.35E-05,1.54E-05,2.19E-05,1.34E-05,1.61E-05,2.20E-05,8.42E-06,1.85E-05,2.53E-05,2.34E-05,3.08E-05,2.03E-05,1.91E-05,1.04E-05,1.83E-05,3.69E-05,1.50E-05,1.37E-05,9.24E-06,1.31E-05,3.20E-05,1.71E-05,1.46E-05,2.11E-05,1.64E-05,3.33E-05,1.56E-05,1.68E-05,2.66E-05,1.09E-05
711.6115061,2.76E-05,1.36E-05,2.30E-05,1.36E-05,1.28E-05,1.68E-05,1.77E-05,1.35E-05,1.66E-05,1.92E-05,2.21E-05,1.48E-05,2.06E-05,1.35E-05,1.54E-05,2.23E-05,9.86E-06,1.78E-05,2.40E-05,2.17E-05,2.86E-05,1.91E-05,1.77E-05,1.14E-05,1.78E-05,3.46E-05,1.38E-05,1.31E-05,1.17E-05,1.39E-05,2.94E-05,1.63E-05,1.33E-05,2.16E-05,1.72E-05,3.12E-05,1.47E-05,1.58E-05,2.44E-05,1.13E-05
713.5399926,2.64E-05,1.38E-05,2.19E-05,1.59E-05,1.31E-05,2.01E-05,1.65E-05,1.68E-05,1.61E-05,1.82E-05,2.19E-05,1.47E-05,2.02E-05,1.49E-05,1.56E-05,2.27E-05,1.26E-05,1.74E-05,2.34E-05,2.12E-05,2.61E-05,1.82E-05,1.75E-05,1.43E-05,1.86E-05,3.19E-05,1.35E-05,1.34E-05,1.54E-05,1.58E-05,2.67E-05,1.61E-05,1.25E-05,2.35E-05,1.92E-05,2.96E-05,1.46E-05,1.47E-05,2.21E-05,1.34E-05
715.468479,2.77E-05,1.71E-05,2.29E-05,2.29E-05,1.78E-05,2.90E-05,1.78E-05,2.58E-05,1.82E-05,1.92E-05,2.43E-05,1.75E-05,2.24E-05,2.06E-05,1.93E-05,2.74E-05,1.91E-05,2.00E-05,2.45E-05,2.33E-05,2.61E-05,2.03E-05,1.98E-05,2.20E-05,2.38E-05,3.12E-05,1.64E-05,1.63E-05,2.41E-05,2.27E-05,2.64E-05,1.89E-05,1.48E-05,2.96E-05,2.64E-05,2.95E-05,1.70E-05,1.66E-05,2.19E-05,2.03E-05
717.3969655,3.01E-05,2.18E-05,2.51E-05,3.34E-05,2.45E-05,4.13E-05,2.00E-05,3.86E-05,2.23E-05,2.17E-05,2.76E-05,2.09E-05,2.63E-05,2.85E-05,2.48E-05,3.57E-05,2.83E-05,2.43E-05,2.66E-05,2.75E-05,2.64E-05,2.39E-05,2.39E-05,3.29E-05,3.20E-05,3.15E-05,2.08E-05,2.13E-05,3.69E-05,3.23E-05,2.57E-05,2.29E-05,1.89E-05,3.99E-05,3.75E-05,3.07E-05,2.04E-05,1.90E-05,2.32E-05,2.98E-05
719.325452,3.11E-05,2.46E-05,2.70E-05,4.07E-05,2.92E-05,4.95E-05,2.15E-05,4.79E-05,2.49E-05,2.39E-05,3.05E-05,2.26E-05,2.94E-05,3.30E-05,2.82E-05,4.09E-05,3.47E-05,2.72E-05,2.86E-05,3.07E-05,2.57E-05,2.64E-05,2.72E-05,4.13E-05,3.82E-05,3.11E-05,2.36E-05,2.46E-05,4.61E-05,3.91E-05,2.50E-05,2.55E-05,2.14E-05,4.80E-05,4.51E-05,3.15E-05,2.24E-05,1.98E-05,2.47E-05,3.65E-05
721.2539384,2.86E-05,2.31E-05,2.51E-05,3.84E-05,2.71E-05,4.77E-05,2.02E-05,4.66E-05,2.23E-05,2.21E-05,2.84E-05,2.11E-05,2.71E-05,3.11E-05,2.64E-05,3.87E-05,3.31E-05,2.53E-05,2.71E-05,2.84E-05,2.31E-05,2.50E-05,2.59E-05,4.04E-05,3.59E-05,2.79E-05,2.18E-05,2.31E-05,4.56E-05,3.75E-05,2.29E-05,2.36E-05,1.96E-05,4.64E-05,4.31E-05,2.81E-05,2.06E-05,1.77E-05,2.24E-05,3.49E-05
723.1824249,2.49E-05,1.97E-05,2.09E-05,3.23E-05,2.15E-05,4.10E-05,1.77E-05,3.94E-05,1.80E-05,1.79E-05,2.40E-05,1.77E-05,2.21E-05,2.66E-05,2.25E-05,3.31E-05,2.79E-05,2.05E-05,2.38E-05,2.38E-05,2.08E-05,2.09E-05,2.22E-05,3.44E-05,2.96E-05,2.42E-05,1.80E-05,1.98E-05,3.97E-05,3.18E-05,2.03E-05,1.96E-05,1.61E-05,3.84E-05,3.56E-05,2.42E-05,1.72E-05,1.52E-05,1.85E-05,2.90E-05
725.1109114,2.00E-05,1.51E-05,1.63E-05,2.60E-05,1.58E-05,3.20E-05,1.40E-05,3.05E-05,1.38E-05,1.35E-05,1.90E-05,1.33E-05,1.68E-05,2.07E-05,1.76E-05,2.57E-05,2.12E-05,1.55E-05,1.91E-05,1.86E-05,1.72E-05,1.62E-05,1.73E-05,2.71E-05,2.33E-05,1.96E-05,1.40E-05,1.53E-05,3.15E-05,2.45E-05,1.63E-05,1.54E-05,1.18E-05,3.00E-05,2.73E-05,2.00E-05,1.33E-05,1.17E-05,1.44E-05,2.26E-05
727.0393978,1.59E-05,1.11E-05,1.26E-05,2.03E-05,1.19E-05,2.50E-05,1.09E-05,2.34E-05,1.07E-05,1.06E-05,1.49E-05,9.35E-06,1.24E-05,1.58E-05,1.33E-05,1.96E-05,1.59E-05,1.16E-05,1.52E-05,1.45E-05,1.38E-05,1.26E-05,1.32E-05,2.12E-05,1.81E-05,1.55E-05,1.04E-05,1.14E-05,2.38E-05,1.87E-05,1.31E-05,1.19E-05,8.86E-06,2.37E-05,2.13E-05,1.58E-05,1.03E-05,8.40E-06,1.14E-05,1.71E-05
728.9678843,1.36E-05,8.83E-06,1.02E-05,1.55E-05,9.89E-06,2.08E-05,8.84E-06,1.84E-05,8.51E-06,8.41E-06,1.25E-05,6.50E-06,9.75E-06,1.27E-05,1.04E-05,1.57E-05,1.27E-05,8.55E-06,1.24E-05,1.21E-05,1.18E-05,1.01E-05,1.03E-05,1.65E-05,1.46E-05,1.27E-05,7.88E-06,8.79E-06,1.82E-05,1.50E-05,1.08E-05,9.38E-06,7.41E-06,1.92E-05,1.69E-05,1.29E-05,7.82E-06,6.56E-06,9.35E-06,1.30E-05
730.8963708,9.78E-06,5.84E-06,7.23E-06,1.05E-05,6.16E-06,1.41E-05,5.54E-06,1.15E-05,5.51E-06,5.26E-06,8.61E-06,3.67E-06,6.60E-06,7.99E-06,6.11E-06,1.08E-05,7.44E-06,5.48E-06,8.72E-06,8.29E-06,8.71E-06,6.92E-06,6.46E-06,1.05E-05,1.02E-05,8.56E-06,4.83E-06,5.66E-06,1.20E-05,9.75E-06,7.32E-06,5.67E-06,4.86E-06,1.35E-05,1.12E-05,9.23E-06,4.67E-06,4.15E-06,6.32E-06,8.23E-06
732.8248572,5.35E-06,2.56E-06,3.66E-06,5.08E-06,2.04E-06,6.29E-06,2.22E-06,4.75E-06,2.22E-06,2.19E-06,4.11E-06,1.44E-06,2.65E-06,3.18E-06,2.10E-06,5.33E-06,2.46E-06,2.34E-06,4.82E-06,4.16E-06,4.53E-06,3.43E-06,2.93E-06,4.95E-06,4.92E-06,4.74E-06,1.66E-06,2.72E-06,5.63E-06,4.52E-06,4.50E-06,2.27E-06,1.97E-06,6.92E-06,5.16E-06,4.74E-06,1.89E-06,1.68E-06,2.80E-06,3.25E-06
734.7533437,2.04E-06,1.73E-07,1.12E-06,1.43E-06,0,1.14E-06,0,3.56E-07,0,4.40E-07,8.24E-07,0,0,4.65E-07,0,1.62E-06,1.11E-08,0,1.58E-06,1.19E-06,8.03E-07,8.21E-07,8.56E-07,1.60E-06,1.13E-06,1.69E-06,0,8.25E-07,1.03E-06,7.37E-07,2.02E-06,8.78E-08,0,2.19E-06,1.22E-06,1.64E-06,0,0,9.31E-08,7.71E-08
736.6818302,1.36E-06,0,7.07E-07,6.93E-07,0,1.64E-07,1.26E-08,0,0,4.68E-07,3.32E-07,0,0,1.89E-07,8.57E-08,8.29E-07,0,1.78E-07,8.10E-07,9.12E-07,3.90E-07,4.07E-07,5.00E-07,9.99E-07,4.77E-07,6.52E-07,3.80E-07,4.80E-07,1.29E-07,0,1.12E-06,0,0,8.38E-07,3.05E-07,9.96E-07,3.99E-08,3.27E-07,1.45E-07,0
738.6103166,6.52E-07,0,1.50E-07,0,1.80E-08,0,0,1.56E-07,0,0,2.25E-07,0,0,0,0,0,0,6.40E-08,2.18E-07,7.88E-07,0,1.52E-07,0,1.50E-07,6.26E-08,9.16E-08,2.48E-07,0,0,0,7.34E-08,9.50E-09,0,1.64E-07,0,1.23E-07,0,0,0,0
740.5388031,0,0,0,0,0,0,0,0,4.68E-08,0,0,0,0,0,0,0,0,0,0,8.38E-08,0,0,0,0,0,0,0,0,0,0,0,0,0,0,4.47E-08,0,0,0,0,0
742.4672896,0,2.03E-07,0,1.25E-07,3.45E-07,4.17E-07,4.24E-07,0,4.31E-07,7.48E-08,0,4.14E-07,0,1.79E-07,6.65E-08,4.31E-07,3.11E-08,2.25E-07,2.75E-07,0,0,2.46E-07,1.35E-07,0,1.98E-07,0,0,6.15E-08,1.38E-07,2.62E-07,0,1.62E-07,6.76E-08,9.62E-10,1.47E-07,0,7.40E-08,1.35E-07,0,0
744.395776,0,4.44E-07,0,1.21E-07,4.37E-07,3.04E-07,4.20E-07,0,7.51E-07,1.45E-07,0,4.50E-07,4.38E-07,1.89E-07,3.00E-07,9.34E-08,0,3.00E-07,1.28E-07,2.71E-07,0,3.90E-07,0,3.83E-08,2.72E-07,0,3.73E-07,5.38E-07,3.00E-07,1.22E-07,0,2.91E-07,1.98E-07,2.89E-08,2.72E-07,0,1.15E-07,3.18E-07,1.96E-07,0
746.3242625,0,4.81E-07,7.51E-08,1.11E-08,3.47E-07,2.20E-07,6.87E-08,2.02E-07,4.18E-07,6.65E-08,0,2.15E-07,8.57E-07,1.76E-07,6.34E-07,0,2.61E-07,1.89E-07,1.34E-07,2.12E-07,9.02E-08,2.46E-07,0,2.46E-07,2.11E-08,7.61E-07,4.30E-07,5.19E-07,2.90E-07,8.84E-09,8.70E-07,2.36E-07,1.41E-07,0,1.71E-07,5.19E-07,1.44E-07,5.51E-07,1.26E-06,3.58E-07
748.252749,2.04E-08,1.98E-07,2.40E-07,0,1.59E-07,0,0,2.01E-07,0,0,3.14E-07,0,1.31E-06,0,0,1.61E-07,7.77E-07,0,0,0,8.03E-07,0,0,0,0,1.23E-06,0,0,0,0,2.34E-06,0,0,0,0,3.07E-07,0,3.20E-08,2.28E-06,8.04E-07
750.1812354,1.98E-06,6.77E-07,1.93E-06,9.74E-07,6.73E-07,1.01E-06,9.37E-07,1.22E-06,5.50E-07,5.11E-07,1.76E-06,3.24E-07,3.24E-06,6.28E-07,1.63E-07,1.41E-06,2.06E-06,2.88E-07,3.68E-08,2.68E-07,3.59E-06,2.59E-07,7.40E-07,5.34E-07,7.59E-07,3.10E-06,8.38E-07,7.68E-07,6.54E-07,9.25E-07,5.61E-06,2.84E-07,4.66E-07,6.29E-07,9.13E-07,1.30E-06,9.57E-07,9.98E-07,4.97E-06,2.36E-06
752.1097219,3.91E-06,7.12E-07,3.22E-06,1.25E-06,4.37E-07,7.65E-07,6.72E-07,1.86E-06,3.88E-07,2.31E-07,2.83E-06,3.27E-07,4.62E-06,1.09E-06,5.67E-09,1.75E-06,2.15E-06,2.65E-07,0,1.24E-07,5.22E-06,4.19E-07,9.15E-07,2.16E-07,8.07E-07,5.01E-06,1.29E-06,1.30E-06,6.55E-07,1.05E-06,8.44E-06,0,2.04E-07,8.72E-07,6.93E-07,2.57E-06,9.82E-07,1.30E-06,6.81E-06,2.90E-06
754.0382084,5.26E-06,6.69E-07,4.23E-06,2.04E-06,1.82E-07,0,6.22E-08,2.35E-06,1.11E-07,0,4.25E-06,4.70E-07,5.54E-06,1.42E-06,0,2.06E-06,2.42E-06,3.91E-07,1.60E-07,0,6.68E-06,6.46E-07,1.10E-06,0,8.31E-07,7.13E-06,1.77E-06,1.70E-06,6.78E-07,1.48E-06,1.12E-05,0,0,1.22E-06,9.68E-07,3.04E-06,9.49E-07,9.76E-07,8.28E-06,2.73E-06
755.9666948,7.55E-06,1.44E-06,5.58E-06,3.34E-06,1.03E-06,7.51E-07,4.72E-07,3.62E-06,3.50E-07,4.37E-07,5.57E-06,9.88E-07,6.76E-06,2.23E-06,7.22E-07,3.13E-06,3.68E-06,6.68E-07,1.09E-06,3.00E-08,8.09E-06,9.65E-07,1.61E-06,3.27E-07,1.36E-06,9.02E-06,2.49E-06,2.32E-06,1.47E-06,2.15E-06,1.39E-05,9.88E-07,7.29E-07,1.66E-06,1.94E-06,4.07E-06,1.66E-06,1.27E-06,9.98E-06,3.59E-06
757.8951813,1.00E-05,2.25E-06,6.54E-06,4.54E-06,2.09E-06,2.09E-06,1.01E-06,4.93E-06,1.10E-06,1.32E-06,6.75E-06,1.64E-06,7.66E-06,3.56E-06,1.69E-06,4.20E-06,5.27E-06,1.40E-06,1.54E-06,4.60E-07,9.14E-06,1.47E-06,2.34E-06,1.15E-06,2.08E-06,1.03E-05,2.85E-06,3.09E-06,2.76E-06,3.00E-06,1.55E-05,1.80E-06,1.37E-06,2.13E-06,2.97E-06,5.28E-06,2.69E-06,2.23E-06,1.12E-05,4.90E-06
759.8236678,1.15E-05,2.94E-06,6.79E-06,5.87E-06,3.23E-06,3.06E-06,1.22E-06,5.76E-06,1.85E-06,1.49E-06,7.44E-06,2.33E-06,7.47E-06,4.57E-06,2.97E-06,4.85E-06,6.96E-06,2.09E-06,1.21E-06,3.96E-07,9.51E-06,1.73E-06,2.75E-06,2.05E-06,2.68E-06,1.07E-05,3.37E-06,3.38E-06,4.10E-06,4.09E-06,1.58E-05,2.00E-06,1.23E-06,2.53E-06,4.00E-06,4.87E-06,3.89E-06,3.12E-06,1.18E-05,5.44E-06
761.7521542,1.26E-05,4.47E-06,7.29E-06,7.99E-06,4.80E-06,3.84E-06,1.29E-06,6.99E-06,2.66E-06,1.72E-06,7.96E-06,3.47E-06,7.27E-06,5.44E-06,4.51E-06,6.28E-06,9.04E-06,2.67E-06,1.46E-06,1.35E-08,8.97E-06,1.97E-06,3.03E-06,2.80E-06,3.23E-06,1.03E-05,4.48E-06,3.63E-06,5.75E-06,5.61E-06,1.55E-05,2.77E-06,1.60E-06,3.02E-06,4.94E-06,4.14E-06,4.94E-06,3.64E-06,1.15E-05,6.27E-06
763.6806407,1.46E-05,6.64E-06,8.30E-06,1.13E-05,6.91E-06,5.86E-06,1.87E-06,9.90E-06,4.14E-06,2.75E-06,9.32E-06,5.22E-06,7.60E-06,7.49E-06,6.90E-06,8.92E-06,1.23E-05,4.35E-06,2.55E-06,1.16E-07,8.50E-06,3.31E-06,3.91E-06,4.52E-06,4.11E-06,1.03E-05,6.24E-06,5.12E-06,8.44E-06,8.49E-06,1.57E-05,4.10E-06,2.97E-06,4.09E-06,6.79E-06,4.04E-06,6.71E-06,4.66E-06,1.13E-05,8.23E-06
765.6091272,1.55E-05,7.71E-06,8.21E-06,1.37E-05,8.26E-06,7.44E-06,1.57E-06,1.24E-05,4.85E-06,3.15E-06,9.70E-06,6.48E-06,6.96E-06,9.34E-06,8.44E-06,1.01E-05,1.50E-05,5.32E-06,2.49E-06,0,5.94E-06,3.83E-06,3.98E-06,5.84E-06,4.54E-06,9.02E-06,6.77E-06,5.78E-06,1.03E-05,1.05E-05,1.42E-05,4.26E-06,3.58E-06,4.41E-06,7.74E-06,2.28E-06,7.44E-06,4.46E-06,1.02E-05,9.29E-06
767.5376136,1.58E-05,8.36E-06,8.29E-06,1.62E-05,9.29E-06,9.26E-06,1.22E-06,1.50E-05,5.48E-06,3.25E-06,9.46E-06,8.06E-06,6.36E-06,1.12E-05,9.24E-06,1.14E-05,1.74E-05,6.00E-06,2.21E-06,1.11E-07,3.41E-06,4.15E-06,4.18E-06,7.49E-06,5.75E-06,8.19E-06,6.98E-06,5.96E-06,1.30E-05,1.31E-05,1.26E-05,4.81E-06,3.94E-06,4.97E-06,9.18E-06,9.07E-07,8.11E-06,4.35E-06,9.23E-06,1.07E-05
769.4661001,1.65E-05,9.17E-06,9.04E-06,1.95E-05,1.06E-05,1.14E-05,1.35E-06,1.80E-05,6.29E-06,2.99E-06,9.52E-06,9.56E-06,6.46E-06,1.34E-05,1.00E-05,1.29E-05,1.97E-05,7.17E-06,2.39E-06,3.04E-07,2.30E-06,5.27E-06,4.77E-06,9.21E-06,7.19E-06,8.24E-06,7.49E-06,6.88E-06,1.64E-05,1.58E-05,1.21E-05,5.74E-06,4.76E-06,6.48E-06,1.11E-05,8.61E-07,9.33E-06,5.05E-06,9.13E-06,1.29E-05
771.3945866,1.74E-05,9.95E-06,1.01E-05,2.31E-05,1.17E-05,1.29E-05,2.08E-06,2.07E-05,7.03E-06,3.62E-06,1.06E-05,1.02E-05,7.50E-06,1.55E-05,1.08E-05,1.42E-05,2.15E-05,7.84E-06,2.84E-06,8.45E-07,2.95E-06,5.99E-06,5.76E-06,1.11E-05,8.59E-06,8.98E-06,7.94E-06,8.25E-06,1.94E-05,1.77E-05,1.30E-05,6.48E-06,5.87E-06,8.88E-06,1.28E-05,1.26E-06,9.90E-06,6.03E-06,1.02E-05,1.53E-05
773.323073,1.72E-05,9.15E-06,9.81E-06,2.56E-05,1.13E-05,1.24E-05,2.43E-06,2.15E-05,6.34E-06,3.80E-06,1.05E-05,9.33E-06,7.62E-06,1.58E-05,1.01E-05,1.59E-05,2.15E-05,6.97E-06,2.73E-06,5.45E-07,4.26E-06,5.54E-06,5.98E-06,1.19E-05,9.16E-06,1.01E-05,7.77E-06,8.60E-06,2.06E-05,1.80E-05,1.41E-05,6.54E-06,5.57E-06,1.09E-05,1.38E-05,2.09E-06,9.22E-06,5.69E-06,1.11E-05,1.59E-05
775.2515595,1.73E-05,7.49E-06,9.41E-06,2.69E-05,1.02E-05,1.07E-05,2.24E-06,2.09E-05,5.07E-06,3.04E-06,1.00E-05,7.60E-06,7.54E-06,1.45E-05,8.44E-06,1.67E-05,1.99E-05,5.90E-06,2.69E-06,2.52E-07,6.14E-06,4.99E-06,5.68E-06,1.16E-05,9.30E-06,1.23E-05,7.32E-06,8.57E-06,1.94E-05,1.69E-05,1.56E-05,5.75E-06,4.86E-06,1.23E-05,1.42E-05,3.99E-06,7.92E-06,5.16E-06,1.26E-05,1.51E-05
777.180046,1.82E-05,6.29E-06,1.07E-05,2.80E-05,8.88E-06,1.03E-05,2.47E-06,1.98E-05,4.43E-06,2.51E-06,1.09E-05,6.26E-06,8.71E-06,1.32E-05,6.88E-06,1.75E-05,1.82E-05,4.97E-06,3.06E-06,1.06E-06,9.57E-06,4.75E-06,5.69E-06,1.15E-05,9.81E-06,1.65E-05,7.67E-06,8.69E-06,1.85E-05,1.57E-05,1.90E-05,4.84E-06,4.88E-06,1.39E-05,1.45E-05,6.97E-06,7.26E-06,5.32E-06,1.54E-05,1.47E-05
779.1085324,1.87E-05,4.47E-06,1.16E-05,2.83E-05,6.63E-06,9.04E-06,2.53E-06,1.75E-05,3.65E-06,2.43E-06,1.19E-05,5.07E-06,9.55E-06,1.14E-05,5.11E-06,1.83E-05,1.60E-05,3.80E-06,3.10E-06,1.37E-06,1.34E-05,4.16E-06,5.46E-06,1.02E-05,9.59E-06,2.06E-05,8.09E-06,8.76E-06,1.75E-05,1.34E-05,2.33E-05,3.89E-06,4.97E-06,1.54E-05,1.40E-05,1.02E-05,6.57E-06,4.61E-06,1.82E-05,1.37E-05
781.0370189,2.01E-05,2.85E-06,1.24E-05,2.84E-05,4.68E-06,7.36E-06,2.71E-06,1.57E-05,2.62E-06,2.78E-06,1.26E-05,3.91E-06,1.04E-05,9.77E-06,3.93E-06,1.80E-05,1.43E-05,3.77E-06,3.40E-06,1.39E-06,1.80E-05,3.66E-06,5.87E-06,8.96E-06,9.00E-06,2.48E-05,8.18E-06,9.07E-06,1.60E-05,1.09E-05,2.76E-05,3.30E-06,5.18E-06,1.71E-05,1.34E-05,1.35E-05,5.68E-06,4.63E-06,2.15E-05,1.28E-05
782.9655054,2.11E-05,1.51E-06,1.31E-05,2.81E-05,2.97E-06,5.42E-06,2.61E-06,1.39E-05,8.52E-07,2.29E-06,1.23E-05,2.44E-06,1.10E-05,7.83E-06,2.65E-06,1.74E-05,1.27E-05,3.23E-06,3.16E-06,7.44E-07,2.12E-05,3.07E-06,5.83E-06,7.57E-06,8.06E-06,2.80E-05,7.94E-06,8.56E-06,1.38E-05,8.51E-06,3.11E-05,2.19E-06,4.83E-06,1.83E-05,1.20E-05,1.59E-05,4.48E-06,4.52E-06,2.39E-05,1.18E-05
784.8939918,2.16E-05,8.89E-07,1.36E-05,2.84E-05,1.71E-06,3.90E-06,2.97E-06,1.25E-05,2.90E-07,2.23E-06,1.18E-05,1.69E-06,1.19E-05,6.39E-06,1.44E-06,1.81E-05,1.19E-05,2.41E-06,3.16E-06,3.59E-07,2.37E-05,3.06E-06,5.66E-06,6.61E-06,8.25E-06,3.12E-05,7.97E-06,8.46E-06,1.26E-05,7.09E-06,3.38E-05,1.43E-06,4.84E-06,1.94E-05,1.11E-05,1.82E-05,3.99E-06,4.34E-06,2.56E-05,1.14E-05
786.8224783,2.05E-05,2.47E-07,1.29E-05,2.84E-05,5.58E-07,2.53E-06,2.99E-06,1.13E-05,8.23E-08,1.81E-06,1.01E-05,8.36E-07,1.17E-05,5.00E-06,2.93E-07,1.77E-05,1.12E-05,1.94E-06,3.10E-06,0,2.47E-05,2.53E-06,4.88E-06,5.87E-06,8.09E-06,3.29E-05,7.60E-06,8.35E-06,1.12E-05,5.89E-06,3.44E-05,8.55E-07,4.10E-06,1.95E-05,9.91E-06,1.86E-05,3.25E-06,3.62E-06,2.61E-05,1.08E-05
788.7509648,1.84E-05,0,1.15E-05,2.88E-05,0,9.27E-07,3.23E-06,1.03E-05,0,1.46E-06,7.98E-06,7.42E-08,1.06E-05,3.67E-06,9.08E-09,1.64E-05,1.09E-05,1.88E-06,3.24E-06,3.51E-07,2.38E-05,2.02E-06,3.95E-06,5.58E-06,7.36E-06,3.31E-05,7.55E-06,8.47E-06,1.00E-05,4.85E-06,3.40E-05,2.32E-07,3.56E-06,1.92E-05,8.67E-06,1.81E-05,2.12E-06,3.35E-06,2.57E-05,1.02E-05
790.6794512,1.72E-05,1.12E-06,1.05E-05,3.01E-05,2.74E-07,8.20E-08,4.44E-06,9.68E-06,7.50E-07,2.21E-06,6.53E-06,2.83E-08,1.03E-05,3.18E-06,1.09E-06,1.62E-05,1.20E-05,2.71E-06,4.30E-06,1.62E-06,2.28E-05,2.66E-06,4.11E-06,5.79E-06,7.83E-06,3.39E-05,8.22E-06,8.44E-06,1.05E-05,4.66E-06,3.33E-05,3.95E-07,4.38E-06,1.98E-05,8.88E-06,1.82E-05,2.20E-06,4.35E-06,2.56E-05,1.02E-05
792.6079377,1.61E-05,1.94E-06,9.60E-06,3.16E-05,7.68E-07,0,5.55E-06,9.62E-06,1.47E-06,3.57E-06,4.92E-06,4.57E-07,1.03E-05,3.02E-06,1.84E-06,1.73E-05,1.24E-05,3.53E-06,5.66E-06,2.73E-06,2.18E-05,3.25E-06,4.77E-06,6.15E-06,8.82E-06,3.42E-05,8.77E-06,8.21E-06,1.10E-05,4.39E-06,3.16E-05,9.61E-07,5.13E-06,2.08E-05,9.56E-06,1.79E-05,2.80E-06,4.99E-06,2.51E-05,1.07E-05
794.5364242,1.55E-05,1.61E-06,9.18E-06,3.31E-05,1.49E-06,7.39E-07,7.37E-06,1.08E-05,2.63E-06,5.50E-06,4.11E-06,1.38E-06,1.04E-05,3.53E-06,1.86E-06,1.88E-05,1.25E-05,3.74E-06,7.31E-06,4.27E-06,2.12E-05,3.84E-06,5.79E-06,7.42E-06,1.05E-05,3.43E-05,9.52E-06,9.31E-06,1.20E-05,4.60E-06,3.00E-05,2.17E-06,6.01E-06,2.18E-05,1.09E-05,1.82E-05,3.32E-06,5.88E-06,2.48E-05,1.21E-05
796.4649106,1.56E-05,1.18E-06,9.06E-06,3.50E-05,2.49E-06,1.66E-06,9.88E-06,1.16E-05,4.05E-06,7.25E-06,4.02E-06,2.01E-06,1.05E-05,4.36E-06,1.81E-06,2.01E-05,1.30E-05,4.36E-06,9.14E-06,6.18E-06,2.03E-05,5.02E-06,7.09E-06,8.60E-06,1.25E-05,3.43E-05,1.06E-05,1.08E-05,1.36E-05,5.30E-06,2.83E-05,4.50E-06,7.21E-06,2.31E-05,1.26E-05,1.88E-05,3.74E-06,7.32E-06,2.49E-05,1.36E-05
798.3933971,1.72E-05,2.93E-06,1.02E-05,3.78E-05,5.17E-06,3.64E-06,1.39E-05,1.35E-05,6.82E-06,1.05E-05,5.34E-06,3.95E-06,1.16E-05,6.45E-06,3.50E-06,2.28E-05,1.49E-05,6.95E-06,1.29E-05,9.71E-06,2.05E-05,7.64E-06,9.75E-06,1.09E-05,1.57E-05,3.57E-05,1.33E-05,1.34E-05,1.66E-05,7.55E-06,2.79E-05,8.40E-06,9.82E-06,2.54E-05,1.51E-05,2.00E-05,5.34E-06,1.07E-05,2.62E-05,1.60E-05
800.3218836,1.87E-05,5.43E-06,1.14E-05,4.01E-05,8.40E-06,5.09E-06,1.80E-05,1.50E-05,9.98E-06,1.42E-05,6.46E-06,6.01E-06,1.25E-05,8.65E-06,5.86E-06,2.44E-05,1.67E-05,9.60E-06,1.74E-05,1.34E-05,2.10E-05,1.06E-05,1.26E-05,1.31E-05,1.87E-05,3.72E-05,1.65E-05,1.59E-05,1.85E-05,9.95E-06,2.70E-05,1.19E-05,1.29E-05,2.70E-05,1.71E-05,2.11E-05,7.72E-06,1.39E-05,2.68E-05,1.82E-05
802.25037,1.93E-05,8.35E-06,1.16E-05,4.18E-05,1.17E-05,5.50E-06,2.23E-05,1.54E-05,1.33E-05,1.82E-05,7.10E-06,8.11E-06,1.29E-05,1.04E-05,8.98E-06,2.54E-05,1.83E-05,1.29E-05,2.25E-05,1.75E-05,2.11E-05,1.40E-05,1.59E-05,1.50E-05,2.12E-05,3.79E-05,2.00E-05,1.85E-05,1.89E-05,1.18E-05,2.56E-05,1.53E-05,1.62E-05,2.77E-05,1.84E-05,2.21E-05,1.05E-05,1.71E-05,2.76E-05,1.97E-05
804.1788565,2.12E-05,1.23E-05,1.25E-05,4.38E-05,1.56E-05,7.06E-06,2.77E-05,1.67E-05,1.76E-05,2.29E-05,8.45E-06,1.16E-05,1.38E-05,1.29E-05,1.28E-05,2.76E-05,2.10E-05,1.73E-05,2.88E-05,2.30E-05,2.16E-05,1.81E-05,1.95E-05,1.75E-05,2.47E-05,3.90E-05,2.45E-05,2.20E-05,2.03E-05,1.42E-05,2.53E-05,1.92E-05,2.01E-05,2.92E-05,2.05E-05,2.35E-05,1.39E-05,2.13E-05,2.89E-05,2.20E-05
806.107343,2.44E-05,1.64E-05,1.46E-05,4.61E-05,1.95E-05,9.49E-06,3.35E-05,1.86E-05,2.22E-05,2.80E-05,1.10E-05,1.53E-05,1.51E-05,1.63E-05,1.65E-05,3.01E-05,2.33E-05,2.16E-05,3.57E-05,2.88E-05,2.32E-05,2.27E-05,2.30E-05,2.04E-05,2.90E-05,4.07E-05,2.91E-05,2.58E-05,2.22E-05,1.71E-05,2.54E-05,2.31E-05,2.48E-05,3.15E-05,2.35E-05,2.58E-05,1.78E-05,2.63E-05,3.08E-05,2.49E-05
808.0358294,2.82E-05,2.08E-05,1.67E-05,4.83E-05,2.34E-05,1.17E-05,3.95E-05,2.06E-05,2.68E-05,3.37E-05,1.43E-05,1.88E-05,1.72E-05,2.00E-05,2.06E-05,3.27E-05,2.53E-05,2.63E-05,4.30E-05,3.46E-05,2.64E-05,2.73E-05,2.74E-05,2.32E-05,3.34E-05,4.30E-05,3.36E-05,2.97E-05,2.44E-05,1.99E-05,2.65E-05,2.70E-05,2.97E-05,3.40E-05,2.68E-05,2.92E-05,2.18E-05,3.15E-05,3.35E-05,2.80E-05
809.9643159,3.25E-05,2.44E-05,1.92E-05,4.99E-05,2.72E-05,1.31E-05,4.48E-05,2.19E-05,3.11E-05,3.90E-05,1.78E-05,2.22E-05,2.00E-05,2.37E-05,2.43E-05,3.50E-05,2.70E-05,3.06E-05,4.98E-05,4.00E-05,3.01E-05,3.11E-05,3.13E-05,2.54E-05,3.68E-05,4.54E-05,3.80E-05,3.31E-05,2.60E-05,2.25E-05,2.85E-05,3.07E-05,3.41E-05,3.65E-05,2.94E-05,3.25E-05,2.57E-05,3.61E-05,3.64E-05,3.03E-05
811.8928024,3.75E-05,2.82E-05,2.29E-05,5.17E-05,3.13E-05,1.58E-05,5.02E-05,2.36E-05,3.58E-05,4.41E-05,2.25E-05,2.59E-05,2.32E-05,2.84E-05,2.85E-05,3.73E-05,2.89E-05,3.52E-05,5.67E-05,4.59E-05,3.39E-05,3.59E-05,3.56E-05,2.84E-05,4.07E-05,4.85E-05,4.27E-05,3.70E-05,2.76E-05,2.55E-05,3.15E-05,3.49E-05,3.87E-05,3.93E-05,3.22E-05,3.62E-05,3.00E-05,4.14E-05,3.99E-05,3.31E-05
813.8212888,4.14E-05,3.16E-05,2.55E-05,5.23E-05,3.45E-05,1.83E-05,5.46E-05,2.55E-05,3.95E-05,4.83E-05,2.60E-05,2.91E-05,2.51E-05,3.21E-05,3.19E-05,3.83E-05,3.04E-05,3.95E-05,6.29E-05,5.06E-05,3.58E-05,3.99E-05,3.93E-05,3.04E-05,4.40E-05,5.01E-05,4.66E-05,3.99E-05,2.85E-05,2.79E-05,3.36E-05,3.85E-05,4.24E-05,4.08E-05,3.39E-05,3.87E-05,3.33E-05,4.57E-05,4.23E-05,3.52E-05
815.7497753,4.30E-05,3.38E-05,2.69E-05,5.19E-05,3.64E-05,1.90E-05,5.78E-05,2.66E-05,4.21E-05,5.13E-05,2.80E-05,3.13E-05,2.55E-05,3.42E-05,3.41E-05,3.84E-05,3.10E-05,4.23E-05,6.80E-05,5.37E-05,3.55E-05,4.25E-05,4.22E-05,3.13E-05,4.59E-05,4.98E-05,4.90E-05,4.17E-05,2.85E-05,2.95E-05,3.42E-05,4.07E-05,4.50E-05,4.07E-05,3.45E-05,3.87E-05,3.58E-05,4.85E-05,4.31E-05,3.57E-05
817.6782618,4.24E-05,3.54E-05,2.77E-05,5.09E-05,3.80E-05,1.92E-05,6.05E-05,2.72E-05,4.44E-05,5.32E-05,2.88E-05,3.26E-05,2.53E-05,3.62E-05,3.58E-05,3.76E-05,3.08E-05,4.41E-05,7.17E-05,5.63E-05,3.42E-05,4.52E-05,4.45E-05,3.19E-05,4.69E-05,4.81E-05,5.04E-05,4.29E-05,2.85E-05,3.08E-05,3.37E-05,4.24E-05,4.66E-05,4.02E-05,3.50E-05,3.73E-05,3.76E-05,5.04E-05,4.25E-05,3.59E-05
819.6067482,4.01E-05,3.62E-05,2.70E-05,4.98E-05,3.95E-05,1.93E-05,6.28E-05,2.76E-05,4.57E-05,5.47E-05,2.84E-05,3.36E-05,2.46E-05,3.83E-05,3.67E-05,3.52E-05,3.06E-05,4.61E-05,7.46E-05,5.89E-05,3.23E-05,4.72E-05,4.63E-05,3.21E-05,4.75E-05,4.47E-05,5.15E-05,4.40E-05,2.82E-05,3.19E-05,3.19E-05,4.41E-05,4.79E-05,3.90E-05,3.56E-05,3.52E-05,3.85E-05,5.16E-05,4.08E-05,3.62E-05
821.5352347,3.52E-05,3.67E-05,2.45E-05,4.78E-05,4.06E-05,1.83E-05,6.44E-05,2.71E-05,4.62E-05,5.53E-05,2.60E-05,3.42E-05,2.23E-05,3.94E-05,3.73E-05,3.18E-05,3.08E-05,4.73E-05,7.67E-05,6.06E-05,2.86E-05,4.82E-05,4.75E-05,3.18E-05,4.76E-05,3.95E-05,5.19E-05,4.43E-05,2.68E-05,3.22E-05,2.90E-05,4.52E-05,4.87E-05,3.63E-05,3.50E-05,3.15E-05,3.90E-05,5.25E-05,3.73E-05,3.58E-05
823.4637212,2.80E-05,3.77E-05,2.17E-05,4.51E-05,4.17E-05,1.63E-05,6.55E-05,2.57E-05,4.70E-05,5.60E-05,2.20E-05,3.41E-05,1.93E-05,4.02E-05,3.77E-05,2.74E-05,3.01E-05,4.78E-05,7.80E-05,6.18E-05,2.44E-05,4.95E-05,4.84E-05,3.12E-05,4.74E-05,3.40E-05,5.16E-05,4.40E-05,2.55E-05,3.19E-05,2.52E-05,4.57E-05,4.94E-05,3.28E-05,3.33E-05,2.77E-05,3.91E-05,5.31E-05,3.30E-05,3.49E-05
825.3922076,2.15E-05,3.91E-05,1.98E-05,4.39E-05,4.38E-05,1.52E-05,6.76E-05,2.54E-05,4.85E-05,5.77E-05,1.91E-05,3.45E-05,1.74E-05,4.20E-05,3.83E-05,2.32E-05,2.95E-05,4.90E-05,8.02E-05,6.40E-05,2.32E-05,5.16E-05,5.04E-05,3.18E-05,4.82E-05,3.02E-05,5.21E-05,4.45E-05,2.51E-05,3.28E-05,2.28E-05,4.69E-05,5.10E-05,2.98E-05,3.32E-05,2.56E-05,3.97E-05,5.50E-05,3.01E-05,3.49E-05
827.3206941,1.56E-05,4.05E-05,1.82E-05,4.28E-05,4.61E-05,1.31E-05,7.02E-05,2.47E-05,5.01E-05,5.91E-05,1.60E-05,3.43E-05,1.61E-05,4.43E-05,3.91E-05,1.91E-05,2.91E-05,5.03E-05,8.30E-05,6.66E-05,2.44E-05,5.38E-05,5.30E-05,3.23E-05,4.88E-05,2.77E-05,5.32E-05,4.49E-05,2.40E-05,3.38E-05,2.20E-05,4.82E-05,5.26E-05,2.66E-05,3.30E-05,2.46E-05,4.00E-05,5.72E-05,2.82E-05,3.49E-05
829.2491806,1.12E-05,4.28E-05,1.87E-05,4.18E-05,4.88E-05,1.10E-05,7.31E-05,2.40E-05,5.18E-05,6.06E-05,1.36E-05,3.36E-05,1.65E-05,4.72E-05,4.04E-05,1.54E-05,2.88E-05,5.20E-05,8.61E-05,6.94E-05,2.93E-05,5.68E-05,5.64E-05,3.26E-05,4.97E-05,2.72E-05,5.50E-05,4.56E-05,2.32E-05,3.51E-05,2.46E-05,4.96E-05,5.45E-05,2.38E-05,3.28E-05,2.65E-05,4.07E-05,5.95E-05,2.86E-05,3.47E-05
831.177667,9.48E-06,4.58E-05,2.19E-05,4.10E-05,5.21E-05,9.99E-06,7.52E-05,2.38E-05,5.35E-05,6.19E-05,1.28E-05,3.32E-05,1.93E-05,5.10E-05,4.15E-05,1.29E-05,2.89E-05,5.42E-05,8.85E-05,7.23E-05,3.86E-05,6.01E-05,6.01E-05,3.31E-05,5.14E-05,2.95E-05,5.73E-05,4.69E-05,2.33E-05,3.65E-05,3.20E-05,5.17E-05,5.65E-05,2.27E-05,3.29E-05,3.14E-05,4.15E-05,6.17E-05,3.15E-05,3.49E-05
833.1061535,9.52E-06,4.82E-05,2.70E-05,4.01E-05,5.48E-05,9.44E-06,7.59E-05,2.37E-05,5.43E-05,6.21E-05,1.26E-05,3.26E-05,2.43E-05,5.49E-05,4.17E-05,1.09E-05,2.85E-05,5.55E-05,8.93E-05,7.40E-05,5.16E-05,6.33E-05,6.32E-05,3.39E-05,5.28E-05,3.40E-05,5.93E-05,4.85E-05,2.31E-05,3.78E-05,4.31E-05,5.27E-05,5.86E-05,2.26E-05,3.31E-05,3.80E-05,4.19E-05,6.30E-05,3.67E-05,3.54E-05
835.03464,9.41E-06,4.83E-05,3.14E-05,3.81E-05,5.49E-05,7.97E-06,7.37E-05,2.31E-05,5.25E-05,5.96E-05,1.16E-05,3.03E-05,2.88E-05,5.69E-05,4.06E-05,8.55E-06,2.66E-05,5.43E-05,8.70E-05,7.30E-05,6.40E-05,6.43E-05,6.44E-05,3.30E-05,5.25E-05,3.90E-05,5.94E-05,4.86E-05,2.14E-05,3.80E-05,5.48E-05,5.11E-05,5.89E-05,2.10E-05,3.22E-05,4.46E-05,4.02E-05,6.21E-05,4.19E-05,3.45E-05
836.9631264,9.58E-06,4.63E-05,3.41E-05,3.45E-05,5.28E-05,5.34E-06,6.87E-05,2.12E-05,4.87E-05,5.47E-05,1.08E-05,2.70E-05,3.14E-05,5.67E-05,3.78E-05,6.02E-06,2.34E-05,5.09E-05,8.14E-05,6.90E-05,7.33E-05,6.27E-05,6.33E-05,3.03E-05,4.97E-05,4.27E-05,5.75E-05,4.67E-05,1.85E-05,3.65E-05,6.43E-05,4.74E-05,5.67E-05,1.88E-05,2.99E-05,4.93E-05,3.68E-05,5.85E-05,4.55E-05,3.16E-05
838.8916129,1.07E-05,4.35E-05,3.60E-05,3.06E-05,4.95E-05,4.02E-06,6.27E-05,1.92E-05,4.42E-05,4.87E-05,1.08E-05,2.39E-05,3.33E-05,5.47E-05,3.39E-05,4.54E-06,2.03E-05,4.63E-05,7.39E-05,6.33E-05,7.88E-05,5.97E-05,6.03E-05,2.75E-05,4.54E-05,4.49E-05,5.40E-05,4.44E-05,1.60E-05,3.43E-05,7.10E-05,4.29E-05,5.31E-05,1.71E-05,2.73E-05,5.18E-05,3.30E-05,5.38E-05,4.76E-05,2.82E-05
840.8200994,1.17E-05,3.93E-05,3.61E-05,2.62E-05,4.45E-05,3.09E-06,5.50E-05,1.68E-05,3.85E-05,4.22E-05,1.04E-05,1.98E-05,3.32E-05,5.09E-05,2.93E-05,4.32E-06,1.75E-05,4.08E-05,6.46E-05,5.65E-05,7.85E-05,5.45E-05,5.51E-05,2.41E-05,4.07E-05,4.43E-05,4.88E-05,4.08E-05,1.33E-05,3.10E-05,7.27E-05,3.72E-05,4.80E-05,1.46E-05,2.41E-05,5.10E-05,2.84E-05,4.78E-05,4.66E-05,2.40E-05
842.7485858,1.14E-05,3.43E-05,3.38E-05,2.19E-05,3.87E-05,1.73E-06,4.65E-05,1.39E-05,3.24E-05,3.53E-05,9.52E-06,1.61E-05,3.05E-05,4.58E-05,2.47E-05,3.86E-06,1.46E-05,3.52E-05,5.47E-05,4.92E-05,7.32E-05,4.76E-05,4.90E-05,2.04E-05,3.56E-05,4.08E-05,4.24E-05,3.59E-05,1.06E-05,2.71E-05,6.90E-05,3.12E-05,4.18E-05,1.14E-05,2.01E-05,4.65E-05,2.37E-05,4.10E-05,4.27E-05,1.95E-05
844.6770723,9.63E-06,2.89E-05,2.93E-05,1.72E-05,3.29E-05,4.84E-07,3.82E-05,1.08E-05,2.64E-05,2.83E-05,7.55E-06,1.33E-05,2.61E-05,3.95E-05,2.01E-05,2.35E-06,1.12E-05,2.91E-05,4.46E-05,4.14E-05,6.39E-05,4.03E-05,4.21E-05,1.64E-05,2.98E-05,3.50E-05,3.56E-05,3.01E-05,7.94E-06,2.27E-05,6.10E-05,2.55E-05,3.48E-05,8.29E-06,1.58E-05,3.97E-05,1.89E-05,3.40E-05,3.63E-05,1.53E-05
846.6055588,8.06E-06,2.42E-05,2.40E-05,1.34E-05,2.77E-05,3.87E-07,3.08E-05,8.60E-06,2.16E-05,2.29E-05,5.85E-06,1.08E-05,2.14E-05,3.34E-05,1.63E-05,1.77E-06,8.73E-06,2.36E-05,3.58E-05,3.42E-05,5.25E-05,3.39E-05,3.51E-05,1.34E-05,2.40E-05,2.84E-05,2.95E-05,2.48E-05,5.72E-06,1.88E-05,5.07E-05,2.00E-05,2.88E-05,5.79E-06,1.26E-05,3.24E-05,1.51E-05,2.76E-05,2.90E-05,1.20E-05
848.5340452,6.09E-06,1.94E-05,1.81E-05,1.02E-05,2.23E-05,2.77E-07,2.39E-05,6.42E-06,1.69E-05,1.80E-05,3.78E-06,8.87E-06,1.59E-05,2.69E-05,1.30E-05,1.13E-06,6.69E-06,1.85E-05,2.78E-05,2.71E-05,3.94E-05,2.74E-05,2.81E-05,1.03E-05,1.85E-05,2.09E-05,2.34E-05,1.96E-05,3.87E-06,1.49E-05,3.87E-05,1.51E-05,2.28E-05,3.21E-06,9.37E-06,2.36E-05,1.18E-05,2.12E-05,2.11E-05,8.63E-06
850.4625317,2.99E-06,1.47E-05,1.22E-05,6.75E-06,1.71E-05,0,1.77E-05,4.09E-06,1.24E-05,1.32E-05,1.30E-06,7.21E-06,1.01E-05,2.01E-05,9.63E-06,2.54E-08,4.56E-06,1.34E-05,2.03E-05,2.04E-05,2.63E-05,2.09E-05,2.14E-05,7.29E-06,1.33E-05,1.32E-05,1.72E-05,1.44E-05,2.52E-06,1.13E-05,2.64E-05,1.08E-05,1.67E-05,8.91E-07,6.01E-06,1.48E-05,8.49E-06,1.50E-05,1.36E-05,5.38E-06
852.3910182,8.12E-07,1.12E-05,7.26E-06,4.40E-06,1.30E-05,3.43E-07,1.28E-05,2.64E-06,9.31E-06,9.42E-06,2.10E-07,5.69E-06,5.86E-06,1.50E-05,7.07E-06,0,3.34E-06,9.52E-06,1.43E-05,1.50E-05,1.56E-05,1.55E-05,1.59E-05,5.01E-06,9.09E-06,7.26E-06,1.20E-05,1.06E-05,1.85E-06,8.32E-06,1.56E-05,7.35E-06,1.22E-05,0,4.09E-06,8.20E-06,5.96E-06,1.02E-05,7.63E-06,3.68E-06
854.3195046,0,7.93E-06,3.10E-06,2.59E-06,8.95E-06,4.57E-07,8.30E-06,1.25E-06,6.03E-06,6.01E-06,0,4.01E-06,2.26E-06,1.03E-05,4.79E-06,0,1.91E-06,6.04E-06,8.93E-06,1.05E-05,7.06E-06,1.08E-05,1.08E-05,2.78E-06,5.66E-06,2.55E-06,7.55E-06,7.07E-06,9.42E-07,5.44E-06,6.81E-06,4.18E-06,8.14E-06,0,2.52E-06,2.83E-06,3.66E-06,6.32E-06,3.01E-06,2.19E-06
856.2479911,0,4.94E-06,4.50E-07,8.16E-07,5.33E-06,6.64E-07,4.54E-06,2.02E-07,3.10E-06,3.26E-06,0,2.24E-06,0,6.01E-06,2.72E-06,0,5.43E-07,2.83E-06,4.15E-06,6.73E-06,1.66E-06,7.00E-06,6.49E-06,1.01E-06,2.73E-06,0,4.01E-06,3.57E-06,1.93E-07,3.24E-06,1.50E-06,1.56E-06,4.20E-06,0,9.67E-07,0,1.88E-06,3.27E-06,5.02E-07,6.32E-07
858.1764776,5.85E-08,2.82E-06,0,0,2.24E-06,1.17E-06,1.70E-06,0,1.28E-06,1.34E-06,4.23E-07,9.05E-07,0,2.80E-06,9.52E-07,4.00E-07,0,8.94E-07,1.16E-06,3.29E-06,0,3.55E-06,3.37E-06,0,6.88E-07,0,1.52E-06,1.05E-06,0,1.39E-06,0,1.33E-07,1.42E-06,0,0,0,7.02E-07,1.27E-06,0,0
860.104964,2.82E-06,1.62E-06,4.02E-07,0,6.61E-07,3.16E-06,5.03E-07,0,3.90E-07,6.78E-07,3.08E-06,4.43E-07,9.85E-07,1.22E-06,2.78E-07,2.58E-06,4.81E-07,3.96E-07,2.41E-07,1.36E-06,3.31E-07,1.57E-06,1.29E-06,0,0,9.61E-07,5.66E-07,3.15E-07,1.49E-07,4.68E-07,0,0,5.19E-07,8.25E-07,0,5.59E-07,3.07E-07,5.04E-07,2.26E-07,4.51E-07
862.0334505,7.22E-06,5.82E-07,2.10E-06,1.36E-07,0,5.92E-06,1.48E-07,8.53E-08,0,1.43E-07,6.56E-06,0,2.93E-06,2.82E-07,1.37E-08,5.09E-06,9.07E-07,0,0,3.79E-07,2.55E-06,6.62E-07,0,0,0,4.15E-06,0,0,6.51E-07,0,1.99E-06,0,0,2.49E-06,0,3.25E-06,0,0,2.17E-06,1.03E-06
863.961937,1.19E-05,0,5.17E-06,5.39E-07,0,9.07E-06,0,1.02E-06,0,0,1.09E-05,0,6.78E-06,0,0,7.89E-06,1.54E-06,0,0,0,7.16E-06,0,0,8.44E-07,0,9.73E-06,0,0,1.92E-06,0,6.51E-06,5.29E-07,0,4.94E-06,5.41E-07,7.79E-06,0,0,5.53E-06,1.52E-06
865.8904234,1.76E-05,0,1.02E-05,1.96E-06,0,1.37E-05,0,3.07E-06,0,0,1.65E-05,0,1.23E-05,0,0,1.23E-05,3.36E-06,0,0,0,1.41E-05,0,0,3.17E-06,3.52E-07,1.78E-05,1.13E-07,5.01E-07,4.07E-06,3.87E-07,1.35E-05,2.62E-06,0,8.47E-06,2.28E-06,1.40E-05,4.83E-07,6.46E-07,1.07E-05,3.55E-06
867.8189099,2.42E-05,2.61E-07,1.60E-05,4.05E-06,1.42E-07,1.85E-05,0,5.34E-06,0,0,2.24E-05,0,1.79E-05,6.61E-07,0,1.72E-05,5.56E-06,1.61E-07,2.98E-07,0,2.19E-05,0,0,5.59E-06,1.51E-06,2.71E-05,9.96E-07,1.37E-06,6.69E-06,1.26E-06,2.15E-05,6.32E-06,1.99E-08,1.25E-05,4.37E-06,2.12E-05,9.79E-07,1.37E-06,1.63E-05,6.20E-06
869.7473963,3.03E-05,1.04E-06,2.23E-05,6.62E-06,1.00E-06,2.34E-05,2.71E-07,7.94E-06,3.48E-07,3.65E-07,2.78E-05,4.93E-07,2.39E-05,1.98E-06,6.99E-07,2.20E-05,8.16E-06,1.13E-06,9.99E-07,2.23E-07,3.07E-05,7.66E-07,8.31E-07,8.85E-06,3.38E-06,3.75E-05,2.41E-06,2.51E-06,1.01E-05,2.23E-06,2.99E-05,1.16E-05,8.43E-07,1.63E-05,6.28E-06,2.84E-05,2.12E-06,2.65E-06,2.21E-05,8.71E-06
871.6758828,3.61E-05,1.86E-06,2.86E-05,9.20E-06,2.54E-06,2.90E-05,4.75E-07,1.05E-05,1.07E-06,8.25E-07,3.32E-05,1.47E-06,3.05E-05,3.55E-06,1.75E-06,2.74E-05,1.08E-05,2.40E-06,1.85E-06,4.77E-07,3.86E-05,2.05E-06,1.90E-06,1.22E-05,5.31E-06,4.85E-05,3.57E-06,3.71E-06,1.38E-05,3.42E-06,3.82E-05,1.76E-05,1.70E-06,1.97E-05,8.22E-06,3.52E-05,3.66E-06,3.99E-06,2.81E-05,1.14E-05
873.6043693,4.21E-05,3.58E-06,3.57E-05,1.25E-05,5.25E-06,3.58E-05,8.40E-07,1.41E-05,2.71E-06,1.77E-06,3.96E-05,2.88E-06,3.73E-05,5.37E-06,3.30E-06,3.35E-05,1.41E-05,4.33E-06,3.01E-06,8.09E-07,4.67E-05,3.70E-06,3.76E-06,1.60E-05,7.76E-06,5.93E-05,5.44E-06,5.61E-06,1.85E-05,5.76E-06,4.67E-05,2.43E-05,3.34E-06,2.38E-05,1.10E-05,4.25E-05,5.54E-06,6.00E-06,3.45E-05,1.51E-05
875.5328557,4.76E-05,5.28E-06,4.27E-05,1.58E-05,7.44E-06,4.28E-05,1.25E-06,1.77E-05,3.96E-06,2.05E-06,4.53E-05,4.02E-06,4.32E-05,6.91E-06,4.65E-06,3.86E-05,1.73E-05,6.14E-06,3.58E-06,1.38E-06,5.44E-05,5.01E-06,5.61E-06,2.01E-05,9.98E-06,6.83E-05,7.31E-06,6.78E-06,2.28E-05,7.33E-06,5.47E-05,2.97E-05,5.04E-06,2.76E-05,1.38E-05,4.88E-05,7.31E-06,7.57E-06,4.02E-05,1.87E-05
877.4613422,5.36E-05,6.97E-06,5.00E-05,1.93E-05,9.33E-06,4.83E-05,1.99E-06,2.13E-05,5.25E-06,2.55E-06,5.14E-05,5.54E-06,4.95E-05,8.91E-06,6.05E-06,4.36E-05,2.11E-05,7.78E-06,4.71E-06,2.04E-06,6.19E-05,6.71E-06,7.29E-06,2.47E-05,1.26E-05,7.50E-05,8.93E-06,8.16E-06,2.71E-05,9.06E-06,6.26E-05,3.33E-05,6.68E-06,3.18E-05,1.70E-05,5.46E-05,9.12E-06,9.37E-06,4.55E-05,2.24E-05
879.3898287,6.04E-05,9.64E-06,5.84E-05,2.35E-05,1.27E-05,5.38E-05,3.46E-06,2.58E-05,7.29E-06,4.39E-06,5.89E-05,7.74E-06,5.69E-05,1.20E-05,8.35E-06,5.03E-05,2.59E-05,1.02E-05,7.08E-06,3.53E-06,7.05E-05,8.94E-06,9.13E-06,2.99E-05,1.63E-05,7.99E-05,1.08E-05,1.07E-05,3.21E-05,1.19E-05,7.10E-05,3.46E-05,8.97E-06,3.72E-05,2.05E-05,6.18E-05,1.16E-05,1.21E-05,5.11E-05,2.70E-05
881.3183151,6.79E-05,1.32E-05,6.74E-05,2.91E-05,1.71E-05,6.05E-05,5.60E-06,3.14E-05,1.03E-05,7.29E-06,6.73E-05,1.05E-05,6.50E-05,1.58E-05,1.15E-05,5.76E-05,3.13E-05,1.35E-05,1.05E-05,6.44E-06,8.04E-05,1.14E-05,1.14E-05,3.55E-05,2.09E-05,8.40E-05,1.37E-05,1.35E-05,3.73E-05,1.54E-05,8.02E-05,3.35E-05,1.18E-05,4.31E-05,2.47E-05,7.01E-05,1.48E-05,1.60E-05,5.75E-05,3.23E-05
883.2468016,7.60E-05,1.75E-05,7.68E-05,3.52E-05,2.20E-05,6.80E-05,8.53E-06,3.74E-05,1.41E-05,1.10E-05,7.61E-05,1.42E-05,7.36E-05,2.04E-05,1.51E-05,6.47E-05,3.74E-05,1.72E-05,1.51E-05,1.03E-05,9.22E-05,1.46E-05,1.41E-05,4.10E-05,2.64E-05,8.86E-05,1.76E-05,1.66E-05,4.28E-05,1.93E-05,9.12E-05,3.19E-05,1.55E-05,4.95E-05,2.99E-05,7.98E-05,1.81E-05,2.11E-05,6.53E-05,3.82E-05
885.1752881,8.41E-05,2.23E-05,8.70E-05,4.15E-05,2.77E-05,7.57E-05,1.23E-05,4.33E-05,1.84E-05,1.52E-05,8.48E-05,1.82E-05,8.31E-05,2.54E-05,1.89E-05,7.24E-05,4.33E-05,2.17E-05,2.09E-05,1.52E-05,0.000105853,1.82E-05,1.77E-05,4.70E-05,3.29E-05,9.45E-05,2.17E-05,2.05E-05,4.82E-05,2.36E-05,0.000103593,3.07E-05,1.98E-05,5.66E-05,3.55E-05,9.16E-05,2.22E-05,2.63E-05,7.42E-05,4.43E-05
887.1037745,9.27E-05,2.81E-05,9.82E-05,4.85E-05,3.45E-05,8.38E-05,1.74E-05,5.01E-05,2.39E-05,2.02E-05,9.39E-05,2.24E-05,9.36E-05,3.11E-05,2.39E-05,8.02E-05,4.98E-05,2.73E-05,2.82E-05,2.14E-05,0.000121346,2.30E-05,2.24E-05,5.41E-05,4.04E-05,0.000102966,2.67E-05,2.51E-05,5.44E-05,2.89E-05,0.000117492,3.11E-05,2.49E-05,6.46E-05,4.20E-05,0.000104471,2.75E-05,3.26E-05,8.45E-05,5.12E-05
889.032261,0.00010095,3.44E-05,0.000108721,5.56E-05,4.17E-05,9.12E-05,2.26E-05,5.65E-05,2.96E-05,2.57E-05,0.000101628,2.65E-05,0.000103586,3.71E-05,2.89E-05,8.73E-05,5.60E-05,3.30E-05,3.62E-05,2.79E-05,0.000136669,2.84E-05,2.69E-05,6.09E-05,4.77E-05,0.000112944,3.16E-05,2.93E-05,6.02E-05,3.42E-05,0.000131731,3.28E-05,3.00E-05,7.25E-05,4.82E-05,0.000117724,3.26E-05,3.90E-05,9.49E-05,5.79E-05
890.9607475,0.000107395,4.06E-05,0.00011836,6.27E-05,4.87E-05,9.78E-05,2.79E-05,6.24E-05,3.52E-05,3.12E-05,0.000108143,3.05E-05,0.000112533,4.31E-05,3.34E-05,9.42E-05,6.18E-05,3.88E-05,4.41E-05,3.42E-05,0.000151021,3.34E-05,3.16E-05,6.71E-05,5.52E-05,0.000123586,3.62E-05,3.33E-05,6.53E-05,3.93E-05,0.000145037,3.51E-05,3.53E-05,8.00E-05,5.40E-05,0.000130932,3.72E-05,4.55E-05,0.000105032,6.37E-05
892.8892339,0.000112119,4.57E-05,0.000126647,6.92E-05,5.48E-05,0.000103555,3.27E-05,6.81E-05,4.00E-05,3.55E-05,0.000113366,3.40E-05,0.000120222,4.82E-05,3.77E-05,9.99E-05,6.71E-05,4.39E-05,5.09E-05,3.94E-05,0.000162996,3.80E-05,3.60E-05,7.23E-05,6.18E-05,0.000133412,4.04E-05,3.67E-05,7.04E-05,4.38E-05,0.000156086,3.77E-05,3.97E-05,8.70E-05,5.91E-05,0.000141791,4.11E-05,5.09E-05,0.000113762,6.89E-05
894.8177204,0.000115146,4.96E-05,0.000132773,7.46E-05,5.93E-05,0.000108272,3.56E-05,7.27E-05,4.34E-05,3.85E-05,0.000116713,3.67E-05,0.000126243,5.25E-05,4.13E-05,0.00010415,7.17E-05,4.72E-05,5.51E-05,4.30E-05,0.000170705,4.19E-05,3.90E-05,7.64E-05,6.68E-05,0.000140307,4.35E-05,3.91E-05,7.50E-05,4.76E-05,0.000163545,4.00E-05,4.29E-05,9.30E-05,6.34E-05,0.000149452,4.42E-05,5.47E-05,0.000120029,7.37E-05
896.7462069,0.00011535,5.25E-05,0.000136191,7.90E-05,6.23E-05,0.000112329,3.66E-05,7.59E-05,4.51E-05,3.98E-05,0.000117823,3.87E-05,0.000129508,5.53E-05,4.34E-05,0.000107075,7.56E-05,4.90E-05,5.63E-05,4.46E-05,0.00017341,4.38E-05,4.05E-05,7.93E-05,7.02E-05,0.000143257,4.49E-05,4.03E-05,7.88E-05,5.07E-05,0.000166116,4.07E-05,4.46E-05,9.74E-05,6.67E-05,0.000153118,4.58E-05,5.67E-05,0.000123121,7.75E-05
898.6746933,0.000113787,5.36E-05,0.000136709,8.25E-05,6.39E-05,0.00011546,3.58E-05,7.81E-05,4.52E-05,3.92E-05,0.000117192,3.95E-05,0.000129988,5.65E-05,4.37E-05,0.000109082,7.80E-05,4.90E-05,5.48E-05,4.39E-05,0.000171005,4.37E-05,4.05E-05,8.15E-05,7.17E-05,0.000141565,4.47E-05,4.04E-05,8.18E-05,5.23E-05,0.000163991,4.00E-05,4.46E-05,1.00E-04,6.89E-05,0.000151832,4.56E-05,5.67E-05,0.000122795,7.96E-05
900.6031798,0.000111316,5.36E-05,0.000135003,8.52E-05,6.41E-05,0.000117611,3.37E-05,8.00E-05,4.38E-05,3.74E-05,0.000115682,3.97E-05,0.000128403,5.65E-05,4.34E-05,0.000110313,7.96E-05,4.75E-05,5.08E-05,4.15E-05,0.000164136,4.23E-05,3.95E-05,8.27E-05,7.13E-05,0.000135555,4.33E-05,3.97E-05,8.42E-05,5.33E-05,0.000157787,3.85E-05,4.32E-05,0.000101101,7.02E-05,0.000146838,4.44E-05,5.55E-05,0.000119413,8.12E-05
902.5316663,0.000107415,5.27E-05,0.000131569,8.69E-05,6.32E-05,0.00011899,3.02E-05,8.10E-05,4.11E-05,3.43E-05,0.000113192,3.90E-05,0.000125115,5.54E-05,4.22E-05,0.000110738,8.07E-05,4.50E-05,4.48E-05,3.78E-05,0.000154053,3.99E-05,3.71E-05,8.27E-05,6.95E-05,0.000126674,4.13E-05,3.80E-05,8.63E-05,5.33E-05,0.000148447,3.60E-05,4.09E-05,0.000101343,7.05E-05,0.000139,4.21E-05,5.28E-05,0.000113363,8.20E-05
904.4601527,0.000104108,5.16E-05,0.000128098,8.84E-05,6.27E-05,0.000120536,2.67E-05,8.22E-05,3.86E-05,3.11E-05,0.000111403,3.82E-05,0.000121762,5.46E-05,4.09E-05,0.000112035,8.16E-05,4.25E-05,3.87E-05,3.43E-05,0.000143876,3.76E-05,3.46E-05,8.31E-05,6.81E-05,0.000117259,3.95E-05,3.63E-05,8.84E-05,5.33E-05,0.000138823,3.40E-05,3.87E-05,0.000101926,7.09E-05,0.000130037,4.00E-05,5.02E-05,0.000106911,8.26E-05
906.3886392,0.000102785,5.11E-05,0.000125531,9.06E-05,6.32E-05,0.000123437,2.43E-05,8.40E-05,3.71E-05,2.88E-05,0.00011115,3.84E-05,0.000119544,5.48E-05,4.04E-05,0.000114231,8.33E-05,4.07E-05,3.36E-05,3.16E-05,0.000135309,3.60E-05,3.31E-05,8.39E-05,6.75E-05,0.000109079,3.86E-05,3.57E-05,9.07E-05,5.36E-05,0.000130818,3.29E-05,3.74E-05,0.000103017,7.20E-05,0.000122765,3.89E-05,4.86E-05,0.000101556,8.41E-05
908.3171257,0.000104,5.18E-05,0.000124811,9.43E-05,6.49E-05,0.000128065,2.31E-05,8.68E-05,3.69E-05,2.78E-05,0.000112692,3.94E-05,0.00011961,5.61E-05,4.12E-05,0.000117816,8.60E-05,4.05E-05,3.02E-05,3.04E-05,0.000130252,3.61E-05,3.33E-05,8.60E-05,6.87E-05,0.000103751,3.93E-05,3.65E-05,9.41E-05,5.52E-05,0.000126451,3.33E-05,3.79E-05,0.000105402,7.45E-05,0.000118595,3.90E-05,4.88E-05,9.87E-05,8.70E-05
910.2456121,0.000106887,5.41E-05,0.000126311,9.92E-05,6.78E-05,0.00013338,2.32E-05,9.06E-05,3.78E-05,2.82E-05,0.000115792,4.15E-05,0.000121544,5.85E-05,4.31E-05,0.000122939,8.98E-05,4.15E-05,2.86E-05,3.09E-05,0.000129072,3.78E-05,3.47E-05,8.88E-05,7.11E-05,0.000101502,4.10E-05,3.83E-05,9.85E-05,5.79E-05,0.000125461,3.49E-05,3.96E-05,0.000109197,7.80E-05,0.000117099,4.03E-05,5.01E-05,9.80E-05,9.10E-05
912.1740986,0.000111044,5.77E-05,0.00012963,0.000104958,7.17E-05,0.000139154,2.49E-05,9.50E-05,3.98E-05,2.98E-05,0.000120529,4.42E-05,0.000124855,6.20E-05,4.55E-05,0.000128641,9.41E-05,4.34E-05,2.89E-05,3.26E-05,0.000131092,4.05E-05,3.71E-05,9.23E-05,7.47E-05,0.000102277,4.38E-05,4.14E-05,0.000103221,6.10E-05,0.000127405,3.75E-05,4.20E-05,0.000113716,8.21E-05,0.000118557,4.25E-05,5.22E-05,9.94E-05,9.53E-05
914.1025851,0.000116791,6.23E-05,0.00013409,0.000111194,7.67E-05,0.000145433,2.79E-05,0.000100109,4.29E-05,3.23E-05,0.000126309,4.75E-05,0.000129441,6.64E-05,4.91E-05,0.000134878,9.91E-05,4.69E-05,3.07E-05,3.52E-05,0.000135824,4.47E-05,4.07E-05,9.69E-05,7.91E-05,0.000105464,4.80E-05,4.56E-05,0.000108161,6.51E-05,0.000132201,4.08E-05,4.59E-05,0.000119104,8.71E-05,0.000122281,4.55E-05,5.59E-05,0.000102712,0.000100776
916.0310715,0.000123013,6.73E-05,0.000139333,0.00011765,8.22E-05,0.000152244,3.11E-05,0.000105662,4.67E-05,3.54E-05,0.00013263,5.13E-05,0.000134961,7.12E-05,5.30E-05,0.000141917,0.00010474,5.08E-05,3.34E-05,3.84E-05,0.000141957,4.92E-05,4.50E-05,0.000102078,8.40E-05,0.000109773,5.27E-05,4.98E-05,0.000113595,6.95E-05,0.000138306,4.43E-05,5.04E-05,0.000124947,9.24E-05,0.000127081,4.89E-05,5.99E-05,0.000107151,0.000106581
917.959558,0.000129006,7.27E-05,0.000145533,0.00012438,8.80E-05,0.000159562,3.47E-05,0.000111589,5.10E-05,3.90E-05,0.000139111,5.52E-05,0.000141033,7.65E-05,5.72E-05,0.000149125,0.000110756,5.48E-05,3.70E-05,4.23E-05,0.000149592,5.39E-05,4.98E-05,0.000107905,8.96E-05,0.000115006,5.78E-05,5.44E-05,0.000119813,7.41E-05,0.00014525,4.87E-05,5.51E-05,0.000131079,9.79E-05,0.00013301,5.28E-05,6.46E-05,0.000112328,0.000112202
919.8880445,0.000134897,7.79E-05,0.000151678,0.000131077,9.39E-05,0.000166634,3.89E-05,0.000117097,5.52E-05,4.29E-05,0.000144973,5.91E-05,0.000146964,8.17E-05,6.13E-05,0.000155885,0.000116238,5.93E-05,4.09E-05,4.65E-05,0.000157633,5.90E-05,5.46E-05,0.000113591,9.53E-05,0.000120693,6.30E-05,5.87E-05,0.000125717,7.87E-05,0.000152212,5.32E-05,6.00E-05,0.000137331,0.000103107,0.000139256,5.66E-05,6.95E-05,0.000117433,0.000118294
921.8165309,0.000141431,8.34E-05,0.000158083,0.000138328,0.0001004,0.000174376,4.37E-05,0.000122801,5.99E-05,4.76E-05,0.000152185,6.34E-05,0.000153433,8.72E-05,6.57E-05,0.00016342,0.000121842,6.41E-05,4.52E-05,5.14E-05,0.000165715,6.45E-05,5.97E-05,0.000119516,0.000101562,0.000126974,6.86E-05,6.35E-05,0.000132172,8.36E-05,0.000159559,5.79E-05,6.54E-05,0.000144051,0.000108659,0.000146273,6.10E-05,7.50E-05,0.000123271,0.000125206
923.7450174,0.000147738,8.90E-05,0.000164667,0.000145552,0.000106815,0.000182123,4.84E-05,0.000128869,6.48E-05,5.20E-05,0.000159617,6.78E-05,0.000159809,9.27E-05,7.03E-05,0.000171452,0.000127968,6.89E-05,4.98E-05,5.63E-05,0.000174314,6.99E-05,6.46E-05,0.000125293,0.000107825,0.000133388,7.40E-05,6.87E-05,0.000138863,8.81E-05,0.000167253,6.27E-05,7.06E-05,0.000151136,0.000114835,0.000154082,6.55E-05,8.02E-05,0.000129278,0.000132041
925.6735039,0.000154606,9.45E-05,0.000171655,0.000152662,0.000113446,0.000190153,5.34E-05,0.000135172,6.98E-05,5.64E-05,0.000166957,7.21E-05,0.000166477,9.80E-05,7.49E-05,0.000179442,0.00013459,7.41E-05,5.48E-05,6.11E-05,0.000184142,7.55E-05,6.95E-05,0.000131578,0.000114108,0.000140384,7.97E-05,7.41E-05,0.000145656,9.30E-05,0.00017555,6.78E-05,7.59E-05,0.000158637,0.000121309,0.000162148,7.02E-05,8.56E-05,0.000135491,0.000138601
927.6019903,0.000163634,0.000100946,0.000180092,0.000160458,0.000120821,0.000199817,5.95E-05,0.000142152,7.57E-05,6.16E-05,0.000175846,7.69E-05,0.000174572,0.000104079,8.03E-05,0.000188575,0.000142047,8.01E-05,6.07E-05,6.68E-05,0.000195673,8.21E-05,7.56E-05,0.00013917,0.000121527,0.000148911,8.63E-05,8.06E-05,0.000153243,9.87E-05,0.00018537,7.36E-05,8.25E-05,0.000167133,0.000128084,0.000171375,7.55E-05,9.22E-05,0.000143125,0.000146248
929.5304768,0.000174168,0.000108033,0.000189698,0.000168829,0.000128683,0.000210021,6.63E-05,0.000149474,8.21E-05,6.78E-05,0.000185851,8.22E-05,0.000184045,0.000110766,8.62E-05,0.000199685,0.000149394,8.69E-05,6.78E-05,7.34E-05,0.000208778,8.94E-05,8.24E-05,0.000147316,0.000129974,0.000159112,9.39E-05,8.76E-05,0.000161237,0.000104481,0.000196881,8.01E-05,8.97E-05,0.000176448,0.000135424,0.000182508,8.14E-05,9.95E-05,0.000152343,0.000154935
931.4589633,0.000185939,0.000115857,0.000200362,0.000177592,0.000136983,0.000220494,7.36E-05,0.00015721,8.91E-05,7.49E-05,0.000196724,8.79E-05,0.000194746,0.000118119,9.23E-05,0.000211202,0.000156981,9.45E-05,7.60E-05,8.09E-05,0.0002235,9.74E-05,8.99E-05,0.000155732,0.000138874,0.000171039,0.000102173,9.53E-05,0.000169656,0.000110757,0.000210229,8.72E-05,9.73E-05,0.000186619,0.000143884,0.000195148,8.82E-05,0.000107663,0.000162964,0.000163721
933.3874497,0.000199484,0.00012468,0.000212729,0.000187229,0.000146346,0.000232094,8.23E-05,0.000165485,9.74E-05,8.28E-05,0.000209012,9.46E-05,0.000206708,0.000126021,9.95E-05,0.000223532,0.000165585,0.000102802,8.57E-05,8.98E-05,0.000240192,0.000106519,9.84E-05,0.000164494,0.000148424,0.000184476,0.000111309,0.000103977,0.000178186,0.000117657,0.000225252,9.53E-05,0.000106442,0.000198026,0.000153199,0.000209492,9.57E-05,0.000116975,0.000174807,0.000172904
935.3159362,0.000215331,0.000134919,0.000227235,0.000197992,0.000157707,0.000245153,9.29E-05,0.000175105,0.000106979,9.23E-05,0.000223609,0.000102838,0.000220375,0.000135238,0.000108041,0.000238251,0.000175201,0.000112813,9.76E-05,0.000100717,0.0002593,0.000117518,0.000109007,0.00017478,0.000159613,0.000199501,0.000122148,0.000114219,0.000187682,0.000125852,0.000242073,0.000105096,0.000117392,0.00021086,0.0001638,0.000225787,0.000104738,0.000127999,0.000188461,0.000183329
937.2444227,0.000232635,0.000146189,0.000243047,0.000208847,0.00017013,0.000258366,0.000104514,0.000185299,0.000117485,0.000102738,0.000238824,0.000111527,0.00023476,0.000145413,0.000117191,0.000252812,0.000185083,0.000123907,0.000110863,0.000112789,0.00027903,0.00012951,0.00012052,0.000185447,0.000171612,0.000214939,0.000133836,0.000125092,0.000197497,0.000134606,0.000259357,0.000115642,0.000128998,0.000224168,0.000174973,0.000242102,0.000114694,0.00013966,0.00020271,0.000194226
939.1729091,0.000250508,0.000158325,0.000259386,0.000219767,0.000182886,0.000271255,0.000116636,0.000195299,0.000129033,0.000114075,0.000254195,0.000120287,0.000249333,0.000155778,0.000126682,0.000266829,0.000194907,0.00013547,0.000125222,0.000125902,0.000299213,0.000142126,0.000132401,0.000196611,0.000184199,0.000230485,0.000145937,0.000136357,0.000207542,0.000143374,0.000276673,0.000126626,0.000141159,0.00023697,0.000185831,0.000258524,0.000124691,0.000151667,0.000217056,0.00020521
941.1013956,0.000268282,0.000171237,0.00027524,0.000231126,0.000196205,0.0002842,0.00012972,0.000205363,0.00014102,0.000126186,0.000269862,0.000129907,0.000263476,0.000166781,0.000137204,0.000281103,0.000205086,0.000147811,0.000140823,0.000140099,0.000319252,0.000155759,0.000145016,0.000208383,0.000197519,0.000246037,0.00015866,0.000148066,0.000218297,0.000152423,0.000293873,0.000138358,0.000154199,0.000249188,0.00019602,0.00027526,0.000135179,0.000164779,0.000231333,0.000216539
943.0298821,0.000285749,0.000184609,0.00029073,0.000243187,0.000210519,0.00029776,0.000143687,0.000215511,0.000153707,0.000138972,0.00028585,0.000140443,0.000276843,0.00017844,0.000148612,0.00029527,0.00021587,0.000160776,0.000157225,0.000155221,0.00033809,0.00017008,0.000158559,0.000220548,0.000211403,0.000261175,0.000172027,0.000160031,0.000229193,0.000162223,0.000310012,0.000150667,0.000167718,0.000261373,0.000206389,0.000291233,0.000146515,0.000178572,0.000245333,0.000228245
944.9583685,0.000302153,0.000198299,0.000305261,0.000254813,0.000225229,0.00031115,0.000157683,0.000225904,0.00016701,0.000152195,0.000301406,0.000151224,0.000289152,0.000189884,0.000160293,0.000309007,0.000226983,0.000173991,0.000173783,0.000170668,0.00035563,0.000184144,0.000171987,0.000233291,0.00022515,0.000274997,0.000185378,0.000172098,0.000239931,0.00017204,0.000324003,0.000163332,0.000181269,0.000273486,0.00021738,0.000306419,0.000158318,0.000191909,0.000258327,0.000240144
946.886855,0.000317178,0.000211714,0.000318091,0.000266335,0.000239666,0.000323913,0.000171719,0.000236482,0.000180153,0.000165682,0.000315161,0.000162205,0.000300518,0.000200716,0.000171896,0.000321832,0.000237847,0.000187213,0.000190267,0.000186219,0.000371073,0.000197946,0.00018487,0.00024554,0.00023852,0.000286884,0.00019821,0.000183465,0.000249992,0.000181211,0.000335575,0.000175526,0.000194576,0.000285437,0.000228289,0.000320433,0.000170109,0.00020435,0.000269401,0.000251899
948.8153415,0.000331449,0.00022552,0.000330297,0.000279012,0.000254352,0.000337881,0.000186146,0.000247641,0.000193611,0.00017947,0.000328352,0.00017387,0.000311621,0.000211902,0.000183808,0.000334559,0.000249029,0.000200565,0.000206716,0.000202122,0.000385174,0.000211854,0.000198255,0.000258462,0.000252321,0.000297628,0.000211136,0.000194949,0.000260621,0.000191098,0.000345364,0.000187905,0.000207855,0.000297865,0.000239864,0.000333191,0.000182026,0.000217312,0.000279291,0.00026413
950.7438279,0.000344793,0.000239475,0.000341524,0.000291664,0.0002691,0.000352317,0.000200157,0.000259327,0.000207222,0.000192871,0.000341132,0.000185527,0.000321882,0.000223176,0.000196067,0.000348354,0.000260697,0.000213431,0.000222644,0.000217927,0.000398543,0.00022541,0.000211258,0.00027207,0.000266306,0.000307095,0.000223639,0.000206273,0.000272002,0.000201363,0.000353399,0.00020037,0.000220933,0.000310924,0.000252061,0.000345499,0.000193664,0.0002306,0.000288068,0.000276639
952.6723144,0.000358212,0.000253206,0.000352308,0.000304533,0.000284298,0.000367164,0.000214126,0.000271695,0.000221056,0.000206277,0.000354197,0.000196978,0.000332179,0.000234565,0.000208462,0.000362952,0.000272968,0.000226174,0.000238404,0.000233539,0.000412075,0.000239046,0.000224054,0.000286715,0.000280622,0.000316128,0.00023579,0.000217563,0.000284299,0.000212192,0.000361263,0.000212962,0.000234041,0.000324433,0.000264654,0.000358358,0.000205225,0.000243625,0.000296585,0.000289104
954.6008009,0.000372316,0.000267537,0.000363762,0.00031793,0.000300212,0.000383529,0.000228467,0.000284707,0.000234971,0.000219611,0.000368524,0.000208945,0.000343517,0.000246546,0.000221197,0.000378067,0.000285937,0.00023939,0.000253751,0.000249101,0.000426364,0.000252802,0.000237036,0.000302302,0.000295465,0.000325509,0.000247958,0.000229378,0.000297958,0.000223793,0.000370121,0.000225954,0.000247348,0.000338423,0.000277482,0.000372124,0.000216794,0.000256603,0.000305541,0.000302377
956.5292873,0.000388377,0.000282723,0.000377305,0.000332409,0.000316916,0.000401608,0.000243291,0.000298929,0.000249423,0.000233392,0.000384853,0.000221515,0.000357123,0.000259418,0.000234322,0.000395422,0.000299572,0.000253215,0.000269367,0.000265788,0.000443075,0.000267193,0.000250293,0.000318317,0.000311891,0.000336572,0.000261378,0.000241958,0.000312633,0.000236369,0.000381854,0.000239214,0.000261209,0.000354006,0.000291394,0.00038791,0.000228834,0.000270304,0.00031612,0.000316826
958.4577738,0.000407058,0.000298175,0.000393434,0.000347273,0.00033382,0.000420852,0.000258102,0.000314123,0.000264321,0.000247202,0.000402812,0.00023355,0.000373435,0.000273003,0.000247257,0.000413873,0.000313843,0.000267402,0.000285371,0.000282755,0.000463085,0.000282131,0.000264244,0.000335328,0.000329034,0.000349898,0.000275461,0.000254947,0.000328096,0.000249288,0.000397261,0.000252755,0.00027554,0.000370914,0.000306504,0.000405944,0.000240941,0.000284487,0.000328521,0.000331504
960.3862603,0.000428142,0.00031395,0.00041219,0.000362201,0.000350779,0.000440542,0.000272992,0.000329534,0.000279434,0.000261022,0.000422728,0.000245687,0.000392517,0.000287187,0.000260446,0.000433691,0.000328653,0.000282145,0.000301438,0.000299458,0.000486329,0.000297169,0.000279045,0.000353191,0.000346454,0.000365429,0.000289354,0.000268284,0.000344047,0.00026236,0.00041638,0.00026658,0.000290526,0.000388389,0.000321999,0.000426372,0.000253059,0.000299202,0.000343409,0.000346549
962.3147467,0.000452487,0.000330708,0.000434828,0.000378008,0.000368938,0.000461164,0.000289065,0.000345761,0.000295381,0.000276293,0.000445802,0.000259105,0.000414824,0.000302934,0.00027472,0.00045582,0.00034447,0.000298101,0.000318861,0.000317163,0.000513919,0.000313428,0.000294935,0.000372075,0.000365042,0.000384443,0.00030476,0.000283118,0.000360988,0.000277039,0.000440477,0.000281459,0.000306794,0.0004069,0.00033786,0.000450442,0.000266418,0.000315316,0.000362165,0.000362775
964.2432332,0.00047957,0.00034783,0.000460714,0.000393646,0.000387929,0.000481328,0.000305918,0.000361995,0.000311655,0.000291993,0.000470306,0.000272658,0.000439262,0.000319586,0.00028947,0.000477148,0.000360383,0.000314642,0.000337241,0.000335621,0.000544829,0.000330834,0.000311456,0.000391501,0.000383895,0.000406423,0.000321163,0.000298489,0.000378076,0.000291997,0.000468499,0.000296999,0.000323867,0.00042551,0.000353479,0.000476871,0.000280695,0.00033198,0.000383565,0.000379394
966.1717197,0.000508265,0.000365325,0.000488407,0.000409314,0.000406898,0.000499771,0.000323037,0.000377836,0.000328182,0.000307521,0.000495809,0.000285915,0.000464885,0.000336595,0.000304534,0.000497345,0.000375837,0.000331337,0.000356303,0.000355103,0.000578074,0.000348548,0.000328646,0.000411459,0.000403396,0.000430766,0.000338103,0.000314228,0.000394263,0.00030679,0.000499719,0.000312772,0.000341258,0.000442896,0.000369413,0.000504547,0.000295576,0.000349412,0.000407077,0.00039533
968.1002061,0.000538387,0.000383678,0.000517528,0.000425246,0.000425953,0.000517636,0.000340571,0.000393334,0.000345267,0.000323729,0.000522541,0.000299543,0.000491627,0.00035448,0.000320222,0.000517964,0.000391497,0.00034894,0.000376893,0.000375483,0.000613781,0.000366776,0.000346653,0.00043152,0.000423449,0.000457587,0.000355859,0.000330866,0.00041007,0.000321809,0.000534081,0.000329128,0.000359373,0.000459841,0.000385758,0.000534808,0.000310769,0.000367849,0.000432798,0.000411243
970.0286926,0.000570211,0.000402901,0.000548859,0.000441917,0.00044586,0.00053654,0.000359898,0.000409094,0.000363702,0.000341937,0.000550999,0.000314206,0.000520794,0.000373599,0.00033686,0.000539594,0.000407915,0.000368499,0.000399584,0.000396811,0.000653009,0.0003866,0.000366165,0.000452077,0.000444703,0.000487648,0.000375155,0.000349312,0.000426683,0.000337616,0.000572054,0.000346534,0.000379148,0.000477708,0.000402644,0.000568062,0.000326961,0.000387867,0.000461777,0.000428811
971.9571791,0.000602043,0.000422539,0.000581396,0.000458667,0.00046651,0.000556195,0.000380526,0.000425505,0.000382752,0.000361292,0.000579748,0.000329277,0.000551294,0.000393298,0.000354002,0.000561322,0.000425179,0.000388843,0.000423806,0.000418983,0.000694482,0.000407535,0.000386817,0.000473032,0.000466585,0.000520378,0.000395901,0.000368948,0.000443945,0.000354264,0.000613022,0.000364601,0.000399552,0.00049598,0.000420188,0.00060284,0.000344018,0.00040912,0.000492875,0.000447029
973.8856655,0.000634167,0.000443197,0.000614943,0.000475796,0.000488156,0.00057668,0.000401997,0.000442622,0.000402474,0.000381427,0.00060821,0.000345032,0.000582631,0.000413669,0.000371681,0.000584396,0.000443409,0.000409928,0.000449664,0.000442489,0.000737717,0.000429311,0.000408517,0.000494927,0.00048912,0.000555641,0.000417381,0.000388802,0.000462095,0.000371562,0.000656855,0.000383724,0.000420932,0.000515421,0.000438505,0.000639754,0.000362106,0.000431156,0.000525828,0.000465693
975.814152,0.000667841,0.000465795,0.000650937,0.000494856,0.0005111,0.000599174,0.00042563,0.000461537,0.000424396,0.000403616,0.000638798,0.000362477,0.000616417,0.000435937,0.000390974,0.000609273,0.000463201,0.000433042,0.000478196,0.00046809,0.000784262,0.000452435,0.000431809,0.000519361,0.000513872,0.000594824,0.00044041,0.000410355,0.000481713,0.000390358,0.000703472,0.000405061,0.000444312,0.000537257,0.000458523,0.000680265,0.000382214,0.000454845,0.000561894,0.000486313
977.7426385,0.000702619,0.000489549,0.000689793,0.000515319,0.00053521,0.000623274,0.000451243,0.00048275,0.00044812,0.000427562,0.000671473,0.00038139,0.000652645,0.000459729,0.000412151,0.000634358,0.000484149,0.000457796,0.000509067,0.000495324,0.000833553,0.00047679,0.000456431,0.000545794,0.000540057,0.000637557,0.000464996,0.000433114,0.00050236,0.000410337,0.000752548,0.000427991,0.000469165,0.000561305,0.00048022,0.000724387,0.00040389,0.000480241,0.000600319,0.00050862
979.6711249,0.000738269,0.000513981,0.000731508,0.000536612,0.000559552,0.000648614,0.00047766,0.000505292,0.000472585,0.000452944,0.000704928,0.000401284,0.00069077,0.000484157,0.000434103,0.000660224,0.000505551,0.00048365,0.00054087,0.000523451,0.000884848,0.000501997,0.000481912,0.000573489,0.000567022,0.000683158,0.000490242,0.000456322,0.000524171,0.000430988,0.000804745,0.000451592,0.000494721,0.00058711,0.000502559,0.000770942,0.000426876,0.000507112,0.000641242,0.000531247
981.5996114,0.000775332,0.000538813,0.000775952,0.000558455,0.000583826,0.000674902,0.000504142,0.000528408,0.000497819,0.000479324,0.000739159,0.000422043,0.000730258,0.000509068,0.000456359,0.000686878,0.000528221,0.000510299,0.000573102,0.000551714,0.000937874,0.000527734,0.000507758,0.00060148,0.000594265,0.000731405,0.000515991,0.000480177,0.000546776,0.000452178,0.000858802,0.000475607,0.000520588,0.000614461,0.000525481,0.000819431,0.000450709,0.000534991,0.000684667,0.000554069
983.5280979,0.000815349,0.000564238,0.000823544,0.00058137,0.000609311,0.000701734,0.000531721,0.00055359,0.000524496,0.000506349,0.000775843,0.000444308,0.000771372,0.000534943,0.000480226,0.000714828,0.000552698,0.000538175,0.000605945,0.000580411,0.000993357,0.000554462,0.000534622,0.000630628,0.000622835,0.000781977,0.000543001,0.000505287,0.00057019,0.000474613,0.00091589,0.000500854,0.000548032,0.000643736,0.000549914,0.000870179,0.000475934,0.000563926,0.000730687,0.000578237
985.4565843,0.000855211,0.000589931,0.000871449,0.000604318,0.000634708,0.000728562,0.000559226,0.000579598,0.00055067,0.000533312,0.000812811,0.000466631,0.000812558,0.000560748,0.000504794,0.000742542,0.000576995,0.000565965,0.000637982,0.000608794,0.001048681,0.00058123,0.000561394,0.000659922,0.000651526,0.000832163,0.000570127,0.000530843,0.000592997,0.000497205,0.000973962,0.000526479,0.000575757,0.00067363,0.000574891,0.000920536,0.000501219,0.000592324,0.000776656,0.000602111
987.3850708,0.000892945,0.000615188,0.00091806,0.000627197,0.000659733,0.000755118,0.000585994,0.000605299,0.000576156,0.000560091,0.000848242,0.000488559,0.000852337,0.00058578,0.000528687,0.000769267,0.000600456,0.000592811,0.000668856,0.000636527,0.001101502,0.000607875,0.000588047,0.00068854,0.000679049,0.000880383,0.000596651,0.00055585,0.00061541,0.000519582,0.001029735,0.000551544,0.000602747,0.000703225,0.000600013,0.000968715,0.000525587,0.000620327,0.000821344,0.000625436
989.3135573,0.000930014,0.000640153,0.000962591,0.000650773,0.000684533,0.000781523,0.000612712,0.000631877,0.000601964,0.00058628,0.000882914,0.000510746,0.000889942,0.000610565,0.000551988,0.000796597,0.0006243,0.000619256,0.000699032,0.000663506,0.001150515,0.000634429,0.000614986,0.000717642,0.000706581,0.000925748,0.000623069,0.000580637,0.000639214,0.000542845,0.001081879,0.000576472,0.000629264,0.000732953,0.0006248,0.001013801,0.000550229,0.00064817,0.000863826,0.000649331
991.2420437,0.000966114,0.000665418,0.001002475,0.000675211,0.000708846,0.000807877,0.000638713,0.000658738,0.000627246,0.000612063,0.000916469,0.000532699,0.000924795,0.000634871,0.00057544,0.000824167,0.000648465,0.000645166,0.000728675,0.000689654,0.001193881,0.000660446,0.000641831,0.00074673,0.000734173,0.000966741,0.000648837,0.000604863,0.000663494,0.000566359,0.001128003,0.000601048,0.000655391,0.000762919,0.000649722,0.001054426,0.000574687,0.000674741,0.000902448,0.000673384
993.1705302,0.000999862,0.000690589,0.001038104,0.000699975,0.000732928,0.000833367,0.000664365,0.000685099,0.000651446,0.000637611,0.000947909,0.000554056,0.000956235,0.000658442,0.000598452,0.000850732,0.000672504,0.000669992,0.000756706,0.000715652,0.001231393,0.000685804,0.000668218,0.000775102,0.000761138,0.001003175,0.000673572,0.000628004,0.000687688,0.000589249,0.001168195,0.000625245,0.000681056,0.000791779,0.000674917,0.001089443,0.00059822,0.000700128,0.00093751,0.000697214
995.0990167,0.001031244,0.000715243,0.001071518,0.000724534,0.000757285,0.000858257,0.000689965,0.000710647,0.000675763,0.00066267,0.000976989,0.000575015,0.000985331,0.00068186,0.000620725,0.000876799,0.000696496,0.000694055,0.000783487,0.000742301,0.001264543,0.000710865,0.000693633,0.000802214,0.000787511,0.001036295,0.000698058,0.000650313,0.000712305,0.000612222,0.001203261,0.00064925,0.000706296,0.000819471,0.00069989,0.001120908,0.000620825,0.000724574,0.000969427,0.000720586
997.0275031,0.00106357,0.000741146,0.001105182,0.000750932,0.000783187,0.000884126,0.000716254,0.000736559,0.000702008,0.000688853,0.001006758,0.000597605,0.001014966,0.000706147,0.000644763,0.000904052,0.000720704,0.000719341,0.000811241,0.000769264,0.001298253,0.000737179,0.000720074,0.000830033,0.000815482,0.001069501,0.000723419,0.000673855,0.00073828,0.000636491,0.001237589,0.000674185,0.000732768,0.000847984,0.000725994,0.001153207,0.000644459,0.0007501,0.001001949,0.000745044
998.9559896,0.001097808,0.000768597,0.00114056,0.000778832,0.000809587,0.000909944,0.000743376,0.000763112,0.000728773,0.000716085,0.001037424,0.000622149,0.001045763,0.000731363,0.000670114,0.00093208,0.000745484,0.000745786,0.000840235,0.000796125,0.001333893,0.000764642,0.000747347,0.000858562,0.0008447,0.001104713,0.000749668,0.000698992,0.000764312,0.000661705,0.001274646,0.000700199,0.000760011,0.000877515,0.000752502,0.001187282,0.000670257,0.000776756,0.00103678,0.00077068
1000.884476,0.001134217,0.000797973,0.001179511,0.000808394,0.000837578,0.00093569,0.000772197,0.000790733,0.000756838,0.000744989,0.001069614,0.000648428,0.00108017,0.000758709,0.000696955,0.000960915,0.000771614,0.000773661,0.000871797,0.00082556,0.001372514,0.000793843,0.000776084,0.000888032,0.000875066,0.001143801,0.000778076,0.000725668,0.000790777,0.000689207,0.001316043,0.000727599,0.000789237,0.00090859,0.000780542,0.001224441,0.000697801,0.000805459,0.001075362,0.000797588
1002.812963,0.001172551,0.000829216,0.001222173,0.000839261,0.000867623,0.000962762,0.000802609,0.000820226,0.00078717,0.000775949,0.001104595,0.000676136,0.001117517,0.000788166,0.000726198,0.000990399,0.000799452,0.000803618,0.000905552,0.000856839,0.001414939,0.00082457,0.000807063,0.00091916,0.000907264,0.00118579,0.000808706,0.000753567,0.000819026,0.000718378,0.00136121,0.000756751,0.0008208,0.000941309,0.000810484,0.001264386,0.000726906,0.000835947,0.001117044,0.000826022
1004.741449,0.001212082,0.000861184,0.00126822,0.000870671,0.000898498,0.000992097,0.000834101,0.000851451,0.000819454,0.000808368,0.001141811,0.000705053,0.001156574,0.000818977,0.00075685,0.001021508,0.000829047,0.000835614,0.000940749,0.000889531,0.001460703,0.000856785,0.000839302,0.00095158,0.000941644,0.00122975,0.000840268,0.000781935,0.000848147,0.000748808,0.001409496,0.000787408,0.00085348,0.000975404,0.000842069,0.00130722,0.000758283,0.000867567,0.00116118,0.000855136
1006.669935,0.001253143,0.000893691,0.001315479,0.000903188,0.000929832,0.001022414,0.000866712,0.000884244,0.000852639,0.000841264,0.001180311,0.000735216,0.00119745,0.000850812,0.000788058,0.001053516,0.000859131,0.000868596,0.000976599,0.000923226,0.001508652,0.000889915,0.000872341,0.000985576,0.000977186,0.001276528,0.00087165,0.000810636,0.000877813,0.000780652,0.001460662,0.000818881,0.00088684,0.001010321,0.000874126,0.001352331,0.000790465,0.000900242,0.001207849,0.000885183
1008.598422,0.001296084,0.000926484,0.001361718,0.000936571,0.000961488,0.001052322,0.000899478,0.00091807,0.000885427,0.000874367,0.001218561,0.000765744,0.001238392,0.000883026,0.000819856,0.001084745,0.000889624,0.00090186,0.001013861,0.000957419,0.001558156,0.000922793,0.00090598,0.001020269,0.001012781,0.001325909,0.000903375,0.000840067,0.000908178,0.000813278,0.001513937,0.000850566,0.000920324,0.001046412,0.000905879,0.001398608,0.00082217,0.00093251,0.00125582,0.000915881
1010.526908,0.001339164,0.000959812,0.001407998,0.000971062,0.000993597,0.001082082,0.000932849,0.000952307,0.000919138,0.000908315,0.001257,0.00079674,0.001279262,0.000915804,0.00085308,0.001116351,0.000920921,0.000936084,0.001053054,0.000993409,0.001609992,0.000956214,0.000939992,0.001055421,0.001049965,0.001378097,0.000936023,0.000870606,0.000939845,0.000847486,0.001569461,0.000883276,0.000954437,0.001083881,0.000939163,0.001447368,0.000854944,0.000965986,0.001305807,0.000946124
1012.455395,0.001379439,0.000992711,0.001452569,0.001004769,0.001025209,0.001110314,0.000965928,0.00098602,0.00095301,0.00094191,0.001295118,0.000827215,0.001319446,0.00094738,0.000885638,0.001147994,0.000951619,0.000969728,0.001092144,0.001028668,0.001661109,0.000988582,0.000972744,0.001089484,0.00108606,0.001431834,0.00096788,0.000899802,0.000970617,0.000880814,0.001623889,0.000915374,0.000987671,0.001120779,0.00097141,0.001496954,0.000887556,0.000999168,0.00135453,0.000975581
1014.383881,0.001418571,0.001024517,0.001495525,0.001037388,0.001056269,0.001136763,0.000998136,0.001019537,0.000986482,0.000975583,0.001331795,0.000856803,0.001359142,0.000977377,0.000916789,0.001178701,0.000981089,0.001002176,0.001131274,0.001064079,0.001710999,0.001019626,0.001004863,0.00112251,0.001120548,0.001485408,0.000998854,0.00092756,0.000999564,0.000913679,0.001678233,0.000946071,0.001020196,0.001156954,0.001002622,0.001545552,0.000919511,0.00103138,0.001401921,0.001004684
1016.312368,0.001455461,0.001054901,0.001537169,0.001068738,0.001085288,0.001162073,0.001028922,0.001052144,0.001018552,0.001009007,0.001364944,0.000885836,0.001396364,0.001006238,0.000947046,0.001207088,0.001009166,0.001033644,0.001167883,0.001098932,0.001757385,0.001049645,0.001035961,0.001154689,0.001154813,0.0015348,0.001027911,0.000954021,0.001027879,0.000945967,0.001728579,0.000976519,0.001052163,0.001192138,0.001033488,0.001591298,0.000950968,0.001062538,0.001447062,0.001032433
1018.240854,0.001488556,0.001084707,0.001576421,0.001098894,0.00111342,0.001187467,0.001058901,0.001083417,0.001049825,0.001041255,0.001395606,0.000914452,0.001430285,0.001034036,0.000976484,0.001234465,0.001037342,0.001064591,0.001202637,0.001131462,0.001798123,0.001079071,0.001065873,0.00118555,0.001187983,0.001579178,0.001055615,0.000979287,0.001055485,0.000976618,0.001771076,0.001006664,0.001083004,0.001225685,0.001063266,0.001633805,0.000981484,0.001091899,0.001488728,0.001058746
1020.169341,0.001518768,0.001114475,0.001611814,0.001128328,0.001141461,0.001211558,0.00108834,0.001113143,0.001080031,0.001070934,0.001424453,0.000941708,0.001461376,0.001060875,0.001004826,0.001259882,0.00106473,0.001094106,0.001235861,0.001162801,0.001834016,0.001107558,0.001093723,0.001214347,0.001219346,0.001618609,0.001082247,0.001003139,0.00108207,0.001006093,0.001807352,0.00103601,0.001111678,0.001256731,0.001090528,0.00167092,0.00101015,0.001119652,0.001526102,0.001084143
1022.097827,0.001547003,0.001142261,0.001643718,0.001157033,0.001167886,0.001233305,0.001115655,0.001141372,0.001107954,0.001099035,0.001449686,0.0009669,0.001489774,0.001086205,0.001031733,0.001282423,0.001090593,0.00112151,0.001267758,0.001193255,0.001866341,0.00113414,0.001119394,0.001242409,0.001249202,0.00165306,0.001107401,0.001025005,0.001107052,0.001033643,0.001837438,0.001064341,0.001138157,0.001286159,0.001115887,0.001702726,0.00103627,0.001145382,0.001557861,0.00110873
1024.026314,0.001573113,0.001168277,0.001673293,0.001185202,0.001193066,0.001254482,0.001141663,0.001168982,0.001135097,0.001126143,0.001473262,0.000990871,0.001515826,0.001110366,0.001057611,0.001304389,0.00111548,0.001147572,0.001298948,0.001223037,0.001893835,0.001159155,0.00114471,0.001271393,0.001278318,0.001682963,0.001131229,0.001046184,0.001130898,0.001059888,0.001864146,0.001091605,0.001163664,0.001314489,0.001141504,0.001732893,0.001060219,0.001170153,0.001586649,0.001132063
1025.9548,0.001596076,0.001193494,0.001700403,0.001211926,0.001216968,0.001274365,0.001166668,0.001195131,0.00116004,0.001151355,0.001496322,0.00101309,0.001539567,0.001132995,0.001081282,0.001326478,0.001138626,0.001172362,0.001327618,0.001251588,0.00191672,0.001182066,0.001168319,0.001298419,0.001305456,0.001710067,0.001152551,0.001065344,0.001153846,0.001084748,0.001887564,0.001117858,0.001187281,0.001341061,0.001165814,0.001760594,0.001082248,0.001192726,0.001612879,0.001153496
1027.883287,0.001618538,0.001216956,0.00172659,0.001238423,0.001239645,0.001293282,0.001190785,0.001219979,0.001183691,0.001175269,0.001517814,0.001033519,0.001562606,0.001154274,0.00110351,0.001348029,0.001161397,0.001195621,0.001355727,0.001278754,0.001940494,0.001203684,0.001190726,0.001324181,0.001331306,0.001738934,0.001173056,0.001083389,0.001176203,0.001107888,0.001910832,0.001143712,0.001210018,0.001366656,0.001190049,0.001786142,0.001103137,0.001213821,0.00163847,0.0011739
1029.811773,0.001638904,0.001237069,0.001750312,0.001262696,0.001259499,0.001310878,0.001212732,0.001242657,0.001205327,0.001194875,0.001537259,0.001051173,0.001584055,0.001173646,0.001123683,0.001365982,0.001182786,0.001215945,0.001380975,0.001303348,0.001963753,0.001223071,0.001211234,0.001347376,0.001355551,0.00176798,0.001191987,0.001099663,0.001196759,0.001127369,0.00193247,0.001168529,0.001230121,0.001390384,0.001211588,0.001810754,0.001122696,0.001233355,0.001662758,0.001192751
1031.74026,0.001655799,0.001254236,0.001771966,0.001283237,0.001277291,0.001325378,0.001231143,0.001262404,0.001222933,0.001211667,0.001555206,0.001065108,0.001603411,0.001190265,0.001140611,0.001382112,0.001201278,0.001234035,0.00140352,0.001325408,0.001986418,0.001239604,0.001229345,0.001367374,0.001377468,0.001796816,0.001208046,0.001112821,0.001214634,0.00114434,0.001951229,0.001191896,0.001246388,0.001411628,0.001227841,0.00183435,0.001140003,0.001249797,0.001685552,0.00120939
1033.668746,0.001669144,0.001267376,0.001789069,0.001300267,0.001290807,0.001335606,0.001244468,0.001278525,0.001235972,0.001225198,0.001568351,0.001074319,0.001617866,0.001202624,0.001152939,0.001395122,0.001214553,0.001247372,0.00142084,0.001341964,0.00200409,0.001251972,0.001242882,0.00138443,0.001394865,0.001821437,0.001219496,0.001122536,0.001229567,0.001157763,0.001966759,0.00121152,0.001258769,0.001427934,0.001238849,0.001852631,0.001151164,0.001262048,0.001703086,0.001222249
1035.597232,0.001677267,0.00127567,0.00179983,0.001314014,0.001298195,0.001342471,0.00125275,0.001290732,0.0012435,0.001233457,0.0015767,0.00107927,0.00162645,0.001209184,0.001158751,0.00140377,0.001222241,0.001254671,0.001430678,0.001352237,0.002014809,0.001259863,0.00125155,0.001396547,0.00140646,0.001839468,0.001225404,0.0011286,0.001240668,0.001165716,0.001976335,0.001226154,0.001266661,0.001439705,0.001246321,0.001863858,0.001157256,0.001268797,0.001714343,0.001230542
1037.525719,0.00167983,0.00127955,0.001804951,0.00132469,0.001301431,0.001346199,0.00125696,0.001298297,0.00124629,0.001236466,0.001580836,0.001080667,0.001628924,0.001210143,0.00115887,0.001409971,0.00122709,0.001256193,0.001435459,0.001357134,0.002019748,0.001263388,0.001256253,0.001404151,0.001412371,0.001849619,0.00122726,0.001132316,0.001248089,0.00116917,0.00198099,0.001236801,0.001269976,0.001447965,0.001252509,0.00186821,0.00115957,0.001270109,0.001719609,0.001235161
1039.454205,0.001678393,0.001279325,0.001804633,0.001332425,0.001300558,0.001346356,0.001257084,0.001301979,0.001245668,0.001235574,0.001581171,0.001077944,0.001626653,0.001207119,0.001156223,0.001412276,0.001230356,0.001253357,0.001435607,0.001357055,0.002018063,0.001262587,0.001256472,0.001408406,0.001413744,0.001851705,0.001225737,0.001133169,0.001252921,0.001168997,0.001980589,0.001244335,0.001269011,0.001452407,0.001256604,0.001866485,0.001157597,0.00126823,0.001717641,0.001238231
1041.382692,0.001676839,0.001277187,0.001802854,0.001338794,0.001297913,0.001345034,0.001254855,0.001304282,0.001243454,0.001234311,0.001581063,0.00107372,0.00162421,0.001202814,0.001153442,0.001412724,0.001232087,0.001250259,0.001433854,0.001355339,0.002015927,0.001260738,0.001255783,0.001410205,0.001414259,0.001852284,0.001223135,0.001132401,0.001256611,0.001168152,0.001978593,0.001249734,0.001267118,0.001456131,0.001259237,0.001863585,0.001154993,0.001265954,0.001715032,0.001240624
1043.311178,0.001676824,0.001274178,0.001801578,0.001344328,0.001294568,0.001343354,0.001252459,0.001306489,0.001240957,0.001232564,0.001579874,0.001070736,0.001622017,0.001199372,0.001150334,0.001413723,0.001232354,0.001247362,0.001432176,0.00135269,0.00201481,0.00125853,0.00125433,0.001410678,0.001414849,0.001855279,0.001221605,0.001131247,0.001259187,0.001167226,0.001977951,0.001251994,0.001265251,0.001461168,0.001260743,0.001862922,0.001153083,0.001264057,0.001714083,0.001242435
1045.239665,0.001678957,0.001271835,0.001804362,0.001351535,0.001291588,0.001342974,0.001252545,0.001311427,0.001240499,0.001232959,0.001580796,0.001070762,0.001623479,0.001198545,0.001149092,0.001417228,0.00123461,0.001247117,0.001432699,0.001351021,0.002017953,0.001256805,0.001253624,0.001413542,0.001416935,0.001865174,0.001222312,0.001131684,0.001262483,0.001168269,0.001982396,0.001251171,0.001264461,0.001469935,0.001263699,0.001867419,0.001153238,0.001264182,0.001719164,0.001246722
1047.168151,0.001681927,0.001270018,0.001810387,0.001360623,0.001288615,0.001343873,0.001253732,0.001316595,0.00124118,0.001234601,0.001584349,0.001072548,0.001628755,0.001198954,0.001149938,0.0014212,0.001238825,0.001248229,0.001432627,0.001349981,0.002024732,0.001254923,0.001253475,0.001416121,0.001419791,0.001878357,0.001223711,0.001132917,0.001266816,0.0011707,0.001991758,0.00124755,0.00126446,0.001481483,0.001267219,0.001876995,0.001155102,0.001264982,0.001730099,0.001251822
1049.096638,0.001687224,0.001268423,0.001817396,0.001371957,0.00128559,0.001345805,0.001254907,0.001321696,0.001241982,0.001237195,0.001589221,0.001075161,0.001636419,0.001200399,0.001151228,0.001425476,0.001244204,0.001249956,0.001433636,0.001349434,0.002033755,0.001253392,0.001252689,0.001419124,0.001424101,0.001894409,0.001225622,0.001134295,0.001270821,0.001174855,0.002004959,0.001241798,0.001264867,0.001494481,0.001272524,0.001891247,0.001159535,0.001267214,0.001745069,0.001257411
1051.025124,0.001695009,0.001267122,0.001825528,0.001383566,0.00128357,0.001348763,0.001255823,0.001328083,0.001243158,0.00124127,0.001594549,0.001078667,0.001645585,0.001203796,0.001153085,0.001431561,0.001250689,0.001253038,0.001436441,0.001349285,0.002045711,0.001252626,0.001251842,0.001424399,0.001429334,0.001913476,0.001228333,0.0011376,0.001274898,0.00118024,0.002021042,0.001233594,0.001266607,0.001509602,0.001280657,0.001907983,0.001163995,0.00127103,0.001762026,0.001265057
1052.953611,0.001702473,0.001264768,0.001834417,0.001393288,0.001281288,0.001351746,0.001256353,0.001334733,0.001243843,0.001244998,0.001599364,0.00108128,0.001655576,0.001207526,0.001154997,0.001437578,0.001257155,0.001255458,0.001436521,0.001349467,0.002058127,0.001251021,0.001250678,0.001428936,0.00143487,0.001932581,0.001231083,0.001140884,0.001279486,0.001184454,0.002036702,0.001224493,0.001268039,0.001525167,0.001288667,0.001924659,0.00116624,0.001274494,0.001778057,0.001272718
1054.882097,0.001709497,0.001261765,0.001842441,0.001402874,0.001277975,0.001354885,0.001256252,0.001341739,0.001243617,0.00124782,0.001604077,0.001083388,0.001665394,0.001209706,0.001156686,0.001443447,0.00126388,0.001256975,0.001435184,0.001348477,0.002068444,0.001249079,0.001249948,0.001433125,0.001440144,0.001950292,0.001233273,0.001143465,0.001284887,0.001188857,0.002049808,0.00121643,0.001268396,0.001539809,0.001296358,0.001939002,0.001168172,0.001276478,0.00179325,0.001279282
1056.810584,0.001714231,0.001257986,0.001847973,0.001411285,0.001273902,0.001358463,0.001255195,0.001347064,0.001242065,0.001247859,0.001606761,0.001085739,0.001671921,0.001209992,0.001157361,0.001448612,0.001269187,0.001257293,0.001433513,0.001344382,0.002075124,0.001246315,0.001248859,0.001435141,0.001442143,0.001963944,0.001234556,0.00114518,0.001290859,0.001191987,0.002059188,0.001208409,0.001268056,0.001553654,0.001301824,0.001949692,0.001168761,0.001276885,0.001804464,0.001284789
1058.73907,0.001717349,0.001253848,0.001853258,0.001419105,0.001270767,0.00136263,0.001254963,0.001352305,0.001240191,0.001247547,0.001609002,0.001086917,0.00167667,0.001209741,0.001157293,0.001453506,0.001273738,0.001257244,0.001430867,0.001340789,0.002080703,0.001243636,0.001248116,0.001437272,0.0014441,0.001976932,0.001235271,0.001145881,0.001296797,0.001194535,0.002068357,0.001201774,0.001266773,0.001566764,0.001306519,0.001958527,0.001169193,0.001277471,0.001814348,0.00128951
1060.667557,0.001719365,0.001249695,0.001856656,0.001425254,0.001266921,0.00136521,0.001252707,0.001357032,0.001236545,0.001245669,0.001609933,0.001085345,0.001678574,0.00120798,0.001155488,0.001456489,0.001277345,0.001254062,0.001425083,0.001335881,0.002082238,0.001240765,0.001246284,0.001438639,0.001443673,0.001985149,0.001233854,0.001145544,0.001300426,0.001194476,0.002073273,0.001196424,0.001264185,0.001577522,0.00130962,0.001963787,0.001167419,0.001274758,0.001819718,0.001291647
1062.596043,0.001718626,0.001244653,0.001857712,0.001429378,0.001261095,0.001365793,0.001247561,0.001360112,0.001230599,0.001240642,0.001608632,0.001082222,0.00167732,0.001204092,0.001151695,0.001457392,0.001278007,0.001248018,0.001418264,0.001328795,0.002080374,0.001237323,0.001243467,0.001436994,0.001440481,0.001986855,0.001230818,0.001144465,0.001302184,0.001191836,0.002073931,0.001191787,0.001261203,0.001585542,0.001310763,0.001963947,0.001162972,0.001270767,0.001820813,0.001292081
1064.524529,0.00171463,0.001238913,0.001855127,0.001432285,0.001254685,0.001364719,0.001240636,0.001361516,0.001223508,0.001234197,0.001605629,0.00107759,0.001672776,0.001198144,0.001146006,0.001457793,0.001276369,0.001241468,0.001410076,0.00132118,0.002075334,0.001233169,0.001240002,0.001434232,0.001437069,0.001982505,0.001226153,0.001142606,0.001303279,0.001188885,0.002072136,0.001187388,0.001256804,0.001590651,0.001310591,0.001957876,0.001157289,0.001265441,0.001818605,0.001292091
1066.453016,0.001709669,0.001234144,0.001849531,0.001435069,0.00124874,0.001362741,0.001234131,0.001362585,0.001216845,0.001226904,0.001602573,0.001072718,0.001666422,0.001191329,0.001139677,0.001457759,0.001275269,0.001234172,0.001400162,0.001314437,0.002068375,0.00122874,0.001235913,0.001431105,0.001432592,0.00197448,0.001221211,0.001140117,0.001304541,0.001185128,0.002066633,0.001183047,0.001251403,0.001593948,0.001309451,0.00194893,0.001151916,0.001258252,0.001811864,0.001292075
1068.381502,0.001704253,0.001229825,0.001842854,0.001437616,0.001243417,0.001361284,0.001228074,0.001364051,0.001210841,0.001219617,0.001599036,0.001068928,0.001660078,0.001185108,0.001134485,0.001457195,0.001275132,0.001226802,0.001390741,0.001308257,0.002060086,0.001224325,0.001232226,0.001428579,0.00142842,0.001965081,0.001215979,0.001136943,0.001306837,0.001181406,0.002057226,0.001178802,0.001245428,0.00159687,0.001308696,0.001937964,0.001147138,0.001251903,0.001802854,0.001292374
1070.309989,0.001697249,0.001225013,0.0018347,0.001439633,0.001238777,0.00136015,0.001220543,0.001364049,0.001204642,0.001212536,0.001593698,0.001064524,0.001651606,0.001179172,0.001129072,0.001456183,0.001274466,0.001219293,0.001381108,0.001301205,0.002046808,0.001218956,0.001227559,0.001426281,0.001424762,0.001952446,0.001209642,0.001132397,0.001308582,0.001177527,0.002040818,0.001174893,0.001239024,0.001599476,0.001306571,0.001924583,0.001141261,0.001244465,0.001790163,0.001291887
1072.238475,0.001689932,0.001220125,0.001825353,0.0014422,0.001234432,0.001359216,0.001213688,0.001364247,0.001198304,0.001205125,0.001588936,0.001060193,0.001641299,0.001172266,0.001123579,0.001454786,0.001273557,0.001211512,0.001370585,0.001294699,0.002030612,0.001213324,0.001222053,0.001424591,0.001421981,0.001937895,0.001203617,0.001127435,0.001309778,0.001173762,0.002021571,0.001171558,0.001232771,0.001600713,0.001304345,0.001909592,0.001135396,0.001237766,0.001776724,0.001290408
1074.166962,0.001680513,0.001214285,0.00181156,0.00144229,0.00122853,0.001356833,0.001205987,0.001362829,0.001189936,0.001196205,0.001581113,0.001055179,0.001628479,0.001163218,0.001117214,0.00145104,0.001270863,0.001202524,0.001358017,0.001286892,0.002011209,0.001206104,0.00121516,0.00142181,0.001417476,0.001921041,0.001195735,0.001121477,0.001309499,0.001167891,0.002000507,0.001166741,0.001224762,0.001599479,0.001300945,0.001890518,0.001127862,0.001229637,0.001760668,0.001286975
1076.095448,0.001668136,0.001207094,0.001794885,0.001440891,0.001221439,0.001352059,0.001196597,0.001359047,0.001180369,0.001185757,0.001570353,0.001048327,0.001613631,0.001153858,0.001109286,0.001445877,0.001265943,0.001192447,0.001345256,0.001277413,0.001991489,0.001197295,0.00120703,0.001416521,0.001410424,0.001902667,0.00118614,0.001114354,0.00130679,0.001160307,0.001976902,0.001160731,0.001215431,0.001596426,0.001295376,0.001869379,0.001119042,0.001219551,0.001741023,0.001281989
1078.023935,0.001652607,0.001197756,0.001775604,0.001437569,0.001212026,0.001344064,0.001184933,0.001352478,0.001169616,0.001173325,0.001557865,0.00103985,0.00159641,0.001142715,0.001099433,0.00143874,0.001258912,0.001179958,0.001330414,0.001265692,0.001969047,0.001187073,0.00119587,0.001407705,0.001400739,0.001878469,0.001174535,0.001104976,0.001301411,0.001151074,0.00195041,0.00115282,0.001203732,0.001590094,0.001287128,0.001845028,0.001107789,0.00120783,0.001718309,0.001275201
1079.952421,0.001633676,0.001187252,0.001753832,0.001431989,0.001200037,0.001333438,0.001171722,0.00134309,0.001156969,0.001160361,0.001541977,0.001030603,0.001577405,0.001128806,0.001087765,0.001428261,0.001250285,0.001165872,0.001312729,0.001252321,0.001941855,0.001175361,0.001182433,0.001396633,0.001389104,0.001852475,0.001162397,0.001093912,0.001293867,0.001139975,0.00192153,0.001142464,0.001190636,0.001581052,0.001277145,0.001818981,0.001094234,0.001193966,0.001694332,0.001266721
1081.880908,0.001612939,0.001175604,0.001730479,0.001425583,0.001186871,0.001321101,0.001158138,0.00133212,0.001143336,0.001147307,0.001523368,0.001020512,0.001557597,0.001114482,0.00107528,0.001415368,0.001240748,0.001151866,0.001294956,0.001237631,0.001915081,0.00116211,0.001169018,0.001385033,0.00137672,0.00182828,0.001150527,0.001082858,0.001284849,0.001128082,0.001892518,0.001130868,0.0011775,0.001570985,0.001266473,0.0017936,0.001081494,0.001179694,0.00167094,0.001256768
1083.809394,0.00159232,0.001162289,0.001706643,0.001418292,0.00117352,0.001307279,0.001144607,0.001319066,0.001129883,0.001134589,0.001503548,0.001009681,0.001537982,0.001101508,0.00106289,0.001402228,0.001230337,0.001137958,0.001278971,0.001221301,0.001890789,0.001148146,0.001155456,0.001372182,0.001364008,0.001806271,0.001137542,0.001072137,0.001274645,0.001115433,0.001865852,0.001118985,0.001164371,0.001560318,0.001254294,0.001769522,0.001069951,0.001165715,0.001648989,0.001246308
1085.737881,0.00157245,0.001149232,0.001684826,0.001411128,0.00116069,0.001293035,0.001133034,0.001305629,0.001117295,0.001122654,0.001484521,0.001000541,0.001520535,0.001090249,0.001051903,0.001389954,0.001219427,0.001125217,0.00126509,0.001206138,0.001870037,0.001135823,0.001142879,0.001358893,0.001352498,0.001790343,0.001125789,0.001062073,0.00126452,0.001103669,0.001844312,0.001106526,0.001152204,0.001549182,0.00124304,0.001749196,0.001059654,0.001153972,0.001631396,0.001236854
1087.666367,0.001552691,0.001136807,0.00166301,0.001403119,0.001147484,0.001278389,0.001121515,0.001291505,0.00110454,0.001110829,0.001465317,0.000992416,0.001504781,0.001078516,0.001041163,0.001376645,0.001208215,0.001112801,0.001250691,0.001191346,0.001853065,0.001123483,0.001130327,0.001344975,0.001340009,0.001776805,0.001115079,0.001051206,0.00125413,0.00109182,0.001826084,0.00109313,0.001139726,0.001537493,0.001231909,0.001731534,0.001049027,0.001142321,0.001616181,0.001227079
1089.594854,0.00153332,0.001124205,0.001641884,0.001395742,0.00113393,0.001263614,0.001109266,0.001277332,0.001092155,0.001099933,0.001446096,0.000984138,0.001490885,0.001066687,0.001030263,0.001363327,0.001197393,0.00110056,0.001236139,0.001175701,0.001837864,0.001110477,0.001117864,0.001330583,0.001327072,0.001764481,0.00110458,0.001040699,0.001243358,0.001080211,0.001809878,0.001079864,0.001127684,0.0015258,0.001220739,0.001716239,0.001038703,0.001130941,0.001603385,0.001217238
1091.52334,0.001513998,0.001110821,0.001621083,0.001387843,0.001119549,0.001248326,0.001096076,0.001262357,0.001079416,0.001088244,0.001427103,0.00097539,0.001476731,0.001054991,0.001019022,0.001350185,0.001185622,0.001088049,0.001221404,0.00115954,0.001820895,0.001097421,0.001104191,0.001315661,0.001314192,0.001751574,0.001093176,0.001030148,0.001231019,0.00106826,0.001793482,0.001065417,0.001115423,0.001513432,0.001208588,0.001701942,0.001028313,0.001119457,0.001590868,0.001206788
1093.451826,0.00149511,0.001097763,0.001599743,0.001378405,0.001105476,0.001233827,0.001083402,0.001247164,0.001066264,0.001076095,0.001409286,0.000966402,0.001461911,0.001043527,0.001008142,0.001336469,0.001173501,0.001075792,0.001206845,0.00114427,0.001805237,0.001084489,0.001089489,0.001301061,0.001301056,0.00173903,0.001081608,0.001019334,0.001217817,0.001056312,0.001777625,0.001051038,0.001102967,0.001500754,0.001195783,0.001687847,0.001017836,0.001107371,0.001577708,0.00119591
1095.380313,0.001475638,0.001084069,0.001576992,0.001368348,0.001091369,0.001220167,0.001071177,0.00123252,0.001053153,0.001063047,0.001392519,0.000957851,0.001446638,0.001032718,0.000997686,0.001322604,0.001161248,0.001063591,0.001192165,0.00112931,0.001789785,0.001071305,0.001075499,0.001286516,0.001287843,0.001724169,0.001070362,0.001008664,0.0012051,0.001044881,0.001761058,0.001036443,0.001090114,0.001486939,0.001183557,0.001672998,0.001007597,0.001095554,0.001563448,0.001185329
1097.308799,0.001456545,0.001070121,0.001553951,0.00135833,0.001077437,0.001206588,0.001057805,0.00121792,0.001040502,0.001050126,0.001376149,0.000949499,0.001431771,0.001022622,0.000986914,0.001309889,0.001149402,0.001051378,0.001177465,0.001114622,0.001772629,0.001057985,0.001061985,0.001272107,0.001274593,0.001706237,0.001058502,0.000996891,0.001192223,0.001033639,0.001742333,0.001021139,0.001076824,0.001471324,0.001170838,0.001658064,0.00099718,0.001082939,0.001547396,0.001175215
1099.237286,0.001439352,0.001057712,0.001533086,0.001348404,0.00106563,0.001194074,0.001045808,0.001205571,0.001029311,0.001039501,0.001361055,0.000941757,0.001418433,0.001013859,0.000977552,0.001297804,0.001139419,0.001041025,0.00116433,0.0011017,0.001756242,0.001045966,0.001049556,0.001258877,0.00126283,0.001690094,0.001047413,0.000985581,0.001180662,0.001024203,0.001725263,0.001007953,0.001065079,0.0014549,0.001159204,0.001644002,0.000987277,0.001071522,0.001531544,0.001165394
1101.165772,0.001422781,0.00104656,0.001514301,0.001337373,0.001055464,0.001183161,0.001036368,0.001193679,0.001019422,0.001030103,0.001347309,0.000934815,0.001405021,0.001006043,0.00096993,0.001285748,0.001129755,0.001031955,0.001153044,0.00109096,0.001740636,0.001035098,0.001038409,0.001247156,0.001252101,0.00167441,0.001037582,0.000975308,0.001170482,0.001015583,0.001709233,0.000996666,0.001054646,0.00143803,0.001148405,0.001629939,0.00097818,0.001061973,0.001515577,0.001155334
1103.094259,0.001406857,0.001037332,0.001497415,0.001325892,0.001046876,0.001173561,0.001028472,0.001181284,0.001010858,0.00102228,0.001334582,0.000928271,0.001391235,0.000999772,0.000963369,0.001274709,0.001120463,0.001023345,0.00114348,0.001082725,0.001725892,0.001025348,0.00102858,0.001236494,0.001241966,0.001658823,0.001028634,0.000965876,0.001160091,0.001007788,0.001692292,0.000986924,0.001045341,0.001420023,0.001137832,0.001616409,0.00097049,0.001053371,0.001499696,0.001146264
1105.022745,0.001390922,0.001028633,0.001478501,0.001312601,0.001038463,0.001163104,0.001020814,0.00116807,0.001002669,0.001014742,0.001321359,0.00092175,0.001376354,0.000993727,0.000956778,0.001262148,0.001111024,0.001014864,0.001134587,0.001075497,0.001709239,0.001016279,0.001019086,0.001224711,0.001231315,0.001640725,0.001019461,0.000956927,0.001149241,0.000999875,0.001673482,0.000978174,0.001035938,0.001400397,0.001126218,0.001602178,0.000962617,0.001044341,0.001481513,0.001136388
1106.951232,0.001374656,0.001019883,0.001457803,0.001298163,0.001030176,0.00115207,0.001013899,0.001154226,0.0009947,0.001007211,0.001307631,0.000915325,0.001360441,0.000986764,0.0009499,0.00124812,0.001100951,0.001006829,0.001126707,0.001068986,0.001690714,0.001007493,0.001009673,0.001213005,0.001220239,0.001621191,0.001010279,0.00094767,0.001138341,0.000991632,0.001653341,0.000969615,0.001026402,0.001379735,0.001113361,0.001586568,0.000954738,0.001035382,0.001461461,0.001124582
1108.879718,0.001356314,0.001011225,0.001435634,0.001282434,0.001022007,0.001140002,0.001006627,0.001139573,0.000986599,0.000999649,0.001291968,0.000908211,0.001342339,0.000979052,0.000942223,0.001233021,0.001089184,0.000998413,0.001118565,0.001062146,0.001669296,0.000998578,0.000999714,0.001199941,0.001208588,0.00159954,0.00100079,0.00093767,0.001125712,0.000983198,0.00163026,0.000961069,0.001016368,0.00135716,0.001099584,0.00156787,0.000946674,0.001025852,0.00143891,0.001111379
1110.808205,0.001335646,0.001002927,0.001410739,0.001265386,0.001013871,0.00112622,0.000999109,0.001123165,0.000978512,0.000992117,0.001274545,0.000900812,0.001322363,0.000970607,0.000934378,0.001216563,0.001075479,0.000989667,0.001110568,0.001055491,0.001644548,0.000989532,0.000989953,0.00118482,0.001195951,0.001574638,0.000991141,0.000927859,0.001111527,0.000974141,0.001603548,0.000953405,0.001006121,0.001333806,0.001085004,0.001545967,0.000937942,0.001015469,0.001413669,0.001097711
1112.736691,0.001313941,0.000995258,0.001383905,0.001247688,0.001005979,0.001111202,0.000992443,0.001106353,0.00097068,0.000984554,0.001255083,0.000894133,0.001300776,0.000962186,0.000927454,0.001199242,0.001061409,0.000981009,0.00110327,0.001049472,0.001617789,0.000981016,0.000981023,0.00116896,0.001182712,0.001547322,0.000981725,0.000918375,0.001096567,0.000965073,0.001574835,0.00094555,0.000996683,0.001310752,0.001070909,0.001521561,0.000929506,0.001006075,0.001387543,0.001083878
1114.665178,0.001290384,0.000988199,0.001355184,0.001228653,0.000997974,0.001094238,0.000985678,0.001088218,0.000963159,0.000976658,0.001233112,0.000887788,0.00127758,0.000953751,0.000920189,0.001180556,0.001046649,0.000972154,0.0010955,0.001043084,0.001589801,0.000973524,0.000972309,0.001151945,0.001168482,0.001517186,0.000971994,0.000908761,0.001079873,0.000955397,0.001545104,0.00093668,0.0009878,0.001287366,0.001056641,0.001495032,0.000921118,0.000996851,0.001359787,0.001068624
1116.593664,0.001265835,0.000982694,0.001327073,0.001210594,0.000991396,0.001076585,0.000980053,0.001069729,0.000956739,0.000970321,0.001211403,0.000882118,0.001255549,0.000945926,0.000913618,0.001161343,0.001031718,0.000964388,0.001088467,0.001037643,0.001561732,0.000967379,0.000965035,0.001134849,0.001154509,0.001487694,0.000963514,0.000900367,0.001062981,0.000946157,0.001515786,0.000929649,0.000980414,0.001264007,0.001043023,0.001467731,0.000913254,0.000988368,0.001332647,0.001053616
1118.522151,0.00124237,0.000978303,0.001301121,0.001193973,0.000986118,0.00105956,0.000975676,0.001052348,0.000951626,0.000965603,0.001190148,0.000878048,0.00123473,0.000940027,0.000908924,0.001142669,0.001017814,0.000957936,0.001083001,0.001033737,0.001533313,0.000962808,0.000959137,0.001118361,0.001142367,0.001459189,0.000956853,0.000893193,0.001046729,0.000938298,0.001487608,0.000924779,0.00097418,0.00124208,0.001030798,0.001441018,0.000906873,0.000981239,0.001307957,0.001040305
1120.450637,0.001221247,0.000976074,0.001278001,0.001179474,0.000982529,0.001044339,0.000972698,0.001036463,0.000948609,0.000962181,0.001171108,0.000876221,0.001215592,0.000936285,0.000906341,0.001125932,0.001006161,0.000953029,0.001078497,0.001031814,0.001507177,0.000960079,0.000954919,0.001104305,0.001132995,0.001432724,0.000951565,0.00088714,0.001032217,0.000932183,0.00146129,0.000921279,0.000969669,0.001222788,0.001020065,0.001417144,0.00090275,0.000975819,0.001286057,0.001028484
1122.379123,0.001201058,0.000974517,0.001255381,0.001166085,0.000979752,0.001030408,0.000969379,0.001022459,0.000945469,0.000958321,0.001153466,0.000875058,0.001197402,0.000932689,0.000904598,0.001110463,0.000995775,0.000948402,0.001072161,0.001028526,0.001481695,0.000957203,0.000950715,0.001091423,0.001124108,0.001406964,0.000945904,0.000881251,0.00101945,0.000926614,0.001434186,0.000917814,0.000965389,0.001204991,0.001010346,0.001393894,0.000898803,0.000970319,0.001263786,0.001017137
1124.30761,0.001180388,0.000970419,0.001231692,0.001152092,0.000974878,0.00101694,0.000962717,0.001009042,0.000939921,0.0009518,0.001135257,0.000872562,0.001178373,0.000927346,0.000901673,0.001095626,0.000985268,0.000942048,0.001062627,0.001021067,0.001454016,0.000952066,0.000944103,0.001077897,0.001113153,0.001378994,0.00093857,0.000874504,0.001006936,0.000920425,0.001404694,0.000912587,0.000958877,0.001187385,0.001000503,0.001368305,0.000893583,0.000962487,0.001239387,0.0010055
1126.236096,0.001158832,0.000963131,0.00120746,0.001137895,0.000966579,0.001003743,0.000951849,0.00099503,0.000931069,0.000941802,0.001116892,0.000867378,0.001157452,0.000918785,0.000896162,0.001080404,0.000973819,0.000932316,0.00104809,0.00100934,0.001423031,0.000943198,0.000934165,0.001063129,0.00109927,0.001347471,0.000929097,0.00086585,0.000994326,0.000912183,0.001372328,0.000903806,0.000949558,0.00116869,0.000989588,0.001338999,0.00088591,0.000951711,0.001213162,0.00099328
1128.164583,0.001137039,0.000952987,0.001182448,0.001122521,0.000955297,0.000990895,0.000936963,0.00098071,0.000918749,0.000928503,0.001098655,0.000859585,0.001135141,0.000907241,0.000886981,0.001064538,0.000961699,0.000918978,0.001028406,0.000993098,0.001389442,0.000930992,0.000920889,0.001047836,0.001082408,0.001313344,0.000917001,0.000855215,0.000981458,0.000901396,0.001338192,0.000891644,0.000937117,0.001149443,0.000977282,0.001307225,0.000875542,0.000937995,0.00118516,0.000980521
1130.093069,0.001116127,0.000940178,0.001158205,0.001105796,0.000941666,0.000979065,0.000919322,0.000966983,0.000904208,0.000912492,0.001081358,0.000850379,0.001113138,0.000893831,0.000875201,0.00104951,0.000950486,0.000903201,0.001005298,0.0009732,0.001356039,0.000916211,0.000905013,0.001032846,0.001063389,0.001279571,0.000903026,0.000843723,0.000968623,0.000889143,0.001304681,0.000877731,0.000922496,0.001130944,0.000964061,0.001275208,0.000863673,0.000922866,0.001157024,0.000966971
1132.021556,0.001097246,0.000924564,0.001135975,0.001089094,0.000925902,0.000968237,0.000900145,0.000953671,0.000888349,0.000895455,0.001065627,0.000839973,0.001091968,0.000878249,0.000862107,0.001035769,0.000939248,0.000886312,0.000980137,0.000950831,0.001323662,0.000899513,0.000887467,0.001017267,0.00104308,0.001247116,0.000888601,0.000831591,0.000956536,0.000875441,0.001272627,0.000862597,0.000906752,0.001113766,0.000950507,0.001244138,0.000850918,0.000907043,0.001130469,0.000953271
1133.950042,0.001082344,0.000908908,0.001117144,0.001073584,0.000910297,0.000959609,0.00088227,0.000942032,0.00087366,0.00088016,0.001053431,0.000829824,0.001073451,0.000862739,0.000849726,0.001024357,0.000928745,0.00087111,0.000957219,0.00092934,0.001294219,0.000883733,0.000870894,0.001003376,0.001023704,0.001218862,0.000875555,0.000821351,0.000946637,0.000862983,0.001244582,0.000848705,0.000892583,0.001098501,0.000938976,0.001215887,0.000839975,0.000892441,0.001108421,0.000941524
1135.878529,0.001071743,0.000895468,0.001102157,0.001059991,0.00089694,0.000953439,0.000867764,0.00093339,0.000862156,0.000868141,0.001044967,0.000821965,0.001058838,0.000850084,0.000840003,0.001014876,0.000920615,0.00085866,0.000938862,0.000911138,0.001269646,0.000870424,0.000856924,0.000991942,0.001007182,0.001195647,0.000864939,0.000813823,0.000938819,0.000853107,0.001221843,0.000837707,0.000881767,0.001085483,0.000929924,0.001191544,0.000831468,0.000880741,0.001091072,0.000932151
1137.807015,0.001065837,0.000885947,0.001092353,0.001050354,0.000887738,0.000950157,0.000857943,0.000928053,0.000854654,0.000861073,0.001040615,0.000817459,0.001049661,0.000841966,0.000833883,0.001008224,0.000916012,0.000850386,0.000926513,0.000898196,0.001252225,0.000861408,0.00084749,0.000984564,0.000995364,0.001179089,0.000858565,0.000809145,0.000934004,0.000847051,0.001206469,0.000831149,0.000874778,0.001076242,0.000923386,0.001174234,0.000826547,0.000873421,0.001078957,0.000926674
1139.735502,0.001064887,0.000881211,0.001088266,0.001044639,0.00088315,0.000950233,0.000853624,0.000926175,0.000851426,0.000858307,0.001040297,0.000815817,0.001046236,0.000838875,0.000831329,0.001005524,0.000915371,0.000847315,0.000921231,0.000891783,0.001242454,0.000857246,0.000843099,0.000982344,0.000988739,0.001171217,0.000856863,0.000807787,0.000933529,0.000845842,0.001199596,0.000829195,0.000871651,0.001071146,0.000920355,0.001164619,0.00082587,0.000870624,0.00107353,0.000925127
1141.663988,0.001069011,0.000880303,0.001089178,0.001043235,0.000882942,0.000953728,0.000854166,0.000927858,0.000852797,0.000859274,0.00104341,0.000816816,0.001048191,0.000840736,0.000832604,0.001006549,0.000917884,0.000848856,0.00092258,0.000891022,0.001240373,0.000857055,0.00084328,0.000984076,0.000987281,0.001171723,0.000859044,0.000809533,0.000936886,0.0008489,0.001200522,0.000830586,0.000872384,0.001070359,0.000921424,0.001162716,0.000828264,0.000871885,0.001075042,0.000927046
1143.592475,0.00107666,0.000882565,0.001094756,0.001045798,0.000886527,0.000959634,0.000857843,0.000932465,0.000857124,0.000863071,0.001049527,0.000819745,0.001054891,0.000846841,0.000837207,0.001009859,0.000923243,0.000853727,0.000928169,0.000894411,0.001245428,0.000859538,0.000846928,0.000989155,0.000989882,0.001179192,0.000863523,0.000814198,0.0009425,0.000855307,0.00120793,0.0008348,0.000876231,0.001072827,0.00092612,0.001168129,0.000832763,0.000876577,0.001082497,0.000932279
1145.520961,0.001085781,0.0008868,0.001103067,0.001049788,0.000892062,0.000966112,0.000863121,0.000939227,0.000862335,0.000867888,0.001057389,0.000823367,0.001064783,0.000855759,0.000842804,0.001014013,0.00093004,0.000860574,0.000935442,0.000900441,0.001255811,0.000863397,0.000852114,0.000996106,0.000994893,0.001191346,0.000869073,0.000819512,0.000948753,0.000863308,0.001220134,0.000840412,0.000881101,0.001077268,0.000932395,0.001178066,0.000838214,0.000882879,0.001093699,0.000938811
1147.449448,0.001095935,0.000891928,0.001113503,0.001055327,0.000899035,0.000973587,0.00086955,0.000948038,0.000868367,0.000873646,0.001066383,0.000827609,0.00107717,0.000866819,0.000849484,0.001019898,0.000937721,0.000868928,0.000944038,0.000907843,0.001270024,0.000868342,0.000858775,0.001004763,0.001002114,0.001207197,0.000875902,0.000824973,0.000956639,0.00087298,0.001236398,0.000846899,0.000886717,0.001083274,0.000939696,0.001192366,0.000844371,0.000890386,0.00110723,0.000946296
1149.377934,0.001105508,0.000896426,0.001124829,0.001061403,0.000905992,0.000981364,0.000875747,0.000957016,0.000874297,0.00087917,0.001074107,0.000831735,0.001089708,0.00087792,0.000856709,0.001026432,0.00094596,0.000876911,0.000953162,0.000915326,0.001286083,0.000872807,0.00086524,0.001013966,0.001009577,0.001223925,0.000882111,0.000830514,0.000964502,0.000882807,0.001254024,0.00085315,0.000892198,0.00108946,0.000947277,0.001208922,0.000849996,0.000897072,0.001121064,0.000954112
1151.30642,0.001113651,0.000900746,0.001135896,0.001067596,0.000912636,0.000988703,0.000881711,0.000965952,0.000880228,0.000884625,0.001080205,0.000836069,0.001101807,0.000888548,0.000863378,0.00103201,0.000954589,0.000884459,0.000962348,0.000922404,0.001303292,0.000876948,0.00087077,0.001022811,0.001016953,0.001240536,0.000887403,0.000835617,0.000971428,0.000892526,0.00127136,0.000859148,0.000896621,0.001096268,0.000954772,0.00122565,0.000855438,0.000903228,0.001134635,0.000962341
1153.234907,0.001118849,0.000905177,0.001145356,0.001073333,0.000918823,0.000994815,0.000886864,0.000974461,0.000885323,0.000889365,0.001083933,0.000839834,0.001112649,0.000898934,0.000869119,0.001035387,0.000963222,0.000891055,0.000970113,0.000927412,0.001317859,0.000880178,0.000874837,0.001030994,0.001024515,0.001255569,0.000891394,0.000839693,0.000979598,0.000901638,0.001286216,0.00086459,0.000899619,0.001102656,0.000961716,0.001241252,0.000859682,0.000909176,0.001145925,0.000969684
1155.163393,0.001120578,0.000908325,0.00115154,0.001078422,0.00092384,0.001000068,0.000890357,0.000981904,0.000888833,0.000892288,0.00108486,0.000841648,0.001120882,0.000908251,0.00087367,0.001037833,0.000970418,0.000895876,0.000975808,0.000930968,0.001328344,0.000881577,0.000877509,0.001038626,0.001030993,0.001267712,0.000893822,0.000841731,0.000988025,0.000909244,0.001296881,0.000868348,0.000901307,0.001107867,0.000967732,0.001254115,0.000862054,0.000913113,0.001153413,0.000975922
1157.09188,0.001117972,0.000909255,0.001153219,0.001082734,0.000927046,0.001003915,0.000891629,0.000987937,0.000890086,0.000892524,0.001082648,0.000841124,0.001125568,0.000915239,0.000876644,0.001038992,0.00097585,0.000898254,0.000978253,0.000933009,0.001334037,0.000880882,0.000878179,0.001044374,0.001034733,0.001276118,0.000894026,0.000841361,0.000994277,0.000915756,0.00130173,0.000870311,0.000900841,0.00111138,0.00097206,0.001262804,0.000862209,0.000914019,0.001156502,0.000981372
1159.020366,0.001110205,0.000907116,0.001149147,0.001084321,0.000927128,0.001004675,0.000889239,0.000990736,0.000887762,0.000888937,0.00107534,0.000837828,0.001124669,0.000918449,0.000876047,0.001036223,0.000978739,0.000896225,0.000976358,0.000930645,0.001332303,0.000876773,0.000874469,0.001046102,0.001034884,0.001278035,0.000889324,0.000837817,0.000997559,0.000919357,0.001299042,0.00086881,0.000896253,0.001111221,0.000973035,0.001265508,0.000858572,0.000911018,0.001153537,0.000983113
1160.948853,0.001098458,0.000902132,0.001140028,0.001083077,0.000924367,0.001003198,0.000882974,0.000990475,0.000881865,0.000881801,0.001064102,0.000831944,0.001118025,0.000918413,0.000871578,0.001031252,0.000978064,0.000890354,0.000970181,0.000923924,0.001323655,0.000869102,0.000867073,0.001043677,0.00103125,0.001273548,0.000881139,0.000830896,0.000998532,0.000919769,0.001288793,0.000863301,0.000888074,0.001107503,0.000971029,0.001261591,0.000851613,0.000904874,0.001144391,0.000981776
1162.877339,0.001080722,0.00089343,0.001124268,0.001078262,0.000918193,0.000997289,0.000872254,0.000985933,0.000871537,0.000869825,0.001048297,0.000822346,0.001105318,0.000914764,0.000863542,0.001023271,0.00097385,0.000879844,0.000958094,0.000912577,0.001307735,0.000857212,0.000856025,0.001036002,0.00102281,0.001260435,0.000870179,0.000820421,0.000996156,0.000916034,0.001269658,0.000854147,0.000876141,0.001099836,0.00096511,0.001249625,0.000840232,0.000894434,0.001128092,0.00097679
1164.805826,0.001056136,0.000880646,0.001100389,0.001069502,0.000908053,0.000986358,0.000857384,0.000976782,0.000857119,0.000852867,0.001027093,0.000808637,0.001086315,0.000906703,0.000851665,0.001010094,0.000966025,0.000864326,0.00094033,0.000896914,0.001283758,0.000841717,0.000841556,0.001023851,0.001009684,0.001236531,0.000855219,0.000806534,0.000989549,0.000907955,0.00124214,0.000841103,0.000860218,0.001087376,0.000954854,0.0012288,0.000824972,0.000879463,0.001104105,0.000967027
1166.734312,0.001025819,0.000864625,0.001070088,0.001057299,0.000894201,0.000971995,0.000839064,0.000964682,0.00083925,0.00083273,0.001000865,0.000791708,0.001061566,0.000894478,0.000835992,0.000992759,0.000954447,0.000845363,0.00091758,0.00087814,0.001251254,0.000823852,0.000824239,0.001008142,0.000992254,0.001202527,0.000837063,0.000789824,0.000979477,0.000896957,0.00120659,0.000824479,0.000841774,0.001069945,0.000941581,0.001198851,0.000806335,0.000860883,0.00107295,0.00095426
1168.662799,0.000991224,0.000846047,0.001035609,0.001042997,0.000877474,0.000954948,0.00081804,0.000950428,0.000818152,0.000810507,0.000970868,0.000772831,0.001033022,0.000879329,0.000817669,0.000972875,0.000940236,0.000823322,0.000890902,0.000856458,0.001213209,0.000804309,0.000805049,0.000989673,0.000971786,0.001161135,0.000817003,0.000771774,0.000966911,0.000883584,0.001165087,0.000805519,0.000821609,0.001049235,0.000926246,0.001162056,0.000785387,0.00083953,0.001037452,0.000939401
1170.591285,0.000954239,0.000825217,0.000998432,0.001026977,0.000858323,0.00093652,0.000794374,0.000934546,0.000794269,0.000786018,0.000939388,0.000752963,0.001002242,0.000861721,0.000797779,0.00095123,0.000924101,0.000798656,0.00086068,0.000831468,0.001172531,0.00078331,0.00078462,0.000968861,0.000948599,0.001116343,0.000796,0.000753079,0.000953056,0.000868182,0.001120724,0.000784831,0.000799528,0.001027022,0.000909298,0.001121532,0.000763783,0.000816472,0.001000057,0.000923057
1172.519772,0.000916197,0.000801928,0.000959757,0.001008751,0.000835938,0.000916757,0.000767465,0.000916915,0.000768599,0.000759376,0.000907302,0.000732734,0.00096987,0.000841201,0.000776348,0.000928592,0.000906464,0.00077224,0.000826752,0.000802736,0.001129794,0.000759897,0.000761576,0.000945822,0.000922777,0.001070938,0.000773818,0.000733016,0.000938192,0.000851383,0.00107539,0.0007622,0.000775818,0.001003504,0.000890679,0.001078621,0.000741117,0.000791144,0.000961973,0.000904996
1174.448258,0.000878736,0.00077718,0.000920784,0.000989345,0.000810751,0.000896385,0.000738394,0.00089828,0.000742341,0.000731611,0.000875411,0.00071337,0.000937427,0.000818799,0.000754367,0.000905514,0.000888257,0.000745167,0.000790338,0.000771792,0.001085644,0.00073443,0.000736422,0.000921734,0.000895564,0.001026334,0.000749992,0.000712136,0.000922015,0.00083382,0.001030227,0.00073832,0.000751056,0.000979992,0.000871011,0.001034969,0.000718611,0.000764139,0.000924476,0.000885808
1176.376745,0.000843357,0.000752713,0.00088275,0.000969674,0.000785159,0.00087679,0.00070954,0.000879362,0.000716674,0.00070478,0.000845432,0.000696045,0.000905684,0.00079572,0.000733103,0.000883241,0.000870669,0.000718839,0.000753967,0.000740738,0.001040816,0.000709133,0.000711167,0.000897623,0.0008682,0.000983318,0.000726649,0.000691819,0.000905509,0.000815567,0.000984747,0.00071504,0.00072655,0.000957537,0.000851438,0.000991648,0.000697319,0.000737619,0.000888111,0.000867133
1178.305231,0.000810339,0.000729574,0.000846186,0.000950371,0.000760946,0.000858646,0.000682989,0.000860456,0.000693088,0.000680506,0.000818062,0.000681536,0.000874662,0.00077318,0.000713838,0.000862633,0.000854343,0.00069422,0.000720016,0.000711125,0.000994927,0.000685249,0.000687091,0.000874677,0.000841799,0.000941493,0.000705295,0.000672877,0.000889867,0.000797721,0.000938432,0.000693677,0.000703845,0.000935508,0.00083283,0.000948734,0.000678077,0.000713136,0.000852456,0.000849099
1180.233717,0.000779386,0.000708392,0.000810605,0.000931992,0.000738557,0.000841558,0.000659453,0.000842575,0.000672395,0.000659253,0.000792331,0.000669476,0.000844507,0.000752225,0.000697313,0.000842995,0.0008389,0.000672398,0.00068955,0.000685069,0.000947107,0.000663134,0.000664672,0.000852807,0.000817079,0.000899573,0.000685424,0.000655329,0.000874815,0.000781061,0.000890897,0.000674633,0.000683331,0.00091382,0.000815637,0.000905996,0.000661438,0.000690989,0.000816787,0.000831906
1182.162204,0.000751392,0.000690444,0.000777144,0.00091642,0.00071984,0.000826249,0.000639893,0.000827129,0.00065596,0.000642147,0.000769498,0.000660125,0.000815966,0.000733722,0.000684019,0.000825683,0.0008257,0.000654701,0.00066383,0.000663634,0.000899142,0.000644106,0.000645306,0.000833423,0.000795559,0.000858972,0.000668227,0.00064012,0.000861247,0.000766859,0.000843375,0.000659113,0.000665847,0.000893959,0.000800697,0.00086443,0.000648172,0.000672198,0.000782411,0.000816984
1184.09069,0.000727374,0.000676679,0.00074693,0.000904146,0.000705339,0.000814239,0.000624803,0.000814701,0.000643755,0.000629195,0.000750487,0.000653923,0.000790025,0.000718833,0.000674065,0.000811304,0.000815766,0.000640817,0.000642833,0.000646209,0.000852292,0.000628389,0.000629588,0.00081795,0.000777962,0.000821458,0.000654457,0.000627776,0.000850459,0.00075628,0.000797205,0.000647432,0.000651765,0.000877422,0.0007888,0.000825404,0.00063877,0.000657112,0.000750652,0.000805062
1186.019177,0.000708508,0.000667156,0.000721202,0.000894918,0.000694874,0.000806035,0.000613662,0.000806008,0.000634916,0.000619789,0.000735165,0.000650323,0.000768398,0.000708117,0.000667317,0.000800288,0.000809162,0.000630454,0.00062649,0.00063279,0.000809152,0.00061626,0.000617276,0.000806574,0.000764767,0.000788287,0.000644164,0.000618114,0.000843172,0.000749602,0.000754948,0.000639346,0.000641595,0.000864652,0.000780627,0.00079034,0.000632458,0.000645602,0.000723352,0.000796605
1187.947663,0.000694704,0.000661049,0.000701555,0.000889181,0.000688967,0.000801545,0.000605606,0.000801369,0.000629342,0.00061349,0.000724135,0.000648973,0.000752104,0.000701449,0.000664193,0.000793154,0.00080602,0.000623602,0.000614327,0.000623075,0.00077222,0.000608118,0.000608732,0.000799382,0.000755376,0.000760579,0.000637211,0.00061173,0.000839661,0.000746396,0.000719538,0.000634656,0.000635244,0.000855507,0.000776166,0.000760867,0.000628826,0.00063779,0.000701605,0.000791631
1189.87615,0.000685918,0.000658547,0.000688794,0.000887005,0.000687308,0.000800705,0.000600952,0.000800397,0.000627283,0.000610394,0.000718176,0.000649997,0.000741715,0.000699424,0.000664167,0.000789825,0.00080596,0.000620451,0.000606026,0.000617107,0.000743171,0.000603951,0.000604218,0.00079608,0.000749814,0.000739477,0.000633687,0.000609059,0.000839202,0.000746462,0.00069266,0.000633226,0.000632394,0.000850443,0.00077546,0.000738286,0.000628023,0.000633562,0.000686035,0.000790176
1191.804636,0.000682875,0.000660376,0.000683147,0.000888286,0.000689603,0.00080316,0.000600274,0.00080302,0.000628786,0.000610661,0.000717478,0.00065363,0.000737553,0.000701709,0.000666693,0.000790686,0.000809234,0.000620979,0.000602123,0.000615187,0.000724072,0.000603903,0.000603924,0.000796381,0.000748496,0.000726033,0.000634218,0.000609731,0.000841574,0.0007504,0.000675833,0.000635223,0.000633659,0.000849203,0.000778336,0.000723655,0.000630363,0.000633382,0.000677617,0.000792386
1193.733123,0.000684568,0.000665699,0.000683596,0.000891662,0.000695301,0.000808102,0.000602886,0.000808711,0.000633406,0.000614111,0.000720565,0.000659472,0.000738796,0.000707236,0.000671835,0.000794364,0.000815437,0.000624488,0.000602103,0.000617026,0.000714652,0.0006075,0.000607652,0.000799754,0.000750458,0.00071998,0.00063836,0.000613276,0.000846653,0.000756965,0.000668419,0.000640038,0.000638168,0.000851187,0.000783681,0.000717119,0.000635383,0.000636966,0.000675785,0.000797171
1195.661609,0.000690681,0.000674553,0.000689448,0.000896808,0.000704493,0.000816163,0.000609285,0.00081687,0.000641406,0.000620944,0.000727427,0.000667441,0.000744855,0.000716294,0.000679925,0.000800574,0.000823893,0.000631479,0.000606333,0.000623137,0.000714051,0.00061516,0.000615355,0.00080657,0.000756701,0.000721208,0.000646155,0.000620181,0.00085403,0.000765808,0.000669308,0.000647813,0.000645933,0.000856525,0.000791111,0.000718099,0.000643431,0.000644218,0.000680085,0.000803833
1197.590096,0.000699917,0.000686202,0.000698774,0.000903699,0.000716292,0.000825861,0.000619034,0.000825992,0.000651825,0.000630311,0.000736682,0.000677356,0.000753848,0.000727894,0.000690638,0.000808618,0.000833922,0.000641412,0.000614645,0.000633074,0.00071936,0.000626155,0.000626025,0.000815594,0.000765829,0.000727556,0.000656549,0.000629525,0.000862559,0.000776448,0.00067645,0.000657973,0.000657028,0.000863886,0.000800039,0.000724674,0.000653872,0.000654461,0.000688229,0.000811895
1199.518582,0.000709815,0.000699238,0.000708925,0.000911741,0.000729284,0.00083476,0.00063086,0.0008355,0.000663799,0.000641578,0.000745778,0.000688624,0.000763554,0.000740429,0.000702518,0.000816956,0.000844011,0.000653363,0.000625742,0.000645277,0.000727621,0.000638946,0.00063846,0.000825424,0.000775893,0.000735755,0.000668126,0.000639935,0.000871098,0.000787643,0.000686051,0.000669372,0.00066987,0.000871213,0.000809752,0.000733557,0.000665282,0.000666484,0.00069758,0.000820694
1201.447069,0.000718807,0.000713158,0.000717846,0.000919414,0.000742686,0.000842568,0.000643471,0.000844573,0.000676594,0.000653656,0.000753837,0.0007008,0.000772105,0.000752477,0.000714875,0.000824325,0.000853008,0.000666071,0.000637907,0.000658342,0.000736314,0.000652696,0.000651484,0.000834838,0.000786428,0.000743279,0.000680643,0.000651045,0.000878405,0.000798778,0.000694855,0.000681697,0.0006828,0.00087745,0.000818901,0.000741855,0.000677427,0.000678794,0.000706382,0.000828985
1203.375555,0.000726073,0.00072717,0.000723979,0.000925855,0.00075572,0.000848822,0.000655886,0.000851696,0.000689259,0.000665954,0.000760291,0.000713155,0.000778706,0.000763593,0.000727344,0.00083002,0.000861092,0.00067832,0.000650109,0.000671882,0.000742928,0.000666558,0.000664047,0.000842576,0.000796399,0.000748454,0.000693141,0.000661963,0.000883895,0.000808963,0.000701307,0.000693992,0.000695651,0.000882571,0.000826895,0.000747936,0.000689268,0.000690611,0.000713087,0.000836309
1205.304042,0.000731101,0.000740537,0.000727435,0.000931652,0.000767941,0.000853015,0.000668309,0.000857051,0.00070158,0.000678168,0.000764715,0.000724871,0.000783265,0.000773869,0.000738909,0.000834418,0.000867802,0.000690023,0.000662098,0.000685132,0.000747003,0.000679942,0.000676127,0.000848666,0.000805626,0.000750628,0.000704725,0.000671989,0.000888138,0.000817905,0.000704676,0.000705343,0.000708698,0.000886052,0.000833542,0.000750907,0.000700232,0.000702116,0.000717286,0.000842563
1207.232528,0.000733849,0.000753089,0.000728852,0.00093648,0.000779422,0.000855338,0.000680239,0.000860856,0.000713169,0.00068948,0.000767013,0.000735825,0.000785812,0.000782906,0.00074949,0.000837039,0.00087282,0.00070055,0.000673484,0.000697365,0.000749481,0.000692607,0.000687415,0.000852851,0.000813693,0.000750005,0.000715537,0.00068124,0.000891065,0.000825839,0.000705569,0.000715869,0.000720825,0.000887634,0.000838806,0.000751826,0.000710737,0.000712689,0.000719352,0.000847278
1209.161014,0.000736123,0.0007655,0.000730201,0.000940828,0.000790828,0.000857047,0.000691924,0.00086422,0.000724522,0.00070044,0.000768887,0.000746306,0.000788046,0.000791589,0.000759663,0.000838526,0.000877474,0.000710657,0.000684944,0.000709424,0.000752574,0.000705234,0.000698155,0.000856416,0.000821167,0.000748631,0.000726154,0.000690275,0.000893138,0.000833636,0.000706569,0.000726083,0.000732249,0.000888211,0.000843797,0.000752614,0.000721048,0.000722906,0.000720875,0.000851372
1211.089501,0.000738754,0.000777592,0.000732839,0.000945045,0.00080163,0.000858526,0.000703635,0.000867702,0.000735611,0.000711227,0.000770934,0.000756209,0.000790948,0.000800395,0.000769822,0.0008397,0.000882149,0.000720773,0.000696992,0.000721795,0.000757027,0.000717826,0.000708922,0.000860159,0.000828463,0.000747861,0.000736832,0.000699263,0.000894801,0.000841201,0.000709096,0.000736183,0.000743713,0.000888702,0.000848433,0.000754234,0.000730944,0.000733054,0.00072321,0.000855283
1213.017987,0.000742175,0.000789355,0.000737019,0.000949399,0.000812343,0.00086024,0.00071553,0.000871457,0.000746645,0.000722496,0.000773619,0.000765795,0.000795164,0.000809822,0.00078025,0.000841575,0.000887041,0.000731077,0.000709734,0.000734991,0.00076378,0.000730376,0.000720112,0.000864368,0.00083624,0.000749271,0.000747787,0.000708691,0.000896866,0.000848924,0.000714081,0.000746582,0.000755238,0.000890007,0.000853638,0.000758173,0.000740582,0.000743642,0.000727444,0.00085984
1214.946474,0.000747058,0.000800706,0.000743316,0.000953726,0.000823411,0.000862811,0.000727377,0.000875922,0.00075797,0.000734221,0.000777887,0.000775443,0.000800867,0.000819566,0.00079037,0.000844615,0.000891906,0.000741827,0.00072265,0.000748361,0.000773545,0.000743042,0.000731334,0.000869275,0.000844653,0.000753746,0.000758616,0.000718424,0.000899993,0.000856849,0.000721712,0.000757232,0.000766534,0.000892372,0.000859222,0.000764823,0.000750263,0.000754582,0.000733415,0.000864973
1216.87496,0.000753635,0.000811775,0.000751682,0.000958041,0.000834334,0.000866363,0.000739016,0.000881282,0.00076943,0.000745542,0.000783758,0.000785305,0.000808277,0.00082914,0.000800499,0.000848196,0.000896884,0.000752713,0.000735755,0.00076124,0.000785839,0.0007555,0.00074283,0.000874757,0.000853367,0.000760564,0.000769063,0.000727938,0.000903906,0.000864749,0.000731825,0.000768046,0.000777797,0.000896146,0.000864717,0.0007739,0.000760347,0.00076531,0.000741052,0.000870283
1218.803447,0.000761368,0.00082248,0.000761233,0.000962657,0.000844671,0.000870833,0.000750682,0.00088721,0.00078032,0.000755942,0.000790619,0.000794414,0.000816804,0.000838436,0.000810187,0.000851986,0.000902243,0.000763416,0.000748417,0.000773696,0.000799548,0.000767233,0.000754376,0.00088081,0.00086226,0.000769004,0.000778953,0.000737072,0.000907905,0.000872807,0.000743751,0.000778293,0.000788864,0.000900718,0.000870431,0.000784719,0.000770087,0.000775898,0.000749997,0.000875826
1220.731933,0.000769005,0.000831943,0.000771125,0.000967067,0.000853734,0.000875517,0.000761408,0.000892851,0.000789966,0.000765762,0.000797406,0.000802261,0.000825117,0.000847332,0.000818805,0.000855947,0.000907313,0.000773231,0.000759991,0.000785689,0.000813526,0.000778153,0.000764921,0.000886891,0.00087052,0.00077834,0.000788385,0.000745672,0.000911535,0.000880162,0.000756405,0.000787615,0.000798919,0.000905267,0.000875739,0.0007962,0.000778557,0.000785458,0.000759084,0.00088074
1222.66042,0.000776624,0.00084073,0.00078136,0.000971141,0.000862456,0.000880444,0.000771391,0.000898379,0.000798997,0.000775347,0.000804602,0.000809242,0.000833599,0.000856247,0.000827115,0.000860632,0.0009122,0.00078251,0.000771177,0.000797074,0.000828258,0.000788574,0.000775021,0.00089294,0.000878494,0.000788383,0.000797354,0.000754147,0.000915367,0.000887079,0.000769704,0.00079659,0.000808394,0.000909784,0.000881397,0.000808292,0.00078667,0.000794366,0.000768296,0.000885522
1224.588906,0.000784497,0.000848623,0.000791528,0.000974431,0.000870637,0.00088558,0.000780731,0.00090371,0.000807295,0.000783977,0.000812006,0.000815097,0.000842157,0.000864461,0.00083455,0.000865575,0.000916653,0.000791033,0.000781727,0.000807052,0.000843587,0.0007982,0.000784566,0.000898704,0.000886047,0.000798656,0.000805564,0.00076215,0.000919297,0.00089347,0.000782907,0.000804697,0.000817398,0.000914231,0.00088701,0.000821003,0.000793998,0.000802971,0.000777452,0.000890143
1226.517393,0.000792304,0.000855623,0.000801151,0.000977249,0.000877584,0.000890825,0.000789048,0.000908791,0.000814612,0.000791701,0.000819208,0.000819877,0.000850461,0.000872023,0.000840912,0.00086993,0.000920444,0.00079862,0.000791585,0.000816067,0.000858823,0.000807031,0.000793338,0.000904122,0.000892943,0.000808832,0.000813116,0.000769228,0.000922945,0.000899284,0.000795855,0.000811752,0.000825272,0.000918439,0.00089187,0.00083354,0.000799817,0.000811007,0.00078641,0.000894183
1228.445879,0.000799003,0.000861591,0.000809594,0.000979425,0.000883569,0.000895206,0.000796243,0.000913013,0.000820584,0.000797897,0.000825466,0.00082335,0.000857232,0.000878381,0.00084571,0.000873161,0.000923331,0.000805152,0.00080003,0.000824186,0.00087263,0.000814484,0.000800837,0.00090914,0.000898651,0.000818247,0.000819144,0.000775502,0.000925861,0.00090422,0.000807514,0.000817386,0.000831179,0.000921309,0.000896127,0.000844778,0.000804244,0.000817567,0.000794045,0.000897544
1230.374366,0.000804917,0.000866553,0.000816662,0.000981061,0.000889101,0.000898805,0.000802486,0.00091683,0.000825686,0.000803539,0.000830561,0.000826121,0.000862607,0.000883912,0.000849419,0.000876524,0.00092572,0.000810657,0.000807795,0.000831542,0.000884809,0.000820817,0.000807254,0.000913968,0.000903585,0.000826849,0.000824374,0.000781149,0.000928581,0.000908466,0.000817625,0.000822316,0.000836032,0.000923365,0.000900189,0.000855461,0.000807977,0.000822862,0.000800345,0.000900736
1232.302852,0.00081037,0.000871068,0.000822398,0.000982321,0.000894026,0.000902696,0.000808439,0.000920765,0.000830398,0.000808978,0.000835354,0.000828035,0.000867293,0.000889203,0.00085278,0.00088021,0.000927896,0.000815696,0.000815508,0.000838469,0.000895146,0.000826331,0.00081314,0.000918197,0.000908481,0.000834099,0.000828993,0.00078612,0.000931013,0.000912833,0.000826051,0.000826987,0.000840573,0.000925071,0.00090355,0.000864792,0.000811199,0.000827486,0.000805593,0.000904079
1234.231339,0.000814455,0.000874927,0.000826499,0.000982912,0.000897968,0.000905931,0.000813867,0.000923474,0.000834162,0.000813112,0.000839004,0.000828726,0.000870149,0.000893278,0.000855146,0.00088253,0.000929512,0.000819777,0.000822093,0.000844476,0.000902716,0.000830853,0.000818013,0.000921513,0.000912284,0.000838949,0.000832567,0.000790398,0.000932633,0.000916226,0.000831568,0.000830631,0.0008441,0.000925402,0.000905679,0.000871389,0.000813277,0.000830965,0.00080874,0.000906656
1236.159825,0.000817166,0.00087854,0.000829334,0.000983064,0.000901375,0.000907855,0.000818313,0.000925265,0.000837078,0.000816517,0.000841599,0.000829108,0.00087167,0.000896647,0.000857183,0.000883725,0.000930316,0.000823125,0.000827733,0.000849075,0.000907922,0.000834821,0.000822166,0.000924024,0.000915101,0.000841782,0.000835677,0.000793733,0.000934409,0.000918163,0.000835138,0.000833357,0.000846711,0.000924329,0.000907252,0.000876076,0.00081488,0.000834162,0.000809775,0.000908132
1238.088311,0.000818908,0.000881025,0.000831173,0.000982421,0.00090407,0.00090941,0.000822181,0.000926807,0.000839516,0.000819557,0.000843823,0.000829431,0.000872675,0.000899336,0.00085905,0.000884838,0.000930275,0.000826149,0.000832936,0.000852741,0.000911296,0.000837942,0.000825781,0.000926164,0.00091753,0.000843205,0.000837996,0.000796855,0.00093587,0.000919937,0.000837293,0.000835848,0.000848899,0.000922626,0.00090825,0.000879376,0.000816445,0.000837019,0.000809876,0.000909091
1240.016798,0.000820695,0.000882671,0.000832199,0.000981079,0.000906471,0.000911318,0.000825628,0.000928029,0.000841591,0.000822656,0.000845758,0.000830016,0.000873424,0.000901658,0.000860597,0.000886273,0.000930411,0.000828659,0.000837814,0.000856596,0.000913458,0.000840332,0.000828629,0.000928236,0.000919441,0.000843526,0.000839898,0.000800126,0.000936788,0.0009222,0.000838227,0.000838844,0.000851289,0.000920349,0.000908821,0.000881797,0.000817952,0.000839038,0.000809519,0.000910101
1241.945284,0.00082212,0.000884291,0.000832459,0.000978758,0.000908768,0.000912276,0.000828234,0.000928568,0.000843416,0.00082525,0.000847282,0.000830309,0.000872863,0.000903488,0.000861801,0.000886822,0.000930567,0.000830557,0.000841565,0.000859862,0.000913556,0.000842099,0.000830281,0.000928617,0.000920281,0.000842511,0.000841593,0.000802331,0.00093748,0.000923681,0.000838022,0.000840865,0.000853103,0.000916738,0.000908734,0.000882496,0.000819213,0.000840404,0.000807773,0.000910297
1243.873771,0.000823518,0.000885866,0.000832562,0.000976289,0.00091095,0.000912915,0.000831105,0.000928884,0.000845797,0.000827815,0.000848421,0.000830617,0.00087092,0.000905014,0.000863234,0.000886517,0.000930714,0.000832405,0.000844949,0.000862726,0.000912347,0.000843776,0.000831822,0.000928861,0.000920743,0.000841185,0.000843778,0.000804578,0.000938193,0.000924938,0.000836911,0.000842421,0.000854483,0.00091268,0.000908477,0.000881809,0.000820514,0.000841962,0.000805797,0.000910291
1245.802257,0.000825204,0.000887839,0.000832281,0.000973527,0.000912561,0.000914203,0.000834302,0.000929188,0.000848115,0.000830822,0.000849402,0.000831767,0.00086923,0.000906691,0.000865019,0.000885958,0.000930757,0.00083453,0.000848506,0.000865776,0.000911083,0.000845345,0.000833703,0.000930028,0.000920912,0.000839032,0.000846108,0.000807289,0.000938779,0.000926433,0.000834725,0.000844924,0.000856406,0.000908825,0.000908306,0.000880888,0.000822428,0.00084379,0.000803647,0.000910412
1247.730744,0.000825841,0.000889867,0.000831449,0.000969812,0.000913564,0.000914883,0.00083705,0.000928964,0.000850569,0.000833656,0.000850134,0.000833665,0.000867744,0.000908234,0.000866729,0.000885588,0.000930743,0.000836735,0.00085179,0.00086856,0.000909052,0.000847001,0.00083545,0.000930919,0.000920411,0.000835511,0.000848181,0.000810422,0.000938788,0.000927444,0.000831839,0.000847376,0.000858662,0.00090454,0.000907991,0.000879224,0.000824986,0.00084561,0.000800811,0.000909921
1249.65923,0.00082626,0.000892448,0.000831061,0.00096648,0.000915298,0.000915029,0.000840138,0.000928444,0.000853652,0.00083698,0.000850673,0.000836367,0.000866326,0.000910293,0.00086939,0.000885464,0.000931152,0.000839175,0.00085505,0.000871327,0.000906517,0.000849544,0.000837679,0.000931888,0.000920229,0.00083194,0.000851205,0.000814358,0.000938491,0.000928602,0.000829429,0.000850202,0.000861554,0.000899622,0.000907597,0.000877112,0.000828213,0.00084784,0.000798181,0.000909508
1251.587717,0.000827143,0.000895956,0.000831148,0.000963629,0.000918073,0.000915247,0.000844043,0.000928039,0.000856908,0.000841389,0.000851345,0.000840115,0.000865594,0.000913018,0.000873222,0.000884124,0.000931531,0.000842166,0.000858496,0.000874756,0.000904959,0.000853079,0.00084097,0.000933,0.000920594,0.000828672,0.000855285,0.000818911,0.000938038,0.000930465,0.000827685,0.000853679,0.000865657,0.000894724,0.000907688,0.00087567,0.000832446,0.00085077,0.000796224,0.000909438
1253.516203,0.000828307,0.000900633,0.000831951,0.000961289,0.000921864,0.000916134,0.000848622,0.000928136,0.000861368,0.000846721,0.000852231,0.000845528,0.000865857,0.000916726,0.000878001,0.000881798,0.000932401,0.00084622,0.000862595,0.000879405,0.000905312,0.000857952,0.000845375,0.000934337,0.000921264,0.000826376,0.000860393,0.000824666,0.000937955,0.0009332,0.000827508,0.000857647,0.000870934,0.000890484,0.000909153,0.000875188,0.000837594,0.000854952,0.000795717,0.000909911
1255.44469,0.000829888,0.000906602,0.000833471,0.000959344,0.000925958,0.000917165,0.000853602,0.000928051,0.000866825,0.000852369,0.000853069,0.000852097,0.000866984,0.000921162,0.000883722,0.000879392,0.000933669,0.00085109,0.000867284,0.000884521,0.000906876,0.000863554,0.000849964,0.000935537,0.000922159,0.000825021,0.00086633,0.000830911,0.000938042,0.000935918,0.000828866,0.000862826,0.000877101,0.000886669,0.00091044,0.000875127,0.00084338,0.000859782,0.00079644,0.000910529
1257.373176,0.00083188,0.00091301,0.000835474,0.000957644,0.000930104,0.000917686,0.000859044,0.000927572,0.000872865,0.000858511,0.000854122,0.000859143,0.000868777,0.000926356,0.000890227,0.000878386,0.000935482,0.000856407,0.000872178,0.000889445,0.000909271,0.00086964,0.000855132,0.000936836,0.000923684,0.000824561,0.000872814,0.000837512,0.000938114,0.000938807,0.000831701,0.000868843,0.000883988,0.000883494,0.000911525,0.000875884,0.000850083,0.000865037,0.00079832,0.000911565
1259.301663,0.00083388,0.000919378,0.000837912,0.000956213,0.000934309,0.000917601,0.000864218,0.000927218,0.000878815,0.000864659,0.000855126,0.000866585,0.000871085,0.000932043,0.00089709,0.000878964,0.000937883,0.000861769,0.000876182,0.000893814,0.000912197,0.000875664,0.000860606,0.000938403,0.000925224,0.0008249,0.00087923,0.000843977,0.000938085,0.000942385,0.000835413,0.000874477,0.000890615,0.000880929,0.0009131,0.000877111,0.000856745,0.000870156,0.000800625,0.000913063
1261.230149,0.000835394,0.000925258,0.00084045,0.000954804,0.000937809,0.000916922,0.000868784,0.000927171,0.000883869,0.000869882,0.000856252,0.000874135,0.000873388,0.000936961,0.000903667,0.000878932,0.000939651,0.000866591,0.000879364,0.000897345,0.000914902,0.000881084,0.000865429,0.000939881,0.000926312,0.000825585,0.000885224,0.000849977,0.00093791,0.000945906,0.000838639,0.000879869,0.000896693,0.00087848,0.000914228,0.000877761,0.000862707,0.000874547,0.000802869,0.000914049
1263.158635,0.00083652,0.000930012,0.0008427,0.000952998,0.00094052,0.000916314,0.000872607,0.000926548,0.000887709,0.000874109,0.000857501,0.000880699,0.0008748,0.000940971,0.000909586,0.000877286,0.000940456,0.000870465,0.000881837,0.000900136,0.000916117,0.000885894,0.000869589,0.000940384,0.00092686,0.000825774,0.000890259,0.000855724,0.000937359,0.000948137,0.000840963,0.000884595,0.000901672,0.000875849,0.000914842,0.000877482,0.00086779,0.000878073,0.000804894,0.00091457
1265.087122,0.000837397,0.000933312,0.000844375,0.000950256,0.000942354,0.000915553,0.000874953,0.00092506,0.000890127,0.000877325,0.000858043,0.000885894,0.000875684,0.000943632,0.00091438,0.000874917,0.0009405,0.000873037,0.00088278,0.0009017,0.00091571,0.000889241,0.000872605,0.000939652,0.000926046,0.000824834,0.000893946,0.000860214,0.000935534,0.000948886,0.000842077,0.000887908,0.000904901,0.000872973,0.000914854,0.0008761,0.000871737,0.000880254,0.000806063,0.000914582
1267.015608,0.000837747,0.000934447,0.000845033,0.000946288,0.000941887,0.000913737,0.000875406,0.000922649,0.000890919,0.000878392,0.000857791,0.000889243,0.000875738,0.000944162,0.000916527,0.000871755,0.00093916,0.000873953,0.000881623,0.000900885,0.000913406,0.000890355,0.000873595,0.000937457,0.000923455,0.000822679,0.000896013,0.000862692,0.000932491,0.000948227,0.000841667,0.00088948,0.000906457,0.000869314,0.000913203,0.000873436,0.000873394,0.000881032,0.000805897,0.000913066
1268.944095,0.000837411,0.000932447,0.000844241,0.000940653,0.000938303,0.000910514,0.000873594,0.000918216,0.000889181,0.000876771,0.000856807,0.00088945,0.000873732,0.000942252,0.000915182,0.000867532,0.000935681,0.000872827,0.000878432,0.000897812,0.000908388,0.000888791,0.000871842,0.000933074,0.000918894,0.000819047,0.000895462,0.000862847,0.000928095,0.000944853,0.000839098,0.000888661,0.000905621,0.000864594,0.000909589,0.000869197,0.000871963,0.000879621,0.000803738,0.000909196
1270.872581,0.000836318,0.000927054,0.000841956,0.00093316,0.000932315,0.000906346,0.000869519,0.000912476,0.000884993,0.00087353,0.000855287,0.00088706,0.000869954,0.000937589,0.000911128,0.000863451,0.000930289,0.00086941,0.000873672,0.000892949,0.000901226,0.00088463,0.000867867,0.000927294,0.000912332,0.000814258,0.00089264,0.000861238,0.000921951,0.000938914,0.000834296,0.00088544,0.000902038,0.000859053,0.000904623,0.000863148,0.000868927,0.000875897,0.000800158,0.000903491
1272.801068,0.000834161,0.000918475,0.000837894,0.000923699,0.000923655,0.000901247,0.000863152,0.000905505,0.000878111,0.00086829,0.000852909,0.000882164,0.000864593,0.000929968,0.00090426,0.000858489,0.000922979,0.000863457,0.000866497,0.000885541,0.000891509,0.000877738,0.000861349,0.0009195,0.000903402,0.000807601,0.000887461,0.000857432,0.000914132,0.000930927,0.000826873,0.00087925,0.000895663,0.000852458,0.000897848,0.000855262,0.000863576,0.000869777,0.000794941,0.000895927
1274.729554,0.000831697,0.000907619,0.000832792,0.000913322,0.000912969,0.000895498,0.00085543,0.000897721,0.000869211,0.000861194,0.000850131,0.00087517,0.000858059,0.000920413,0.000895414,0.000852591,0.000914321,0.000855615,0.000857889,0.000876275,0.000879723,0.000868709,0.000852774,0.000910058,0.000892824,0.000799884,0.000880411,0.000851929,0.000905493,0.000921387,0.000817506,0.000871278,0.000887473,0.000845573,0.000890062,0.000846593,0.000855917,0.000862045,0.000788385,0.000887439
1276.658041,0.000828983,0.000895128,0.00082679,0.000902297,0.00090078,0.00088919,0.000846501,0.000889487,0.000859144,0.000852778,0.000847096,0.000866873,0.000850505,0.00090918,0.000885193,0.000846653,0.000904665,0.000846438,0.000848596,0.000866044,0.000866564,0.000858074,0.000843072,0.000899678,0.000880911,0.000792079,0.000872161,0.000845648,0.000896042,0.000910609,0.000807017,0.000862597,0.000877948,0.000838476,0.000881736,0.000837163,0.000847407,0.000853439,0.000781127,0.000878564
1278.586527,0.000826188,0.000881946,0.000819975,0.000890854,0.000887958,0.000882479,0.000836953,0.000880773,0.000848624,0.000843811,0.000844054,0.00085795,0.000842652,0.000897174,0.00087418,0.000840974,0.00089464,0.000836968,0.000838825,0.000855534,0.000853068,0.00084674,0.00083284,0.00088901,0.000868642,0.000784427,0.000863219,0.000839,0.000885917,0.000899585,0.000796073,0.000853187,0.000868117,0.00083109,0.000873096,0.000827393,0.000838683,0.000844198,0.000773578,0.000869037
1280.515014,0.000824067,0.000868981,0.000813007,0.00087974,0.000875793,0.000875814,0.000827846,0.000872349,0.000838345,0.000835234,0.000841475,0.00084926,0.000834929,0.00088575,0.000863518,0.000835965,0.000884774,0.0008278,0.00082905,0.000845132,0.000839693,0.000835715,0.000822944,0.000878743,0.000857092,0.000776884,0.000854531,0.000832345,0.000875985,0.000888701,0.000785288,0.00084367,0.000858676,0.000823803,0.000864675,0.000818086,0.000830071,0.000835059,0.000766153,0.000859789
1282.4435,0.000821077,0.000855972,0.000805252,0.000868112,0.000863484,0.000868323,0.000818285,0.000863269,0.000827438,0.000826568,0.000837564,0.000840263,0.000826263,0.000873856,0.000852495,0.00082999,0.00087415,0.000818036,0.000818502,0.000834635,0.000825507,0.000824695,0.000812773,0.000867735,0.000844863,0.00076748,0.000845531,0.000825001,0.000865754,0.000876961,0.000773291,0.000833805,0.000848529,0.000815618,0.000855607,0.000807493,0.000820641,0.000825667,0.000757808,0.000850061
1284.371987,0.000816322,0.000842942,0.000796812,0.000856076,0.000851318,0.000860061,0.000808438,0.000853836,0.000816482,0.000817427,0.000832235,0.000830888,0.000816582,0.000861715,0.000841171,0.000822905,0.000863094,0.000807782,0.000807567,0.000824207,0.000810326,0.000813708,0.000802552,0.000856483,0.000832252,0.000756264,0.000836191,0.000817743,0.000855217,0.000864993,0.000760058,0.000824006,0.000838348,0.000806508,0.000846158,0.000795098,0.000810654,0.000815956,0.000748321,0.000839711
1286.300473,0.000811225,0.000830349,0.000787853,0.000844499,0.000839581,0.000851743,0.000799139,0.000844296,0.000806234,0.000808177,0.000826805,0.000821622,0.000806525,0.000850234,0.000830207,0.000815662,0.000851994,0.000797661,0.000796996,0.000814261,0.000794532,0.000803091,0.000792849,0.000845625,0.000820201,0.000744536,0.000827166,0.0008109,0.000844667,0.000853267,0.000746299,0.000814613,0.000828666,0.000797666,0.000836821,0.000782379,0.000801532,0.00080639,0.000738642,0.000829498
1288.22896,0.000806747,0.00081913,0.000778712,0.000834095,0.000828741,0.000843864,0.000791159,0.000834751,0.000796873,0.00080007,0.000821627,0.000813249,0.000797239,0.000839608,0.00082027,0.00080874,0.000841572,0.000788501,0.000787666,0.000805866,0.000780006,0.000793864,0.000784262,0.000835492,0.000808923,0.000733901,0.000819065,0.000804545,0.000834526,0.00084261,0.000733341,0.000806098,0.000819889,0.000789467,0.000828113,0.000770358,0.000793618,0.000798098,0.000729981,0.000819892
1290.157446,0.000802633,0.000809541,0.000770679,0.000824624,0.000819528,0.000836878,0.000784671,0.000826421,0.000789001,0.000793789,0.000816891,0.000805946,0.000789309,0.000830053,0.000811859,0.00080264,0.000832464,0.000780821,0.000780047,0.000799176,0.000767292,0.000786113,0.000777222,0.000826195,0.000798834,0.000725453,0.000812219,0.000799184,0.00082503,0.000833002,0.000722657,0.00079919,0.000812469,0.000782075,0.000820413,0.000760003,0.000786466,0.000791289,0.000722941,0.00081154
1292.085932,0.000799305,0.00080156,0.000764388,0.000815995,0.000811639,0.0008308,0.000779557,0.00081955,0.000782906,0.000789311,0.000812808,0.000800055,0.000783033,0.000822067,0.000805095,0.000797729,0.000824381,0.000774863,0.000774427,0.000793889,0.000756833,0.000779761,0.000771658,0.000818073,0.000790529,0.00071916,0.000806855,0.000794991,0.000816443,0.000824387,0.000714349,0.000793772,0.000806555,0.000775922,0.000813866,0.000752522,0.000780783,0.000785919,0.000717853,0.000804147
1294.014419,0.000796639,0.000794764,0.000759226,0.000808548,0.000804927,0.000825277,0.000775732,0.000813509,0.000778038,0.000785825,0.000809253,0.000795727,0.00077797,0.000815533,0.00079947,0.000793439,0.000817099,0.000770286,0.000770478,0.000789863,0.00074866,0.000774879,0.000767223,0.000811212,0.000783761,0.000714545,0.000802662,0.000791892,0.000808874,0.000816784,0.000708041,0.000789173,0.00080194,0.000770749,0.000807975,0.000747,0.000776413,0.000781836,0.000714094,0.000797399
1295.942905,0.000794423,0.000789209,0.000755111,0.000801939,0.000799494,0.000820836,0.000773162,0.000808026,0.000774557,0.000783497,0.000806021,0.000792172,0.000773735,0.000809998,0.000794816,0.000789292,0.000810661,0.00076675,0.000768304,0.00078744,0.000742245,0.000771287,0.000763855,0.000805403,0.00077801,0.000711436,0.000799413,0.000789759,0.000802129,0.000809879,0.000703368,0.000785531,0.000798428,0.000766796,0.000802873,0.000742541,0.000773158,0.000778856,0.000711505,0.000791897
1297.871392,0.000792902,0.000785662,0.000752342,0.000796388,0.000795506,0.000817909,0.000772448,0.00080365,0.000772708,0.000782843,0.000803399,0.000789811,0.000770863,0.000805648,0.000791714,0.000785941,0.000805645,0.000764716,0.000768256,0.000786652,0.000737925,0.000769066,0.000762101,0.000801057,0.000773733,0.000710499,0.00079724,0.000788837,0.000796569,0.000804479,0.000700515,0.000783539,0.000796254,0.000764053,0.000799408,0.000740114,0.000771441,0.00077755,0.000710347,0.000787831
1299.799878,0.000791471,0.000783281,0.000750359,0.000791946,0.000792599,0.000815397,0.000773235,0.00080005,0.000771754,0.00078304,0.000801348,0.000788678,0.000769061,0.00080223,0.000789564,0.000783062,0.000801803,0.000764007,0.000769512,0.000787223,0.000735513,0.000767756,0.000761331,0.00079775,0.000770748,0.000710991,0.000796046,0.000788609,0.000791757,0.000800005,0.000699126,0.000782516,0.000794686,0.00076211,0.000796704,0.000739383,0.000770517,0.000777204,0.000710248,0.000784506
1301.728365,0.000790676,0.000782188,0.000749475,0.000788655,0.000791099,0.000813277,0.000775091,0.000797563,0.000772282,0.000784384,0.000799782,0.000788697,0.000768839,0.000800169,0.000788785,0.000780941,0.000798843,0.000764556,0.000772537,0.000789465,0.000735627,0.000767833,0.000761878,0.000796094,0.000769177,0.000712846,0.000796307,0.000789209,0.00078815,0.000796648,0.000699601,0.000782462,0.000794321,0.000761361,0.000795031,0.000740271,0.000770975,0.000778076,0.00071194,0.000782335
1303.656851,0.000790482,0.000782548,0.000750186,0.000786258,0.000790947,0.000811975,0.000777812,0.000796144,0.000774109,0.000786651,0.000798981,0.000789796,0.000770153,0.000799384,0.000789268,0.00077966,0.00079684,0.000766233,0.000776692,0.000792973,0.000737798,0.000769015,0.000763786,0.000796013,0.000768997,0.000716384,0.000797371,0.000790662,0.000785744,0.000794226,0.000702212,0.000783629,0.000795467,0.000761335,0.000794313,0.000743256,0.000772578,0.000780136,0.000714868,0.000781222
1305.585338,0.000790877,0.000784002,0.000752739,0.000784499,0.000791918,0.000811696,0.000781206,0.000795397,0.000776671,0.000789492,0.000799316,0.00079152,0.000772641,0.000799824,0.000790519,0.000779174,0.000795761,0.000769059,0.00078121,0.000797197,0.000741995,0.000771111,0.000766272,0.000796951,0.000769861,0.00072135,0.000799045,0.000793006,0.00078379,0.00079264,0.00070671,0.00078548,0.00079749,0.000761821,0.000794095,0.000748022,0.000774628,0.000782978,0.00071886,0.000780844
1307.513824,0.000792253,0.000786468,0.00075661,0.000783342,0.000793968,0.000811733,0.000784851,0.000795483,0.000779754,0.000792933,0.000800242,0.00079384,0.000776397,0.00080132,0.000792862,0.000779238,0.000795366,0.000772578,0.000785914,0.000801149,0.000748022,0.000774095,0.000769415,0.000798334,0.000771415,0.000727587,0.000801576,0.000795951,0.000782398,0.000792199,0.000712858,0.000787694,0.000800012,0.000763067,0.000794411,0.000754161,0.000777173,0.000786291,0.000724058,0.000781241
1309.442311,0.000793717,0.000789312,0.000761188,0.000782584,0.000796483,0.000811721,0.000788644,0.000795681,0.000783201,0.00079666,0.000801356,0.000796755,0.000780871,0.000803321,0.000795697,0.000779106,0.00079559,0.000776131,0.000790365,0.000805145,0.000755199,0.000777368,0.000772959,0.000799603,0.00077355,0.00073462,0.000804533,0.000798792,0.000781317,0.000791944,0.000720153,0.000790497,0.000802794,0.000764668,0.000794901,0.000761275,0.0007802,0.000789686,0.000729868,0.000781674
1311.370797,0.000795068,0.000792483,0.000766356,0.000782133,0.000799302,0.000812037,0.000792486,0.00079595,0.000786867,0.000800263,0.000802576,0.000800069,0.000785809,0.000805912,0.000798713,0.00077905,0.000796129,0.000779875,0.000794755,0.000809462,0.000763289,0.000781032,0.000776717,0.000801112,0.000776181,0.000741828,0.000807523,0.000801673,0.000780307,0.000791998,0.000728598,0.000793441,0.000805887,0.000766043,0.000795666,0.000768737,0.00078355,0.000793349,0.000736095,0.000782185
1313.299284,0.000796345,0.000795864,0.000771217,0.000782007,0.000802106,0.000811902,0.000795961,0.000796331,0.000790153,0.000803574,0.000803714,0.000803524,0.000790764,0.000808701,0.000801887,0.000778953,0.000796601,0.000783535,0.000798765,0.000813543,0.000771315,0.000784884,0.000780612,0.000802598,0.000778875,0.000748511,0.000810611,0.00080459,0.000779478,0.000792277,0.000737062,0.000795791,0.000808944,0.000767408,0.000796317,0.000776026,0.000786924,0.000796742,0.000742221,0.000783033
1315.22777,0.000796654,0.000799547,0.000774954,0.00078203,0.000804989,0.000811361,0.000799392,0.000796486,0.000793275,0.000806672,0.000804187,0.000806962,0.000794691,0.000811894,0.000804989,0.000778521,0.000797033,0.000786798,0.000802161,0.000817534,0.000778708,0.000789024,0.000784651,0.000803804,0.000781496,0.000753946,0.000813977,0.00080758,0.000778936,0.000792785,0.000744384,0.000798273,0.000812166,0.000768491,0.000796675,0.000782168,0.00079038,0.000800169,0.000747355,0.000783815
1317.156257,0.000795039,0.000803183,0.000776973,0.000781626,0.000807895,0.000809948,0.000802253,0.000795557,0.000795839,0.000808932,0.000802685,0.0008097,0.000796638,0.000814622,0.000807276,0.000777051,0.000796516,0.000789226,0.000804648,0.000820906,0.000783929,0.000792832,0.000788296,0.000803703,0.000783088,0.000756344,0.000816526,0.000809742,0.000777497,0.000793016,0.000749474,0.000800572,0.000814889,0.000767909,0.000796439,0.000785497,0.000792749,0.000803099,0.000750177,0.000783676
1319.084743,0.000791956,0.000806456,0.000777228,0.000781003,0.000810532,0.000807336,0.00080462,0.000793598,0.000797934,0.00081095,0.000799564,0.000811841,0.000797141,0.00081657,0.00080918,0.000774512,0.000795063,0.000790949,0.000806736,0.000824174,0.00078693,0.000796095,0.000791332,0.000802477,0.000783904,0.000755566,0.000818641,0.000811382,0.000774798,0.000792557,0.000751608,0.000802082,0.00081698,0.000765877,0.000795872,0.000785929,0.000794231,0.000805475,0.00075098,0.000782841
1321.013229,0.000787927,0.000809577,0.000775583,0.000779617,0.000812863,0.000803711,0.000807016,0.000791366,0.000799691,0.000813107,0.000795387,0.000813657,0.00079656,0.000818325,0.000811122,0.000770945,0.000793052,0.00079233,0.000808751,0.00082727,0.000787845,0.000799137,0.000794106,0.000800579,0.000784388,0.000752243,0.000820598,0.000813159,0.000771315,0.000791638,0.000751311,0.000803352,0.000819055,0.000762766,0.000794915,0.00078411,0.000795564,0.000807565,0.000749959,0.000781686
1322.941716,0.000783213,0.000812794,0.00077289,0.000777466,0.000815405,0.000799639,0.00080961,0.000788993,0.000801562,0.000815172,0.000790864,0.000815282,0.000794898,0.000820004,0.000813064,0.000766851,0.000790972,0.00079374,0.000811423,0.000830251,0.00078716,0.000801957,0.000796831,0.00079817,0.000784739,0.00074735,0.000822421,0.000814849,0.000767491,0.000790818,0.00074952,0.000804925,0.00082122,0.000758998,0.000793694,0.000781034,0.000797133,0.000809409,0.000747967,0.000780274
1324.870202,0.000778869,0.000816556,0.000770396,0.000776014,0.000818479,0.000796297,0.000812565,0.000787136,0.000804132,0.000817206,0.000786814,0.000817385,0.000793154,0.000822276,0.000815417,0.000763192,0.000789614,0.00079568,0.000814964,0.000833556,0.000786201,0.000804794,0.000799432,0.000796219,0.000785582,0.000742986,0.000824686,0.000816837,0.000764297,0.000790894,0.000747748,0.000806599,0.000823506,0.000755709,0.000793065,0.000778058,0.000799182,0.000811825,0.000746319,0.000779449
1326.798689,0.000776195,0.000820641,0.000768653,0.000775937,0.000821973,0.000794059,0.000815806,0.000786423,0.000806918,0.000819532,0.000783774,0.000820105,0.000792437,0.000825278,0.000818029,0.000760431,0.000789071,0.000798142,0.000818539,0.000836793,0.000785676,0.000807803,0.000801912,0.000795082,0.000786755,0.000740304,0.000827006,0.000819063,0.000762034,0.000791669,0.00074709,0.000808409,0.000825572,0.000753605,0.000793295,0.00077648,0.000801141,0.00081469,0.000745628,0.000779677
1328.727175,0.000775297,0.00082477,0.000768211,0.000776893,0.000825861,0.000793174,0.000819393,0.000787168,0.000810128,0.000822545,0.00078237,0.000823074,0.00079324,0.000828972,0.00082128,0.000759487,0.000789694,0.000800986,0.000822595,0.000839965,0.000787043,0.000810757,0.000804619,0.000795021,0.000788634,0.000740656,0.00082951,0.000821497,0.000760894,0.000793239,0.000747949,0.000810588,0.000827776,0.000752931,0.000794785,0.000777328,0.000803519,0.000818156,0.00074671,0.000780971
1330.655662,0.000775421,0.00082837,0.000768739,0.000777974,0.000828968,0.000793094,0.000822633,0.000788608,0.000813121,0.000825446,0.000781927,0.000825634,0.00079498,0.000832304,0.000824433,0.000759491,0.000791033,0.000803771,0.000826734,0.000842392,0.000789479,0.000812875,0.000806767,0.000795701,0.000790886,0.000743717,0.000831818,0.000823755,0.000760423,0.000795035,0.000750255,0.000812415,0.000829769,0.000753405,0.000796614,0.000779852,0.000806128,0.000821242,0.000748916,0.000782552
1332.584148,0.000776779,0.000831298,0.000770268,0.000779098,0.000831509,0.000794118,0.000825239,0.000790383,0.000815512,0.000827775,0.000782405,0.000827895,0.000797236,0.000835173,0.000827158,0.000760394,0.00079272,0.000806354,0.000830431,0.000844193,0.000792122,0.0008144,0.000808102,0.000797171,0.000793224,0.000747989,0.000833853,0.000826332,0.000760796,0.000796939,0.000753547,0.00081408,0.00083118,0.000754838,0.000798713,0.000783144,0.000808699,0.000823706,0.000751949,0.000784391
1334.512635,0.000778826,0.000833672,0.000772167,0.000780254,0.000833935,0.000796049,0.000827082,0.000792818,0.000817301,0.000829526,0.000783541,0.000829965,0.000799677,0.000837789,0.000829702,0.000762153,0.000794567,0.000808362,0.000832808,0.000845314,0.000794379,0.000815224,0.00080899,0.000798849,0.000795295,0.000752166,0.000835471,0.000829043,0.000762184,0.000799034,0.0007567,0.000815539,0.000832267,0.00075671,0.000801246,0.000786476,0.000810729,0.000826071,0.000755134,0.000786757
1336.441121,0.000780877,0.000835212,0.00077407,0.000781409,0.000835593,0.000798167,0.000828182,0.000795477,0.000818372,0.000830331,0.000784656,0.00083165,0.000801668,0.000839628,0.000831345,0.000763841,0.000796231,0.000809429,0.000833549,0.000845056,0.000795729,0.000815503,0.000809355,0.000800345,0.000796535,0.000755196,0.000836456,0.000831032,0.000763993,0.000800858,0.000759079,0.000816391,0.000832865,0.000758675,0.000803468,0.000788929,0.000811836,0.000827848,0.000757741,0.000788873
1338.369608,0.000782522,0.000836058,0.000775884,0.000782251,0.000836512,0.000800557,0.000828471,0.000797988,0.000818796,0.000829902,0.000785219,0.000832861,0.000803144,0.00084102,0.000832303,0.000765609,0.000797597,0.000809722,0.000833173,0.000843522,0.000796452,0.000815333,0.000809273,0.000801587,0.000797146,0.00075686,0.000836987,0.000832871,0.000765838,0.000802263,0.000760639,0.000816429,0.000832888,0.000760572,0.000805538,0.000790056,0.000812378,0.000828789,0.000759456,0.00079048
1340.298094,0.000783798,0.000836432,0.000777376,0.000782873,0.000836814,0.000802677,0.000827867,0.000800471,0.000818583,0.00082934,0.000785254,0.000833703,0.000804461,0.000842009,0.000833035,0.000767113,0.000798971,0.000809623,0.000831619,0.000841767,0.000796605,0.000814561,0.00080905,0.000802165,0.000797127,0.000757316,0.000837265,0.000834716,0.000767325,0.000803183,0.000761632,0.000815724,0.000832487,0.000762548,0.000807404,0.000790215,0.000812612,0.000828721,0.000760437,0.000791918
1342.226581,0.000785277,0.000836444,0.000779354,0.000783579,0.000836835,0.000804535,0.000826914,0.000803129,0.000818121,0.000828715,0.000785494,0.000834599,0.000805538,0.000842932,0.000833653,0.000768524,0.000800557,0.000809321,0.000829366,0.000840369,0.000796915,0.000814082,0.000808911,0.000802973,0.000796656,0.000757175,0.000837813,0.000836682,0.000768945,0.000804208,0.000762793,0.000815103,0.000832094,0.000764616,0.000809014,0.000789985,0.00081286,0.000828335,0.000761547,0.000793353
1344.155067,0.000786804,0.000836483,0.000781833,0.000784059,0.000837054,0.000806257,0.000826118,0.000805847,0.00081776,0.000827782,0.000786064,0.000835978,0.000806864,0.00084412,0.000834319,0.000769802,0.000801899,0.000809216,0.000826824,0.000839125,0.000797702,0.000814005,0.000809202,0.000804115,0.000796219,0.000756785,0.000838807,0.000838965,0.000770793,0.000805433,0.000764135,0.000814846,0.000832444,0.000766373,0.000810549,0.000789781,0.000813241,0.000828265,0.000763081,0.000794863
1346.083554,0.000788973,0.000837439,0.000785032,0.000785144,0.000838109,0.000808376,0.000826148,0.000808911,0.000818274,0.000827871,0.000787447,0.000838293,0.000808888,0.000846173,0.000835883,0.000771404,0.000803693,0.000809994,0.000824707,0.000838597,0.000799621,0.00081475,0.000810628,0.000805533,0.000796607,0.000757111,0.000840845,0.000841977,0.000773116,0.00080725,0.000766103,0.000815439,0.000833705,0.000768243,0.000812536,0.000790497,0.000814558,0.00082899,0.000765434,0.000796919
1348.01204,0.000791927,0.000839545,0.00078897,0.000786986,0.00084003,0.000811194,0.00082721,0.000812364,0.000819927,0.000829014,0.000789561,0.000841283,0.000811348,0.000849132,0.00083873,0.000773804,0.000806544,0.000811531,0.000823685,0.000839149,0.000802775,0.000816566,0.000812945,0.000807962,0.000797792,0.000758726,0.000843851,0.000845937,0.000776146,0.000809919,0.000769305,0.000817162,0.000835658,0.000770572,0.000815418,0.000792538,0.000816705,0.000830597,0.000768375,0.000799556
1349.940526,0.000795426,0.000842401,0.000793484,0.000789391,0.000842856,0.000814918,0.000829468,0.000816311,0.000822916,0.000831462,0.000792308,0.000845156,0.000814494,0.000852868,0.000842635,0.000776751,0.000810229,0.000814267,0.000824165,0.0008412,0.000806927,0.000819488,0.00081598,0.000811716,0.00079974,0.000761681,0.000847584,0.000850664,0.000779592,0.000813403,0.00077361,0.000819885,0.000838801,0.000773884,0.000819362,0.000795871,0.000819684,0.00083325,0.000772267,0.000802818
1351.869013,0.000799507,0.000845828,0.000798349,0.000792646,0.000846471,0.000819437,0.000832787,0.000821371,0.000826966,0.000835073,0.000795701,0.000850146,0.000818284,0.000857667,0.000847405,0.000780402,0.000814676,0.000818222,0.000826049,0.000844558,0.000811793,0.000823235,0.000819864,0.000816036,0.000802861,0.000766117,0.000852155,0.000856041,0.000783769,0.0008178,0.00077847,0.000823472,0.000842707,0.000778241,0.000823883,0.000800523,0.000823702,0.000837031,0.000776983,0.000806886
1353.797499,0.000804244,0.000850268,0.000803727,0.000796956,0.000850765,0.000824568,0.000837367,0.000827835,0.000831739,0.000839574,0.000799897,0.000856017,0.000823229,0.000863344,0.000853068,0.000784954,0.000820277,0.00082302,0.00082925,0.000848831,0.000817476,0.000827717,0.000824675,0.00082123,0.00080726,0.00077165,0.000857695,0.000862176,0.000789125,0.000823072,0.000783995,0.000828057,0.000847253,0.000783559,0.000829006,0.000806556,0.000828778,0.000841595,0.000782432,0.00081216
1355.725986,0.000809271,0.000855516,0.000809968,0.000802104,0.000856016,0.000830772,0.000842823,0.000834905,0.000837208,0.000844908,0.00080483,0.000862635,0.000829005,0.000869987,0.000859589,0.000790605,0.000826577,0.000828666,0.000833414,0.000853841,0.000824438,0.000833246,0.000830348,0.000827812,0.000812758,0.000777838,0.000863773,0.00086909,0.000795693,0.000829291,0.000790385,0.00083364,0.000852603,0.000790113,0.000835225,0.000813625,0.000834873,0.000846677,0.000788816,0.000818771
1357.654472,0.000814414,0.000861117,0.000816455,0.00080801,0.000861899,0.000837944,0.000848596,0.000842117,0.000843323,0.000850903,0.000810072,0.000869843,0.000835242,0.000877121,0.000866617,0.000796889,0.00083324,0.000834934,0.000838224,0.000859574,0.00083243,0.000839441,0.00083679,0.000835152,0.000818874,0.000784767,0.000870069,0.000876557,0.00080305,0.000835969,0.00079743,0.000839848,0.000858664,0.000797361,0.000841961,0.0008217,0.000841179,0.000852227,0.000795963,0.000825781
1359.582959,0.00082052,0.000867637,0.000823867,0.000814885,0.000868507,0.000846322,0.000855425,0.000850245,0.00085042,0.000857816,0.000816259,0.000877614,0.000842672,0.000884536,0.000874329,0.000803684,0.000840864,0.000841892,0.000844163,0.000866164,0.000842025,0.000846377,0.00084415,0.000843287,0.000825666,0.000793265,0.00087711,0.000884742,0.000811143,0.000843045,0.000806245,0.000846648,0.000865695,0.000805157,0.000849279,0.000831093,0.000848029,0.000858747,0.000804485,0.000833131
1361.511445,0.00082731,0.000874919,0.000832414,0.000822163,0.000875697,0.00085547,0.000863013,0.000858961,0.000858007,0.000865024,0.000823378,0.000885756,0.000851196,0.000892421,0.000882433,0.000811266,0.000849128,0.000849296,0.000850783,0.000873104,0.000853357,0.000853809,0.000852031,0.000852103,0.000833385,0.000803598,0.000884408,0.000893436,0.000820052,0.000850774,0.000817168,0.00085418,0.000872952,0.000813849,0.000857592,0.000841938,0.000855442,0.000865778,0.000814084,0.000841262
1363.439932,0.000834519,0.000882595,0.000841572,0.000830033,0.000883135,0.000865003,0.000870835,0.000867591,0.000865946,0.000873047,0.000830888,0.000894353,0.000860418,0.000900582,0.000891022,0.000819481,0.000857788,0.000857045,0.000857594,0.000880687,0.000865671,0.000861849,0.000860268,0.00086176,0.000841848,0.00081536,0.000892069,0.000902217,0.000829148,0.00085912,0.000829061,0.000862509,0.000880421,0.000823965,0.000866641,0.000854207,0.00086307,0.000872764,0.000824455,0.000849946
1365.368418,0.000841785,0.000890293,0.000850709,0.000838019,0.0008904,0.000874124,0.000878369,0.000875732,0.000873638,0.000881426,0.000838329,0.000902856,0.00086939,0.000908513,0.000899676,0.000827461,0.000865799,0.000864631,0.00086429,0.000888419,0.000877996,0.000869809,0.000868382,0.000871325,0.000850203,0.00082777,0.000899448,0.00091036,0.000837352,0.000867198,0.000840967,0.000870799,0.000887744,0.000834705,0.00087536,0.000866518,0.000870635,0.000879467,0.000834764,0.000858494
1367.296905,0.000848443,0.00089737,0.000859143,0.000845637,0.00089734,0.000882345,0.000885514,0.000883351,0.000880761,0.000888762,0.000845486,0.000910938,0.000877899,0.000915895,0.000907648,0.000834822,0.000872977,0.000871682,0.000870799,0.000895194,0.000889573,0.00087713,0.000875938,0.000879574,0.000858009,0.000840326,0.000905926,0.000917724,0.00084509,0.00087434,0.000852258,0.000878714,0.000894477,0.000844166,0.000883197,0.000878075,0.000878008,0.000886013,0.000844661,0.000866421
1369.225391,0.000853608,0.000903239,0.000866372,0.000852115,0.000903581,0.00088984,0.000891685,0.00088962,0.000887047,0.000894862,0.000851071,0.00091829,0.00088492,0.00092222,0.000914891,0.000841243,0.000879216,0.000877781,0.000876015,0.000900738,0.000898544,0.000883774,0.000882364,0.000886003,0.000864747,0.00085119,0.00091178,0.00092419,0.000852177,0.000880384,0.000861708,0.000885739,0.000900104,0.000852149,0.000890039,0.00088778,0.000884641,0.000891389,0.000853132,0.000872894
1371.153878,0.000856584,0.000908412,0.000871529,0.00085691,0.000908518,0.000896185,0.00089627,0.00089402,0.00089192,0.000899292,0.000854658,0.000924621,0.000889567,0.000927221,0.000921055,0.000846185,0.000884062,0.000882339,0.000878993,0.000904823,0.000903639,0.000889187,0.000887535,0.000890898,0.000870005,0.000858524,0.000916291,0.000929598,0.000857888,0.000885297,0.000867893,0.000891586,0.000904189,0.000858338,0.000895619,0.000894063,0.000889987,0.0008949,0.000858986,0.000877848
1373.082364,0.000857587,0.000912962,0.00087455,0.000861406,0.000912467,0.000901863,0.000899341,0.000897486,0.00089551,0.000902177,0.000856814,0.000930315,0.000891968,0.000931275,0.000926285,0.000849873,0.000888096,0.000885488,0.000880308,0.000906853,0.000905134,0.000893705,0.000891687,0.000894798,0.000873752,0.000862468,0.000919419,0.000934457,0.000862945,0.00088943,0.000870116,0.000896304,0.000907307,0.000862323,0.000900166,0.00089667,0.000894181,0.000897505,0.000862555,0.000882068
1375.010851,0.000856365,0.000915773,0.000875382,0.000864896,0.000915107,0.000905984,0.000900273,0.000899612,0.000897349,0.000904123,0.00085685,0.000935014,0.00089199,0.000933935,0.000930222,0.000851767,0.000890657,0.00088705,0.000879871,0.000907071,0.000903223,0.000896757,0.000894293,0.000897173,0.000875657,0.000862934,0.000921266,0.000938251,0.000866644,0.000892595,0.000868692,0.000899151,0.000908771,0.0008655,0.000903717,0.000895973,0.000896769,0.000898229,0.000863433,0.000885113
1376.939337,0.000852908,0.000916791,0.000874198,0.000865739,0.000915776,0.000907892,0.000899557,0.000899382,0.000897488,0.000904425,0.000854934,0.000938172,0.000889931,0.000934658,0.000932226,0.000851355,0.00089125,0.000886861,0.00087754,0.000905735,0.000898631,0.000898154,0.000895133,0.000897232,0.000875383,0.000860822,0.000921574,0.000940074,0.000867678,0.00089374,0.00086477,0.000900101,0.000908339,0.000867048,0.000905096,0.000892538,0.000897952,0.00089676,0.000862166,0.000886177
1378.867823,0.000846158,0.000914876,0.00087061,0.000862766,0.000913295,0.000907764,0.000896732,0.000894926,0.000894752,0.000901743,0.000849599,0.000938545,0.00088472,0.000932318,0.000931198,0.000847494,0.000888443,0.000883884,0.000872531,0.000901319,0.000890359,0.000897221,0.000893093,0.000892654,0.000871481,0.000855807,0.000919612,0.000939165,0.000864375,0.000890725,0.000857835,0.00089805,0.000905528,0.000863885,0.000902381,0.000885137,0.000896673,0.000893032,0.000858041,0.000883658
1380.79631,0.000835336,0.000909637,0.000864858,0.000855713,0.000907435,0.000908227,0.000891179,0.000885497,0.000888693,0.000896332,0.000840397,0.00093644,0.000875943,0.000926228,0.000926469,0.00083974,0.000881879,0.000877511,0.00086511,0.000893474,0.000877159,0.000894178,0.000888042,0.0008837,0.000863617,0.00084814,0.000916252,0.000936115,0.000857566,0.000883546,0.000846944,0.000892533,0.0008997,0.000855497,0.000895852,0.000872916,0.000892962,0.000886218,0.00085038,0.000877301
1382.724796,0.000822115,0.00090277,0.000858046,0.000846988,0.000900147,0.000910011,0.000884034,0.000873773,0.000881001,0.000889437,0.00082962,0.000933963,0.000864837,0.000918025,0.00091983,0.000830388,0.000873562,0.000869194,0.000856651,0.000883543,0.000859648,0.000890589,0.000881416,0.000873184,0.000853566,0.000838802,0.000912433,0.000931986,0.00085028,0.000874779,0.000833031,0.000885216,0.000891937,0.00084484,0.000887501,0.000857478,0.000888301,0.000877404,0.000840264,0.000869528
1384.653283,0.000811209,0.000897949,0.00085009,0.000841234,0.000894937,0.00090518,0.00087798,0.000865741,0.000874864,0.000883454,0.000820426,0.000932161,0.000856119,0.00091266,0.00091549,0.000823015,0.000867179,0.000862301,0.000847957,0.000875018,0.00084302,0.000885834,0.000876123,0.000865095,0.000845042,0.000825709,0.000907689,0.000928511,0.000843658,0.000868199,0.000819417,0.000879525,0.000886036,0.000836783,0.000881162,0.000842848,0.000883497,0.000870814,0.000830755,0.000864235
1386.581769,0.000803992,0.000896197,0.00084031,0.000838716,0.000892126,0.000890973,0.00087357,0.000862563,0.000871322,0.000879064,0.000813306,0.000930183,0.000851097,0.000911351,0.000914134,0.000817551,0.000863725,0.000857853,0.000838997,0.000869153,0.000829475,0.000879383,0.000872915,0.000860524,0.000838844,0.000808716,0.000901995,0.000926346,0.000837556,0.000864328,0.000806938,0.000876116,0.000883134,0.000831891,0.000877646,0.000830026,0.000878953,0.000867594,0.000822887,0.000861541
1388.510256,0.000795703,0.000893423,0.000828642,0.000835036,0.000887758,0.000874224,0.000868495,0.000858301,0.000867039,0.000875478,0.000804882,0.000927029,0.000844661,0.000909054,0.000911824,0.000810504,0.000859201,0.000853049,0.00083015,0.000863619,0.000814593,0.000871863,0.000868575,0.000855327,0.000831792,0.000790797,0.00089534,0.000923341,0.00083083,0.000859741,0.000792869,0.000871991,0.000879242,0.000827049,0.000873164,0.000815926,0.00087379,0.000863457,0.000813428,0.000857384
1390.438742,0.000785743,0.000889315,0.000817098,0.000829932,0.000882052,0.000860187,0.000863366,0.00085211,0.000862152,0.000872491,0.000795679,0.000923861,0.000836183,0.000905186,0.000908534,0.000802638,0.000853608,0.000847559,0.000822588,0.000858092,0.000798528,0.000864779,0.000863141,0.000848863,0.000823801,0.000774676,0.000889018,0.000919646,0.000823914,0.000854169,0.000777873,0.000867232,0.000874116,0.000821086,0.000867475,0.000801051,0.000869184,0.000858171,0.000803075,0.000851998
1392.367229,0.000776231,0.000885756,0.000807347,0.000825011,0.00087762,0.000849827,0.000859734,0.000846604,0.000858486,0.000869438,0.000787477,0.000921861,0.000827981,0.000901662,0.000905965,0.000795788,0.000848897,0.000842848,0.00081666,0.00085278,0.000783564,0.000859306,0.000858691,0.000842695,0.000816343,0.000761542,0.000884284,0.000916872,0.000817917,0.00084886,0.000764467,0.000863127,0.000869874,0.000813889,0.000862413,0.00078754,0.000865978,0.000854118,0.000794215,0.000847059
1394.295715,0.000767662,0.000883345,0.000799299,0.000820847,0.000874606,0.000841902,0.000857857,0.000842333,0.000856323,0.000867609,0.000780135,0.000921085,0.000821215,0.000898859,0.000904694,0.00078983,0.000845338,0.000839545,0.000813193,0.000848888,0.000770394,0.000855521,0.000855575,0.000837592,0.000810369,0.000751255,0.000881282,0.000915382,0.000812787,0.000844795,0.000753181,0.000860526,0.000866903,0.000807593,0.000858535,0.000776432,0.000863756,0.00085146,0.000787365,0.000842643
1396.224202,0.000760609,0.000882216,0.000792631,0.000817595,0.000872583,0.000835427,0.000857254,0.000838787,0.000855664,0.000867869,0.000773817,0.000921336,0.000815798,0.000897092,0.00090489,0.000785248,0.000842637,0.000837824,0.000812189,0.00084739,0.000759353,0.000853083,0.000853309,0.000833363,0.000806074,0.00074363,0.000879541,0.000914762,0.000808221,0.000842299,0.000743816,0.000859262,0.000865023,0.000804013,0.000855822,0.000767952,0.000863062,0.000849734,0.000782347,0.00083899
1398.152688,0.000755902,0.000882636,0.000788147,0.000815862,0.000872381,0.000831301,0.000858376,0.000836855,0.00085644,0.000869761,0.000769271,0.000923349,0.000812417,0.000897219,0.000906564,0.00078268,0.000841464,0.000838021,0.000813265,0.000847687,0.000751017,0.000852435,0.00085257,0.000830507,0.000803953,0.000738887,0.000879322,0.000915626,0.000804842,0.000841382,0.000737326,0.000859266,0.000864926,0.00080206,0.00085516,0.000762006,0.000864105,0.000850014,0.000779454,0.000836944
1400.081175,0.000753096,0.000884553,0.00078546,0.000815775,0.000873583,0.000828966,0.000860948,0.000836633,0.000858413,0.00087309,0.000766174,0.000926561,0.000810676,0.000898729,0.000909472,0.000781349,0.000842197,0.000839772,0.000815697,0.000849739,0.000744672,0.000853247,0.000853218,0.000829427,0.000803798,0.000735964,0.000880697,0.000917757,0.000802744,0.000841933,0.000732834,0.000860574,0.000866194,0.000801732,0.000855972,0.000758061,0.000866255,0.000851657,0.00077806,0.000836449
1402.009661,0.000751531,0.000887648,0.000783866,0.000817079,0.000875932,0.000827969,0.000864256,0.000837471,0.000861631,0.000877462,0.000764134,0.000930421,0.000809922,0.000900729,0.000913042,0.000781382,0.000844059,0.000842554,0.000819181,0.00085313,0.000739903,0.000855112,0.000854916,0.000829932,0.000804843,0.000734373,0.000883224,0.000920597,0.00080199,0.000843544,0.000729322,0.000862732,0.00086827,0.000802893,0.000857561,0.000755794,0.000869289,0.000853685,0.000777424,0.000837182
1403.938148,0.000751889,0.000892735,0.000784023,0.000820342,0.000880598,0.000829974,0.000869154,0.000840442,0.000866726,0.000882262,0.000763984,0.000935894,0.000811302,0.000904707,0.00091814,0.000783799,0.000848103,0.000846758,0.000824431,0.00085724,0.000737448,0.000858771,0.000858587,0.000832858,0.000807886,0.000734176,0.000887464,0.00092492,0.000803509,0.000846896,0.000727427,0.000866412,0.000872454,0.000804425,0.000860926,0.000755403,0.000873768,0.000857754,0.000778117,0.000840118
1405.866634,0.000753288,0.000899121,0.000784665,0.000824516,0.000886189,0.000833218,0.000875013,0.000844083,0.000872644,0.000887855,0.000764444,0.000942128,0.000813229,0.000909856,0.000924299,0.000786945,0.000853449,0.000852102,0.000830668,0.000862516,0.000735799,0.000863349,0.000863009,0.000837039,0.000812552,0.000734226,0.000892789,0.000929877,0.000806154,0.000851626,0.000726001,0.000870923,0.000877548,0.000807053,0.000865134,0.00075566,0.000879072,0.000862911,0.000778936,0.000843955
1407.79512,0.000755646,0.000906786,0.000785905,0.000829696,0.000892968,0.000836991,0.000881906,0.000848518,0.000879555,0.000895038,0.000765426,0.000949154,0.000815658,0.000915946,0.000931458,0.000790736,0.000859524,0.000858601,0.000838139,0.000869423,0.000735118,0.000869114,0.000868313,0.000842568,0.000818767,0.000735086,0.000899039,0.000935573,0.000809982,0.000857436,0.000725265,0.000876216,0.000883401,0.000810361,0.000870231,0.000756604,0.000885258,0.000868915,0.000780133,0.000848742
1409.723607,0.000759152,0.000915737,0.000788045,0.000835978,0.000901423,0.000841917,0.000890103,0.000853836,0.000887841,0.00090316,0.000767505,0.000957189,0.000819049,0.000923403,0.000939927,0.000795426,0.000866552,0.000866208,0.000847375,0.000878024,0.000735845,0.000876208,0.000875157,0.000849072,0.000826238,0.000736745,0.000906497,0.000942029,0.000814784,0.000864068,0.000725467,0.000882611,0.000890638,0.000813488,0.000876212,0.000758798,0.000892505,0.000876244,0.000781892,0.000854877
1411.652093,0.000763287,0.000925515,0.000790532,0.000842672,0.000910584,0.000847184,0.000899664,0.000858914,0.000897056,0.000912262,0.000770615,0.000965883,0.000822852,0.000931615,0.000949091,0.000800561,0.000874112,0.000874731,0.000858298,0.000888238,0.00073797,0.000884311,0.000882847,0.000856109,0.000834706,0.000739015,0.000914794,0.00094892,0.000820074,0.000871264,0.000726225,0.000890105,0.000898902,0.000817021,0.000882493,0.000762134,0.000900396,0.000884623,0.000783862,0.000861187
1413.58058,0.000768114,0.000935829,0.000793365,0.00084926,0.000919891,0.000852296,0.00091018,0.000863856,0.000906783,0.000922037,0.000774377,0.000974862,0.000826809,0.00093997,0.000958519,0.000805808,0.000881763,0.000883798,0.000870252,0.000899092,0.000741218,0.000893256,0.000890918,0.000863696,0.000843797,0.000741881,0.000923159,0.000955767,0.000825844,0.000878407,0.000727644,0.000898286,0.00090792,0.000820296,0.000888174,0.000766257,0.000908635,0.00089338,0.000786224,0.000867561
1415.509066,0.000773205,0.000945069,0.000795724,0.000854493,0.000928067,0.00085627,0.000920498,0.000867239,0.000916042,0.000931262,0.000777836,0.000983037,0.000830039,0.000946997,0.00096705,0.000810113,0.000888004,0.000892687,0.000882325,0.000909741,0.000744934,0.000901521,0.000898719,0.000869887,0.000852016,0.000745028,0.000930926,0.000961582,0.000830265,0.000884261,0.000729412,0.000905938,0.000916374,0.000822345,0.000892323,0.000770754,0.00091641,0.000901538,0.000788557,0.000872752
1417.437553,0.000778695,0.000952516,0.000798362,0.000858026,0.000935101,0.000859798,0.000930373,0.000869297,0.00092483,0.000938356,0.000782023,0.00099011,0.000833279,0.000952742,0.000974341,0.000814263,0.00089277,0.000900609,0.000893997,0.000918501,0.000749878,0.000908958,0.000905878,0.000874644,0.000858992,0.000749358,0.000938134,0.000967044,0.000833282,0.000888188,0.000732161,0.000912955,0.000924438,0.000821837,0.000895085,0.000776108,0.000923121,0.000909962,0.00079164,0.000876349
1419.366039,0.000782862,0.000955769,0.000799938,0.000858279,0.000938104,0.000860583,0.000937287,0.000868021,0.000930446,0.000943628,0.000784799,0.000994355,0.000834744,0.000954592,0.000978594,0.000816134,0.000894055,0.000906087,0.000903306,0.000925065,0.000754124,0.000913901,0.000909985,0.000876033,0.000862757,0.000753268,0.000942848,0.000970064,0.00083281,0.000888648,0.000734319,0.000917294,0.000929633,0.000820777,0.000894812,0.0007808,0.000927469,0.000915508,0.000793705,0.000876972
1421.294526,0.00078499,0.000954124,0.000799131,0.000855136,0.000935833,0.000857288,0.000939886,0.00086275,0.000931517,0.00094733,0.00078484,0.000994459,0.000833412,0.00095178,0.000978969,0.000814717,0.000891257,0.000908793,0.000908689,0.000929758,0.000756683,0.000914903,0.000909991,0.000873704,0.000862975,0.000755707,0.000944103,0.000969584,0.000828426,0.000885867,0.000734803,0.000917921,0.000930051,0.000821202,0.000892201,0.000783973,0.000928787,0.000916658,0.000793828,0.000874233
1423.223012,0.000786693,0.000949545,0.000797922,0.000850315,0.000931358,0.000853547,0.000939287,0.000857,0.000930003,0.000947336,0.000785029,0.000991796,0.000831554,0.000947319,0.000976565,0.000812844,0.000886757,0.00090863,0.000909811,0.000930322,0.000758987,0.000913034,0.000907624,0.000870312,0.000861264,0.000757711,0.000942837,0.000967308,0.000823493,0.000881207,0.000735371,0.000916144,0.00092812,0.000820409,0.000888721,0.000786669,0.000927291,0.000915895,0.000794003,0.000870436
1425.151499,0.00078808,0.000942918,0.000796846,0.00084503,0.000925498,0.000850723,0.000935984,0.00085201,0.00092604,0.000944429,0.000785621,0.000987615,0.000829936,0.000942013,0.000971947,0.000811414,0.00088181,0.000905812,0.000907381,0.000926836,0.000761252,0.000909178,0.000903295,0.000866535,0.000857794,0.000759261,0.000939502,0.000963361,0.000818934,0.000875801,0.000736298,0.000912673,0.00092471,0.000819117,0.000884754,0.000788677,0.000923638,0.000913105,0.000794187,0.000866217
1427.079985,0.000789199,0.000935027,0.000795578,0.000840172,0.000918659,0.000848878,0.000930502,0.000847997,0.000919891,0.000938852,0.000785794,0.00098179,0.000828577,0.000936226,0.000966098,0.000810388,0.000876946,0.000901028,0.000901684,0.000920457,0.000762982,0.000903701,0.000897315,0.000862866,0.000853217,0.000760023,0.000934747,0.000958378,0.000815108,0.00087026,0.000736922,0.000907963,0.000919748,0.000818413,0.000881095,0.000790038,0.000918411,0.000908429,0.000793869,0.000862377
1429.008472,0.000790077,0.000926319,0.000794112,0.00083567,0.000911561,0.000848075,0.000923835,0.00084477,0.000912772,0.000931356,0.000785967,0.000974668,0.000827567,0.000930164,0.000959278,0.0008095,0.000872056,0.000894808,0.000893393,0.000912194,0.00076391,0.000896893,0.0008908,0.000859716,0.000848294,0.000760049,0.000929204,0.000953319,0.000812135,0.000864975,0.000737387,0.000902241,0.000913702,0.000817939,0.000877752,0.000790881,0.000912036,0.000902805,0.000793493,0.000859506
1430.936958,0.000790011,0.000917254,0.000791981,0.000831605,0.000904355,0.00084757,0.000916346,0.00084189,0.000905128,0.0009239,0.000785846,0.000966725,0.000826252,0.000923984,0.000951723,0.000808402,0.000867592,0.000888028,0.000884032,0.000903627,0.000763429,0.000889629,0.000883761,0.000856784,0.000843155,0.000759032,0.000922923,0.000947934,0.000809733,0.000860277,0.000736951,0.000895917,0.000907127,0.000818493,0.000874669,0.000790424,0.000904958,0.000896572,0.000792517,0.000856883
1432.865445,0.000788358,0.000908147,0.000788859,0.000827873,0.000897235,0.00084683,0.000908484,0.000839216,0.000897036,0.000916058,0.000784698,0.000958581,0.000823958,0.000917836,0.000943744,0.000806586,0.000863163,0.000881131,0.000874412,0.000895248,0.000760903,0.000882331,0.000876574,0.000853515,0.000837818,0.000756333,0.000916466,0.00094196,0.00080745,0.000855543,0.000734674,0.000889507,0.000900399,0.000818741,0.00087163,0.000788411,0.000897253,0.000889902,0.000790301,0.000854357
1434.793931,0.000785953,0.00090057,0.000785601,0.000824864,0.000892054,0.000846917,0.000902142,0.000837702,0.000890207,0.000907586,0.000783819,0.000951824,0.000821804,0.000912783,0.000936723,0.000805061,0.000859456,0.000874841,0.000866143,0.000886907,0.00075734,0.000875963,0.00087098,0.000850915,0.000833295,0.000752799,0.000911417,0.000936793,0.000805865,0.000851457,0.000731356,0.000884574,0.000895019,0.000816911,0.000869217,0.000785653,0.000890319,0.000884631,0.000787622,0.000852641
1436.722417,0.000782724,0.00089397,0.000781009,0.00082184,0.000888097,0.000846189,0.000897005,0.00083574,0.000884527,0.000900674,0.000782166,0.000945894,0.000818712,0.000908101,0.000930796,0.000803194,0.000855719,0.000869402,0.000859548,0.000880361,0.000751557,0.000870342,0.00086596,0.000848064,0.000829127,0.00074798,0.000906698,0.00093197,0.000803879,0.000847665,0.000726041,0.000880692,0.000890506,0.000814857,0.000866538,0.000781429,0.000884188,0.000880189,0.000783446,0.000850198
1438.650904,0.000778302,0.000888201,0.000774025,0.000818623,0.00088369,0.000842901,0.000893144,0.000832037,0.000879633,0.000898004,0.000778362,0.000940764,0.00081337,0.000903396,0.000925686,0.000799569,0.000850828,0.000865563,0.000855212,0.000878492,0.000743128,0.000865551,0.000861135,0.000844342,0.000825168,0.000741708,0.000901949,0.000926893,0.000800475,0.000844386,0.000717914,0.000877374,0.000885652,0.000815378,0.000863555,0.000775213,0.000879165,0.000875293,0.000777064,0.000846436
1440.57939,0.0007742,0.000885782,0.000767214,0.000817075,0.000881752,0.000840581,0.000892314,0.00082953,0.000877905,0.000897598,0.000775317,0.000938101,0.000808416,0.000900764,0.000923236,0.00079657,0.000847704,0.00086408,0.00085464,0.000880031,0.000734761,0.000863491,0.000858915,0.00084227,0.000823552,0.000736038,0.000899616,0.000923908,0.000798397,0.000842859,0.000709193,0.000876869,0.000883504,0.000815768,0.000862016,0.000769267,0.000876852,0.000872989,0.000770598,0.000844158
1442.507877,0.000770706,0.000887034,0.000761311,0.000817782,0.000883613,0.0008408,0.000895154,0.000829187,0.000880086,0.000899757,0.000773479,0.000939156,0.000804817,0.000900753,0.000924371,0.0007954,0.000847628,0.00086549,0.000858167,0.000884857,0.000727093,0.000864837,0.000859943,0.000842806,0.000825394,0.00073154,0.000900323,0.000923829,0.000798607,0.000843674,0.000700661,0.00087984,0.000885321,0.000815726,0.000862485,0.000764579,0.000877376,0.000874442,0.000764932,0.000844406
1444.436363,0.000767871,0.00089176,0.000756015,0.000820411,0.000888368,0.000842882,0.000901217,0.000830492,0.000885691,0.000905143,0.000772132,0.000944023,0.000802147,0.000903264,0.000928998,0.000795529,0.000849893,0.000870228,0.000865212,0.000892898,0.000720231,0.00086929,0.000863597,0.000845806,0.000830108,0.000728048,0.000903601,0.00092602,0.000800814,0.000846957,0.000692373,0.000885569,0.000889687,0.0008167,0.000864729,0.000760754,0.000880848,0.000878403,0.000759842,0.000846751
1446.36485,0.000765412,0.000898575,0.000751501,0.000824541,0.000895216,0.000845843,0.000908942,0.000832759,0.00089337,0.000911542,0.000771504,0.00095118,0.000800258,0.000907187,0.000935991,0.000796197,0.000853783,0.000876837,0.000874197,0.000901901,0.00071424,0.000875453,0.000868999,0.000850537,0.000836468,0.000725214,0.000908547,0.000929627,0.000804578,0.000851424,0.000684497,0.000892665,0.000895947,0.000817071,0.000867516,0.000757854,0.000886535,0.000883776,0.000755239,0.000850217
1448.293336,0.000762365,0.000905733,0.00074664,0.000829483,0.000902162,0.000848386,0.000916204,0.000835197,0.000900585,0.000918615,0.000770456,0.000958532,0.000797932,0.000911179,0.000943373,0.000796584,0.000858411,0.000883537,0.000883174,0.000911274,0.000708176,0.000881222,0.000874122,0.000855712,0.000843513,0.000722243,0.000913108,0.000932786,0.00080889,0.000856552,0.000676034,0.000898849,0.000901912,0.000818189,0.000870383,0.00075514,0.000892186,0.000888567,0.000750355,0.000853732
1450.221823,0.000758926,0.000911907,0.000741001,0.000834519,0.00090787,0.000851381,0.000921102,0.000838178,0.000905784,0.000923864,0.000768653,0.00096391,0.00079495,0.000914377,0.000949257,0.000796749,0.000863207,0.000888421,0.000890353,0.000919188,0.000701433,0.00088516,0.000877607,0.000860641,0.000849983,0.000718426,0.000915713,0.000934628,0.000813921,0.0008617,0.000666758,0.000902604,0.000905465,0.000819966,0.000873404,0.000751699,0.000895838,0.000891458,0.000744734,0.000857484
1452.150309,0.000754595,0.000915597,0.000734656,0.000839724,0.000912022,0.000855305,0.000923429,0.000842315,0.000908216,0.000926054,0.000766043,0.000966543,0.00079151,0.000916465,0.000952941,0.000797054,0.000867871,0.000890624,0.000894771,0.00092462,0.000693377,0.000886938,0.000879356,0.000865587,0.000855361,0.000713402,0.000915975,0.000935134,0.000820049,0.00086651,0.000656518,0.000903432,0.00090634,0.000821906,0.000876909,0.000747246,0.000896764,0.000891928,0.000738202,0.000861501
1454.078796,0.000748682,0.000916664,0.000727612,0.00084344,0.000914401,0.000859504,0.000923082,0.000846815,0.000907601,0.000923527,0.000762543,0.000965841,0.000787353,0.000916828,0.000953634,0.000797595,0.000871484,0.000889832,0.00089563,0.000925383,0.000684175,0.000886094,0.000878807,0.000869552,0.000858687,0.000706651,0.000913705,0.00093395,0.000826202,0.000869252,0.000645444,0.000901586,0.000905079,0.000821176,0.000879217,0.000741639,0.000894383,0.000890221,0.000730703,0.000864587
1456.007282,0.000740444,0.000914029,0.000718923,0.000843048,0.000913645,0.000861645,0.000919457,0.000848598,0.000903404,0.000915829,0.000756676,0.000961015,0.000780881,0.000913753,0.000949966,0.000796174,0.000871641,0.000885035,0.000892559,0.000920644,0.000673428,0.000881692,0.000874956,0.0008696,0.0008578,0.000696695,0.000908497,0.000930007,0.000828626,0.000867374,0.000633202,0.000896518,0.000901049,0.000814745,0.000877342,0.000733397,0.00088828,0.000886157,0.000721051,0.000864157
1457.935769,0.000727614,0.000906633,0.000705343,0.000838177,0.000907384,0.000857011,0.000911458,0.000844363,0.000894705,0.000908266,0.000744766,0.000951796,0.00076869,0.000906101,0.000941975,0.000789059,0.000866103,0.000876708,0.000885805,0.000915492,0.000658188,0.000873054,0.000866327,0.000864036,0.000852186,0.000681701,0.000899332,0.00092129,0.000824351,0.000861401,0.000616532,0.000886537,0.000891844,0.000808307,0.000871275,0.000720289,0.000878703,0.000877111,0.000706072,0.000857735
1459.864255,0.000712892,0.000899235,0.000689343,0.000833894,0.000900522,0.000850833,0.000902167,0.000839858,0.000885569,0.000902991,0.000730336,0.000941982,0.000754365,0.00089849,0.000933968,0.000780069,0.000860597,0.000868617,0.000878781,0.000913,0.000641067,0.000863986,0.00085708,0.000858998,0.000847039,0.000664876,0.000889675,0.000911952,0.000820401,0.000856814,0.000597209,0.000875787,0.000881452,0.000805685,0.000866468,0.000705385,0.000868965,0.000866282,0.000688892,0.000851105
1461.792742,0.00070075,0.000896243,0.000676617,0.000836063,0.0008994,0.000852804,0.000895785,0.000843838,0.000879795,0.000898008,0.000719228,0.000935519,0.000743958,0.000897103,0.00093041,0.00077684,0.000862131,0.000863554,0.000874007,0.000910925,0.000627055,0.000858933,0.000852081,0.000861097,0.000847362,0.000650887,0.000883722,0.000906952,0.00082485,0.000858496,0.000580125,0.000869384,0.000875064,0.000805658,0.000868126,0.000693114,0.000861997,0.000858853,0.000674711,0.000851347
1463.721228,0.000687832,0.000892424,0.000664623,0.000839565,0.000898387,0.000857374,0.00088821,0.000850181,0.000872633,0.000890414,0.000707891,0.00092863,0.000734816,0.000896179,0.000926595,0.000775904,0.00086497,0.000857806,0.000866661,0.000904728,0.000613092,0.000853472,0.000846693,0.00086423,0.000847472,0.000636337,0.000877205,0.000902106,0.000831884,0.000860619,0.000563765,0.000862891,0.00086828,0.000805099,0.000870745,0.000680723,0.000854154,0.00085097,0.000661012,0.000852876
1465.649714,0.000670293,0.000880069,0.000648788,0.000834887,0.00088808,0.000854339,0.000873249,0.000847862,0.000857532,0.000876357,0.000691822,0.00091528,0.000721773,0.000886227,0.000914626,0.000769339,0.000860174,0.000845354,0.000850346,0.000890283,0.000594329,0.000840696,0.000834096,0.000858866,0.000838691,0.000617454,0.000863785,0.000891314,0.000830908,0.000854108,0.000544701,0.000849409,0.000854232,0.00080021,0.000865713,0.000663646,0.000840024,0.00083629,0.000644032,0.000847013
1467.578201,0.000646987,0.000854639,0.000627161,0.000815786,0.000863807,0.000837632,0.000847452,0.00083012,0.0008312,0.00085234,0.000668998,0.000891113,0.000700862,0.000862679,0.000890166,0.000752716,0.000841422,0.000821928,0.000822191,0.000864012,0.000569369,0.000816881,0.000810278,0.000837979,0.000815823,0.000594018,0.000840247,0.000870461,0.000813548,0.000832549,0.000521427,0.00082537,0.000829544,0.000785083,0.000846909,0.000639879,0.000815792,0.000811593,0.000621824,0.000827614
1469.506687,0.000618295,0.000817998,0.000600465,0.000783035,0.000829213,0.000807339,0.000813595,0.000797446,0.000796229,0.000818507,0.00064032,0.000857155,0.0006719,0.000828117,0.000854905,0.000726023,0.000809631,0.000788719,0.000785285,0.000826612,0.000540109,0.000784011,0.000777396,0.000801821,0.00078021,0.000566572,0.000808997,0.000840814,0.00077969,0.000796755,0.000495145,0.000792746,0.000797111,0.000753749,0.000813733,0.000610061,0.000782661,0.000780063,0.000594832,0.00079468
1471.435174,0.000587305,0.000776273,0.000571179,0.000743558,0.000790367,0.000769769,0.000777325,0.000757129,0.000757934,0.000779859,0.000609507,0.000818752,0.000638193,0.000789146,0.000814509,0.000693505,0.000771626,0.000750988,0.000744719,0.000784329,0.000508525,0.000747572,0.00074071,0.000757976,0.000738324,0.000536817,0.000774753,0.000807109,0.000737056,0.000754051,0.000467175,0.000756905,0.000761886,0.000711694,0.000772967,0.000576739,0.00074577,0.000746408,0.00056511,0.000754848
1473.36366,0.000553201,0.000730515,0.000537771,0.000697173,0.000745277,0.000722983,0.000739246,0.000707392,0.000717299,0.000741568,0.000574509,0.000778487,0.000599895,0.000743796,0.000769696,0.000653833,0.00072598,0.000710328,0.000702263,0.000741451,0.000473208,0.000708158,0.000700897,0.000707067,0.000690257,0.000503298,0.000737724,0.000770547,0.00068599,0.00070448,0.000436282,0.000718403,0.000723979,0.000665104,0.000725497,0.000539473,0.000707321,0.000709984,0.000532246,0.000708815
1475.292147,0.000517358,0.000685924,0.000502327,0.000648553,0.000698916,0.000671705,0.000703621,0.000654274,0.000678903,0.000707516,0.000537077,0.000741029,0.00056095,0.000696907,0.000725652,0.000610343,0.000678339,0.000671519,0.000662717,0.000702413,0.000436242,0.000669955,0.000662757,0.00065546,0.000641255,0.000468459,0.000702365,0.00073615,0.000633022,0.00065436,0.000404583,0.000681272,0.000687547,0.000618681,0.000676678,0.0005011,0.000672198,0.000675022,0.000499182,0.000662196
1477.220633,0.000485696,0.000651144,0.000470927,0.000609961,0.000662475,0.000629762,0.000676662,0.000613238,0.000649649,0.000681625,0.000504411,0.00071206,0.000528314,0.000660537,0.00069144,0.000573626,0.000641052,0.000641822,0.000632224,0.000672974,0.000402535,0.000640383,0.000633637,0.000615446,0.00060249,0.000438521,0.000675304,0.000709904,0.000591533,0.000616337,0.000375818,0.000652932,0.000659464,0.000581313,0.000638949,0.00046797,0.000645702,0.000648307,0.000471148,0.000625549
1479.14912,0.000459719,0.000627746,0.000445092,0.000583908,0.000638068,0.000599509,0.000658944,0.000586093,0.00063039,0.000664459,0.000478151,0.000692176,0.000503176,0.000636474,0.00066827,0.000546381,0.000615639,0.000622036,0.000611774,0.000653916,0.000373727,0.000620596,0.000614429,0.000588248,0.000575866,0.000414645,0.000657227,0.00069203,0.000563205,0.000591483,0.000350961,0.000634108,0.000640788,0.000554478,0.000614168,0.000441403,0.000627601,0.000630331,0.000448927,0.000600645
1481.077606,0.000438387,0.000613453,0.000423832,0.00056698,0.000623098,0.000577624,0.000648934,0.00056809,0.000619304,0.000653961,0.000457258,0.000679532,0.000483967,0.000621525,0.000653563,0.000526142,0.000598805,0.000609923,0.000599653,0.000643243,0.000349519,0.000608726,0.000602943,0.00057014,0.000558593,0.000395671,0.000646452,0.000681206,0.000544098,0.000575756,0.000329718,0.000622676,0.000629657,0.000534964,0.000598117,0.00042041,0.000616479,0.000619499,0.000431402,0.000584837
1483.006093,0.000420468,0.00060588,0.000406116,0.000556535,0.000615194,0.000561251,0.000644927,0.000555827,0.000614422,0.000649433,0.000440189,0.000672917,0.000469321,0.000613105,0.000645213,0.000510375,0.000587838,0.000603674,0.000594122,0.000639381,0.000329123,0.000602962,0.000597411,0.000558536,0.000548346,0.000380316,0.000640959,0.000675514,0.000530978,0.000566331,0.000311366,0.000616802,0.000624218,0.000521101,0.000588303,0.000404004,0.000610774,0.000614415,0.000417708,0.000575023
1484.934579,0.000405519,0.000604458,0.000391896,0.000551257,0.000613588,0.000549274,0.000646044,0.000548167,0.000614849,0.000649724,0.000426499,0.000671707,0.000458786,0.000609887,0.000642423,0.000498351,0.000581677,0.000602605,0.000594173,0.000640817,0.000312579,0.000602475,0.000597069,0.000552036,0.000543835,0.000368369,0.000640135,0.000674047,0.000522104,0.000561717,0.000296056,0.000615525,0.000623977,0.000511303,0.000583417,0.000391855,0.00060983,0.000614235,0.000407758,0.000570231
1486.863066,0.000393719,0.000608971,0.00038128,0.000550781,0.000617744,0.000542177,0.000652206,0.000545315,0.000620535,0.00065411,0.000416768,0.000675443,0.000452585,0.000611339,0.00064504,0.000490342,0.000580247,0.000606493,0.000599349,0.000647124,0.00030007,0.000607121,0.000601597,0.000550391,0.000544823,0.000360166,0.000644062,0.000677107,0.000517583,0.000561828,0.000284062,0.000618808,0.00062882,0.000505485,0.000582985,0.000384191,0.000613836,0.000618636,0.000401746,0.00057066
1488.791552,0.000384411,0.00061819,0.000373627,0.00055438,0.000626438,0.000539022,0.000662471,0.000545961,0.000630588,0.000662578,0.000410318,0.000683699,0.00045027,0.000616918,0.000652216,0.000485575,0.000582544,0.000614419,0.000608745,0.000657987,0.000290966,0.000616128,0.000610328,0.000553089,0.000550506,0.000355249,0.000651853,0.000684006,0.000516945,0.000565926,0.000274725,0.000625923,0.00063788,0.000503935,0.000586622,0.00038037,0.000621776,0.000626939,0.000398943,0.000575328
1490.720039,0.00037728,0.000631514,0.000368088,0.000561916,0.000639004,0.000538836,0.000675893,0.000549481,0.000644149,0.000675456,0.000406052,0.000696051,0.000450796,0.000626016,0.000663381,0.000483464,0.000587992,0.00062612,0.000621824,0.00067358,0.000284658,0.000628878,0.000622496,0.000559643,0.000560311,0.000353138,0.000662874,0.000694008,0.000519685,0.000573736,0.000267324,0.000636296,0.000650371,0.000507368,0.000594136,0.000379728,0.000633327,0.000638226,0.000398695,0.000583671
1492.648525,0.000372175,0.000649166,0.000364699,0.000573498,0.000655254,0.000542063,0.000692584,0.000556337,0.000661259,0.00069278,0.000404222,0.000712359,0.000454233,0.000638477,0.00067853,0.000484047,0.000597155,0.000641529,0.000638469,0.0006935,0.000281332,0.000645535,0.000638133,0.00057016,0.000574161,0.000353711,0.000677247,0.000707129,0.000526243,0.000585306,0.00026231,0.000649977,0.000666306,0.000515318,0.000605372,0.000382171,0.000648545,0.000652301,0.000401044,0.000595744
1494.577011,0.000369933,0.000672343,0.000365396,0.000589546,0.000677012,0.000551311,0.000713826,0.000568263,0.000683339,0.000712453,0.000406958,0.000733286,0.000462463,0.000655755,0.000698617,0.000489192,0.000611365,0.000660782,0.000658995,0.000716191,0.00028244,0.000667223,0.000658885,0.000585802,0.000593034,0.000358087,0.000696224,0.000724835,0.000538287,0.000601002,0.000261249,0.000668614,0.000687439,0.000525275,0.000620721,0.000388807,0.00066765,0.000671262,0.000407323,0.000612778
1496.505498,0.000370163,0.000700185,0.000369282,0.000609122,0.000703136,0.000564826,0.000738801,0.000583839,0.000709215,0.000735278,0.000412621,0.000758149,0.000474075,0.000676965,0.000722953,0.000497984,0.000629044,0.000683504,0.000682897,0.00074228,0.000286954,0.000693295,0.000683767,0.000605128,0.000616043,0.000365175,0.000718839,0.000745907,0.000554461,0.000620498,0.000263111,0.000691459,0.000712746,0.000538506,0.000639681,0.00039846,0.000690306,0.000693911,0.000416452,0.000633592
1498.433984,0.000371471,0.000730432,0.000374288,0.000630521,0.000730535,0.000579027,0.000764947,0.000600551,0.000736276,0.000762283,0.00041868,0.000784776,0.000486572,0.00070009,0.000749241,0.000507884,0.00064829,0.000708317,0.000708653,0.000771859,0.000293654,0.000721851,0.000710391,0.000626138,0.000640997,0.000373068,0.000743136,0.000767848,0.000572309,0.000642519,0.000266459,0.000715928,0.00073943,0.000556572,0.000660846,0.000409265,0.000715118,0.00071707,0.000426338,0.000655979
1500.362471,0.000374898,0.00076321,0.00038201,0.000654024,0.000760278,0.000595394,0.000792829,0.000619663,0.000765445,0.000791162,0.000426667,0.00081314,0.000501325,0.000725637,0.000777605,0.000519845,0.000670236,0.000735085,0.000736126,0.000803312,0.000304775,0.000753412,0.000739873,0.000649992,0.000668391,0.00038301,0.000769927,0.00079202,0.000593011,0.000667101,0.000273353,0.00074278,0.000768347,0.000577142,0.000684052,0.000422468,0.000741929,0.000742155,0.000438653,0.000680486
1502.290957,0.000381359,0.00079799,0.000393777,0.000679056,0.000792407,0.000613907,0.00082234,0.000640543,0.000796627,0.000820401,0.000437627,0.000842852,0.00051924,0.000753174,0.000808059,0.000533844,0.000693912,0.000763534,0.000764453,0.000835179,0.000322138,0.000787656,0.00077187,0.000675823,0.00069787,0.000396618,0.000799011,0.000818305,0.000615567,0.000693219,0.000286166,0.000771644,0.000799727,0.000598449,0.000708487,0.000439614,0.000770131,0.000769359,0.000454925,0.000706382
1504.219444,0.00039174,0.000833118,0.000411213,0.000704015,0.00082648,0.000634149,0.000852748,0.000662846,0.000828879,0.000847328,0.000452922,0.000872766,0.000541592,0.000781741,0.000839668,0.000549905,0.000718024,0.000792682,0.000792728,0.000864706,0.000348985,0.000823279,0.0008053,0.000702051,0.000727914,0.000416078,0.000829672,0.000846192,0.00063812,0.00071897,0.000307991,0.000802022,0.000833454,0.000617043,0.000732533,0.000463144,0.000798847,0.000798879,0.000477078,0.000732376
1506.14793,0.000404409,0.000864535,0.000433529,0.000725725,0.000858702,0.000651898,0.000881666,0.000683202,0.000859219,0.000871647,0.000469718,0.00090044,0.000566963,0.00080853,0.000869328,0.00056513,0.000739116,0.00082092,0.000819325,0.000892043,0.000386697,0.000857543,0.000837664,0.000725241,0.000755644,0.000441672,0.000859203,0.000873217,0.000656561,0.000742003,0.0003399,0.000831446,0.000866376,0.000634638,0.000753645,0.000492999,0.000825738,0.000827999,0.000504804,0.000754742
1508.076417,0.000415802,0.00088788,0.000456465,0.00074124,0.000882447,0.000660774,0.000904563,0.000696454,0.000883029,0.000896104,0.000482709,0.000921935,0.000591174,0.000829756,0.00089244,0.000574452,0.000752447,0.000846039,0.000841978,0.000919719,0.000432314,0.000886685,0.000864761,0.000741328,0.000778115,0.000471283,0.000883591,0.000895038,0.000666,0.000760006,0.00037935,0.000854964,0.000892687,0.000657227,0.000770031,0.000526284,0.000847795,0.00085081,0.000534989,0.000769591
1510.004903,0.000427311,0.000906292,0.000481177,0.000753434,0.000901245,0.000665906,0.000924108,0.000707129,0.000902635,0.000917914,0.000494886,0.000938386,0.000616111,0.000848179,0.000910791,0.000581625,0.000761805,0.000868284,0.00086232,0.000945243,0.000483963,0.000912329,0.00088918,0.000753879,0.000797455,0.000505023,0.000904617,0.000914013,0.000671849,0.00077464,0.000425334,0.000874798,0.000914864,0.000679931,0.000783889,0.000563043,0.000866054,0.000870563,0.000568156,0.00078123
1511.93339,0.000438675,0.000921535,0.000505741,0.000764416,0.000917775,0.00067162,0.000941176,0.000718073,0.000919402,0.000934019,0.000507441,0.000951235,0.000640644,0.000864759,0.000926,0.000589942,0.000769928,0.000887388,0.000879305,0.000965163,0.00053177,0.000934303,0.0009111,0.00076515,0.000814556,0.000538726,0.000922059,0.000930415,0.000677901,0.000787176,0.000469487,0.000892344,0.000933609,0.000699258,0.000796364,0.000598895,0.000880607,0.000888132,0.000600262,0.00079224
1513.861876,0.000446651,0.000929438,0.00052201,0.000772131,0.000927293,0.000676716,0.000949796,0.000727298,0.000928913,0.000941685,0.00051679,0.000959088,0.000657635,0.000874223,0.000935063,0.000597813,0.000775134,0.000899273,0.000886372,0.000974092,0.000558178,0.000947149,0.000923868,0.000772383,0.000825484,0.000562279,0.000930389,0.000940101,0.0006822,0.000795405,0.000495849,0.000903239,0.0009431,0.000714876,0.000805296,0.000622945,0.000888811,0.000897493,0.000621668,0.000799722
1515.790363,0.000449051,0.00092491,0.00052484,0.000773464,0.000924783,0.000679799,0.000944008,0.000732676,0.000925916,0.000935719,0.000520559,0.000959681,0.000661837,0.000871348,0.000934539,0.000603602,0.000775617,0.000898567,0.000876153,0.000964879,0.000552307,0.000944806,0.000921516,0.000771838,0.000824698,0.000567747,0.000924919,0.000939572,0.000682478,0.000795388,0.000494266,0.000902275,0.000938239,0.000722753,0.000807489,0.000626682,0.000886812,0.000893469,0.000625645,0.000800469
1517.718849,0.000444491,0.000906509,0.0005133,0.000766554,0.00090828,0.000678451,0.000922571,0.000732379,0.000909088,0.000916786,0.000517333,0.000952051,0.000652327,0.000854902,0.000922983,0.000605197,0.000769587,0.00088391,0.000847702,0.00093846,0.000515404,0.000925818,0.000903116,0.000761535,0.000810026,0.000554271,0.000905633,0.000928384,0.000676777,0.000785544,0.000465272,0.000887499,0.000918008,0.000722967,0.000801726,0.000608803,0.000873966,0.000874804,0.000612024,0.000792878
1519.647336,0.000435925,0.000880898,0.000494369,0.000754835,0.000884483,0.00067539,0.000893044,0.000729736,0.000885126,0.000889853,0.00051037,0.000940402,0.000635931,0.000831665,0.000905286,0.000604497,0.000760328,0.000861066,0.00080967,0.000901875,0.000462157,0.000897945,0.000876425,0.000746053,0.000786968,0.000530593,0.000879557,0.000912537,0.000668654,0.000770333,0.000422295,0.000865222,0.000890206,0.000716972,0.000791445,0.000578447,0.000856071,0.000848651,0.000589643,0.000781024
1521.575822,0.000425931,0.000855487,0.000474294,0.000743334,0.000860613,0.000672274,0.000863409,0.000727115,0.000861441,0.00086408,0.000501786,0.000929564,0.000618846,0.000809109,0.000888053,0.000603073,0.000751397,0.000838165,0.000771902,0.000866767,0.000406935,0.0008697,0.000849967,0.000730779,0.00076323,0.000505701,0.000854089,0.000897117,0.000660703,0.000756268,0.000377618,0.000842678,0.000862548,0.000711705,0.000781808,0.000545975,0.000839501,0.000822122,0.000566569,0.000769335
1523.504308,0.000415986,0.000835987,0.000456804,0.000735568,0.000842063,0.000669297,0.000840071,0.000726107,0.000843517,0.000846833,0.000492869,0.000922811,0.000604849,0.000792594,0.000876001,0.000601709,0.00074557,0.000821488,0.000742556,0.000841957,0.000360261,0.000847741,0.000829866,0.000719458,0.000745165,0.000485883,0.000834759,0.000885962,0.000655092,0.000747784,0.000340081,0.000825056,0.000840323,0.000712744,0.000776678,0.000518515,0.000828496,0.000800864,0.000548304,0.000760944
1525.432795,0.000408261,0.00082569,0.000445879,0.000733875,0.000833036,0.000670035,0.000826574,0.000729816,0.000834424,0.000836868,0.000486944,0.000921719,0.000597236,0.000785287,0.000871318,0.000603303,0.000745292,0.000812903,0.000724432,0.00082674,0.000326773,0.000835083,0.000819028,0.00071461,0.000735526,0.000474179,0.000824153,0.000882027,0.000655181,0.000745958,0.000314534,0.000815856,0.000827163,0.000716564,0.000777241,0.000500036,0.000823909,0.000788783,0.000538137,0.000758657
1527.361281,0.000402372,0.000822762,0.000440398,0.000736841,0.000831158,0.000673804,0.000821188,0.000736992,0.000832177,0.000833871,0.000483144,0.000925142,0.000594783,0.00078532,0.000872722,0.000606858,0.000748926,0.000810865,0.000715349,0.000819864,0.000304139,0.000829786,0.000815462,0.000714844,0.000732612,0.000468648,0.000820291,0.000883387,0.000659136,0.000749491,0.000298674,0.000813342,0.000821096,0.00072309,0.000781913,0.000489246,0.000824622,0.000784105,0.000534189,0.0007611
1529.289768,0.000397465,0.000824359,0.000438277,0.000742128,0.00083327,0.000678948,0.000821116,0.000745441,0.000833755,0.000835758,0.000480167,0.000931208,0.00059541,0.000789808,0.000877876,0.000611298,0.000755073,0.000812948,0.000712529,0.000818509,0.000288917,0.000829356,0.000816404,0.000717891,0.000733876,0.000467028,0.000820689,0.000887437,0.000665088,0.000756149,0.000289265,0.000814479,0.000819436,0.00073167,0.000788865,0.000483172,0.000828799,0.000783972,0.000533915,0.000766302
1531.218254,0.000393793,0.000829485,0.000439252,0.000749543,0.000839202,0.000686192,0.000824989,0.000755535,0.000838808,0.000839531,0.00047884,0.000939326,0.000598567,0.00079756,0.000885675,0.000617531,0.000763708,0.000817845,0.000714119,0.000819881,0.000279034,0.000832683,0.000820934,0.000723329,0.000738153,0.000468427,0.000824436,0.000894289,0.000673183,0.000764902,0.000284576,0.000819055,0.000821719,0.000739594,0.000797851,0.000480738,0.00083524,0.000787743,0.000536617,0.000773871
1533.146741,0.000390806,0.000836389,0.000441884,0.000757921,0.000846991,0.000694557,0.000831051,0.000766309,0.000845942,0.000845113,0.000478183,0.000948511,0.00060267,0.000806996,0.000894976,0.000624016,0.000773165,0.000824518,0.000718259,0.000823432,0.000272217,0.000838071,0.000827496,0.00072996,0.000744003,0.000471153,0.000829974,0.000902823,0.00068192,0.0007748,0.00028244,0.000825853,0.000826148,0.000747374,0.000807633,0.000480303,0.000843071,0.000793607,0.000540628,0.00078207
1535.075227,0.000387763,0.000843249,0.000444317,0.000765908,0.000854061,0.000702028,0.000837679,0.000775729,0.000853124,0.000852623,0.000476664,0.000957631,0.000605998,0.00081652,0.000904259,0.000629147,0.000781745,0.000831806,0.000723819,0.000829015,0.000266321,0.000843749,0.000834317,0.000736202,0.000750256,0.000473461,0.000836175,0.000911211,0.000689814,0.000784747,0.000280752,0.000833004,0.000830696,0.000756342,0.00081691,0.00047971,0.000851369,0.000799392,0.000544327,0.000789505
1537.003714,0.000386934,0.000851512,0.000448448,0.000774197,0.000862596,0.000710906,0.000846229,0.000786089,0.000861725,0.000859649,0.000477179,0.000967413,0.000610537,0.00082721,0.00091429,0.000635619,0.000791385,0.000839894,0.000731212,0.00083404,0.000262984,0.000851234,0.000842842,0.000743418,0.00075754,0.000476786,0.000844268,0.000921311,0.000699195,0.000795112,0.000281238,0.000841431,0.000837403,0.00076294,0.000826511,0.000480441,0.000860559,0.000807349,0.000549363,0.00079803
1538.9322,0.000388817,0.000861462,0.0004551,0.00078334,0.000873359,0.000722408,0.000856834,0.000798297,0.000872027,0.000865403,0.000480631,0.000978238,0.000616892,0.000839635,0.000925676,0.000644477,0.000802756,0.000848847,0.000739921,0.000837826,0.000262319,0.000860583,0.000853421,0.000752202,0.000765711,0.000481443,0.000854199,0.000933416,0.000710491,0.000806131,0.000284098,0.000851818,0.000846958,0.000766285,0.000836606,0.000482979,0.000870461,0.000818006,0.000556078,0.000807948
1540.860687,0.000389963,0.000869041,0.000459215,0.000790805,0.000880415,0.00072872,0.000865728,0.000806861,0.000880182,0.000874239,0.000481506,0.000987756,0.000619844,0.000850077,0.000935351,0.000650309,0.000811108,0.00085711,0.000748113,0.000844843,0.000259852,0.00086796,0.000861821,0.000758752,0.000772063,0.000483605,0.000862208,0.000943067,0.000718378,0.000816027,0.000284682,0.000860487,0.000853798,0.000773473,0.000845103,0.00048317,0.000879475,0.00082577,0.000560422,0.000814932
1542.789173,0.000391246,0.00087473,0.000461343,0.000796456,0.000884736,0.000730094,0.000873055,0.000812711,0.000886418,0.000884388,0.00048125,0.000995636,0.000620332,0.000858626,0.000943198,0.000653837,0.000817116,0.000864599,0.00075568,0.000853125,0.000256273,0.000873771,0.000868203,0.000763213,0.000776801,0.000483756,0.000868661,0.000951031,0.000724193,0.000824302,0.000283777,0.000866939,0.000858477,0.000782363,0.000852196,0.000481528,0.0008875,0.000831101,0.000562824,0.000819924
1544.71766,0.000394238,0.00088063,0.000464244,0.000801877,0.000889452,0.000731488,0.0008807,0.000819044,0.000892682,0.000893601,0.000482848,0.001003285,0.000621259,0.000867444,0.000950868,0.000657972,0.000823444,0.000872075,0.000763194,0.00086033,0.000253957,0.000879805,0.000874903,0.000767634,0.000781486,0.000483647,0.000875951,0.00095936,0.000730506,0.000832131,0.000283798,0.000873714,0.000864244,0.000788997,0.000858856,0.000480172,0.000895318,0.000837189,0.000565384,0.000825264
1546.646146,0.000398112,0.000885782,0.000467035,0.000806388,0.000893139,0.000732366,0.000887945,0.000824884,0.000898368,0.000902567,0.000484885,0.001009936,0.000621462,0.000875562,0.000957644,0.00066157,0.000829088,0.000878993,0.000770017,0.000867065,0.000251903,0.000885417,0.000881253,0.00077137,0.000785148,0.000482586,0.000882916,0.0009672,0.000735823,0.000839163,0.00028397,0.000880014,0.000869544,0.000794005,0.000864256,0.000478032,0.000902603,0.000843023,0.000567309,0.000829814
1548.574633,0.000403512,0.000891079,0.000470662,0.000810771,0.000897061,0.000734297,0.000895312,0.000830872,0.000904271,0.000910058,0.000488118,0.001016181,0.000621814,0.000883679,0.000964214,0.000665758,0.000834999,0.00088562,0.00077666,0.000872453,0.000250671,0.000891102,0.000887878,0.000775163,0.000788218,0.000481079,0.000889936,0.00097599,0.00074119,0.000845736,0.000284834,0.000886254,0.00087529,0.000796069,0.000869145,0.000475758,0.000909485,0.000849475,0.000569558,0.000834326
1550.503119,0.000409606,0.0008959,0.000474459,0.000814358,0.000900548,0.000736003,0.000902255,0.000835947,0.000909615,0.000916863,0.000491583,0.001021961,0.000621625,0.000891549,0.000970139,0.000669559,0.000840446,0.000891684,0.000782993,0.000877102,0.000249668,0.000896315,0.000894215,0.000778358,0.000790644,0.000478664,0.000896941,0.00098448,0.000745831,0.000851783,0.000285902,0.000892076,0.000881031,0.000796602,0.000873358,0.000472797,0.000915787,0.000855666,0.000571426,0.00083813
1552.431605,0.000416252,0.000900632,0.000478723,0.000817219,0.000904088,0.000737929,0.00090929,0.000840597,0.000914766,0.000922597,0.000495498,0.001027413,0.000621437,0.000899477,0.000975647,0.000673173,0.000845373,0.000897295,0.000789151,0.000880734,0.000249056,0.000901267,0.000900687,0.000781291,0.000792675,0.000475781,0.000904156,0.00099288,0.000750204,0.000857158,0.000287345,0.000897748,0.000886882,0.000795219,0.000877018,0.000469372,0.000921822,0.000861937,0.000573029,0.000841769
1554.360092,0.000423868,0.000905763,0.000483327,0.000819994,0.00090766,0.000740163,0.000916758,0.000845108,0.00092007,0.0009281,0.00049989,0.001033169,0.000621131,0.000907593,0.000981091,0.000676954,0.00084999,0.000902785,0.000795583,0.000884131,0.000249052,0.000906253,0.000907226,0.000784059,0.000794659,0.00047253,0.000911638,0.001001794,0.000754162,0.000862165,0.000289062,0.000903338,0.000892971,0.000792728,0.000880413,0.00046617,0.000928092,0.000868802,0.000574814,0.000845265
1556.288578,0.000432682,0.00091136,0.00048848,0.00082274,0.000912116,0.00074299,0.000924584,0.000850023,0.000926009,0.000933104,0.000505611,0.001039088,0.00062115,0.000916274,0.000986769,0.000681501,0.00085505,0.000908485,0.000802073,0.000886844,0.000249969,0.000911737,0.000914232,0.000787238,0.000796927,0.000469827,0.000920011,0.001011249,0.00075843,0.000867339,0.000291874,0.000909108,0.000899757,0.000788513,0.000883856,0.000463707,0.000934559,0.000876558,0.000577322,0.000849097
1558.217065,0.000443248,0.000918719,0.000495651,0.000826449,0.000919256,0.000748242,0.000933822,0.000856291,0.000933799,0.000937327,0.000513664,0.001046079,0.000623098,0.000926976,0.000994016,0.000687856,0.000861788,0.00091518,0.000809466,0.000889021,0.000252982,0.000918646,0.000923099,0.000791995,0.000800281,0.000468605,0.000930164,0.001022549,0.000764352,0.000873545,0.000296721,0.00091682,0.000908789,0.00078203,0.000888308,0.00046277,0.000941636,0.000886519,0.000581427,0.000854663
1560.145551,0.000452235,0.00092437,0.000500144,0.000829085,0.000923304,0.000749282,0.000941082,0.000859059,0.00093948,0.000946037,0.000518297,0.001051981,0.000622383,0.000935921,0.000999934,0.000690793,0.000865817,0.000921715,0.000816721,0.000895261,0.000253767,0.000923938,0.000929558,0.000794563,0.000802358,0.000465616,0.000938103,0.001031232,0.000766568,0.000879234,0.00029889,0.000922421,0.000915076,0.000781306,0.000891945,0.000460223,0.000948583,0.000893133,0.000583133,0.000857663
1562.074038,0.000460354,0.000929196,0.000502779,0.000831118,0.000925358,0.000747546,0.000947226,0.000859891,0.000944093,0.000957643,0.000520902,0.001057116,0.000620087,0.000943864,0.00100499,0.000691624,0.000868141,0.000928248,0.000823906,0.000904406,0.000253277,0.000928318,0.000934721,0.000796068,0.000803957,0.000462112,0.000945087,0.00103816,0.000766833,0.000884893,0.000299627,0.000926347,0.000919589,0.000784778,0.000895433,0.000456928,0.000955604,0.000897557,0.000583807,0.000859164
1564.002524,0.000471155,0.000937464,0.000508671,0.00083523,0.000931519,0.000750072,0.000956442,0.000864138,0.00095189,0.000967935,0.000527184,0.001064675,0.000621145,0.000955062,0.001012703,0.00069598,0.00087365,0.000936319,0.000833078,0.000912675,0.000256341,0.000935605,0.0009432,0.000800321,0.000808227,0.00046174,0.000955121,0.001048112,0.000770711,0.00089273,0.000303948,0.000933305,0.000927712,0.000785728,0.000901084,0.000456761,0.000964055,0.000905863,0.000587675,0.000863986
1565.931011,0.000483582,0.000948394,0.000516592,0.000841871,0.000941158,0.000755614,0.000967842,0.000870995,0.000962107,0.000978967,0.000536089,0.001074263,0.000624667,0.000968643,0.001022677,0.000702819,0.00088172,0.000946297,0.000844493,0.000921477,0.000261903,0.000945376,0.000953965,0.000806656,0.000814805,0.000463702,0.00096741,0.00106024,0.000777294,0.000902688,0.000310854,0.000942768,0.000938502,0.000785997,0.000908577,0.000459167,0.000974506,0.000916909,0.000593711,0.000871501
1567.859497,0.000497417,0.000962093,0.000526392,0.000850925,0.000953554,0.00076386,0.000981301,0.000879851,0.000974617,0.000991293,0.000547096,0.00108565,0.000630426,0.000984673,0.001034752,0.000711406,0.000891954,0.000958181,0.000858345,0.000931785,0.000269827,0.000957358,0.000966812,0.000815377,0.000823565,0.000467838,0.000981843,0.001074191,0.000786426,0.000914693,0.000319971,0.000954408,0.000951603,0.000786886,0.000917745,0.000463868,0.000987074,0.000930254,0.000601835,0.000881134
1569.787984,0.000512444,0.00097853,0.00053808,0.000861749,0.000968522,0.00077438,0.000997201,0.000890512,0.000989399,0.001005982,0.000559406,0.001099158,0.000638396,0.001003174,0.001048901,0.000721593,0.000903908,0.000972184,0.000875089,0.000944701,0.000279867,0.000971601,0.00098193,0.00082643,0.000835018,0.000474374,0.000998207,0.001089557,0.000797514,0.000929175,0.000330885,0.000968164,0.000966803,0.00078994,0.000928788,0.00047099,0.00100174,0.00094558,0.000611869,0.000892713
1571.71647,0.000527701,0.000996763,0.000550194,0.00087415,0.000984916,0.000785113,0.001014536,0.000901843,0.001005618,0.00102431,0.000571593,0.001114383,0.000647232,0.001023028,0.001064757,0.000732082,0.000916669,0.000988109,0.000894296,0.00096163,0.000291362,0.000987135,0.000998294,0.00083855,0.000848659,0.000482404,0.001015636,0.001105084,0.00080933,0.000945651,0.000342746,0.000983048,0.000982984,0.000796793,0.000941512,0.000479678,0.001018024,0.00096168,0.000622879,0.000905394
1573.644957,0.000544694,0.001018559,0.000565156,0.000889174,0.00100497,0.000798903,0.001034869,0.00091602,0.001025132,0.001043254,0.000586811,0.001132114,0.000659216,0.001045858,0.001083622,0.000745071,0.00093264,0.001006141,0.000916215,0.00097942,0.000306773,0.001005793,0.001017585,0.000853636,0.000865291,0.000493436,0.001035614,0.001122944,0.000824484,0.0009643,0.000358191,0.001000893,0.00100246,0.000803331,0.000956501,0.000491476,0.001036545,0.000981358,0.000636829,0.000920951
1575.573443,0.000563698,0.001044239,0.000583536,0.000907256,0.001029368,0.000815964,0.001058936,0.000933334,0.001048692,0.001063696,0.000605346,0.001153112,0.000675125,0.001072163,0.00110585,0.000760927,0.000951842,0.001027001,0.000941533,0.000998932,0.000326557,0.001028376,0.001040557,0.000872116,0.000885339,0.000508081,0.001058745,0.001143976,0.000842979,0.000986018,0.000377552,0.001022592,0.001025898,0.000810286,0.000974079,0.000507105,0.001058593,0.001005327,0.00065427,0.000939788
1577.50193,0.000582155,0.001070475,0.000601347,0.000926102,0.001052769,0.000830125,0.001083298,0.000949312,0.001072554,0.001088974,0.000622423,0.001175055,0.000690624,0.001098272,0.001128897,0.000775261,0.000969998,0.001049529,0.000968777,0.001023656,0.000347368,0.001051616,0.001063706,0.000890321,0.000906492,0.000523726,0.001081979,0.001164124,0.000860077,0.001009064,0.000397102,0.001044492,0.001048955,0.000823712,0.000992652,0.000523807,0.00108191,0.001028377,0.000671899,0.000958481
1579.430416,0.000600895,0.001097328,0.000619839,0.000945556,0.001076244,0.000843245,0.001108738,0.000965568,0.001097362,0.001116585,0.00064004,0.00119768,0.000706802,0.001124468,0.001152809,0.000789568,0.000988164,0.001073634,0.000997975,0.00105064,0.000370215,0.001075961,0.001087797,0.000909252,0.000929025,0.000540972,0.001105768,0.001184311,0.000877492,0.001033007,0.00041791,0.00106754,0.001072614,0.000839791,0.001012086,0.000542146,0.001105868,0.001051847,0.000690621,0.000977708
1581.358902,0.000621808,0.001126163,0.000641312,0.000966522,0.001102604,0.000858636,0.001137033,0.000984382,0.001125058,0.001144116,0.000661161,0.001222206,0.000725999,0.001152589,0.001178404,0.000806267,0.00100831,0.001099673,0.001030014,0.001078554,0.000396743,0.001102862,0.001114782,0.000930287,0.00095385,0.000561134,0.00113152,0.001206356,0.000897884,0.001058299,0.00044183,0.00109369,0.00109932,0.000855104,0.001032736,0.000563833,0.001131708,0.001078621,0.000712251,0.000998784
1583.287389,0.000643817,0.001155797,0.000663801,0.00098791,0.001129645,0.000874546,0.001166583,0.001003826,0.0011538,0.001172507,0.000683894,0.00124731,0.000746311,0.001181011,0.001204609,0.000823838,0.001028872,0.001126993,0.00106384,0.001108262,0.000424367,0.001130961,0.001143041,0.000952224,0.000979948,0.000582609,0.001158242,0.001228576,0.000918592,0.001084025,0.000466342,0.001120872,0.001127352,0.000871653,0.00105407,0.000587091,0.001158646,0.001106362,0.000735134,0.001020601
1585.215875,0.000666668,0.001185554,0.0006864,0.001009609,0.001156778,0.000891327,0.001197065,0.001023321,0.00118313,0.001201658,0.000707492,0.001273133,0.000766565,0.001209072,0.001231647,0.000842039,0.001049578,0.00115529,0.001098637,0.001138769,0.000451716,0.001159746,0.001171654,0.000974938,0.001007008,0.000604475,0.001185432,0.001250732,0.000938927,0.001110156,0.000489963,0.001148548,0.001155905,0.000888744,0.001075626,0.000610543,0.00118627,0.001134692,0.000758365,0.001042883
1587.144362,0.000690177,0.001214552,0.000708196,0.001031037,0.001182957,0.000908163,0.001226835,0.001042168,0.00121232,0.001230563,0.000731602,0.001298982,0.000785875,0.001235774,0.001258368,0.000860337,0.001069625,0.00118349,0.00113314,0.001168985,0.000476781,0.001188083,0.001199484,0.000997182,0.001033815,0.000625877,0.001211604,0.001272472,0.000959085,0.00113567,0.000511602,0.001176213,0.001183804,0.000906151,0.001096984,0.000633164,0.001213533,0.001162398,0.000780719,0.00106436
1589.072848,0.000714222,0.001242709,0.000729355,0.001052013,0.001208291,0.000925273,0.001255484,0.001061077,0.001241009,0.001258853,0.000756416,0.001323993,0.000804872,0.001261102,0.001284214,0.000879383,0.00108906,0.001211158,0.001166716,0.001198032,0.000499416,0.001215584,0.001226596,0.00101899,0.001060045,0.000646735,0.001236904,0.001293598,0.000979177,0.00116023,0.000531418,0.001203765,0.001210868,0.000923886,0.001118312,0.00065501,0.001240057,0.001189213,0.000802477,0.001085358
1591.001335,0.00073894,0.001268831,0.000750312,0.001072296,0.001232251,0.000942861,0.001282796,0.001080172,0.001267975,0.001285735,0.000781792,0.001347816,0.000823503,0.001284727,0.001308736,0.000899211,0.001107903,0.001237217,0.001198431,0.001225525,0.000520444,0.001241796,0.001252179,0.001040183,0.001085323,0.000667503,0.001260901,0.001312731,0.000998992,0.001183887,0.000550083,0.001229873,0.001236351,0.000942392,0.001138506,0.000676397,0.001265394,0.001214692,0.000824004,0.001105919
1592.929821,0.000764666,0.001292459,0.000771133,0.001091941,0.001254245,0.000960477,0.001307713,0.001099216,0.001292721,0.001310479,0.000807792,0.001369967,0.00084202,0.001306226,0.001331277,0.000919244,0.001125939,0.0012615,0.001227844,0.00125069,0.000540773,0.001265952,0.00127569,0.001060699,0.00110915,0.000688875,0.001282811,0.001330326,0.001018744,0.001206978,0.000568928,0.00125409,0.001259742,0.000961398,0.001158029,0.000697897,0.001289475,0.001238294,0.000845813,0.001125918
1594.858308,0.000790999,0.001313342,0.000792063,0.001110461,0.0012738,0.000977903,0.001329505,0.001117781,0.001314956,0.001331958,0.000833963,0.001390035,0.00086094,0.001325565,0.001351612,0.000939436,0.00114303,0.001283682,0.001253343,0.001272199,0.000561806,0.001286974,0.001296594,0.001080004,0.001130797,0.000711402,0.001301999,0.001346319,0.001037903,0.001228438,0.000589325,0.001275684,0.00128064,0.000980358,0.001177048,0.000720116,0.001311661,0.001259462,0.000868179,0.001145064
1596.786794,0.000817267,0.001331224,0.000813667,0.001127337,0.001290445,0.000994876,0.001348233,0.001135562,0.001334304,0.001350843,0.000860016,0.001407823,0.000880686,0.00134243,0.001369613,0.000959594,0.001159022,0.00130358,0.001274178,0.001290175,0.00058414,0.001305096,0.001314646,0.001098006,0.001150083,0.000735519,0.001319081,0.001360708,0.001055991,0.001247881,0.000612008,0.001294284,0.001299333,0.000999783,0.001194966,0.000743407,0.001331528,0.001277881,0.000891107,0.00116285
1598.715281,0.00084389,0.001347078,0.000837054,0.001143299,0.001304843,0.001012081,0.001364772,0.001153291,0.001352013,0.001367939,0.000886458,0.001424414,0.000902125,0.001357308,0.001385686,0.000979838,0.00117437,0.001322223,0.001291907,0.001305601,0.00060971,0.001321652,0.001331253,0.001115441,0.001167893,0.0007621,0.001335106,0.001374387,0.001073957,0.001266583,0.000638393,0.001311564,0.001316776,0.001019722,0.001212203,0.000769063,0.001350215,0.001294994,0.000915815,0.001179938
1600.643767,0.000870844,0.001360963,0.000862157,0.001158297,0.001317169,0.001029271,0.001379343,0.001170918,0.001368567,0.001382749,0.000913046,0.00144069,0.000924918,0.001370771,0.001400476,0.000999945,0.001189215,0.00133982,0.001307289,0.001319478,0.000639492,0.001336959,0.001347024,0.001132219,0.001184534,0.000791405,0.001349866,0.001387071,0.001091472,0.001284294,0.000668718,0.001327794,0.00133321,0.001040778,0.001228963,0.00079744,0.001368226,0.001311255,0.000942457,0.001196509
1602.572254,0.000898528,0.001373821,0.000889572,0.001173069,0.001328527,0.00104678,0.001392521,0.001188528,0.001384619,0.00139648,0.000940398,0.001457182,0.000950009,0.001383491,0.001415311,0.001020199,0.001203979,0.001356956,0.001321305,0.001332251,0.00067412,0.001351807,0.001362319,0.001149044,0.00120079,0.000824026,0.001364521,0.001399821,0.001108754,0.00130143,0.000703558,0.001343568,0.001349743,0.001063083,0.001245764,0.000828843,0.00138613,0.001327303,0.00097177,0.001213238
1604.50074,0.000926214,0.001385352,0.000918581,0.001187482,0.001338338,0.001064118,0.001403693,0.001205487,0.001399271,0.001408936,0.000967864,0.001473051,0.00097668,0.001394338,0.001428902,0.001040185,0.00121813,0.001372735,0.00133261,0.001343026,0.000711489,0.001365703,0.001375894,0.00116495,0.001216292,0.00085879,0.001378281,0.001411669,0.001125768,0.001317578,0.0007412,0.001358171,0.001364941,0.001086497,0.001261778,0.000861933,0.001402993,0.00134172,0.001002895,0.001229669
1606.429227,0.000953082,0.00139621,0.000947294,0.00120139,0.00134714,0.001081517,0.001413512,0.001222577,0.001412663,0.001419731,0.000994926,0.001488102,0.001003294,0.001403838,0.001441323,0.001060287,0.001232295,0.001386916,0.001341478,0.001351678,0.000747158,0.001378593,0.001387882,0.001180601,0.001231497,0.000893062,0.001390716,0.00142249,0.001142906,0.001333396,0.00077761,0.00137216,0.001378472,0.001110468,0.00127737,0.000893983,0.001418673,0.001354864,0.001033893,0.001245884
1608.357713,0.000977449,0.001406217,0.000972081,0.001215118,0.001355482,0.001098736,0.001421985,0.001239551,0.001424968,0.001429501,0.001019909,0.00150216,0.001027053,0.001412275,0.001453648,0.00108057,0.001246302,0.001399673,0.00134896,0.0013591,0.000774097,0.001389408,0.001397691,0.001196138,0.001246192,0.000922829,0.001400946,0.001431468,0.001159905,0.001348989,0.000805912,0.001384709,0.001389608,0.001134334,0.001292886,0.000920902,0.001433377,0.001366729,0.001061047,0.001261496
1610.286199,0.0009984,0.001415551,0.00098966,0.001229547,0.001364422,0.001115909,0.001430142,0.00125657,0.001436985,0.001439286,0.001042059,0.001515712,0.001045783,0.001419711,0.001466369,0.001101165,0.001260385,0.001411809,0.001356737,0.001367058,0.00078629,0.001398659,0.001405706,0.00121161,0.001260808,0.000945024,0.0014091,0.00143899,0.001177273,0.001364481,0.000820346,0.00139621,0.001399002,0.001157461,0.001308665,0.000939656,0.001447695,0.001377389,0.001081114,0.001276495
1612.214686,0.001016266,0.001425006,0.001000097,0.001244688,0.001373985,0.001133523,0.001438762,0.001274158,0.001449014,0.001449531,0.001061644,0.001529219,0.001059569,0.001426374,0.001479404,0.001121596,0.001274907,0.001423187,0.001365345,0.001375881,0.000784273,0.001407047,0.001412617,0.001227141,0.001275741,0.000959697,0.001415837,0.001445469,0.001195358,0.001379972,0.000821305,0.001407539,0.001407637,0.001179756,0.001324632,0.000950853,0.001460749,0.001386976,0.001093951,0.00129156
1614.143172,0.001031471,0.001434079,0.001006474,0.00125969,0.001383474,0.001151923,0.001447098,0.001292478,0.001460225,0.001457747,0.001079551,0.001542165,0.001070466,0.001432285,0.001492366,0.001141876,0.001289815,0.001433122,0.001372893,0.001383202,0.000774154,0.001413948,0.001418441,0.001242522,0.001290074,0.00097012,0.001421267,0.001450519,0.001213729,0.001394475,0.000814505,0.001417994,0.001414964,0.001199772,0.001340455,0.000957736,0.001472012,0.001395144,0.001102277,0.001307022
1616.071659,0.001045691,0.001442503,0.001012325,0.001274676,0.00139314,0.001171278,0.001453778,0.001311098,0.001470366,0.001462717,0.001096812,0.001554255,0.001081512,0.00143767,0.001505076,0.001162406,0.001305329,0.001442048,0.001378739,0.001388516,0.000763668,0.001419816,0.001423654,0.001257941,0.001303858,0.00098074,0.00142553,0.001454917,0.001232327,0.001408298,0.000807647,0.001427936,0.001421208,0.001218139,0.001356165,0.000964541,0.001482539,0.001402882,0.001109791,0.001322299
1618.000145,0.001057044,0.001448163,0.001016561,0.001287772,0.001399405,0.001186307,0.001456185,0.001325838,0.001477069,0.001468121,0.001109613,0.001563824,0.001091115,0.001440208,0.001514667,0.00117899,0.001317538,0.001449081,0.001381837,0.001394808,0.000754973,0.001423246,0.001425991,0.001270328,0.001315535,0.000991768,0.001426616,0.001456527,0.001247339,0.001420522,0.000802319,0.00143407,0.001423762,0.001240313,0.001369982,0.000971805,0.001490789,0.001406457,0.001115878,0.001334357
1619.928632,0.001066561,0.001454207,0.001021761,0.001299965,0.001405428,0.001199254,0.001458344,0.001339735,0.00148301,0.001474029,0.001120621,0.00157243,0.0011019,0.00144284,0.001523411,0.001193334,0.001328589,0.001455856,0.001384728,0.001401651,0.000751954,0.00142672,0.001428392,0.001282378,0.001327047,0.001005359,0.001427661,0.001458049,0.00126106,0.001432652,0.000801761,0.001438731,0.001426103,0.001263193,0.001383103,0.000981882,0.001498319,0.00140852,0.00112375,0.001346016
1621.857118,0.001076255,0.001462772,0.001030014,0.001313569,0.001415108,0.001214425,0.001462475,0.001355444,0.001490629,0.001478303,0.001132928,0.001581255,0.001116098,0.001448214,0.001533824,0.0012087,0.001341832,0.001463473,0.001389352,0.001407777,0.000756085,0.001432348,0.001433479,0.001296444,0.001340337,0.001022643,0.00143094,0.00146155,0.001276656,0.001445706,0.000807618,0.001445023,0.001431366,0.001282978,0.001396665,0.000996387,0.001505804,0.001413385,0.001135081,0.001359415
1623.785605,0.001084928,0.001472009,0.001038732,0.001328066,0.00142615,0.001228885,0.001467362,0.001370214,0.001498857,0.001483763,0.001144,0.001589602,0.001131201,0.00145488,0.001544309,0.001223154,0.001354876,0.00147167,0.001395767,0.00141582,0.000763935,0.001439171,0.001439551,0.001311123,0.00135485,0.001041089,0.001435274,0.001465523,0.001291774,0.001459148,0.000816181,0.001451869,0.001437418,0.001302961,0.00141093,0.001012904,0.001512869,0.001419537,0.001147166,0.001373078
1625.714091,0.001091957,0.001481729,0.001046932,0.001342082,0.001436912,0.001241571,0.001472183,0.001383234,0.00150668,0.00148953,0.001152799,0.001596951,0.001145714,0.001461738,0.001553724,0.001235694,0.001366636,0.001479361,0.001403066,0.001424523,0.000773347,0.001446003,0.00144541,0.001325526,0.001369568,0.0010592,0.001439344,0.001468631,0.001305342,0.001471892,0.000825762,0.001458268,0.001442761,0.001322398,0.001424784,0.001029727,0.00151955,0.001424906,0.001159029,0.001386625
1627.642578,0.001097034,0.001491024,0.001054153,0.001354571,0.001446835,0.001252058,0.001476232,0.001394001,0.001513201,0.001493892,0.001159641,0.001602679,0.001158464,0.001467335,0.001561546,0.001246275,0.001376839,0.001485747,0.001409192,0.001431721,0.000782665,0.001451974,0.001450656,0.001338394,0.001382949,0.001076373,0.001442293,0.001470963,0.001316901,0.001482741,0.00083563,0.001463535,0.001446947,0.001339286,0.001436385,0.001045988,0.001524675,0.001428298,0.001169924,0.001398561
1629.571064,0.001100229,0.001498025,0.001059521,0.001364619,0.001455145,0.001259492,0.00147929,0.001401667,0.001517729,0.001497222,0.001164612,0.001606036,0.001169286,0.001470806,0.001567448,0.001254346,0.001384722,0.001490395,0.00141344,0.001437173,0.000791343,0.001456318,0.001454218,0.001349291,0.001394067,0.001091878,0.0014436,0.001472787,0.001325579,0.001490638,0.000844677,0.001467107,0.001449743,0.001353239,0.001445166,0.001060902,0.001527362,0.001430192,0.001179018,0.001407877
1631.499551,0.00110149,0.001501595,0.001062731,0.001371589,0.001460559,0.001263652,0.001479643,0.001405239,0.001519034,0.00149855,0.001167116,0.001606443,0.001177327,0.001471462,0.001570064,0.001259398,0.001389093,0.001492395,0.001414856,0.001439275,0.000798471,0.001458028,0.001455234,0.001356295,0.001401537,0.001104662,0.001442512,0.001472508,0.0013302,0.001494054,0.000852091,0.001467588,0.001450194,0.001363542,0.001450145,0.001073458,0.001526837,0.001430118,0.001185575,0.001414096
1633.428037,0.001102659,0.001504139,0.001065961,0.001376339,0.001465112,0.001267389,0.001478483,0.001407187,0.001518601,0.001495713,0.001169326,0.001605451,0.001184363,0.001470275,0.001570789,0.001263935,0.001391819,0.001492194,0.001413803,0.001436484,0.000805156,0.001458606,0.00145524,0.001360789,0.001406204,0.001116122,0.001440704,0.001471655,0.001332921,0.001494834,0.00085945,0.001466762,0.001449681,0.00136795,0.001452847,0.001084549,0.00152399,0.001429414,0.001191168,0.001418602
1635.356524,0.001102563,0.001504338,0.001067408,0.001377912,0.001466951,0.00126896,0.001474668,0.001406337,0.001515458,0.001489063,0.001169581,0.001601733,0.001189177,0.001465684,0.001568684,0.0012663,0.001391794,0.001488603,0.001409694,0.001430919,0.000810009,0.0014565,0.001452301,0.001362119,0.001407446,0.001124751,0.001436631,0.001468743,0.001331964,0.001492418,0.000864832,0.001463045,0.001446316,0.001369649,0.001452682,0.001093039,0.001518064,0.001425866,0.00119414,0.001419627
1637.28501,0.001099578,0.001500038,0.001064665,0.001376015,0.001463607,0.001265214,0.001466614,0.001400786,0.00150825,0.001482352,0.001165895,0.001594532,0.0011894,0.001457099,0.001562449,0.00126424,0.001387395,0.001482086,0.001401635,0.001425462,0.000810977,0.001450657,0.001445355,0.001358773,0.001404776,0.001129073,0.001428897,0.00146185,0.001325801,0.001486129,0.000865971,0.001454889,0.001438505,0.00137316,0.001448712,0.001097451,0.001509285,0.001417259,0.001192955,0.001415955
1639.213496,0.001095202,0.001493513,0.001060214,0.001372043,0.001458529,0.001259961,0.001456145,0.001393397,0.001498849,0.001473831,0.001160419,0.001584884,0.001188122,0.001447259,0.001554221,0.001260884,0.001381723,0.001473521,0.00139069,0.001418066,0.00081026,0.001443386,0.001436673,0.001353104,0.001399769,0.001130889,0.001419073,0.001453024,0.001318273,0.001477458,0.000865429,0.001444654,0.001428682,0.001374834,0.001442646,0.001099555,0.001498919,0.001406445,0.001189621,0.001410476
1641.141983,0.00109034,0.001486598,0.001055321,0.001367696,0.001453937,0.001255542,0.001444759,0.001386092,0.0014888,0.001463007,0.001154636,0.001574309,0.001186952,0.001437345,0.001545372,0.001257923,0.001375776,0.001463776,0.001378711,0.001408402,0.000809044,0.001436173,0.001428126,0.001346755,0.001394099,0.001130972,0.001409029,0.00144412,0.001310246,0.001468422,0.000864268,0.001434146,0.001418907,0.001374083,0.00143621,0.001100757,0.0014875,0.001395523,0.001185606,0.001404361
1643.070469,0.001085482,0.001480063,0.00104997,0.001363666,0.001450168,0.001251944,0.001433003,0.00137911,0.001478553,0.001450767,0.001148566,0.0015639,0.001185711,0.001427926,0.001536662,0.001255082,0.001369912,0.001453408,0.001365934,0.001397529,0.000807571,0.001428899,0.001419871,0.001340658,0.001388773,0.001129812,0.001399465,0.001435235,0.00130241,0.001459697,0.000862447,0.001423724,0.001409699,0.0013713,0.001429678,0.001101071,0.001474848,0.001385138,0.001181161,0.001397974
1644.998956,0.00108042,0.001473978,0.001044478,0.001359908,0.001447466,0.001249481,0.001421468,0.001372807,0.001468775,0.001436627,0.001141855,0.001552833,0.001184483,0.001419572,0.001527899,0.001252762,0.001365017,0.001442389,0.00135249,0.001386446,0.000805747,0.001421554,0.001411778,0.001334989,0.001383524,0.001127504,0.001389848,0.001426655,0.001295793,0.001450856,0.000860062,0.001413454,0.001401029,0.001366204,0.001423421,0.001100374,0.001462073,0.001375299,0.001176001,0.001391823
1646.927442,0.00107384,0.001467094,0.001037415,0.001356037,0.001444081,0.001245728,0.001409135,0.001365885,0.001458028,0.001422864,0.001133762,0.001540861,0.001181828,0.001411257,0.001518148,0.001249331,0.001359418,0.001431071,0.001338223,0.00137656,0.000802694,0.00141393,0.001402965,0.001328686,0.001377689,0.00112323,0.001379165,0.001417082,0.001288207,0.001442153,0.000855711,0.00140265,0.001391515,0.001362578,0.001416907,0.001098093,0.001449506,0.001364163,0.00116926,0.001384949
1648.855929,0.001064886,0.001458377,0.001027919,0.001350963,0.001438433,0.001239125,0.001394914,0.001356634,0.001445153,0.001409549,0.001123371,0.001527666,0.00117654,0.001401505,0.001506986,0.001243416,0.001352241,0.001418924,0.001322689,0.001367139,0.000797574,0.001404927,0.001392479,0.001321188,0.001370527,0.001116541,0.001367302,0.001405374,0.00127882,0.001432463,0.000848566,0.00139004,0.001379583,0.001360381,0.001408594,0.001093295,0.001435624,0.001350624,0.001159921,0.001376538
1650.784415,0.001057251,0.001451885,0.001021216,0.001347256,0.001435868,0.001236827,0.001383071,0.001350529,0.001434735,0.001392724,0.001116213,0.00151595,0.001173507,0.00139394,0.001497502,0.001240754,0.001348004,0.001407416,0.001307874,0.001354605,0.000794403,0.001397898,0.001384539,0.001316257,0.001364686,0.00111095,0.001358054,0.001396543,0.001273244,0.001423766,0.000843566,0.001379918,0.001370635,0.001352837,0.001401139,0.001089698,0.00142221,0.00134042,0.00115248,0.001370739
1652.712902,0.001049,0.001445675,0.001015228,0.001343673,0.001434146,0.001236525,0.001371113,0.001345155,0.001424154,0.001374249,0.001109764,0.001504287,0.001170891,0.001387,0.001488396,0.001238811,0.001344157,0.001395264,0.001292038,0.001340122,0.000791382,0.001390769,0.001376383,0.001311284,0.001358714,0.001104159,0.001348056,0.001387291,0.001268305,0.001414766,0.00083858,0.001370136,0.001362404,0.001343416,0.001393891,0.00108564,0.001407885,0.001330876,0.001144643,0.00136508
1654.641388,0.001035073,0.001433982,0.0010031,0.001336582,0.001425233,0.00122831,0.001353923,0.001333199,0.001408254,0.001360567,0.001096128,0.001488536,0.001161795,0.001375177,0.001475182,0.001230064,0.001334708,0.001381036,0.001273404,0.001329419,0.000782595,0.001378803,0.001362474,0.001301199,0.001349061,0.001091497,0.001332667,0.001372298,0.001256982,0.001402981,0.000827351,0.001355052,0.00134755,0.001341392,0.001384449,0.001075773,0.001391153,0.001314443,0.001130782,0.001353678
1656.569875,0.001018886,0.001420235,0.000989238,0.001327705,0.001413712,0.001217942,0.001334919,0.001319575,0.001390252,0.001346099,0.00108047,0.001470871,0.001150656,0.001361576,0.001459669,0.001218847,0.001323941,0.001365223,0.001253035,0.001317586,0.000772358,0.001365209,0.001346714,0.001289515,0.001337391,0.001076039,0.001315757,0.001355847,0.001244556,0.001389626,0.000814603,0.001337814,0.001330612,0.001338465,0.001373204,0.001063007,0.001373014,0.001295929,0.001114966,0.00134068
1658.498361,0.001002357,0.001406843,0.000977215,0.0013187,0.001403383,0.001210352,0.001315991,0.001307862,0.001372083,0.00132755,0.001066129,0.001452865,0.001140684,0.001348585,0.001443697,0.001208238,0.001314092,0.001347904,0.001231851,0.001301175,0.00076323,0.001351447,0.001331665,0.001278442,0.001325001,0.001059582,0.001299384,0.001340148,0.001233977,0.001375299,0.000803205,0.001320893,0.001314901,0.001329612,0.001360919,0.001049472,0.001353818,0.001279017,0.001099365,0.001328653
1660.426848,0.000984318,0.001392501,0.000965611,0.001308891,0.00139243,0.001202961,0.001296244,0.001296224,0.001352773,0.001306894,0.001051392,0.001433614,0.001129898,0.001335105,0.001426302,0.00119662,0.001303531,0.001329241,0.001209815,0.00128186,0.000753927,0.001336421,0.001315707,0.001267085,0.001311312,0.001041474,0.001282495,0.001324137,0.001223367,0.001360233,0.000791939,0.00130336,0.001298518,0.00131748,0.001347552,0.001034777,0.001333493,0.001261816,0.001083178,0.001315977
1662.355334,0.000964466,0.001376821,0.000953336,0.001297408,0.001379957,0.001194408,0.001275373,0.001283223,0.00133191,0.001283967,0.001035645,0.001413156,0.001117554,0.001320228,0.001407075,0.001183114,0.001292192,0.00130927,0.001186273,0.001260823,0.000744005,0.001320045,0.001297984,0.001254228,0.001295736,0.001021384,0.001264144,0.001306766,0.001211781,0.001343626,0.000780198,0.001284448,0.001280809,0.001303054,0.001332293,0.001018392,0.001312107,0.001243416,0.001065631,0.001302136
1664.283821,0.000943411,0.001359578,0.000939878,0.001284681,0.001365407,0.001184011,0.001253278,0.001268742,0.001309736,0.001261522,0.001018117,0.001391881,0.001103773,0.001303773,0.001386584,0.001167522,0.001279541,0.001288692,0.001162003,0.001239954,0.000733384,0.001302205,0.001278758,0.001239813,0.001278896,0.001000046,0.001244589,0.001288169,0.00119916,0.001326191,0.000767679,0.001264317,0.001261809,0.001288999,0.001316151,0.001000171,0.001290321,0.001223734,0.001046628,0.001287406
1666.212307,0.000922475,0.001341615,0.000926762,0.001271821,0.001350198,0.001173356,0.001230885,0.001253972,0.00128718,0.001238291,0.001000271,0.001370065,0.001089922,0.001287449,0.001365886,0.001151157,0.00126667,0.00126761,0.00113757,0.00121732,0.000723423,0.001283303,0.001259014,0.001225469,0.001261366,0.000978455,0.001224714,0.001269064,0.001186584,0.001308715,0.000755605,0.001243671,0.001242415,0.001272881,0.001299587,0.000981485,0.0012679,0.001203718,0.001027784,0.001272395
1668.140793,0.000902722,0.001324393,0.000915421,0.001259786,0.001335727,0.001164025,0.001209416,0.001240446,0.001265702,0.001213943,0.000984016,0.001348648,0.001077256,0.001272208,0.001345896,0.001135832,0.001255274,0.001247099,0.001113755,0.001193658,0.0007152,0.001264867,0.001240156,0.001212361,0.00124449,0.000957673,0.001205709,0.00125076,0.001175275,0.001291925,0.000745265,0.001224343,0.001224366,0.001254565,0.001283347,0.000963735,0.001246402,0.001185456,0.001010204,0.001257998
1670.06928,0.000882959,0.001306184,0.000903654,0.001246991,0.00132001,0.001153521,0.001187245,0.00122613,0.001243591,0.001190797,0.000967072,0.001326779,0.001064091,0.001256603,0.001324997,0.001119712,0.001243228,0.001226694,0.001089871,0.001171089,0.000707311,0.001245906,0.001220423,0.001198633,0.001227465,0.00093676,0.001186497,0.001231833,0.001163684,0.001275395,0.0007352,0.001204649,0.001205827,0.001237018,0.001266829,0.000946008,0.001224887,0.001167062,0.00099226,0.001243237
1671.997766,0.000863563,0.001287157,0.000891779,0.0012339,0.001303567,0.001141828,0.001164852,0.001211222,0.001221242,0.001168733,0.000949962,0.001304907,0.001050585,0.001241051,0.001303989,0.001102953,0.001230748,0.001206692,0.00106645,0.001149642,0.000699758,0.001226387,0.001200123,0.001184643,0.001209838,0.000916018,0.001167423,0.001212606,0.001151404,0.001259359,0.000725272,0.001184405,0.001186713,0.001220321,0.001250402,0.000928516,0.001203455,0.001148206,0.000974548,0.001228351
1673.926253,0.000846591,0.00126917,0.000882229,0.001222031,0.001288472,0.001131892,0.001143475,0.001198184,0.001200459,0.001145981,0.000935194,0.001284062,0.001038763,0.001226657,0.001284354,0.0010884,0.001220135,0.001187655,0.001044228,0.001127656,0.000694452,0.001207893,0.001180987,0.001172111,0.001193059,0.000897279,0.001149945,0.00119485,0.0011408,0.001244509,0.000717492,0.001165673,0.001169174,0.001202301,0.001234996,0.00091279,0.001183614,0.001131145,0.000958934,0.001214715
1675.854739,0.000830634,0.001250916,0.000873101,0.001209889,0.001272785,0.001121593,0.001121937,0.001184805,0.00117979,0.001124061,0.000920363,0.00126339,0.001027106,0.001212274,0.001264737,0.001073804,0.001209646,0.001168715,0.00102238,0.001106221,0.00069006,0.00118919,0.001161709,0.001159193,0.001176349,0.000879112,0.001132499,0.0011767,0.001130131,0.001230079,0.000710366,0.001146971,0.001151469,0.001184866,0.00121946,0.000897447,0.001164243,0.001113878,0.000943722,0.001200907
1677.783226,0.000815621,0.001232622,0.000864416,0.001197568,0.001256016,0.001110477,0.001100722,0.001171393,0.001159557,0.001103939,0.000905703,0.001243315,0.001015559,0.001198202,0.001245664,0.00105865,0.001199029,0.001150544,0.001001072,0.001086577,0.000686657,0.001170414,0.001142492,0.001146041,0.001159786,0.0008616,0.001115172,0.001158332,0.001119137,0.001216616,0.000704034,0.001128699,0.001133684,0.001169898,0.001204348,0.000882593,0.001145568,0.001096454,0.000928957,0.001187217
1679.711712,0.00080279,0.001215259,0.000858062,0.00118626,0.001240229,0.001101435,0.001080347,0.001159709,0.001140615,0.001083194,0.000893228,0.001224289,0.00100573,0.00118563,0.001227505,0.001045076,0.001189696,0.001133347,0.000980487,0.001066574,0.000685547,0.001152513,0.001124336,0.001134037,0.001144037,0.000845715,0.001099057,0.001140755,0.001109911,0.001203807,0.000699959,0.001111746,0.001117362,0.001154375,0.001190108,0.000869366,0.001127624,0.001080675,0.000915887,0.001174657
1681.640199,0.000792849,0.001199684,0.000854759,0.001176751,0.001226745,0.001095938,0.00106193,0.001151073,0.001123736,0.001062059,0.000883919,0.00120695,0.000998697,0.001174908,0.001211217,0.001034475,0.001182649,0.001117522,0.000961656,0.001046176,0.000687318,0.001136273,0.001108204,0.001124329,0.001129927,0.000832144,0.001085053,0.001125266,0.001103615,0.001192623,0.00069877,0.001096903,0.001103389,0.001137909,0.001177263,0.000858367,0.00111147,0.001067439,0.000905589,0.001164127
1683.568685,0.000785705,0.001185577,0.000854441,0.001168544,0.00121512,0.001093868,0.001045018,0.001145311,0.001108446,0.001040426,0.000877557,0.00119123,0.000994119,0.001165876,0.001196835,0.001026854,0.001177795,0.001102424,0.000943954,0.001025347,0.000691826,0.001121601,0.001093475,0.001116806,0.001117334,0.000820781,0.001072688,0.001111579,0.001100292,0.001183504,0.000700485,0.001084129,0.001091427,0.001121137,0.001166182,0.00084963,0.001097239,0.001056436,0.000897694,0.001155891
1685.497172,0.000778525,0.001169925,0.000853264,0.001160243,0.001201447,0.001089739,0.0010263,0.001138254,0.001091983,0.001022554,0.000869742,0.001175172,0.000988347,0.001156456,0.001181772,0.00101784,0.001172213,0.001087519,0.000926017,0.001008283,0.000695265,0.001105744,0.001077242,0.001108626,0.001104783,0.000809184,0.001059287,0.001096115,0.00109577,0.00117515,0.000701112,0.001070268,0.001077474,0.001110636,0.001156237,0.000840478,0.001083304,0.001043466,0.00088888,0.001146713
1687.425658,0.000771565,0.001153903,0.000851329,0.00115198,0.00118586,0.001083693,0.001006841,0.001131209,0.001075225,0.001007792,0.000861373,0.001158806,0.000982276,0.001146626,0.001166637,0.001007718,0.00116654,0.001073441,0.000908356,0.000993898,0.000697943,0.001089152,0.001060417,0.001100282,0.001092638,0.000797851,0.00104536,0.001079697,0.001091077,0.001167716,0.000701263,0.001055442,0.001061953,0.001105084,0.00114656,0.000831015,0.001069595,0.001028772,0.000879747,0.001137064
1689.354145,0.000767757,0.00114098,0.000853041,0.001146069,0.001173667,0.001082471,0.000989843,0.001128479,0.00106119,0.000991159,0.000856925,0.001144909,0.000979864,0.0011398,0.001154043,0.00100176,0.001164188,0.001061163,0.000892189,0.000977874,0.000703748,0.001074825,0.001046232,0.001095256,0.001082503,0.000789407,0.001033694,0.001065982,0.001090914,0.001162768,0.000705025,0.00104332,0.001049405,0.001097468,0.001138655,0.000824361,0.001057577,0.001017214,0.000873683,0.001130467
1691.282631,0.000765596,0.001129089,0.000856189,0.001141978,0.001163385,0.001083444,0.000973597,0.001128121,0.001048207,0.000975235,0.000853682,0.001132335,0.000979073,0.001134677,0.00114285,0.000998174,0.001163778,0.001049957,0.00087693,0.000962851,0.000711027,0.001061457,0.001032713,0.001092467,0.001073912,0.000782753,0.001023007,0.001053379,0.001093081,0.001160026,0.000710285,0.001032567,0.00103792,0.001091703,0.001132687,0.000819278,0.001047107,0.00100708,0.000869175,0.0011257
1693.211118,0.00076553,0.001118796,0.000861163,0.001139782,0.001155384,0.001087555,0.000958721,0.001131256,0.001037012,0.000958385,0.000853175,0.001120962,0.000980947,0.001131388,0.001133437,0.000997175,0.001166092,0.001039555,0.000862602,0.000946866,0.000720243,0.001049536,0.001020802,0.001092045,0.001067393,0.000778402,0.001013811,0.001042234,0.00109855,0.001159035,0.000717784,0.001023277,0.001028098,0.001085336,0.001128596,0.000816196,0.001037998,0.000998992,0.00086686,0.001123601
1695.139604,0.000768322,0.001111122,0.000869222,0.001140583,0.001150243,0.001096559,0.000945355,0.001138625,0.00102786,0.000941214,0.000856228,0.001111828,0.00098619,0.001131094,0.001126509,0.001000038,0.001171754,0.001030923,0.000849246,0.000930532,0.000731871,0.001039141,0.001011037,0.00109451,0.001063203,0.00077662,0.001006476,0.001032873,0.001107896,0.001161014,0.00072801,0.001016489,0.001020395,0.001079527,0.001127301,0.000815693,0.001030326,0.000993046,0.000867034,0.001124168
1697.06809,0.000771074,0.001102837,0.000876292,0.001141515,0.001143299,0.001104475,0.000930392,0.0011456,0.001017207,0.000927075,0.000857876,0.001101918,0.000990482,0.001130182,0.001118999,0.001002556,0.001177318,0.001022191,0.000835267,0.000916152,0.000741939,0.001027299,0.000999711,0.001096594,0.001058793,0.000774337,0.000997904,0.001021911,0.001116924,0.001164116,0.000736958,0.001008322,0.001010464,0.001079046,0.001126214,0.000814336,0.001022408,0.000984503,0.000865988,0.001124118
1698.996577,0.000776157,0.001096079,0.00088516,0.001144198,0.001138054,0.001115106,0.000916311,0.001154921,0.001007679,0.000912748,0.000861847,0.001092841,0.000996601,0.001130422,0.001112444,0.001007748,0.001184983,0.001014039,0.000822123,0.000900991,0.000752798,0.001016364,0.000989732,0.001100586,0.00105559,0.000773915,0.000990118,0.001012183,0.001128746,0.001168491,0.00074724,0.001001034,0.001001673,0.001078791,0.001126779,0.000814344,0.001015316,0.000977221,0.00086632,0.001126045
1700.925063,0.00078264,0.0010898,0.000894941,0.001148286,0.001133195,0.001126565,0.000902156,0.001164951,0.00099816,0.000899531,0.000866761,0.001084209,0.00100347,0.001131085,0.001106563,0.001014651,0.001193186,0.001006708,0.000809207,0.000887211,0.000763889,0.001005645,0.0009797,0.001105621,0.001053223,0.000774909,0.000982141,0.001002254,0.001141872,0.001173798,0.000757833,0.000994093,0.000992736,0.001081294,0.001128473,0.000815393,0.001008362,0.000969608,0.000866822,0.001128411
1702.85355,0.000789028,0.001083316,0.000903623,0.001152383,0.001127176,0.001135408,0.000887497,0.001173505,0.000988034,0.000889254,0.000870939,0.001075371,0.00100931,0.001130957,0.001100606,0.00102055,0.001200483,0.001000059,0.000796651,0.000875956,0.000773681,0.000994646,0.000969037,0.001110324,0.001051223,0.000776423,0.000973341,0.00099104,0.001154061,0.001179421,0.00076706,0.000986055,0.00098217,0.00108806,0.001129973,0.00081651,0.001001645,0.000960124,0.000866431,0.00113038
1704.782036,0.00079835,0.001079725,0.000915165,0.001158689,0.001124646,0.001147651,0.000875156,0.00118487,0.000980516,0.000878458,0.000879004,0.001068819,0.001018099,0.001132836,0.001096935,0.001029542,0.001210341,0.000994811,0.000785853,0.000864039,0.000785862,0.000985767,0.000961072,0.001117435,0.001051588,0.000781201,0.000966312,0.000982184,0.001168769,0.001186583,0.000778859,0.000980458,0.000974293,0.001093606,0.001133034,0.000820838,0.000996596,0.000953702,0.000868853,0.001135111
1706.710523,0.000808608,0.001076536,0.000927319,0.001165245,0.001122976,0.001160416,0.000863185,0.001196194,0.000973347,0.00086767,0.000888065,0.00106269,0.001028059,0.001134643,0.001093672,0.001039497,0.001220258,0.000989598,0.000775013,0.000852398,0.000798709,0.000977397,0.000953219,0.00112426,0.001052554,0.000787398,0.000959274,0.000973416,0.001182926,0.001193391,0.000791373,0.000975128,0.000966764,0.001099455,0.00113595,0.000826772,0.000991506,0.000947507,0.000872095,0.001139543
1708.639009,0.000819046,0.001072689,0.000939129,0.001170255,0.001120701,0.001171614,0.000850988,0.001205878,0.000965672,0.000857213,0.000897018,0.001056169,0.001037893,0.001135392,0.0010897,0.00104893,0.001228677,0.000984323,0.000764024,0.000841266,0.000811229,0.00096897,0.000944774,0.001129207,0.001053038,0.00079423,0.000951756,0.000964195,0.001194885,0.001198919,0.000803382,0.00096895,0.000958706,0.001105784,0.001138095,0.000833419,0.00098601,0.000940435,0.000875252,0.001142361
1710.567496,0.00082965,0.00106776,0.000951237,0.001172872,0.001117379,0.001181333,0.000838604,0.001213033,0.000957129,0.000845334,0.000905917,0.00104865,0.001047298,0.001134225,0.001084378,0.001057704,0.001234981,0.00097791,0.000752685,0.000828594,0.000823595,0.000959804,0.00093556,0.001131955,0.001052062,0.00080128,0.000943403,0.000954366,0.00120385,0.001201638,0.000815281,0.00096196,0.000950287,0.00110983,0.00113805,0.000840543,0.000979237,0.000932866,0.000878303,0.001143597
1712.495982,0.000839625,0.001060936,0.000962371,0.001173245,0.001112448,0.001188402,0.000825461,0.001216522,0.000947306,0.00083227,0.000914001,0.001039411,0.00105557,0.001130361,0.001077081,0.001064637,0.001238475,0.00096984,0.000740362,0.000814321,0.000835469,0.000949542,0.000925296,0.001132055,0.001048928,0.000807971,0.000933867,0.000943261,0.001208814,0.00120089,0.000826628,0.000953475,0.000940622,0.001111287,0.001135268,0.000847543,0.000970773,0.000924272,0.000880822,0.001142667
1714.424469,0.000849263,0.001052491,0.000972997,0.001170969,0.001106604,0.001194026,0.000811723,0.001217499,0.00093665,0.000816914,0.000922321,0.001028766,0.001062992,0.001124338,0.001068035,0.001070482,0.00123971,0.000960448,0.000727145,0.000798044,0.000847601,0.000938513,0.000914262,0.001129343,0.001043988,0.000814316,0.00092339,0.000931494,0.001211131,0.001196959,0.000837742,0.000943912,0.000930399,0.001108717,0.001130039,0.000854557,0.000960782,0.000915316,0.00088282,0.001139775
1716.352955,0.000857959,0.001042112,0.000982904,0.001166107,0.001098795,0.001197781,0.000797269,0.001215687,0.000924649,0.000800228,0.000930014,0.001016808,0.001069014,0.001115812,0.001056749,0.001074931,0.001238291,0.000949616,0.000713259,0.000780735,0.000859143,0.00092634,0.000902039,0.001123926,0.001037086,0.000819783,0.000911676,0.000918808,0.001210517,0.001189616,0.000848045,0.000932869,0.000919253,0.00110355,0.001122322,0.000860998,0.000949376,0.000905387,0.000883746,0.001134759
1718.281442,0.000864694,0.001028706,0.00098995,0.001159207,0.001087301,0.001197518,0.000780714,0.001209981,0.000909834,0.000784605,0.000934745,0.001002381,0.001071882,0.001104197,0.001042448,0.001076278,0.001232921,0.000936753,0.000698102,0.000764497,0.000868658,0.000912105,0.000887282,0.001115918,0.001027497,0.000823318,0.000897653,0.000903669,0.001205684,0.001179218,0.00085591,0.000919,0.000905193,0.001099951,0.001112183,0.000865603,0.000935892,0.000892428,0.000882116,0.001126591
1720.209928,0.00086933,0.001012454,0.000993766,0.00115008,0.001072753,0.001193356,0.000762349,0.00120088,0.000892425,0.000769598,0.000936582,0.000985082,0.001071537,0.001089976,0.001025669,0.001074681,0.001224088,0.000921803,0.000681796,0.000749231,0.00087623,0.000895845,0.000870498,0.001106189,0.001016198,0.000824603,0.000881557,0.000885879,0.001197422,0.001166336,0.000860792,0.000902675,0.000888521,0.00109791,0.001100317,0.000868379,0.000920252,0.000876387,0.000877995,0.001116084
1722.138415,0.000874157,0.000996237,0.000997351,0.001140741,0.001058703,0.00119034,0.000744562,0.001192273,0.000875141,0.000752931,0.00093912,0.00096734,0.001071369,0.001075663,0.001008388,0.001073479,0.00121566,0.000906251,0.000665635,0.000732627,0.000883868,0.00087964,0.000854664,0.001097314,0.001005347,0.000825748,0.000865852,0.000868908,0.001189639,0.001152292,0.000865294,0.000886555,0.000872579,0.001093368,0.001088608,0.000871594,0.000904154,0.000861028,0.000874176,0.001106647
1724.066901,0.000878757,0.000979846,0.001000445,0.001131053,0.001044518,0.001188682,0.00072706,0.001184025,0.000857841,0.000735018,0.000941696,0.000949205,0.001070675,0.0010612,0.000990545,0.001072503,0.001207084,0.000890166,0.000649499,0.000715335,0.000889518,0.000863639,0.000839138,0.001088673,0.00099417,0.000825439,0.000850071,0.000852789,0.001182079,0.001137074,0.0008686,0.000870169,0.000856925,0.001087322,0.001076543,0.000873745,0.000887224,0.000845896,0.000869669,0.001097492
1725.995387,0.00088229,0.000962846,0.001002067,0.001120825,0.001029368,0.001186798,0.000709618,0.001175116,0.000840158,0.000717514,0.000943015,0.000930418,0.001068386,0.001046374,0.000972272,0.00107085,0.001197141,0.000873578,0.000633571,0.000698838,0.00089171,0.000847735,0.000823705,0.001080171,0.000982615,0.000822714,0.000834075,0.000836732,0.001174008,0.001121221,0.000869278,0.000853296,0.000841021,0.001081818,0.001064745,0.000873717,0.000869705,0.000830204,0.000863773,0.00108811
1727.923874,0.000885239,0.000945865,0.001002514,0.00111034,0.001014229,0.001185258,0.000692328,0.001165341,0.000822291,0.000699538,0.000943762,0.000911312,0.001065063,0.001031678,0.000953708,0.001068845,0.001187017,0.000856465,0.000617806,0.000681896,0.000891386,0.000832075,0.00080877,0.00107191,0.00097107,0.000818214,0.000818413,0.000821404,0.001166025,0.00110465,0.000867768,0.00083654,0.0008253,0.001074477,0.001052727,0.000872148,0.0008518,0.000814718,0.00085682,0.001079088
1729.85236,0.000886682,0.00092866,0.001001221,0.001099128,0.000998645,0.001182512,0.000675269,0.001153463,0.000804139,0.000681497,0.000943305,0.000891863,0.001059852,0.001016642,0.000934934,0.001065749,0.001176121,0.000838985,0.000602212,0.000665253,0.000888549,0.000816479,0.00079404,0.001063091,0.000959182,0.000812017,0.000802869,0.000806302,0.001157051,0.001087042,0.000863869,0.000819552,0.000809281,0.0010654,0.001039748,0.000868558,0.000833466,0.000798719,0.000848601,0.001069612
1731.780847,0.000886856,0.000912054,0.000999137,0.001087108,0.000983748,0.001179259,0.000659325,0.001140621,0.000786618,0.000661889,0.000942242,0.0008727,0.001053627,0.001001535,0.000916545,0.001062223,0.001164257,0.000821367,0.00058682,0.000647463,0.000884922,0.000801391,0.000780078,0.001053799,0.000946922,0.000804821,0.000788003,0.000791933,0.001147612,0.001068177,0.000859148,0.000803054,0.000794317,0.001052253,0.001026114,0.000863889,0.00081495,0.000783686,0.000839947,0.001060092
1733.709333,0.000884159,0.00089413,0.000994321,0.001072728,0.000967655,0.001172341,0.000642523,0.001124228,0.000768028,0.000641787,0.000938235,0.000852565,0.00104469,0.000984419,0.000896821,0.001056061,0.001149253,0.000802684,0.000570582,0.000628728,0.000878117,0.000785455,0.000764692,0.001041433,0.000932718,0.000794569,0.000771726,0.000776349,0.001134353,0.001046674,0.000851684,0.000785307,0.000778303,0.001036433,0.001010042,0.000856566,0.000795124,0.000767826,0.00082886,0.001047658
1735.63782,0.000875669,0.000871982,0.000983088,0.001053135,0.000945828,0.001156043,0.000622278,0.0010998,0.000745522,0.0006238,0.000927142,0.000829457,0.001029248,0.000962271,0.000873496,0.001042924,0.001127664,0.000781563,0.000552276,0.000610862,0.000864639,0.000766185,0.000744859,0.001022256,0.000913949,0.000779214,0.000751283,0.000756193,0.001112475,0.001020639,0.000838148,0.000763292,0.000757351,0.001021222,0.000988957,0.000843714,0.000772992,0.000747086,0.000812779,0.001028333
1737.566306,0.000862766,0.000847597,0.000968003,0.001027893,0.000920962,0.001134012,0.000600777,0.001069514,0.000721248,0.000603823,0.000911683,0.000804619,0.001009511,0.0009366,0.000847916,0.001024897,0.001101345,0.000758505,0.000532276,0.000590256,0.000847312,0.000744797,0.0007226,0.000996868,0.000890881,0.000760519,0.000728869,0.000733501,0.00108435,0.000989779,0.000821724,0.000739005,0.000734381,0.001000535,0.000962453,0.00082707,0.000749141,0.000724597,0.000794044,0.00100418
1739.494793,0.000846122,0.000821164,0.000950508,0.000997376,0.000894539,0.001108073,0.000578737,0.001034592,0.000696077,0.000580688,0.000893112,0.000778637,0.000987374,0.000908097,0.000820762,0.001003499,0.001071012,0.000734003,0.000510712,0.000565763,0.000827096,0.000722049,0.00069891,0.000965593,0.000863855,0.000739536,0.000705225,0.000709064,0.00105064,0.000954657,0.0008043,0.00071351,0.000710976,0.00097248,0.000931444,0.000807775,0.000723611,0.000702006,0.000774039,0.000975748
1741.423279,0.000824261,0.000791003,0.000928427,0.00096106,0.00086387,0.001075318,0.00055455,0.000993565,0.000668178,0.000556613,0.000868936,0.000750278,0.000961071,0.000875364,0.000790492,0.00097627,0.001035231,0.000707157,0.000487061,0.000539563,0.000801991,0.000696728,0.00067212,0.000927606,0.000832079,0.000715341,0.000678846,0.000681393,0.001009492,0.000915032,0.000783797,0.000685127,0.000684906,0.000940344,0.000895459,0.000784371,0.000695803,0.000676693,0.000751009,0.00094138
1743.351766,0.000798956,0.000759462,0.000903615,0.000921697,0.000831461,0.001038462,0.000529687,0.000949775,0.000639314,0.000531863,0.000841787,0.000720865,0.000931957,0.000840746,0.000758836,0.000945678,0.000996642,0.000679122,0.000462808,0.000512709,0.00077397,0.000670416,0.000644168,0.000886272,0.000797824,0.000689324,0.000651556,0.000652749,0.000964563,0.000873491,0.000761246,0.000655726,0.000657695,0.000905255,0.000857011,0.000758328,0.000667104,0.000650286,0.000726463,0.000904024
1745.280252,0.000771525,0.000728045,0.000877292,0.000881709,0.000798864,0.000999986,0.000504942,0.000905819,0.000610734,0.000506713,0.000812975,0.000691478,0.000901437,0.000806258,0.000727337,0.000913937,0.000957069,0.00065079,0.000438862,0.000485738,0.000744443,0.000643906,0.000616168,0.000844044,0.000762746,0.000662373,0.000624097,0.000624354,0.000919177,0.000832223,0.000737516,0.000626612,0.000630392,0.000868323,0.000818516,0.000730741,0.000638454,0.000624051,0.000701285,0.000865944
1747.208739,0.000742271,0.000697279,0.000849553,0.00084228,0.000766495,0.000961054,0.000480729,0.000862662,0.000582894,0.000481878,0.000782897,0.000662745,0.000870268,0.000772786,0.000696574,0.000881243,0.000917908,0.000622687,0.000415435,0.000459351,0.000713371,0.000617571,0.000588583,0.000802303,0.000727873,0.00063464,0.000596976,0.000596519,0.000874696,0.000792181,0.000712703,0.000598163,0.000603365,0.0008306,0.000780643,0.000701741,0.000610475,0.000598166,0.000675402,0.000828421
1749.137225,0.000712021,0.000667731,0.000821202,0.000804348,0.000735624,0.000923163,0.000457514,0.000821555,0.000556143,0.000457415,0.000752933,0.000635252,0.000839115,0.000741015,0.000667292,0.000848845,0.000880392,0.000595311,0.000392742,0.000433566,0.000681425,0.000591836,0.000562141,0.000762388,0.000693995,0.000606728,0.00057079,0.000569668,0.000832517,0.000754231,0.000687465,0.000570903,0.000577404,0.000792486,0.000744347,0.000672107,0.000583453,0.000573206,0.000649345,0.000792332
1751.065711,0.000680561,0.000638927,0.0007916,0.000767816,0.00070546,0.000885468,0.000434724,0.00078179,0.000530038,0.000434143,0.000721801,0.000608647,0.000807248,0.000710275,0.000638959,0.000816382,0.000843921,0.000568513,0.000370821,0.000409296,0.000647795,0.000566185,0.00053605,0.000724053,0.000660896,0.000578177,0.000544935,0.000543295,0.000792013,0.000718313,0.00066102,0.000544202,0.000551659,0.000756034,0.000709623,0.000641264,0.000557075,0.000548337,0.000622556,0.000756919
1752.994198,0.000648092,0.000610823,0.000760694,0.00073293,0.00067562,0.000847611,0.000412298,0.000743611,0.000504493,0.000413071,0.000689321,0.000582621,0.000774949,0.000680524,0.000611682,0.00078354,0.00080858,0.000542488,0.000349668,0.000387385,0.00061279,0.000540861,0.000510289,0.00068725,0.00062896,0.000549355,0.000519625,0.000517523,0.000753179,0.000684585,0.000633413,0.000517865,0.000525881,0.000722794,0.000676926,0.000609393,0.000531663,0.000523176,0.000595231,0.000722804
1754.922684,0.000615697,0.000584479,0.000730193,0.000700393,0.000647538,0.000811917,0.000391216,0.000708704,0.000480377,0.000392639,0.000657393,0.000557791,0.000743737,0.00065287,0.000586201,0.000751891,0.000775613,0.000517592,0.000329534,0.000366203,0.000578411,0.000516799,0.000486131,0.000653142,0.000599025,0.000521529,0.000495576,0.0004934,0.00071808,0.000653172,0.000606247,0.00049299,0.00050147,0.000690767,0.000646533,0.000578277,0.000507546,0.000499136,0.000568632,0.000691473
1756.851171,0.000583967,0.000560121,0.000700594,0.000670631,0.00062173,0.000779368,0.000371607,0.000677098,0.000458035,0.000372682,0.00062681,0.000534711,0.000713825,0.000627347,0.000562454,0.000721964,0.000745234,0.000494002,0.000310696,0.000345812,0.000544992,0.000494227,0.000463644,0.000622086,0.000571272,0.000495093,0.000472839,0.000471047,0.0006865,0.000624384,0.000579805,0.000470038,0.000478627,0.000660095,0.000618411,0.000548494,0.000484686,0.000476724,0.000543178,0.000662549
1758.779657,0.000552914,0.00053688,0.000670935,0.000643091,0.000597163,0.000748573,0.000352681,0.000648073,0.000436533,0.000354027,0.000597032,0.000512573,0.000684461,0.00060314,0.000539881,0.000693073,0.00071667,0.000471298,0.00029269,0.000326876,0.00051198,0.000472435,0.000441805,0.000593293,0.000545164,0.000469498,0.000450893,0.000449621,0.000657208,0.000597865,0.000553068,0.000448023,0.000456405,0.000632031,0.000592188,0.000519429,0.000462723,0.000454819,0.000518029,0.00063533
1760.708144,0.000523099,0.000515356,0.000642409,0.000618117,0.000574787,0.000720668,0.000335186,0.000622193,0.000416621,0.000335778,0.000568811,0.000491698,0.000656746,0.000580907,0.000518984,0.000666515,0.000690762,0.000449888,0.000275905,0.000308538,0.000480063,0.000452068,0.000421559,0.000567429,0.000521194,0.000445035,0.000430471,0.000429807,0.000631097,0.000573421,0.000526593,0.000427675,0.000435695,0.000605358,0.000567921,0.000491659,0.000441926,0.000434372,0.000494009,0.000610799
1762.63663,0.000493702,0.000494449,0.000614,0.000594792,0.000553194,0.000694162,0.000318051,0.000597782,0.000397179,0.000318832,0.000540922,0.00047139,0.000629418,0.000559443,0.000498863,0.000640955,0.000666232,0.000429206,0.000259862,0.000291443,0.0004482,0.000431968,0.000401682,0.000543079,0.00049845,0.000420651,0.000410398,0.000410031,0.000606445,0.000550301,0.000498972,0.000407904,0.000415248,0.000581142,0.000545327,0.000464308,0.000421736,0.000414064,0.000470043,0.000587333
1764.565117,0.00046501,0.000473895,0.000585354,0.000572461,0.000531784,0.000668641,0.000301163,0.000574443,0.00037799,0.000303124,0.000513574,0.000451449,0.000602032,0.000538112,0.000479015,0.000615858,0.000642721,0.000408997,0.000244411,0.000275449,0.000416476,0.00041178,0.000381854,0.000519708,0.000476622,0.000396261,0.000390381,0.000389999,0.000582858,0.000528169,0.000469905,0.000388222,0.000394799,0.000559026,0.000523847,0.000437148,0.000402181,0.000393634,0.000445814,0.000564536
1766.493603,0.000438131,0.00045467,0.000558219,0.00055161,0.000512209,0.000646345,0.000285649,0.000553395,0.00036033,0.00028707,0.000488511,0.000432709,0.000575972,0.00051781,0.000460206,0.000593001,0.000621273,0.000389778,0.000229971,0.000259385,0.000386459,0.000392667,0.000363341,0.000498156,0.00045609,0.000372936,0.000371512,0.000371221,0.000561785,0.000507379,0.000441032,0.000369975,0.000375799,0.000536618,0.000503373,0.000411155,0.000383529,0.000374887,0.000422836,0.000543731
1768.42209,0.000412159,0.000435682,0.00053145,0.000530951,0.000492863,0.000624456,0.000270435,0.0005329,0.000342873,0.000271498,0.000464129,0.000414099,0.000549975,0.000497436,0.000441538,0.00057091,0.000600157,0.000370971,0.000215978,0.00024393,0.000357307,0.000373487,0.00034489,0.00047711,0.000435827,0.000349746,0.000352671,0.000352436,0.000541388,0.000486971,0.000411497,0.000351965,0.000357006,0.000514874,0.00048336,0.000385521,0.000365017,0.000356141,0.000399991,0.000523464
1770.350576,0.00038761,0.000417356,0.000505622,0.000510788,0.000474155,0.000603295,0.000255993,0.000513303,0.000326062,0.000256022,0.00044109,0.000395876,0.000524862,0.000477355,0.000423214,0.000549872,0.000579674,0.000352688,0.000202764,0.000228751,0.000329799,0.000354821,0.000327219,0.000457149,0.000416358,0.000327518,0.000334427,0.000334337,0.000521621,0.000466806,0.000382773,0.000334629,0.000339109,0.000493115,0.000463955,0.000360925,0.000346958,0.000338085,0.00037793,0.000503832
1772.279063,0.000364189,0.000399023,0.000480406,0.000491039,0.000455469,0.000582798,0.000241893,0.000493827,0.000309417,0.000241046,0.000418866,0.000377773,0.000500208,0.000457253,0.000404937,0.000529187,0.000559256,0.000334661,0.000190021,0.000214185,0.000303874,0.000336605,0.000309842,0.00043754,0.000397316,0.000306192,0.000316413,0.000316506,0.000501795,0.000446609,0.000355126,0.000317647,0.000321559,0.000471997,0.000444554,0.000337331,0.000329003,0.000320505,0.000356358,0.000484328
1774.207549,0.000341037,0.000379513,0.000454515,0.00047081,0.000435126,0.000560389,0.000227098,0.000472693,0.000291977,0.000228177,0.000395817,0.000358972,0.000474701,0.000435909,0.000385811,0.00050738,0.000537567,0.000316701,0.000177325,0.000201466,0.000278594,0.000317789,0.000291645,0.000417093,0.000377919,0.000285053,0.000297835,0.000297798,0.000480502,0.000425988,0.000327529,0.000299774,0.000302796,0.000453701,0.000424795,0.000314069,0.000310865,0.000301734,0.000334403,0.000463919
1776.136036,0.000319055,0.000360169,0.000429673,0.000450611,0.000414837,0.00053811,0.000212639,0.000451609,0.000274901,0.000215427,0.000373766,0.000340237,0.000449946,0.000414388,0.000366663,0.000486095,0.000516018,0.00029904,0.000165093,0.000188999,0.000255481,0.000299391,0.000274027,0.000396923,0.000358833,0.000265325,0.000279933,0.000279699,0.000459339,0.000405343,0.000301796,0.000282163,0.000284491,0.000435525,0.000405182,0.000292272,0.000293095,0.000283291,0.000313509,0.000443614
1778.064522,0.000298806,0.000341727,0.000406716,0.000430783,0.000395623,0.000517329,0.000199233,0.000431405,0.000258736,0.00020212,0.000353602,0.00032213,0.000426704,0.000393596,0.000347999,0.000465902,0.000495206,0.000281878,0.000153625,0.000176348,0.00023502,0.000282158,0.000257555,0.000377526,0.000340534,0.00024743,0.000263066,0.000262717,0.000438979,0.000385005,0.000278676,0.000265604,0.000267576,0.000416258,0.000385928,0.000272452,0.000275911,0.000266213,0.000294089,0.000423959
1779.993008,0.000279944,0.000323539,0.000384903,0.000411085,0.000376699,0.000496865,0.000186457,0.000411312,0.000243103,0.000189221,0.000334399,0.00030426,0.000404407,0.00037298,0.000329515,0.000446166,0.000474275,0.000265147,0.000142649,0.000164063,0.000216417,0.0002655,0.000241683,0.000358464,0.000322664,0.000230862,0.000246716,0.000246338,0.000418711,0.000364781,0.000257466,0.000249674,0.00025136,0.000396931,0.000366874,0.00025409,0.000259042,0.000249873,0.000275687,0.000404525
1781.921495,0.000261969,0.000305474,0.000363898,0.000391347,0.000357497,0.000475973,0.000173992,0.000391075,0.000227652,0.000176866,0.00031585,0.00028639,0.000382755,0.000352461,0.000311086,0.000426479,0.00045294,0.000248723,0.00013213,0.000152246,0.000199314,0.000249188,0.000226197,0.000339564,0.000304996,0.000215144,0.000230798,0.000230344,0.000398149,0.000344502,0.000237869,0.00023402,0.000235599,0.000378003,0.000347749,0.000236744,0.000242502,0.000233884,0.000258058,0.000385046
1783.849981,0.000245103,0.000287841,0.00034387,0.00037177,0.000338578,0.000455111,0.000162108,0.000370968,0.000212707,0.000165011,0.000298241,0.000268984,0.00036188,0.000332391,0.000292952,0.00040708,0.000431675,0.000232942,0.000122363,0.000141089,0.000183726,0.000233652,0.000211374,0.000321044,0.00028777,0.000200407,0.00021565,0.000214952,0.000377555,0.000324463,0.000219837,0.000218829,0.000220413,0.000359325,0.000328872,0.000220471,0.000226512,0.000218606,0.000241311,0.000365943
1785.778468,0.000229087,0.000270286,0.000324492,0.000352152,0.000319967,0.000434166,0.000150689,0.000350727,0.00019818,0.000153654,0.000281078,0.000251916,0.00034148,0.000312316,0.000275072,0.000387866,0.000410242,0.000217535,0.000112953,0.000130544,0.000169425,0.000218502,0.000196964,0.000302526,0.000270771,0.000186435,0.000200964,0.000200031,0.000356898,0.000304558,0.000202886,0.000203928,0.00020561,0.000340823,0.000310165,0.000205058,0.00021085,0.00020363,0.000225178,0.000346741
1787.706954,0.000213752,0.000253083,0.000305706,0.000332693,0.000301582,0.000413232,0.000139711,0.000330595,0.00018408,0.000142977,0.000264521,0.000235211,0.000321516,0.000292527,0.000257498,0.000368665,0.000388782,0.000202566,0.000103974,0.000120642,0.000156191,0.000203837,0.000183102,0.000284331,0.000254267,0.000173102,0.000186768,0.000185598,0.000336416,0.000285069,0.000187078,0.000189483,0.000191375,0.000322839,0.000291753,0.000190503,0.000195742,0.000189083,0.000209691,0.000327506
1789.635441,0.000199663,0.000236903,0.000288153,0.000313821,0.000284038,0.00039323,0.000129547,0.000311393,0.000170856,0.000131963,0.000249251,0.000219226,0.000302699,0.000273753,0.000240555,0.000350288,0.000368023,0.000188279,9.56E-05,0.000110547,0.000144438,0.000190167,0.000170317,0.000267053,0.000238475,0.000160833,0.000173603,0.000172305,0.000316881,0.000266189,0.000172958,0.00017597,0.000178331,0.000304016,0.000273944,0.000177197,0.000181346,0.000175926,0.000195334,0.000309224
1791.563927,0.000186532,0.000221484,0.000271613,0.000295413,0.000267307,0.000373712,0.000120146,0.000292681,0.000158408,0.000121056,0.000234652,0.000203979,0.000284821,0.000255767,0.000224312,0.000332681,0.000347757,0.000174662,8.79E-05,0.000100831,0.000133847,0.000177293,0.000158362,0.000250455,0.000223252,0.00014938,0.000161168,0.000159934,0.000297883,0.000247878,0.000160029,0.000163318,0.00016629,0.000285088,0.000256666,0.000164797,0.000167672,0.000163776,0.000181894,0.000291469
1793.492414,0.000173416,0.000205771,0.000254748,0.000277019,0.000250093,0.00035313,0.000110592,0.000273318,0.000145905,0.000111957,0.000219294,0.000188903,0.000266486,0.000237602,0.000208185,0.000314303,0.000326855,0.000161468,8.03E-05,9.27E-05,0.000123248,0.00016448,0.000146172,0.000233594,0.000208121,0.000137872,0.000148671,0.000147327,0.000278346,0.000229833,0.000147065,0.000150602,0.000153845,0.000268416,0.000239569,0.000152427,0.000154317,0.000151152,0.000168332,0.00027315
1795.4209,0.000160566,0.000190342,0.000238039,0.000258907,0.000232819,0.00033215,0.000101286,0.000254116,0.000133734,0.000103952,0.000203983,0.000174178,0.000248406,0.00021973,0.000192466,0.000295754,0.000305954,0.000148803,7.32E-05,8.53E-05,0.00011302,0.000151998,0.000134273,0.000216902,0.000193399,0.000126695,0.000136718,0.000135065,0.000259041,0.000212285,0.000134522,0.000138042,0.000141449,0.000253019,0.000222952,0.000140522,0.000141471,0.000138621,0.000155017,0.000255114
1797.349387,0.000148594,0.000176124,0.000222496,0.000241562,0.000216907,0.000312253,9.29E-05,0.000236172,0.000122641,9.57E-05,0.000189917,0.000160415,0.000231724,0.000203084,0.000177745,0.000278223,0.000286127,0.000136848,6.67E-05,7.79E-05,0.000103926,0.000140474,0.000123578,0.000201421,0.000179649,0.000116607,0.000125801,0.000124024,0.000240904,0.000195637,0.000123468,0.000126594,0.000130328,0.000236949,0.000207167,0.000129668,0.000129534,0.000127431,0.000142824,0.000238198
1799.277873,0.000137378,0.00016268,0.00020774,0.000225038,0.000201857,0.000293067,8.52E-05,0.000218984,0.000112296,8.75E-05,0.000176445,0.000147518,0.000215731,0.000187386,0.000163834,0.000261202,0.000267008,0.000125508,6.07E-05,7.06E-05,9.57E-05,0.000129765,0.00011358,0.000186732,0.000166593,0.000107157,0.000115561,0.000113806,0.000223611,0.000179745,0.000113348,0.000115929,0.00012008,0.000220969,0.000191947,0.000119554,0.000118268,0.000117084,0.000131425,0.000222001
1801.20636,0.000126779,0.00014994,0.000193546,0.000209322,0.00018737,0.000274454,7.80E-05,0.000202379,0.000102638,8.02E-05,0.000163543,0.000135468,0.000200329,0.000172481,0.000150713,0.000244748,0.000248556,0.000114993,5.51E-05,6.43E-05,8.81E-05,0.000119835,0.000104236,0.000172652,0.000154206,9.83E-05,0.000106071,0.00010429,0.000207,0.000164859,0.000103846,0.000105944,0.000110485,0.000206278,0.000177543,0.00011013,0.000107828,0.000107372,0.000120798,0.000206472
1803.134846,0.0001165,0.000137676,0.000179558,0.000194052,0.000173255,0.000255881,7.10E-05,0.000186156,9.33E-05,7.37E-05,0.000150789,0.000123955,0.000185448,0.000158094,0.000138169,0.000228497,0.000230429,0.00010502,4.99E-05,5.87E-05,8.08E-05,0.000110218,9.52E-05,0.000159047,0.000142273,8.98E-05,9.69E-05,9.51E-05,0.000190892,0.000150628,9.49E-05,9.63E-05,0.000101177,0.000192737,0.000163834,0.000101035,9.80E-05,9.79E-05,0.000110649,0.000191354
1805.063333,0.000106817,0.000126151,0.000166247,0.000179631,0.000159894,0.000237866,6.45E-05,0.00017073,8.46E-05,6.74E-05,0.000138635,0.000113179,0.000171382,0.000144553,0.000126455,0.00021277,0.000213009,9.57E-05,4.50E-05,5.34E-05,7.40E-05,0.000101125,8.68E-05,0.000146247,0.000131072,8.20E-05,8.83E-05,8.66E-05,0.000175738,0.000137159,8.66E-05,8.73E-05,9.25E-05,0.000179709,0.000150936,9.25E-05,8.87E-05,8.90E-05,0.000101178,0.000177032
1806.991819,9.78E-05,0.000115533,0.000153895,0.000166071,0.000147628,0.00022106,5.87E-05,0.000156446,7.68E-05,6.15E-05,0.000127471,0.000103272,0.000158255,0.000132055,0.000115638,0.000198049,0.000196653,8.70E-05,4.06E-05,4.83E-05,6.79E-05,9.28E-05,7.92E-05,0.000134323,0.000120656,7.48E-05,8.05E-05,7.89E-05,0.000161672,0.000124703,7.92E-05,7.92E-05,8.46E-05,0.000166982,0.000138871,8.49E-05,8.02E-05,8.12E-05,9.25E-05,0.000163685
1808.920305,8.96E-05,0.000105719,0.000142358,0.000153331,0.00013621,0.00020529,5.34E-05,0.000143258,6.97E-05,5.59E-05,0.000116871,9.41E-05,0.000146057,0.000120501,0.000105604,0.000184222,0.000181391,7.91E-05,3.66E-05,4.35E-05,6.24E-05,8.51E-05,7.22E-05,0.000123257,0.000110991,6.84E-05,7.33E-05,7.19E-05,0.000148612,0.00011314,7.25E-05,7.17E-05,7.74E-05,0.00015508,0.000127576,7.79E-05,7.24E-05,7.39E-05,8.46E-05,0.00015124
1810.848792,8.19E-05,9.66E-05,0.000131445,0.000141439,0.000125426,0.000190325,4.85E-05,0.000130895,6.31E-05,5.08E-05,0.000106897,8.57E-05,0.000134696,0.000109695,9.63E-05,0.000170962,0.000167095,7.17E-05,3.30E-05,3.92E-05,5.72E-05,7.81E-05,6.57E-05,0.000112919,0.000101949,6.25E-05,6.67E-05,6.53E-05,0.000136289,0.000102383,6.64E-05,6.47E-05,7.06E-05,0.000143924,0.000117044,7.14E-05,6.53E-05,6.72E-05,7.72E-05,0.000139464
1812.777278,7.44E-05,8.78E-05,0.000120815,0.000130034,0.000114979,0.000175454,4.37E-05,0.000118933,5.67E-05,4.63E-05,9.72E-05,7.76E-05,0.000123785,9.94E-05,8.74E-05,0.000158003,0.00015321,6.48E-05,2.94E-05,3.53E-05,5.21E-05,7.13E-05,5.94E-05,0.00010291,9.32E-05,5.69E-05,6.02E-05,5.89E-05,0.000124452,9.23E-05,6.05E-05,5.81E-05,6.39E-05,0.000133746,0.000107061,6.52E-05,5.85E-05,6.07E-05,7.01E-05,0.000128103
1814.705765,6.74E-05,7.98E-05,0.0001111,0.000119557,0.000105464,0.000161771,3.94E-05,0.000108018,5.10E-05,4.21E-05,8.83E-05,7.03E-05,0.000113821,9.01E-05,7.95E-05,0.000146071,0.000140298,5.85E-05,2.63E-05,3.17E-05,4.76E-05,6.51E-05,5.38E-05,9.38E-05,8.54E-05,5.18E-05,5.44E-05,5.32E-05,0.000113752,8.32E-05,5.54E-05,5.22E-05,5.79E-05,0.000124236,9.80E-05,5.98E-05,5.24E-05,5.48E-05,6.38E-05,0.00011774
1816.634251,6.11E-05,7.24E-05,0.000102105,0.000109854,9.67E-05,0.000149168,3.54E-05,9.80E-05,4.58E-05,3.80E-05,8.01E-05,6.36E-05,0.000104576,8.15E-05,7.22E-05,0.000134749,0.0001284,5.27E-05,2.34E-05,2.83E-05,4.36E-05,5.94E-05,4.87E-05,8.55E-05,7.82E-05,4.72E-05,4.91E-05,4.80E-05,0.00010387,7.48E-05,5.09E-05,4.67E-05,5.25E-05,0.000115178,8.96E-05,5.46E-05,4.69E-05,4.95E-05,5.81E-05,0.000108087
1818.562738,5.52E-05,6.56E-05,9.37E-05,0.000100887,8.86E-05,0.000137212,3.18E-05,8.89E-05,4.10E-05,3.43E-05,7.24E-05,5.74E-05,9.61E-05,7.37E-05,6.55E-05,0.000124153,0.000117449,4.74E-05,2.08E-05,2.53E-05,3.99E-05,5.41E-05,4.39E-05,7.79E-05,7.14E-05,4.30E-05,4.42E-05,4.31E-05,9.48E-05,6.72E-05,4.68E-05,4.16E-05,4.75E-05,0.000106926,8.18E-05,5.00E-05,4.19E-05,4.45E-05,5.28E-05,9.91E-05
1820.491224,4.98E-05,5.95E-05,8.59E-05,9.27E-05,8.12E-05,0.000126238,2.85E-05,8.07E-05,3.67E-05,3.09E-05,6.53E-05,5.18E-05,8.83E-05,6.66E-05,5.92E-05,0.000114454,0.000107361,4.26E-05,1.84E-05,2.26E-05,3.65E-05,4.92E-05,3.96E-05,7.09E-05,6.52E-05,3.92E-05,3.96E-05,3.88E-05,8.64E-05,6.04E-05,4.31E-05,3.71E-05,4.29E-05,9.93E-05,7.46E-05,4.58E-05,3.73E-05,3.99E-05,4.80E-05,9.08E-05
1822.419711,4.50E-05,5.40E-05,7.89E-05,8.52E-05,7.45E-05,0.000116279,2.55E-05,7.33E-05,3.28E-05,2.77E-05,5.90E-05,4.68E-05,8.14E-05,6.04E-05,5.37E-05,0.000105645,9.84E-05,3.82E-05,1.63E-05,1.98E-05,3.36E-05,4.49E-05,3.57E-05,6.47E-05,5.96E-05,3.60E-05,3.56E-05,3.51E-05,7.90E-05,5.42E-05,4.00E-05,3.31E-05,3.89E-05,9.21E-05,6.81E-05,4.21E-05,3.32E-05,3.60E-05,4.38E-05,8.33E-05
1824.348197,4.08E-05,4.93E-05,7.28E-05,7.87E-05,6.86E-05,0.000107656,2.31E-05,6.69E-05,2.96E-05,2.46E-05,5.36E-05,4.25E-05,7.54E-05,5.49E-05,4.88E-05,9.78E-05,9.04E-05,3.43E-05,1.45E-05,1.73E-05,3.14E-05,4.11E-05,3.25E-05,5.91E-05,5.47E-05,3.34E-05,3.22E-05,3.18E-05,7.25E-05,4.87E-05,3.76E-05,2.97E-05,3.54E-05,8.50E-05,6.24E-05,3.91E-05,2.96E-05,3.27E-05,4.02E-05,7.68E-05
1826.276684,3.66E-05,4.46E-05,6.69E-05,7.26E-05,6.27E-05,9.93E-05,2.05E-05,6.07E-05,2.63E-05,2.20E-05,4.82E-05,3.82E-05,6.95E-05,4.97E-05,4.42E-05,9.01E-05,8.27E-05,3.07E-05,1.27E-05,1.53E-05,2.89E-05,3.74E-05,2.92E-05,5.38E-05,4.99E-05,3.07E-05,2.87E-05,2.85E-05,6.62E-05,4.36E-05,3.51E-05,2.62E-05,3.19E-05,7.90E-05,5.70E-05,3.60E-05,2.62E-05,2.92E-05,3.66E-05,7.05E-05
1828.20517,3.30E-05,4.05E-05,6.16E-05,6.71E-05,5.77E-05,9.17E-05,1.83E-05,5.53E-05,2.35E-05,1.96E-05,4.35E-05,3.45E-05,6.43E-05,4.50E-05,4.02E-05,8.33E-05,7.60E-05,2.74E-05,1.12E-05,1.33E-05,2.67E-05,3.41E-05,2.64E-05,4.92E-05,4.58E-05,2.84E-05,2.58E-05,2.56E-05,6.06E-05,3.92E-05,3.30E-05,2.33E-05,2.89E-05,7.34E-05,5.22E-05,3.34E-05,2.33E-05,2.63E-05,3.36E-05,6.49E-05
1830.133657,2.98E-05,3.68E-05,5.69E-05,6.20E-05,5.32E-05,8.49E-05,1.64E-05,5.05E-05,2.10E-05,1.73E-05,3.93E-05,3.12E-05,5.96E-05,4.09E-05,3.65E-05,7.72E-05,6.98E-05,2.45E-05,9.83E-06,1.15E-05,2.47E-05,3.10E-05,2.38E-05,4.49E-05,4.19E-05,2.63E-05,2.30E-05,2.32E-05,5.55E-05,3.52E-05,3.09E-05,2.07E-05,2.61E-05,6.81E-05,4.78E-05,3.09E-05,2.06E-05,2.38E-05,3.08E-05,5.97E-05
1832.062143,2.62E-05,3.30E-05,5.18E-05,5.70E-05,4.83E-05,7.78E-05,1.41E-05,4.54E-05,1.83E-05,1.59E-05,3.47E-05,2.79E-05,5.46E-05,3.66E-05,3.27E-05,7.07E-05,6.36E-05,2.17E-05,8.32E-06,1.05E-05,2.22E-05,2.78E-05,2.09E-05,4.05E-05,3.79E-05,2.37E-05,2.00E-05,2.02E-05,5.02E-05,3.14E-05,2.82E-05,1.79E-05,2.29E-05,6.41E-05,4.35E-05,2.81E-05,1.80E-05,2.07E-05,2.76E-05,5.46E-05
1833.99063,2.31E-05,2.96E-05,4.73E-05,5.26E-05,4.40E-05,7.17E-05,1.21E-05,4.11E-05,1.59E-05,1.42E-05,3.09E-05,2.48E-05,5.02E-05,3.28E-05,2.94E-05,6.52E-05,5.82E-05,1.92E-05,7.06E-06,9.16E-06,2.00E-05,2.50E-05,1.85E-05,3.67E-05,3.45E-05,2.15E-05,1.75E-05,1.77E-05,4.57E-05,2.79E-05,2.58E-05,1.54E-05,2.03E-05,6.00E-05,3.97E-05,2.55E-05,1.57E-05,1.81E-05,2.48E-05,5.00E-05
1835.919116,2.06E-05,2.67E-05,4.34E-05,4.86E-05,4.04E-05,6.63E-05,1.06E-05,3.74E-05,1.40E-05,1.27E-05,2.76E-05,2.22E-05,4.63E-05,2.96E-05,2.65E-05,6.03E-05,5.35E-05,1.70E-05,6.09E-06,7.96E-06,1.81E-05,2.26E-05,1.64E-05,3.34E-05,3.15E-05,1.95E-05,1.54E-05,1.57E-05,4.18E-05,2.50E-05,2.35E-05,1.34E-05,1.81E-05,5.60E-05,3.63E-05,2.33E-05,1.38E-05,1.61E-05,2.24E-05,4.59E-05
1837.847602,1.84E-05,2.41E-05,3.98E-05,4.49E-05,3.71E-05,6.15E-05,9.21E-06,3.40E-05,1.23E-05,1.12E-05,2.45E-05,1.99E-05,4.26E-05,2.67E-05,2.39E-05,5.57E-05,4.91E-05,1.50E-05,5.23E-06,6.93E-06,1.62E-05,2.03E-05,1.46E-05,3.03E-05,2.86E-05,1.75E-05,1.36E-05,1.38E-05,3.82E-05,2.24E-05,2.12E-05,1.17E-05,1.61E-05,5.22E-05,3.31E-05,2.11E-05,1.21E-05,1.41E-05,2.02E-05,4.21E-05
1839.776089,1.62E-05,2.17E-05,3.63E-05,4.15E-05,3.38E-05,5.68E-05,7.84E-06,3.08E-05,1.06E-05,9.92E-06,2.17E-05,1.77E-05,3.91E-05,2.40E-05,2.15E-05,5.14E-05,4.50E-05,1.31E-05,4.42E-06,5.97E-06,1.44E-05,1.82E-05,1.28E-05,2.75E-05,2.60E-05,1.56E-05,1.18E-05,1.20E-05,3.48E-05,1.99E-05,1.89E-05,1.01E-05,1.43E-05,4.87E-05,3.03E-05,1.90E-05,1.04E-05,1.23E-05,1.80E-05,3.86E-05
1841.704575,1.45E-05,1.97E-05,3.35E-05,3.86E-05,3.13E-05,5.33E-05,7.03E-06,2.84E-05,9.48E-06,8.23E-06,1.97E-05,1.59E-05,3.64E-05,2.18E-05,1.95E-05,4.79E-05,4.18E-05,1.16E-05,3.83E-06,4.69E-06,1.32E-05,1.66E-05,1.17E-05,2.54E-05,2.39E-05,1.41E-05,1.04E-05,1.08E-05,3.22E-05,1.78E-05,1.72E-05,8.98E-06,1.31E-05,4.47E-05,2.77E-05,1.74E-05,9.17E-06,1.13E-05,1.64E-05,3.59E-05
1843.633062,1.32E-05,1.83E-05,3.13E-05,3.61E-05,2.94E-05,5.04E-05,6.54E-06,2.65E-05,8.76E-06,6.40E-06,1.82E-05,1.46E-05,3.41E-05,2.01E-05,1.79E-05,4.51E-05,3.91E-05,1.02E-05,3.34E-06,3.26E-06,1.24E-05,1.53E-05,1.08E-05,2.35E-05,2.20E-05,1.30E-05,9.42E-06,9.98E-06,3.01E-05,1.60E-05,1.60E-05,8.33E-06,1.22E-05,4.06E-05,2.55E-05,1.61E-05,8.08E-06,1.07E-05,1.52E-05,3.35E-05
1845.561548,1.12E-05,1.61E-05,2.82E-05,3.32E-05,2.65E-05,4.60E-05,5.32E-06,2.36E-05,7.31E-06,5.86E-06,1.57E-05,1.28E-05,3.08E-05,1.77E-05,1.58E-05,4.13E-05,3.55E-05,8.72E-06,2.50E-06,2.92E-06,1.05E-05,1.34E-05,9.12E-06,2.09E-05,1.98E-05,1.12E-05,7.80E-06,8.26E-06,2.69E-05,1.39E-05,1.38E-05,6.87E-06,1.04E-05,3.84E-05,2.31E-05,1.41E-05,6.74E-06,8.89E-06,1.32E-05,3.03E-05
1847.490035,9.18E-06,1.37E-05,2.49E-05,3.03E-05,2.34E-05,4.15E-05,3.95E-06,2.07E-05,5.72E-06,5.54E-06,1.31E-05,1.08E-05,2.74E-05,1.52E-05,1.37E-05,3.74E-05,3.18E-05,7.28E-06,1.71E-06,2.77E-06,8.59E-06,1.13E-05,7.33E-06,1.82E-05,1.74E-05,9.43E-06,6.17E-06,6.48E-06,2.38E-05,1.19E-05,1.15E-05,5.22E-06,8.39E-06,3.66E-05,2.06E-05,1.20E-05,5.46E-06,6.87E-06,1.11E-05,2.71E-05
1849.418521,7.79E-06,1.21E-05,2.25E-05,2.78E-05,2.11E-05,3.80E-05,3.14E-06,1.85E-05,4.71E-06,4.94E-06,1.14E-05,9.45E-06,2.49E-05,1.33E-05,1.21E-05,3.42E-05,2.90E-05,6.19E-06,1.31E-06,2.42E-06,7.34E-06,9.89E-06,6.21E-06,1.63E-05,1.57E-05,8.14E-06,5.11E-06,5.35E-06,2.15E-05,1.03E-05,9.87E-06,4.28E-06,7.15E-06,3.43E-05,1.86E-05,1.05E-05,4.58E-06,5.75E-06,9.56E-06,2.46E-05
1851.347008,6.61E-06,1.06E-05,2.02E-05,2.56E-05,1.90E-05,3.49E-05,2.47E-06,1.64E-05,3.81E-06,4.29E-06,9.64E-06,8.19E-06,2.26E-05,1.16E-05,1.06E-05,3.12E-05,2.63E-05,5.17E-06,9.75E-07,2.06E-06,6.26E-06,8.59E-06,5.21E-06,1.45E-05,1.40E-05,6.93E-06,4.12E-06,4.35E-06,1.93E-05,8.84E-06,8.36E-06,3.46E-06,6.03E-06,3.20E-05,1.68E-05,9.13E-06,3.71E-06,4.83E-06,8.19E-06,2.24E-05
1853.275494,5.56E-06,9.17E-06,1.80E-05,2.35E-05,1.71E-05,3.19E-05,1.86E-06,1.44E-05,3.00E-06,3.54E-06,8.12E-06,6.98E-06,2.04E-05,9.99E-06,9.21E-06,2.85E-05,2.38E-05,4.17E-06,6.72E-07,1.62E-06,5.27E-06,7.36E-06,4.23E-06,1.28E-05,1.24E-05,5.75E-06,3.22E-06,3.48E-06,1.72E-05,7.50E-06,6.99E-06,2.70E-06,5.02E-06,2.96E-05,1.50E-05,7.84E-06,2.91E-06,3.91E-06,7.00E-06,2.02E-05
1855.203981,4.51E-06,7.91E-06,1.60E-05,2.15E-05,1.53E-05,2.91E-05,1.27E-06,1.26E-05,2.24E-06,2.99E-06,6.79E-06,5.91E-06,1.83E-05,8.53E-06,7.99E-06,2.60E-05,2.15E-05,3.32E-06,3.32E-07,1.29E-06,4.36E-06,6.22E-06,3.40E-06,1.12E-05,1.10E-05,4.71E-06,2.48E-06,2.68E-06,1.53E-05,6.28E-06,5.79E-06,2.06E-06,4.12E-06,2.75E-05,1.34E-05,6.56E-06,2.25E-06,3.09E-06,5.88E-06,1.83E-05
1857.132467,3.56E-06,6.78E-06,1.43E-05,1.96E-05,1.37E-05,2.65E-05,8.26E-07,1.11E-05,1.68E-06,2.47E-06,5.70E-06,4.94E-06,1.64E-05,7.28E-06,6.91E-06,2.38E-05,1.94E-05,2.64E-06,1.45E-07,9.56E-07,3.54E-06,5.27E-06,2.75E-06,9.77E-06,9.75E-06,3.86E-06,1.92E-06,2.01E-06,1.36E-05,5.19E-06,4.78E-06,1.55E-06,3.35E-06,2.55E-05,1.19E-05,5.53E-06,1.65E-06,2.47E-06,4.90E-06,1.65E-05
1859.060954,2.85E-06,5.83E-06,1.28E-05,1.80E-05,1.23E-05,2.42E-05,5.68E-07,9.79E-06,1.30E-06,2.08E-06,4.80E-06,4.15E-06,1.47E-05,6.21E-06,5.93E-06,2.19E-05,1.76E-05,2.09E-06,1.16E-07,7.54E-07,2.86E-06,4.48E-06,2.21E-06,8.55E-06,8.61E-06,3.17E-06,1.45E-06,1.50E-06,1.22E-05,4.29E-06,3.85E-06,1.13E-06,2.72E-06,2.37E-05,1.06E-05,4.73E-06,1.21E-06,1.92E-06,4.08E-06,1.49E-05
1860.98944,2.25E-06,4.83E-06,1.12E-05,1.64E-05,1.09E-05,2.20E-05,2.50E-07,8.48E-06,8.27E-07,1.68E-06,3.82E-06,3.40E-06,1.30E-05,5.14E-06,4.93E-06,1.99E-05,1.57E-05,1.50E-06,0,5.62E-07,2.23E-06,3.60E-06,1.65E-06,7.42E-06,7.48E-06,2.47E-06,8.58E-07,1.01E-06,1.08E-05,3.40E-06,2.95E-06,6.57E-07,2.05E-06,2.20E-05,9.27E-06,3.86E-06,7.70E-07,1.32E-06,3.24E-06,1.34E-05
1862.917927,1.82E-06,3.99E-06,9.87E-06,1.50E-05,9.62E-06,1.99E-05,4.66E-08,7.32E-06,5.42E-07,1.36E-06,3.08E-06,2.76E-06,1.16E-05,4.23E-06,4.15E-06,1.81E-05,1.41E-05,1.06E-06,0,5.26E-07,1.73E-06,2.88E-06,1.21E-06,6.39E-06,6.55E-06,1.86E-06,4.77E-07,6.77E-07,9.46E-06,2.64E-06,2.21E-06,3.35E-07,1.54E-06,2.05E-05,8.16E-06,3.15E-06,4.64E-07,9.48E-07,2.58E-06,1.20E-05
1864.846413,1.44E-06,3.39E-06,8.73E-06,1.38E-05,8.61E-06,1.82E-05,0,6.42E-06,4.30E-07,1.04E-06,2.57E-06,2.17E-06,1.04E-05,3.47E-06,3.49E-06,1.65E-05,1.26E-05,7.80E-07,0,4.63E-07,1.41E-06,2.36E-06,9.31E-07,5.56E-06,5.75E-06,1.48E-06,3.19E-07,4.80E-07,8.42E-06,2.07E-06,1.74E-06,2.11E-07,1.25E-06,1.89E-05,7.11E-06,2.55E-06,2.95E-07,7.74E-07,2.07E-06,1.09E-05
1866.774899,1.24E-06,3.01E-06,7.90E-06,1.28E-05,8.00E-06,1.70E-05,1.95E-07,5.91E-06,5.16E-07,4.32E-07,2.39E-06,1.84E-06,9.57E-06,3.11E-06,3.06E-06,1.53E-05,1.16E-05,5.78E-07,3.69E-08,1.33E-07,1.41E-06,2.08E-06,9.45E-07,5.05E-06,5.14E-06,1.43E-06,4.49E-07,6.61E-07,7.88E-06,1.71E-06,1.65E-06,4.32E-07,1.33E-06,1.69E-05,6.20E-06,2.25E-06,2.99E-07,9.33E-07,1.90E-06,1.01E-05
1868.703386,1.08E-06,2.62E-06,7.11E-06,1.17E-05,7.30E-06,1.56E-05,3.74E-07,5.41E-06,6.08E-07,0,2.10E-06,1.59E-06,8.70E-06,2.67E-06,2.70E-06,1.42E-05,1.06E-05,4.23E-07,1.21E-07,0,1.32E-06,1.78E-06,9.23E-07,4.49E-06,4.52E-06,1.26E-06,6.32E-07,7.90E-07,7.29E-06,1.33E-06,1.49E-06,6.59E-07,1.34E-06,1.51E-05,5.50E-06,2.05E-06,3.02E-07,1.06E-06,1.76E-06,9.22E-06
1870.631872,6.07E-07,1.88E-06,5.82E-06,1.04E-05,6.01E-06,1.35E-05,1.58E-07,4.32E-06,3.23E-07,8.02E-08,1.31E-06,1.07E-06,7.24E-06,1.83E-06,2.04E-06,1.25E-05,9.17E-06,1.91E-07,2.73E-08,1.33E-07,7.54E-07,1.17E-06,4.92E-07,3.55E-06,3.72E-06,6.77E-07,3.40E-07,3.69E-07,6.07E-06,8.11E-07,8.31E-07,3.51E-07,7.27E-07,1.44E-05,4.69E-06,1.34E-06,8.70E-08,5.38E-07,1.14E-06,7.90E-06
1872.560359,1.55E-07,1.16E-06,4.52E-06,9.36E-06,4.81E-06,1.16E-05,0,3.24E-06,2.03E-08,3.17E-07,5.80E-07,5.57E-07,5.90E-06,1.10E-06,1.33E-06,1.07E-05,7.74E-06,0,0,3.17E-07,2.41E-07,5.53E-07,1.07E-07,2.65E-06,2.99E-06,2.32E-07,0,0,4.82E-06,3.75E-07,1.80E-07,0,1.46E-07,1.37E-05,3.91E-06,6.49E-07,0,2.84E-08,5.36E-07,6.70E-06
1874.488845,0,6.96E-07,3.64E-06,8.47E-06,4.06E-06,1.03E-05,0,2.59E-06,0,1.75E-07,2.03E-07,2.49E-07,5.04E-06,6.79E-07,8.40E-07,9.47E-06,6.77E-06,0,0,1.09E-07,2.92E-08,2.33E-07,0,2.06E-06,2.43E-06,3.54E-08,0,0,4.02E-06,1.26E-07,9.75E-10,0,0,1.26E-05,3.27E-06,3.38E-07,0,0,2.30E-07,5.84E-06
1876.417332,1.75E-08,4.27E-07,3.00E-06,7.72E-06,3.53E-06,9.21E-06,0,2.12E-06,0,7.72E-08,1.20E-07,1.46E-07,4.38E-06,4.77E-07,6.12E-07,8.59E-06,5.99E-06,0,0,1.30E-07,0,1.27E-07,0,1.71E-06,2.11E-06,0,0,0,3.47E-06,1.01E-07,0,0,0,1.17E-05,2.80E-06,1.73E-07,0,2.31E-08,1.13E-07,5.17E-06
1878.345818,3.81E-08,2.70E-07,2.44E-06,6.95E-06,3.05E-06,8.21E-06,2.24E-08,1.73E-06,0,1.98E-08,1.19E-07,1.01E-07,3.81E-06,2.88E-07,4.68E-07,7.73E-06,5.29E-06,0,1.01E-08,1.61E-07,0,7.31E-08,0,1.43E-06,1.82E-06,1.97E-08,5.03E-09,2.17E-08,2.97E-06,7.96E-08,0,1.14E-08,3.10E-08,1.09E-05,2.28E-06,1.38E-07,5.33E-09,4.07E-08,6.03E-08,4.53E-06
1880.274305,2.46E-08,1.50E-07,1.94E-06,6.28E-06,2.64E-06,7.18E-06,0,1.34E-06,1.39E-09,2.35E-08,6.49E-08,7.93E-08,3.20E-06,1.48E-07,2.88E-07,6.82E-06,4.59E-06,0,3.81E-08,7.82E-08,2.39E-09,8.24E-08,1.68E-08,1.16E-06,1.45E-06,0,1.61E-08,0,2.44E-06,5.18E-08,0,3.50E-08,5.32E-08,1.00E-05,1.80E-06,1.31E-07,2.28E-09,0,4.59E-08,3.88E-06
1882.202791,0,0,1.45E-06,5.57E-06,2.20E-06,6.30E-06,0,9.22E-07,0,2.76E-08,0,0,2.49E-06,1.55E-08,5.64E-08,5.97E-06,3.86E-06,0,0,0,0,0,0,8.47E-07,1.16E-06,0,0,0,1.89E-06,0,0,0,0,9.10E-06,1.40E-06,0,0,0,0,3.31E-06
1884.131278,0,3.37E-09,1.09E-06,5.01E-06,1.87E-06,5.70E-06,3.49E-08,7.17E-07,6.85E-09,5.17E-08,0,0,2.10E-06,0,0,5.28E-06,3.34E-06,5.85E-09,7.66E-08,3.34E-08,0,0,0,6.35E-07,1.00E-06,0,0,2.45E-08,1.59E-06,0,0,0,0,8.36E-06,1.10E-06,0,0,3.56E-08,0,2.99E-06
1886.059764,0,9.93E-08,7.84E-07,4.67E-06,1.63E-06,5.17E-06,9.49E-08,6.10E-07,7.13E-08,1.46E-07,4.12E-08,5.55E-11,1.90E-06,2.37E-08,3.68E-08,4.78E-06,2.97E-06,0,2.17E-07,1.65E-07,7.38E-08,6.20E-08,9.43E-08,4.78E-07,9.20E-07,1.44E-08,6.05E-08,1.40E-07,1.43E-06,2.38E-09,0,2.02E-08,6.87E-08,7.77E-06,8.79E-07,8.84E-08,4.93E-08,1.42E-07,5.33E-08,2.70E-06
1887.988251,8.76E-08,1.19E-07,6.35E-07,4.33E-06,1.55E-06,4.67E-06,1.94E-07,5.88E-07,1.24E-07,0,1.49E-07,2.48E-08,1.72E-06,9.27E-08,3.33E-08,4.38E-06,2.62E-06,7.75E-09,2.99E-07,0,1.06E-07,1.28E-07,1.75E-07,4.14E-07,8.23E-07,7.82E-08,1.56E-07,2.11E-07,1.30E-06,0,6.92E-08,6.64E-08,1.88E-07,6.82E-06,6.69E-07,4.76E-08,9.38E-08,2.65E-07,1.21E-07,2.47E-06
1889.916737,1.66E-07,8.84E-08,5.34E-07,4.02E-06,1.43E-06,4.03E-06,2.49E-07,5.24E-07,1.43E-07,0,2.09E-07,8.71E-08,1.54E-06,1.48E-07,5.71E-08,3.85E-06,2.24E-06,6.84E-08,4.18E-07,2.34E-08,8.22E-08,1.24E-07,1.55E-07,4.13E-07,6.92E-07,1.06E-07,1.55E-07,1.85E-07,1.10E-06,1.88E-08,1.35E-07,1.26E-07,2.31E-07,6.16E-06,5.89E-07,4.61E-08,1.17E-07,2.86E-07,1.69E-07,2.19E-06
1891.845224,2.43E-08,0,1.40E-07,3.56E-06,9.61E-07,3.22E-06,1.55E-07,2.43E-07,0,1.26E-07,0,0,1.18E-06,0,0,3.10E-06,1.74E-06,0,3.95E-07,1.60E-07,0,0,0,2.23E-07,4.41E-07,0,6.73E-09,0,7.16E-07,0,0,0,2.32E-08,5.82E-06,4.74E-07,0,1.92E-08,8.18E-08,0,1.70E-06
1893.77371,0,3.42E-08,6.92E-08,3.15E-06,7.23E-07,2.70E-06,1.68E-07,2.03E-07,3.26E-08,1.43E-07,4.20E-08,0,1.04E-06,5.72E-09,1.04E-08,2.57E-06,1.45E-06,2.38E-08,3.91E-07,1.35E-07,1.15E-07,6.68E-08,2.54E-08,1.56E-07,3.46E-07,0,8.82E-08,3.40E-08,5.65E-07,4.73E-08,3.15E-08,4.76E-08,3.14E-08,5.34E-06,4.22E-07,8.96E-09,0,6.49E-08,0,1.38E-06
1895.702196,0,4.65E-08,1.14E-07,2.72E-06,5.49E-07,2.30E-06,1.53E-07,1.99E-07,7.61E-08,1.28E-07,1.98E-08,0,8.13E-07,7.72E-08,0,2.11E-06,1.16E-06,4.41E-08,3.77E-07,1.44E-07,2.14E-07,6.45E-08,5.78E-08,8.55E-08,2.71E-07,1.22E-08,8.70E-08,8.58E-08,3.68E-07,1.17E-08,7.45E-08,6.53E-08,3.32E-08,4.82E-06,2.75E-07,4.85E-08,2.35E-08,2.02E-08,4.06E-08,1.00E-06
1897.630683,0,3.65E-08,3.67E-08,2.36E-06,3.60E-07,1.85E-06,9.98E-08,8.77E-08,4.51E-08,1.59E-07,0,0,5.72E-07,6.39E-08,0,1.75E-06,8.34E-07,4.38E-08,3.86E-07,2.72E-07,1.73E-07,0,9.18E-08,1.80E-08,2.54E-07,0,0,0,1.08E-07,0,8.79E-08,0,0,4.44E-06,1.52E-07,5.04E-08,8.73E-08,0,2.36E-08,7.55E-07
1899.559169,3.57E-08,8.84E-08,9.28E-08,2.19E-06,2.90E-07,1.62E-06,9.00E-08,4.78E-08,4.88E-08,1.54E-07,8.42E-08,6.19E-08,5.50E-07,1.13E-07,5.08E-08,1.52E-06,6.57E-07,6.68E-08,3.76E-07,3.51E-07,2.13E-07,3.60E-08,1.42E-07,7.30E-08,2.73E-07,9.08E-08,2.76E-08,0,1.06E-07,8.06E-08,1.68E-07,2.88E-08,8.07E-08,3.98E-06,1.74E-07,8.42E-08,1.05E-07,1.02E-07,6.09E-08,6.92E-07
1901.487656,3.81E-10,0,5.16E-08,1.89E-06,1.72E-07,1.38E-06,4.14E-08,0,0,4.12E-08,0,0,3.89E-07,6.07E-08,7.04E-09,1.12E-06,4.14E-07,1.04E-08,2.61E-07,2.78E-07,1.98E-07,1.49E-08,2.60E-08,2.93E-09,9.86E-08,1.03E-07,0,2.44E-08,4.40E-08,1.01E-08,9.61E-08,0,7.78E-08,3.46E-06,1.66E-07,3.01E-08,4.84E-08,5.54E-08,1.22E-09,4.89E-07
1903.416142,0,0,0,1.59E-06,1.38E-07,1.14E-06,3.89E-08,0,3.56E-09,1.94E-08,0,1.66E-08,2.37E-07,4.15E-08,1.90E-08,7.96E-07,2.07E-07,0,1.87E-07,2.04E-07,2.22E-07,1.19E-08,0,0,2.31E-08,7.64E-08,7.33E-09,6.11E-08,0,2.01E-08,4.22E-08,1.07E-08,6.18E-08,3.04E-06,2.38E-07,0,4.37E-08,5.29E-08,0,3.60E-07
1905.344629,0,0,0,1.23E-06,3.66E-08,8.33E-07,0,0,0,3.90E-08,0,0,1.92E-07,0,0,5.58E-07,5.73E-08,0,4.51E-08,9.13E-08,2.90E-07,0,0,0,0,3.14E-08,0,0,0,0,4.67E-08,0,0,2.56E-06,1.32E-07,0,0,0,0,1.53E-07
1907.273115,3.08E-08,4.81E-08,1.43E-07,1.00E-06,4.21E-08,6.23E-07,0,5.75E-08,0,0,7.74E-08,0,3.08E-07,5.67E-09,0,4.19E-07,1.21E-08,1.72E-09,1.09E-08,2.49E-08,3.76E-07,2.74E-08,4.81E-08,7.70E-09,0,4.03E-08,2.20E-08,0,0,0,9.68E-08,0,4.85E-08,2.07E-06,2.89E-08,8.14E-08,0,1.67E-08,9.58E-08,3.50E-08
1909.201602,8.46E-08,9.81E-08,2.21E-07,8.45E-07,5.68E-08,5.60E-07,1.44E-08,1.25E-07,1.33E-08,3.59E-09,1.67E-07,2.23E-08,2.78E-07,3.88E-08,2.07E-08,2.38E-07,3.40E-08,2.87E-09,6.72E-09,0,2.88E-07,2.51E-08,9.25E-08,7.20E-08,7.23E-09,9.59E-08,3.83E-08,1.64E-08,1.68E-08,9.23E-09,8.59E-08,1.92E-08,7.24E-08,1.66E-06,0,1.02E-07,2.91E-08,1.22E-07,1.05E-07,4.20E-08
1911.130088,3.92E-08,1.73E-08,1.00E-07,6.74E-07,1.46E-08,3.53E-07,7.12E-09,8.76E-08,3.06E-09,1.71E-07,5.14E-08,1.50E-08,1.01E-07,0,5.48E-09,4.41E-08,4.39E-08,4.11E-09,0,9.29E-08,1.83E-07,0,2.12E-08,3.80E-08,5.90E-09,1.26E-07,0,0,0,0,4.07E-08,2.59E-08,0,1.45E-06,0,7.40E-09,9.88E-09,9.17E-08,1.93E-08,2.80E-08
1913.058575,0,0,0,4.80E-07,0,1.51E-07,0,9.12E-09,0,3.28E-07,0,0,0,0,0,0,0,0,1.31E-08,2.67E-07,1.77E-07,0,0,0,0,1.18E-07,0,0,0,1.45E-08,0,2.76E-08,0,1.34E-06,3.49E-08,0,0,0,0,0
1914.987061,0,0,0,2.44E-07,0,1.88E-07,0,0,1.85E-08,2.24E-07,6.98E-08,0,4.69E-08,2.32E-08,0,4.57E-08,0,0,0,2.04E-07,1.35E-07,0,4.35E-09,1.30E-08,0,1.65E-07,0,0,4.99E-08,0,2.52E-09,1.72E-08,1.30E-08,8.93E-07,5.41E-09,0,4.62E-08,5.39E-09,1.13E-08,0
1916.915548,2.00E-07,1.84E-07,2.52E-07,2.51E-07,3.07E-07,4.70E-07,1.64E-07,2.17E-07,1.97E-07,0,3.49E-07,1.43E-07,3.27E-07,2.09E-07,1.50E-07,2.91E-07,2.17E-07,3.59E-08,3.24E-08,0,2.76E-07,1.36E-07,1.76E-07,2.10E-07,1.01E-07,3.15E-07,1.69E-07,1.91E-07,3.04E-07,1.53E-08,1.61E-07,2.43E-07,3.12E-07,1.49E-07,7.90E-08,6.88E-08,1.38E-07,3.44E-07,1.82E-07,1.80E-07
1918.844034,1.96E-07,1.41E-07,2.27E-07,1.83E-07,1.81E-07,3.50E-07,1.17E-07,1.95E-07,8.23E-08,0,1.97E-07,7.18E-08,2.05E-07,1.41E-07,5.84E-08,1.53E-07,1.49E-07,2.12E-08,0,0,1.86E-07,9.84E-08,1.02E-07,1.60E-07,3.23E-08,1.97E-07,8.64E-08,1.77E-07,1.72E-07,0,5.66E-08,2.69E-07,2.58E-07,4.65E-08,9.19E-08,8.50E-08,4.97E-08,2.36E-07,7.35E-08,4.08E-08
1920.772521,1.38E-07,3.20E-08,4.33E-08,9.57E-08,0,7.47E-08,0,3.86E-08,0,1.83E-07,0,0,0,0,0,0,0,0,0,1.20E-07,2.64E-08,0,0,8.86E-08,0,5.24E-08,0,3.72E-08,0,0,2.56E-08,1.37E-07,0,2.35E-07,1.08E-07,0,0,0,0,0
1922.701007,2.18E-07,8.98E-08,7.82E-08,1.18E-07,1.45E-07,2.36E-07,2.94E-08,1.11E-07,9.08E-08,1.52E-07,1.32E-07,8.03E-08,4.29E-08,5.12E-08,7.30E-08,9.67E-08,8.03E-08,6.36E-08,1.36E-08,9.40E-08,1.32E-07,2.67E-08,8.83E-08,1.15E-07,5.95E-08,9.17E-08,8.05E-08,5.11E-08,1.45E-07,1.05E-08,2.21E-07,1.94E-07,6.77E-08,0,1.06E-07,2.74E-08,0,1.00E-07,9.86E-08,1.35E-07
1924.629493,1.16E-07,1.02E-08,4.11E-08,5.38E-08,6.09E-08,2.09E-07,0,4.86E-08,4.07E-08,1.87E-07,1.17E-07,4.89E-08,0,5.56E-08,1.84E-08,5.98E-09,1.19E-08,6.43E-08,0,1.53E-07,9.82E-08,1.35E-08,5.16E-08,1.99E-08,0,4.53E-08,3.10E-08,5.49E-09,1.11E-07,1.30E-09,1.16E-07,1.24E-07,5.64E-08,4.12E-08,0,9.57E-08,5.72E-09,9.75E-08,2.52E-08,4.91E-08
1926.55798,1.21E-07,0,0,2.05E-09,0,0,0,0,0,2.37E-07,6.58E-09,0,0,6.10E-09,0,0,0,0,1.30E-09,1.70E-07,0,0,0,0,0,0,0,0,0,0,0,0,0,5.66E-08,0,4.18E-09,1.72E-08,3.64E-08,0,0
1928.486466,1.80E-07,1.58E-08,0,0,0,0,0,0,0,2.78E-07,1.79E-08,0,0,0,0,1.11E-08,0,0,8.69E-08,2.10E-07,0,0,0,0,0,0,0,0,0,0,4.91E-09,0,0,3.23E-08,0,0,7.55E-08,0,0,0
1930.414953,1.90E-07,3.76E-08,0,0,0,0,0,0,1.27E-08,3.78E-07,2.56E-07,0,3.01E-08,0,0,0,0,4.49E-08,1.68E-07,3.47E-07,7.17E-08,0,0,0,0,0,3.81E-08,1.38E-08,4.24E-08,7.12E-09,9.31E-08,5.18E-08,0,7.91E-08,0,2.48E-08,1.85E-07,0,0,3.18E-08
1932.343439,2.83E-07,9.00E-09,5.05E-08,9.17E-08,7.36E-09,8.29E-08,1.57E-08,3.35E-08,4.41E-08,4.26E-07,4.05E-07,4.43E-08,3.78E-08,1.07E-09,9.63E-09,9.69E-08,3.65E-08,5.51E-08,3.08E-07,3.71E-07,5.16E-08,0,4.60E-09,2.23E-08,1.43E-08,0,1.15E-07,1.11E-07,5.17E-08,0,1.76E-07,2.41E-08,1.65E-08,0,0,1.81E-08,3.31E-07,1.33E-07,1.48E-08,5.31E-08
1934.271926,4.21E-07,0,4.93E-08,6.34E-08,5.71E-08,1.29E-07,5.89E-08,7.38E-08,1.16E-07,5.13E-07,4.23E-07,3.02E-08,0,0,0,1.08E-07,3.79E-08,2.87E-08,4.59E-07,4.22E-07,4.72E-08,0,0,0,3.87E-08,2.74E-09,2.03E-07,1.47E-07,6.41E-08,0,2.75E-07,0,0,3.77E-08,4.92E-08,4.56E-08,5.50E-07,1.99E-07,2.51E-08,0
1936.200412,5.63E-07,0,1.39E-08,0,3.26E-08,1.15E-07,1.29E-07,4.79E-08,1.87E-07,5.77E-07,6.42E-07,1.84E-08,2.50E-08,2.99E-08,0,0,1.98E-08,0,5.80E-07,5.25E-07,1.38E-07,3.58E-08,1.50E-08,0,1.45E-08,5.89E-08,2.17E-07,1.40E-07,6.79E-08,0,3.76E-07,3.83E-08,2.93E-08,0,2.84E-08,7.19E-08,7.23E-07,3.12E-07,0,0
1938.128899,6.65E-07,0,0,0,0,0,2.21E-07,0,2.44E-07,6.85E-07,8.83E-07,6.31E-08,0,0,0,0,0,3.05E-08,7.78E-07,7.09E-07,1.58E-07,0,0,0,0,7.52E-08,2.15E-07,1.60E-07,0,0,4.03E-07,3.33E-08,8.44E-08,3.63E-08,0,0,8.47E-07,5.24E-07,0,0
1940.057385,8.59E-07,5.22E-08,6.28E-08,2.08E-08,1.43E-07,3.16E-08,4.30E-07,9.32E-08,4.82E-07,6.89E-07,1.18E-06,1.69E-07,0,2.44E-08,6.69E-09,7.89E-08,1.15E-07,8.04E-08,1.03E-06,8.10E-07,3.58E-07,0,8.08E-08,5.71E-08,8.86E-09,2.27E-07,4.02E-07,3.26E-07,5.78E-08,2.01E-08,6.42E-07,1.71E-07,2.96E-07,0,0,1.41E-07,1.04E-06,7.79E-07,4.21E-08,1.29E-07
1941.985872,1.10E-06,1.30E-07,2.49E-07,9.00E-08,4.27E-07,3.11E-07,6.88E-07,2.73E-07,7.97E-07,7.52E-07,1.53E-06,3.67E-07,1.94E-07,1.74E-07,1.10E-07,1.51E-07,3.22E-07,2.30E-07,1.39E-06,1.05E-06,6.89E-07,1.81E-07,2.80E-07,2.22E-07,1.07E-07,5.25E-07,6.32E-07,5.80E-07,2.88E-07,9.85E-08,9.74E-07,4.43E-07,6.15E-07,0,7.00E-08,4.24E-07,1.35E-06,1.10E-06,1.42E-07,2.47E-07
1943.914358,1.21E-06,5.94E-08,1.53E-07,2.19E-08,3.41E-07,2.74E-07,7.77E-07,1.64E-07,8.49E-07,1.09E-06,1.63E-06,4.11E-07,1.48E-07,1.06E-07,1.11E-07,9.42E-08,2.34E-07,3.74E-07,1.69E-06,1.45E-06,8.02E-07,1.18E-07,3.00E-07,1.73E-07,7.42E-08,6.90E-07,7.02E-07,6.29E-07,2.62E-07,1.30E-07,1.04E-06,5.30E-07,6.60E-07,8.78E-08,7.30E-08,4.35E-07,1.59E-06,1.26E-06,7.45E-08,9.87E-08
1945.842845,1.32E-06,0,3.45E-08,0,1.13E-07,6.66E-08,8.49E-07,7.78E-08,8.89E-07,1.46E-06,1.70E-06,3.93E-07,1.36E-07,3.33E-08,3.54E-08,1.56E-07,1.71E-07,4.60E-07,1.91E-06,1.71E-06,9.34E-07,0,3.40E-07,7.27E-08,9.79E-09,7.97E-07,7.99E-07,6.13E-07,1.40E-07,1.73E-07,1.11E-06,5.67E-07,6.59E-07,1.44E-07,3.01E-08,4.62E-07,1.75E-06,1.37E-06,4.60E-08,0
1947.771331,1.50E-06,1.72E-08,5.75E-08,5.40E-08,6.47E-08,7.47E-08,1.00E-06,9.45E-08,1.03E-06,1.73E-06,1.90E-06,5.24E-07,2.18E-07,5.30E-08,1.49E-08,1.60E-07,2.25E-07,5.80E-07,2.17E-06,2.00E-06,1.13E-06,5.78E-08,4.61E-07,1.04E-07,1.16E-08,9.55E-07,9.53E-07,7.33E-07,1.42E-07,2.60E-07,1.31E-06,7.30E-07,7.28E-07,1.76E-07,5.34E-08,6.29E-07,2.01E-06,1.56E-06,1.49E-07,3.19E-08
1949.699818,1.61E-06,9.89E-10,0,6.33E-08,8.58E-08,1.98E-07,1.15E-06,0,1.12E-06,1.90E-06,2.03E-06,6.51E-07,9.12E-08,0,0,9.16E-08,1.81E-07,7.05E-07,2.40E-06,2.32E-06,1.25E-06,1.67E-08,4.91E-07,4.56E-08,0,1.15E-06,1.01E-06,8.03E-07,1.24E-07,3.04E-07,1.44E-06,9.31E-07,7.93E-07,2.33E-07,5.25E-08,7.41E-07,2.27E-06,1.71E-06,1.55E-07,2.55E-08
1951.628304,1.80E-06,2.04E-08,7.08E-08,1.51E-07,1.42E-07,3.60E-07,1.34E-06,1.88E-08,1.29E-06,2.18E-06,2.21E-06,7.76E-07,8.44E-08,7.15E-08,8.40E-08,1.31E-07,1.24E-07,8.26E-07,2.66E-06,2.62E-06,1.55E-06,0,6.04E-07,5.62E-08,5.70E-08,1.44E-06,1.13E-06,9.14E-07,9.38E-08,3.48E-07,1.64E-06,1.16E-06,9.86E-07,3.41E-07,3.50E-08,9.58E-07,2.53E-06,1.90E-06,2.14E-07,1.31E-08
1953.55679,2.13E-06,6.78E-08,1.90E-07,2.08E-07,1.35E-07,4.17E-07,1.47E-06,6.56E-08,1.48E-06,2.42E-06,2.42E-06,8.78E-07,1.85E-07,1.58E-07,1.51E-07,6.56E-08,5.94E-08,8.89E-07,2.89E-06,2.85E-06,1.89E-06,4.14E-08,7.22E-07,1.46E-07,8.71E-08,1.73E-06,1.29E-06,1.10E-06,1.58E-07,3.82E-07,1.94E-06,1.35E-06,1.15E-06,2.98E-07,0,1.22E-06,2.78E-06,2.06E-06,2.96E-07,3.25E-08
1955.485277,2.36E-06,7.71E-08,1.62E-07,2.03E-07,6.88E-08,3.34E-07,1.59E-06,7.35E-08,1.65E-06,2.53E-06,2.56E-06,9.50E-07,1.95E-07,1.27E-07,7.37E-08,2.22E-08,3.96E-09,9.84E-07,3.18E-06,3.07E-06,2.17E-06,5.33E-08,8.08E-07,1.56E-07,5.24E-08,1.93E-06,1.36E-06,1.23E-06,1.93E-07,4.50E-07,2.18E-06,1.48E-06,1.31E-06,2.36E-07,3.52E-08,1.35E-06,2.99E-06,2.25E-06,3.30E-07,4.73E-08
1957.413763,2.45E-06,5.82E-08,1.24E-07,1.59E-07,1.24E-08,3.49E-07,1.73E-06,1.14E-08,1.80E-06,2.67E-06,2.65E-06,1.00E-06,1.61E-07,7.53E-08,3.15E-08,8.45E-08,0,1.07E-06,3.35E-06,3.30E-06,2.41E-06,5.86E-08,9.09E-07,3.40E-08,4.44E-08,2.12E-06,1.47E-06,1.28E-06,1.14E-07,4.58E-07,2.34E-06,1.63E-06,1.48E-06,2.22E-07,6.46E-08,1.52E-06,3.13E-06,2.47E-06,3.37E-07,0
1959.34225,2.63E-06,4.25E-08,9.97E-08,1.68E-07,0,4.29E-07,1.84E-06,0,1.98E-06,2.90E-06,2.79E-06,1.07E-06,1.54E-07,2.52E-08,1.70E-08,8.61E-08,7.67E-09,1.18E-06,3.48E-06,3.52E-06,2.63E-06,7.58E-08,9.82E-07,0,7.19E-08,2.38E-06,1.66E-06,1.39E-06,5.76E-08,4.22E-07,2.55E-06,1.78E-06,1.56E-06,2.54E-07,8.63E-08,1.69E-06,3.24E-06,2.66E-06,3.98E-07,1.07E-09
1961.270736,2.85E-06,4.87E-08,8.57E-08,2.18E-07,0,4.70E-07,1.99E-06,1.03E-07,2.11E-06,3.10E-06,2.96E-06,1.13E-06,1.97E-07,1.67E-08,9.40E-10,9.95E-09,3.37E-08,1.27E-06,3.67E-06,3.72E-06,2.88E-06,1.28E-07,1.04E-06,3.57E-08,4.22E-08,2.61E-06,1.84E-06,1.52E-06,0,4.28E-07,2.84E-06,1.89E-06,1.64E-06,3.24E-07,1.63E-07,1.72E-06,3.41E-06,2.82E-06,4.52E-07,2.01E-08
1963.199223,3.01E-06,5.70E-08,1.53E-07,2.39E-07,1.24E-08,5.12E-07,2.16E-06,1.03E-07,2.20E-06,3.25E-06,3.12E-06,1.19E-06,2.94E-07,4.30E-08,5.57E-08,0,1.01E-07,1.32E-06,3.84E-06,3.90E-06,3.11E-06,1.91E-07,1.13E-06,0,4.05E-08,2.81E-06,1.99E-06,1.59E-06,8.76E-09,4.54E-07,3.08E-06,2.08E-06,1.81E-06,3.15E-07,1.60E-07,1.91E-06,3.62E-06,2.94E-06,4.83E-07,9.26E-09
1965.127709,3.24E-06,4.99E-08,2.55E-07,2.95E-07,7.48E-08,6.15E-07,2.30E-06,1.34E-07,2.40E-06,3.44E-06,3.25E-06,1.30E-06,3.60E-07,1.63E-07,1.62E-07,9.69E-08,1.85E-07,1.44E-06,4.05E-06,4.07E-06,3.46E-06,2.46E-07,1.27E-06,1.21E-07,1.11E-07,3.08E-06,2.17E-06,1.73E-06,1.25E-07,4.92E-07,3.33E-06,2.31E-06,2.01E-06,1.64E-07,1.31E-07,2.15E-06,3.83E-06,3.23E-06,6.31E-07,8.38E-08
1967.056196,3.44E-06,1.07E-08,2.19E-07,2.28E-07,6.57E-08,6.40E-07,2.41E-06,1.43E-07,2.50E-06,3.56E-06,3.37E-06,1.34E-06,2.86E-07,1.96E-07,1.70E-07,1.40E-07,2.06E-07,1.52E-06,4.21E-06,4.17E-06,3.73E-06,2.63E-07,1.36E-06,2.09E-07,6.91E-08,3.29E-06,2.33E-06,1.86E-06,6.48E-08,4.59E-07,3.55E-06,2.45E-06,2.08E-06,0,9.99E-08,2.20E-06,3.96E-06,3.43E-06,6.76E-07,5.19E-08
1968.984682,3.55E-06,0,1.19E-07,1.39E-07,1.33E-08,5.10E-07,2.57E-06,8.16E-08,2.60E-06,3.74E-06,3.47E-06,1.39E-06,1.78E-07,7.30E-08,5.31E-08,7.65E-08,1.67E-07,1.63E-06,4.38E-06,4.47E-06,3.84E-06,2.85E-07,1.44E-06,1.35E-07,0,3.46E-06,2.48E-06,1.95E-06,0,4.81E-07,3.69E-06,2.57E-06,2.12E-06,1.29E-07,1.32E-07,2.29E-06,4.14E-06,3.50E-06,6.51E-07,0
1970.913169,3.62E-06,3.33E-08,8.11E-08,1.61E-07,0,4.42E-07,2.77E-06,3.40E-08,2.77E-06,4.02E-06,3.49E-06,1.46E-06,9.91E-08,4.91E-08,0,1.04E-08,7.50E-08,1.73E-06,4.57E-06,4.73E-06,4.06E-06,2.86E-07,1.53E-06,1.08E-07,0,3.62E-06,2.66E-06,2.10E-06,9.63E-08,5.38E-07,3.90E-06,2.73E-06,2.20E-06,1.98E-07,1.64E-07,2.38E-06,4.33E-06,3.61E-06,6.83E-07,4.21E-08
1972.841655,3.73E-06,5.53E-08,9.71E-08,1.72E-07,2.55E-08,3.79E-07,2.97E-06,1.68E-08,2.92E-06,4.28E-06,3.58E-06,1.50E-06,5.83E-08,9.90E-08,4.00E-08,8.73E-08,1.74E-08,1.86E-06,4.80E-06,4.86E-06,4.35E-06,2.89E-07,1.62E-06,7.27E-08,4.79E-08,3.79E-06,2.84E-06,2.28E-06,1.63E-07,6.09E-07,4.06E-06,2.97E-06,2.33E-06,1.72E-07,1.68E-07,2.43E-06,4.48E-06,3.77E-06,7.77E-07,8.47E-08
1974.770142,3.91E-06,0,4.14E-08,5.07E-08,0,1.85E-07,3.14E-06,1.65E-08,3.03E-06,4.48E-06,3.70E-06,1.48E-06,0,4.70E-08,2.56E-08,5.46E-08,0,1.97E-06,5.00E-06,5.01E-06,4.59E-06,2.92E-07,1.70E-06,0,3.06E-08,3.93E-06,3.04E-06,2.48E-06,9.02E-08,6.12E-07,4.22E-06,3.17E-06,2.43E-06,6.90E-08,9.58E-08,2.52E-06,4.61E-06,3.95E-06,8.12E-07,0
1976.698628,4.10E-06,0,0,0,0,3.36E-08,3.35E-06,0,3.20E-06,4.70E-06,3.83E-06,1.59E-06,7.67E-09,0,0,0,1.13E-08,2.06E-06,5.18E-06,5.22E-06,4.83E-06,3.15E-07,1.84E-06,0,1.15E-08,4.08E-06,3.24E-06,2.68E-06,0,5.78E-07,4.46E-06,3.29E-06,2.51E-06,0,0,2.65E-06,4.82E-06,4.15E-06,8.12E-07,0
1978.627115,4.24E-06,1.95E-08,5.83E-08,5.98E-08,3.31E-08,7.28E-08,3.63E-06,4.56E-10,3.42E-06,4.98E-06,4.04E-06,1.78E-06,1.13E-08,2.14E-08,1.40E-08,3.72E-08,8.57E-08,2.22E-06,5.46E-06,5.55E-06,5.08E-06,4.04E-07,2.02E-06,3.75E-08,7.60E-08,4.32E-06,3.50E-06,2.89E-06,0,6.57E-07,4.70E-06,3.50E-06,2.62E-06,1.34E-07,3.59E-08,2.77E-06,5.09E-06,4.49E-06,9.23E-07,3.52E-08
1980.555601,4.34E-06,2.00E-08,8.14E-08,8.21E-08,1.07E-08,1.24E-07,3.89E-06,3.63E-08,3.63E-06,5.20E-06,4.20E-06,1.84E-06,0,5.35E-08,1.00E-07,4.93E-08,1.01E-07,2.34E-06,5.74E-06,5.82E-06,5.32E-06,5.48E-07,2.21E-06,1.15E-08,3.80E-08,4.55E-06,3.81E-06,3.12E-06,1.29E-07,7.03E-07,4.97E-06,3.74E-06,2.78E-06,1.15E-07,9.12E-08,2.87E-06,5.32E-06,4.71E-06,1.01E-06,2.42E-08
1982.484087,4.45E-06,8.91E-08,4.89E-08,7.35E-08,0,3.39E-08,4.17E-06,5.99E-08,3.90E-06,5.54E-06,4.40E-06,1.98E-06,6.92E-08,7.05E-08,2.24E-07,1.11E-07,7.26E-08,2.52E-06,6.09E-06,6.06E-06,5.65E-06,6.95E-07,2.40E-06,0,0,4.77E-06,4.06E-06,3.35E-06,2.23E-07,7.67E-07,5.30E-06,3.94E-06,3.06E-06,9.94E-08,5.05E-08,2.91E-06,5.59E-06,4.83E-06,1.07E-06,5.90E-08
1984.412574,4.58E-06,1.39E-07,8.46E-09,4.42E-08,7.95E-09,0,4.42E-06,8.23E-08,4.12E-06,5.89E-06,4.58E-06,2.18E-06,3.98E-08,1.01E-07,2.88E-07,1.01E-07,0,2.67E-06,6.38E-06,6.29E-06,5.94E-06,7.39E-07,2.54E-06,0,0,4.96E-06,4.27E-06,3.61E-06,1.61E-07,8.20E-07,5.62E-06,4.15E-06,3.31E-06,1.22E-07,0,2.98E-06,5.83E-06,5.10E-06,1.17E-06,6.39E-08
1986.34106,4.77E-06,2.08E-07,3.64E-08,4.39E-08,2.59E-08,1.29E-08,4.70E-06,1.15E-07,4.37E-06,6.16E-06,4.80E-06,2.34E-06,0,1.29E-07,3.80E-07,1.08E-07,1.21E-08,2.83E-06,6.67E-06,6.56E-06,6.15E-06,8.38E-07,2.77E-06,5.87E-08,4.23E-08,5.13E-06,4.58E-06,3.90E-06,2.08E-07,9.12E-07,5.89E-06,4.42E-06,3.52E-06,1.31E-07,4.56E-08,3.17E-06,6.07E-06,5.43E-06,1.35E-06,4.30E-08
1988.269547,4.85E-06,2.93E-07,3.48E-08,1.43E-09,0,0,5.01E-06,1.12E-07,4.60E-06,6.37E-06,5.03E-06,2.47E-06,0,1.30E-07,3.99E-07,5.86E-08,8.13E-08,3.00E-06,7.03E-06,6.80E-06,6.35E-06,9.53E-07,2.99E-06,9.66E-08,0,5.34E-06,4.81E-06,4.19E-06,3.12E-07,9.95E-07,6.18E-06,4.66E-06,3.70E-06,8.53E-08,2.08E-08,3.26E-06,6.34E-06,5.66E-06,1.47E-06,0
1990.198033,5.03E-06,4.68E-07,1.66E-07,0,7.32E-08,1.64E-07,5.38E-06,1.95E-07,4.87E-06,6.54E-06,5.30E-06,2.71E-06,1.23E-07,1.98E-07,4.14E-07,0,1.49E-07,3.23E-06,7.43E-06,7.01E-06,6.70E-06,1.14E-06,3.28E-06,1.44E-07,0,5.71E-06,5.14E-06,4.56E-06,4.85E-07,1.11E-06,6.59E-06,4.98E-06,3.98E-06,0,8.61E-09,3.45E-06,6.70E-06,6.01E-06,1.65E-06,8.23E-08
1992.12652,5.30E-06,6.71E-07,3.65E-07,6.18E-08,1.86E-07,3.94E-07,5.81E-06,3.06E-07,5.22E-06,6.95E-06,5.62E-06,3.01E-06,2.51E-07,3.48E-07,5.74E-07,1.65E-07,2.00E-07,3.54E-06,7.87E-06,7.41E-06,7.11E-06,1.43E-06,3.63E-06,2.21E-07,1.17E-07,6.09E-06,5.62E-06,4.93E-06,7.07E-07,1.36E-06,6.96E-06,5.37E-06,4.28E-06,0,9.26E-08,3.72E-06,7.14E-06,6.44E-06,1.89E-06,2.65E-07
1994.055006,5.30E-06,6.60E-07,2.02E-07,2.57E-08,7.72E-08,2.92E-07,6.08E-06,1.41E-07,5.40E-06,7.41E-06,5.64E-06,3.13E-06,8.87E-08,3.94E-07,6.48E-07,1.58E-07,1.08E-07,3.70E-06,8.19E-06,7.87E-06,7.29E-06,1.53E-06,3.80E-06,6.65E-08,9.66E-08,6.25E-06,5.91E-06,5.10E-06,6.99E-07,1.41E-06,7.15E-06,5.51E-06,4.37E-06,6.25E-08,4.50E-08,3.79E-06,7.43E-06,6.60E-06,1.92E-06,1.83E-07
1995.983493,5.33E-06,6.11E-07,0,0,0,5.61E-08,6.32E-06,0,5.61E-06,7.68E-06,5.76E-06,3.23E-06,0,3.71E-07,6.82E-07,0,3.81E-08,3.87E-06,8.54E-06,8.25E-06,7.49E-06,1.63E-06,3.96E-06,0,4.00E-08,6.48E-06,6.13E-06,5.32E-06,6.40E-07,1.40E-06,7.32E-06,5.64E-06,4.61E-06,4.34E-08,9.66E-08,3.87E-06,7.70E-06,6.85E-06,1.95E-06,1.01E-07
1997.911979,5.59E-06,7.27E-07,4.34E-08,0,6.20E-08,0,6.69E-06,1.48E-08,5.91E-06,8.05E-06,6.06E-06,3.40E-06,8.18E-08,4.60E-07,8.19E-07,2.33E-08,0,4.12E-06,8.99E-06,8.60E-06,7.78E-06,1.82E-06,4.20E-06,1.41E-07,9.70E-08,6.83E-06,6.44E-06,5.74E-06,6.61E-07,1.48E-06,7.59E-06,5.96E-06,5.00E-06,0,1.90E-07,4.04E-06,8.13E-06,7.24E-06,2.09E-06,1.11E-07
1999.840466,5.78E-06,9.50E-07,1.29E-07,2.57E-08,1.79E-07,4.50E-08,7.15E-06,4.38E-08,6.26E-06,8.56E-06,6.31E-06,3.70E-06,1.49E-07,6.40E-07,9.71E-07,1.36E-07,0,4.40E-06,9.45E-06,9.04E-06,8.03E-06,2.03E-06,4.52E-06,2.07E-07,2.16E-07,7.08E-06,6.80E-06,6.13E-06,7.44E-07,1.69E-06,7.94E-06,6.29E-06,5.32E-06,4.73E-08,2.99E-07,4.25E-06,8.58E-06,7.64E-06,2.27E-06,1.25E-07
2001.768952,5.88E-06,1.07E-06,5.41E-08,0,1.65E-07,6.35E-08,7.54E-06,5.29E-08,6.56E-06,8.96E-06,6.42E-06,3.97E-06,1.01E-07,7.22E-07,1.06E-06,8.80E-08,1.01E-09,4.64E-06,9.85E-06,9.43E-06,8.31E-06,2.28E-06,4.81E-06,1.74E-07,2.32E-07,7.28E-06,7.12E-06,6.41E-06,7.66E-07,1.89E-06,8.23E-06,6.51E-06,5.56E-06,0,4.19E-07,4.50E-06,8.89E-06,8.01E-06,2.38E-06,9.97E-08
2003.697439,6.08E-06,1.15E-06,0,1.65E-08,7.20E-08,0,7.88E-06,1.07E-07,6.82E-06,9.32E-06,6.57E-06,4.20E-06,1.35E-07,8.16E-07,1.17E-06,6.27E-08,0,4.89E-06,1.03E-05,9.84E-06,8.57E-06,2.54E-06,5.08E-06,2.47E-07,2.59E-07,7.56E-06,7.43E-06,6.76E-06,8.03E-07,2.03E-06,8.48E-06,6.82E-06,5.85E-06,1.05E-08,5.28E-07,4.76E-06,9.20E-06,8.25E-06,2.54E-06,8.58E-08
2005.625925,6.33E-06,1.33E-06,3.89E-08,3.30E-08,5.73E-08,0,8.32E-06,2.26E-07,7.17E-06,9.70E-06,6.90E-06,4.48E-06,2.47E-07,1.02E-06,1.35E-06,9.31E-08,0,5.14E-06,1.09E-05,1.03E-05,8.83E-06,2.85E-06,5.42E-06,3.89E-07,3.27E-07,7.88E-06,7.93E-06,7.20E-06,9.83E-07,2.22E-06,8.75E-06,7.24E-06,6.22E-06,2.00E-08,7.03E-07,4.90E-06,9.58E-06,8.61E-06,2.75E-06,2.80E-07
2007.554412,6.50E-06,1.58E-06,5.62E-08,1.23E-08,1.69E-07,3.19E-08,8.78E-06,3.43E-07,7.55E-06,1.02E-05,7.12E-06,4.76E-06,3.14E-07,1.26E-06,1.51E-06,0,0,5.40E-06,1.13E-05,1.07E-05,9.22E-06,3.14E-06,5.81E-06,5.03E-07,4.05E-07,8.21E-06,8.47E-06,7.59E-06,1.14E-06,2.38E-06,9.08E-06,7.59E-06,6.59E-06,0,8.59E-07,5.14E-06,9.98E-06,9.06E-06,2.87E-06,4.25E-07
2009.482898,6.69E-06,1.86E-06,1.80E-07,1.75E-07,4.13E-07,1.45E-07,9.24E-06,5.37E-07,7.97E-06,1.07E-05,7.38E-06,5.18E-06,5.25E-07,1.60E-06,1.70E-06,4.30E-08,6.04E-09,5.77E-06,1.19E-05,1.13E-05,9.72E-06,3.47E-06,6.22E-06,6.65E-07,5.86E-07,8.60E-06,8.90E-06,8.02E-06,1.36E-06,2.65E-06,9.51E-06,7.98E-06,7.03E-06,1.21E-07,1.13E-06,5.51E-06,1.05E-05,9.60E-06,3.11E-06,4.50E-07
2011.411384,7.00E-06,2.12E-06,3.83E-07,3.47E-07,6.71E-07,3.39E-07,9.73E-06,8.27E-07,8.41E-06,1.12E-05,7.76E-06,5.55E-06,7.57E-07,1.97E-06,2.02E-06,2.81E-07,7.20E-08,6.20E-06,1.24E-05,1.19E-05,1.02E-05,3.86E-06,6.69E-06,8.69E-07,7.70E-07,9.03E-06,9.38E-06,8.56E-06,1.61E-06,2.95E-06,9.98E-06,8.45E-06,7.50E-06,3.15E-07,1.49E-06,5.87E-06,1.10E-05,1.01E-05,3.39E-06,6.74E-07
2013.339871,7.42E-06,2.46E-06,6.27E-07,5.83E-07,9.30E-07,5.07E-07,1.03E-05,1.17E-06,8.92E-06,1.17E-05,8.09E-06,5.92E-06,9.36E-07,2.36E-06,2.36E-06,5.29E-07,2.84E-07,6.63E-06,1.30E-05,1.25E-05,1.08E-05,4.30E-06,7.28E-06,1.23E-06,1.01E-06,9.49E-06,9.94E-06,9.16E-06,1.85E-06,3.27E-06,1.05E-05,8.92E-06,8.01E-06,5.21E-07,1.90E-06,6.43E-06,1.15E-05,1.06E-05,3.66E-06,1.02E-06
2015.268357,7.89E-06,2.85E-06,9.18E-07,9.62E-07,1.22E-06,8.37E-07,1.09E-05,1.42E-06,9.49E-06,1.22E-05,8.47E-06,6.42E-06,1.23E-06,2.78E-06,2.65E-06,8.06E-07,5.06E-07,7.08E-06,1.37E-05,1.31E-05,1.15E-05,4.80E-06,7.88E-06,1.73E-06,1.34E-06,1.00E-05,1.06E-05,9.80E-06,2.31E-06,3.69E-06,1.11E-05,9.46E-06,8.67E-06,6.08E-07,2.34E-06,6.94E-06,1.20E-05,1.13E-05,4.04E-06,1.42E-06
2017.196844,8.33E-06,3.23E-06,1.14E-06,1.27E-06,1.58E-06,1.24E-06,1.15E-05,1.62E-06,9.99E-06,1.28E-05,8.93E-06,6.92E-06,1.70E-06,3.15E-06,3.00E-06,1.05E-06,6.86E-07,7.59E-06,1.43E-05,1.37E-05,1.23E-05,5.35E-06,8.42E-06,2.16E-06,1.67E-06,1.06E-05,1.13E-05,1.04E-05,2.74E-06,4.05E-06,1.17E-05,1.00E-05,9.29E-06,7.88E-07,2.79E-06,7.38E-06,1.25E-05,1.19E-05,4.44E-06,1.84E-06
2019.12533,8.70E-06,3.50E-06,1.30E-06,1.36E-06,1.75E-06,1.41E-06,1.21E-05,1.85E-06,1.04E-05,1.33E-05,9.28E-06,7.26E-06,2.01E-06,3.43E-06,3.28E-06,1.10E-06,7.87E-07,7.96E-06,1.49E-05,1.43E-05,1.29E-05,5.77E-06,8.84E-06,2.44E-06,1.86E-06,1.11E-05,1.18E-05,1.09E-05,2.88E-06,4.24E-06,1.22E-05,1.05E-05,9.73E-06,1.02E-06,3.02E-06,7.85E-06,1.29E-05,1.24E-05,4.68E-06,2.01E-06
2021.053817,9.12E-06,3.75E-06,1.53E-06,1.43E-06,1.86E-06,1.49E-06,1.26E-05,2.03E-06,1.08E-05,1.39E-05,9.58E-06,7.56E-06,2.13E-06,3.71E-06,3.55E-06,1.11E-06,8.01E-07,8.31E-06,1.54E-05,1.49E-05,1.34E-05,6.15E-06,9.25E-06,2.57E-06,2.01E-06,1.15E-05,1.23E-05,1.14E-05,3.01E-06,4.42E-06,1.26E-05,1.09E-05,1.01E-05,1.19E-06,3.13E-06,8.27E-06,1.33E-05,1.29E-05,4.94E-06,2.13E-06
2022.982303,9.52E-06,4.05E-06,1.71E-06,1.55E-06,2.09E-06,1.53E-06,1.31E-05,2.21E-06,1.13E-05,1.44E-05,9.90E-06,7.92E-06,2.28E-06,3.97E-06,3.82E-06,1.25E-06,8.15E-07,8.70E-06,1.60E-05,1.55E-05,1.39E-05,6.57E-06,9.72E-06,2.67E-06,2.22E-06,1.20E-05,1.28E-05,1.19E-05,3.20E-06,4.62E-06,1.31E-05,1.14E-05,1.06E-05,1.28E-06,3.38E-06,8.73E-06,1.38E-05,1.34E-05,5.28E-06,2.29E-06
2024.91079,9.84E-06,4.29E-06,1.82E-06,1.54E-06,2.22E-06,1.46E-06,1.36E-05,2.32E-06,1.17E-05,1.47E-05,1.02E-05,8.23E-06,2.41E-06,4.17E-06,4.00E-06,1.32E-06,8.00E-07,9.02E-06,1.64E-05,1.61E-05,1.44E-05,6.94E-06,1.01E-05,2.79E-06,2.39E-06,1.24E-05,1.32E-05,1.24E-05,3.29E-06,4.75E-06,1.35E-05,1.17E-05,1.10E-05,1.25E-06,3.59E-06,9.20E-06,1.42E-05,1.38E-05,5.47E-06,2.41E-06
2026.839276,1.02E-05,4.54E-06,2.00E-06,1.53E-06,2.39E-06,1.50E-06,1.41E-05,2.44E-06,1.21E-05,1.52E-05,1.05E-05,8.59E-06,2.62E-06,4.35E-06,4.25E-06,1.42E-06,8.21E-07,9.46E-06,1.70E-05,1.66E-05,1.49E-05,7.33E-06,1.05E-05,2.99E-06,2.51E-06,1.27E-05,1.36E-05,1.28E-05,3.41E-06,4.93E-06,1.39E-05,1.21E-05,1.14E-05,1.27E-06,3.78E-06,9.55E-06,1.46E-05,1.43E-05,5.70E-06,2.62E-06
2028.767763,1.04E-05,4.79E-06,2.09E-06,1.55E-06,2.56E-06,1.56E-06,1.46E-05,2.53E-06,1.25E-05,1.56E-05,1.08E-05,8.92E-06,2.73E-06,4.50E-06,4.46E-06,1.58E-06,8.34E-07,9.85E-06,1.75E-05,1.71E-05,1.53E-05,7.69E-06,1.09E-05,3.16E-06,2.65E-06,1.30E-05,1.41E-05,1.33E-05,3.52E-06,5.07E-06,1.42E-05,1.26E-05,1.18E-05,1.27E-06,3.91E-06,9.78E-06,1.49E-05,1.47E-05,5.95E-06,2.76E-06
2030.696249,1.07E-05,5.02E-06,2.19E-06,1.56E-06,2.73E-06,1.61E-06,1.50E-05,2.59E-06,1.28E-05,1.61E-05,1.11E-05,9.21E-06,2.74E-06,4.71E-06,4.66E-06,1.70E-06,8.59E-07,1.01E-05,1.80E-05,1.75E-05,1.57E-05,7.99E-06,1.13E-05,3.31E-06,2.84E-06,1.34E-05,1.47E-05,1.38E-05,3.67E-06,5.16E-06,1.46E-05,1.30E-05,1.22E-05,1.38E-06,4.06E-06,1.01E-05,1.54E-05,1.51E-05,6.16E-06,2.94E-06
2032.624736,1.11E-05,5.22E-06,2.38E-06,1.56E-06,2.88E-06,1.66E-06,1.54E-05,2.70E-06,1.31E-05,1.65E-05,1.14E-05,9.54E-06,2.78E-06,4.91E-06,4.91E-06,1.80E-06,8.99E-07,1.04E-05,1.85E-05,1.79E-05,1.61E-05,8.32E-06,1.17E-05,3.46E-06,2.91E-06,1.37E-05,1.52E-05,1.43E-05,3.80E-06,5.27E-06,1.49E-05,1.33E-05,1.26E-05,1.49E-06,4.22E-06,1.04E-05,1.58E-05,1.55E-05,6.35E-06,3.16E-06
2034.553222,1.15E-05,5.40E-06,2.55E-06,1.59E-06,3.04E-06,1.66E-06,1.59E-05,2.77E-06,1.35E-05,1.70E-05,1.18E-05,9.83E-06,2.87E-06,5.05E-06,5.14E-06,1.87E-06,9.83E-07,1.06E-05,1.89E-05,1.84E-05,1.63E-05,8.68E-06,1.20E-05,3.63E-06,3.03E-06,1.40E-05,1.56E-05,1.47E-05,3.85E-06,5.44E-06,1.52E-05,1.37E-05,1.29E-05,1.57E-06,4.31E-06,1.06E-05,1.61E-05,1.59E-05,6.50E-06,3.30E-06
2036.481709,1.17E-05,5.68E-06,2.69E-06,1.62E-06,3.27E-06,1.59E-06,1.63E-05,2.86E-06,1.39E-05,1.75E-05,1.22E-05,1.01E-05,3.03E-06,5.20E-06,5.33E-06,1.87E-06,1.16E-06,1.10E-05,1.93E-05,1.89E-05,1.66E-05,9.02E-06,1.24E-05,3.80E-06,3.21E-06,1.43E-05,1.61E-05,1.51E-05,3.93E-06,5.58E-06,1.55E-05,1.41E-05,1.33E-05,1.54E-06,4.48E-06,1.10E-05,1.64E-05,1.64E-05,6.62E-06,3.34E-06
2038.410195,1.20E-05,6.03E-06,2.87E-06,1.72E-06,3.47E-06,1.59E-06,1.67E-05,3.02E-06,1.43E-05,1.80E-05,1.25E-05,1.05E-05,3.20E-06,5.48E-06,5.58E-06,1.95E-06,1.30E-06,1.14E-05,1.99E-05,1.94E-05,1.70E-05,9.41E-06,1.28E-05,3.97E-06,3.33E-06,1.46E-05,1.66E-05,1.56E-05,4.14E-06,5.74E-06,1.58E-05,1.45E-05,1.37E-05,1.57E-06,4.71E-06,1.12E-05,1.69E-05,1.69E-05,6.81E-06,3.57E-06
2040.338681,1.24E-05,6.37E-06,3.06E-06,1.84E-06,3.74E-06,1.77E-06,1.73E-05,3.17E-06,1.47E-05,1.85E-05,1.30E-05,1.09E-05,3.36E-06,5.77E-06,5.97E-06,2.11E-06,1.40E-06,1.18E-05,2.05E-05,1.99E-05,1.73E-05,9.83E-06,1.32E-05,4.15E-06,3.51E-06,1.49E-05,1.70E-05,1.61E-05,4.42E-06,5.99E-06,1.61E-05,1.50E-05,1.42E-05,1.72E-06,4.96E-06,1.15E-05,1.74E-05,1.74E-05,7.09E-06,3.98E-06
2042.267168,1.26E-05,6.59E-06,3.16E-06,1.77E-06,3.87E-06,1.83E-06,1.77E-05,3.21E-06,1.50E-05,1.89E-05,1.33E-05,1.12E-05,3.38E-06,5.88E-06,6.24E-06,2.08E-06,1.37E-06,1.21E-05,2.10E-05,2.03E-05,1.75E-05,1.01E-05,1.35E-05,4.21E-06,3.62E-06,1.51E-05,1.75E-05,1.66E-05,4.46E-06,6.08E-06,1.62E-05,1.53E-05,1.46E-05,1.69E-06,5.10E-06,1.17E-05,1.77E-05,1.78E-05,7.19E-06,4.09E-06
2044.195654,1.26E-05,6.72E-06,3.22E-06,1.71E-06,3.93E-06,1.66E-06,1.81E-05,3.17E-06,1.53E-05,1.93E-05,1.35E-05,1.14E-05,3.33E-06,5.99E-06,6.41E-06,2.09E-06,1.28E-06,1.24E-05,2.13E-05,2.07E-05,1.78E-05,1.03E-05,1.38E-05,4.21E-06,3.65E-06,1.52E-05,1.79E-05,1.69E-05,4.40E-06,6.11E-06,1.64E-05,1.57E-05,1.49E-05,1.68E-06,5.22E-06,1.17E-05,1.80E-05,1.81E-05,7.20E-06,4.04E-06
2046.124141,1.27E-05,6.81E-06,3.27E-06,1.64E-06,4.08E-06,1.48E-06,1.85E-05,3.15E-06,1.56E-05,1.97E-05,1.38E-05,1.17E-05,3.25E-06,6.12E-06,6.55E-06,2.13E-06,1.26E-06,1.26E-05,2.16E-05,2.10E-05,1.79E-05,1.05E-05,1.41E-05,4.26E-06,3.69E-06,1.53E-05,1.82E-05,1.72E-05,4.39E-06,6.17E-06,1.66E-05,1.60E-05,1.51E-05,1.61E-06,5.32E-06,1.18E-05,1.83E-05,1.84E-05,7.26E-06,4.01E-06
2048.052627,1.29E-05,7.03E-06,3.34E-06,1.61E-06,4.23E-06,1.47E-06,1.90E-05,3.20E-06,1.60E-05,2.02E-05,1.41E-05,1.20E-05,3.30E-06,6.32E-06,6.77E-06,2.05E-06,1.30E-06,1.28E-05,2.20E-05,2.15E-05,1.81E-05,1.09E-05,1.44E-05,4.35E-06,3.85E-06,1.55E-05,1.87E-05,1.77E-05,4.38E-06,6.26E-06,1.67E-05,1.64E-05,1.55E-05,1.67E-06,5.41E-06,1.20E-05,1.87E-05,1.88E-05,7.37E-06,4.13E-06
2049.981114,1.30E-05,7.27E-06,3.32E-06,1.59E-06,4.46E-06,1.54E-06,1.94E-05,3.20E-06,1.63E-05,2.06E-05,1.42E-05,1.24E-05,3.37E-06,6.52E-06,7.01E-06,2.05E-06,1.34E-06,1.31E-05,2.25E-05,2.20E-05,1.82E-05,1.12E-05,1.48E-05,4.41E-06,3.97E-06,1.56E-05,1.91E-05,1.81E-05,4.41E-06,6.42E-06,1.68E-05,1.68E-05,1.59E-05,1.81E-06,5.53E-06,1.20E-05,1.91E-05,1.92E-05,7.48E-06,4.29E-06
2051.9096,1.31E-05,7.48E-06,3.31E-06,1.56E-06,4.64E-06,1.53E-06,1.98E-05,3.24E-06,1.66E-05,2.10E-05,1.43E-05,1.27E-05,3.35E-06,6.66E-06,7.22E-06,2.16E-06,1.30E-06,1.34E-05,2.29E-05,2.24E-05,1.83E-05,1.15E-05,1.51E-05,4.43E-06,3.99E-06,1.57E-05,1.95E-05,1.85E-05,4.47E-06,6.51E-06,1.70E-05,1.72E-05,1.63E-05,1.83E-06,5.60E-06,1.20E-05,1.95E-05,1.96E-05,7.55E-06,4.41E-06
2053.838087,1.32E-05,7.74E-06,3.36E-06,1.57E-06,4.77E-06,1.55E-06,2.02E-05,3.31E-06,1.69E-05,2.14E-05,1.45E-05,1.29E-05,3.41E-06,6.85E-06,7.46E-06,2.21E-06,1.27E-06,1.37E-05,2.33E-05,2.28E-05,1.84E-05,1.18E-05,1.54E-05,4.46E-06,4.09E-06,1.59E-05,1.99E-05,1.89E-05,4.49E-06,6.62E-06,1.71E-05,1.75E-05,1.66E-05,1.87E-06,5.87E-06,1.22E-05,1.98E-05,2.00E-05,7.66E-06,4.55E-06
2055.766573,1.32E-05,7.89E-06,3.30E-06,1.51E-06,4.88E-06,1.53E-06,2.05E-05,3.26E-06,1.72E-05,2.17E-05,1.47E-05,1.32E-05,3.38E-06,6.98E-06,7.60E-06,2.12E-06,1.23E-06,1.39E-05,2.37E-05,2.32E-05,1.86E-05,1.21E-05,1.56E-05,4.49E-06,4.15E-06,1.59E-05,2.02E-05,1.93E-05,4.36E-06,6.69E-06,1.71E-05,1.78E-05,1.69E-05,1.80E-06,6.03E-06,1.22E-05,2.01E-05,2.03E-05,7.67E-06,4.59E-06
2057.69506,1.33E-05,7.99E-06,3.27E-06,1.47E-06,4.95E-06,1.49E-06,2.08E-05,3.23E-06,1.74E-05,2.21E-05,1.49E-05,1.35E-05,3.35E-06,7.11E-06,7.73E-06,2.06E-06,1.19E-06,1.42E-05,2.39E-05,2.36E-05,1.86E-05,1.24E-05,1.59E-05,4.55E-06,4.23E-06,1.60E-05,2.05E-05,1.96E-05,4.30E-06,6.74E-06,1.72E-05,1.81E-05,1.73E-05,1.80E-06,5.98E-06,1.23E-05,2.04E-05,2.06E-05,7.70E-06,4.63E-06
2059.623546,1.34E-05,8.16E-06,3.37E-06,1.48E-06,5.09E-06,1.51E-06,2.12E-05,3.25E-06,1.77E-05,2.25E-05,1.49E-05,1.37E-05,3.37E-06,7.27E-06,7.94E-06,2.07E-06,1.15E-06,1.44E-05,2.43E-05,2.39E-05,1.86E-05,1.27E-05,1.63E-05,4.56E-06,4.28E-06,1.60E-05,2.09E-05,1.99E-05,4.30E-06,6.80E-06,1.72E-05,1.85E-05,1.76E-05,1.84E-06,6.08E-06,1.24E-05,2.07E-05,2.10E-05,7.75E-06,4.74E-06
2061.552033,1.34E-05,8.38E-06,3.46E-06,1.53E-06,5.31E-06,1.55E-06,2.15E-05,3.29E-06,1.80E-05,2.29E-05,1.50E-05,1.40E-05,3.34E-06,7.50E-06,8.10E-06,2.11E-06,1.07E-06,1.46E-05,2.46E-05,2.43E-05,1.87E-05,1.30E-05,1.67E-05,4.58E-06,4.28E-06,1.60E-05,2.13E-05,2.04E-05,4.24E-06,6.91E-06,1.73E-05,1.88E-05,1.80E-05,1.87E-06,6.30E-06,1.25E-05,2.10E-05,2.13E-05,7.76E-06,4.88E-06
2063.480519,1.34E-05,8.52E-06,3.39E-06,1.45E-06,5.47E-06,1.60E-06,2.18E-05,3.29E-06,1.82E-05,2.31E-05,1.50E-05,1.42E-05,3.32E-06,7.69E-06,8.20E-06,2.05E-06,9.69E-07,1.48E-05,2.49E-05,2.46E-05,1.89E-05,1.32E-05,1.69E-05,4.56E-06,4.21E-06,1.62E-05,2.16E-05,2.07E-05,4.23E-06,6.98E-06,1.73E-05,1.90E-05,1.83E-05,1.81E-06,6.47E-06,1.25E-05,2.13E-05,2.16E-05,7.79E-06,4.90E-06
2065.409006,1.34E-05,8.61E-06,3.27E-06,1.39E-06,5.59E-06,1.62E-06,2.20E-05,3.25E-06,1.84E-05,2.33E-05,1.50E-05,1.44E-05,3.36E-06,7.87E-06,8.34E-06,1.96E-06,9.33E-07,1.50E-05,2.51E-05,2.49E-05,1.89E-05,1.34E-05,1.72E-05,4.51E-06,4.16E-06,1.63E-05,2.19E-05,2.10E-05,4.12E-06,6.97E-06,1.74E-05,1.93E-05,1.86E-05,1.83E-06,6.56E-06,1.26E-05,2.15E-05,2.20E-05,7.85E-06,4.84E-06
2067.337492,1.35E-05,8.68E-06,3.19E-06,1.43E-06,5.61E-06,1.58E-06,2.23E-05,3.24E-06,1.87E-05,2.37E-05,1.50E-05,1.46E-05,3.40E-06,8.06E-06,8.46E-06,1.88E-06,8.68E-07,1.53E-05,2.53E-05,2.52E-05,1.89E-05,1.35E-05,1.74E-05,4.55E-06,4.13E-06,1.63E-05,2.22E-05,2.14E-05,3.93E-06,6.99E-06,1.73E-05,1.95E-05,1.89E-05,1.83E-06,6.65E-06,1.26E-05,2.17E-05,2.23E-05,7.81E-06,4.79E-06
2069.265978,1.34E-05,8.76E-06,3.15E-06,1.34E-06,5.55E-06,1.43E-06,2.26E-05,3.15E-06,1.88E-05,2.39E-05,1.49E-05,1.48E-05,3.24E-06,8.15E-06,8.52E-06,1.68E-06,7.12E-07,1.54E-05,2.54E-05,2.54E-05,1.89E-05,1.36E-05,1.75E-05,4.53E-06,4.11E-06,1.63E-05,2.24E-05,2.16E-05,3.81E-06,7.00E-06,1.73E-05,1.97E-05,1.91E-05,1.68E-06,6.71E-06,1.26E-05,2.18E-05,2.25E-05,7.72E-06,4.71E-06
2071.194465,1.34E-05,8.94E-06,3.16E-06,1.28E-06,5.67E-06,1.40E-06,2.28E-05,3.10E-06,1.90E-05,2.41E-05,1.49E-05,1.50E-05,3.10E-06,8.31E-06,8.65E-06,1.59E-06,5.55E-07,1.55E-05,2.56E-05,2.57E-05,1.90E-05,1.38E-05,1.77E-05,4.50E-06,4.17E-06,1.63E-05,2.26E-05,2.18E-05,3.77E-06,7.06E-06,1.74E-05,1.99E-05,1.94E-05,1.69E-06,6.77E-06,1.27E-05,2.20E-05,2.27E-05,7.77E-06,4.78E-06
2073.122951,1.35E-05,9.08E-06,3.15E-06,1.28E-06,5.83E-06,1.57E-06,2.31E-05,3.12E-06,1.92E-05,2.44E-05,1.49E-05,1.52E-05,3.17E-06,8.45E-06,8.78E-06,1.53E-06,4.10E-07,1.57E-05,2.58E-05,2.60E-05,1.90E-05,1.41E-05,1.80E-05,4.48E-06,4.07E-06,1.63E-05,2.29E-05,2.21E-05,3.72E-06,7.17E-06,1.74E-05,2.02E-05,1.96E-05,1.70E-06,6.91E-06,1.28E-05,2.21E-05,2.30E-05,7.80E-06,4.86E-06
2075.051438,1.35E-05,9.14E-06,3.13E-06,1.32E-06,5.83E-06,1.50E-06,2.32E-05,3.10E-06,1.94E-05,2.46E-05,1.48E-05,1.53E-05,3.25E-06,8.53E-06,8.84E-06,1.41E-06,3.00E-07,1.59E-05,2.60E-05,2.63E-05,1.90E-05,1.43E-05,1.83E-05,4.43E-06,3.98E-06,1.63E-05,2.32E-05,2.24E-05,3.61E-06,7.23E-06,1.75E-05,2.05E-05,1.98E-05,1.78E-06,7.04E-06,1.28E-05,2.23E-05,2.33E-05,7.79E-06,4.82E-06
2076.979924,1.35E-05,9.16E-06,3.07E-06,1.24E-06,5.78E-06,1.24E-06,2.34E-05,3.04E-06,1.95E-05,2.48E-05,1.46E-05,1.54E-05,3.14E-06,8.64E-06,8.86E-06,1.25E-06,2.04E-07,1.60E-05,2.61E-05,2.64E-05,1.91E-05,1.44E-05,1.84E-05,4.33E-06,3.96E-06,1.62E-05,2.34E-05,2.27E-05,3.41E-06,7.22E-06,1.75E-05,2.07E-05,2.00E-05,1.81E-06,7.05E-06,1.28E-05,2.24E-05,2.35E-05,7.79E-06,4.63E-06
2078.908411,1.35E-05,9.25E-06,3.06E-06,1.10E-06,5.83E-06,1.21E-06,2.36E-05,3.01E-06,1.96E-05,2.50E-05,1.46E-05,1.56E-05,3.01E-06,8.74E-06,8.96E-06,1.21E-06,1.64E-07,1.61E-05,2.62E-05,2.66E-05,1.91E-05,1.46E-05,1.86E-05,4.29E-06,3.91E-06,1.63E-05,2.37E-05,2.29E-05,3.21E-06,7.24E-06,1.75E-05,2.09E-05,2.02E-05,1.80E-06,7.08E-06,1.29E-05,2.25E-05,2.36E-05,7.75E-06,4.54E-06
2080.836897,1.36E-05,9.42E-06,3.08E-06,1.06E-06,6.04E-06,1.37E-06,2.39E-05,3.09E-06,1.99E-05,2.52E-05,1.46E-05,1.58E-05,3.00E-06,8.92E-06,9.12E-06,1.33E-06,2.00E-07,1.63E-05,2.64E-05,2.69E-05,1.92E-05,1.48E-05,1.89E-05,4.33E-06,3.92E-06,1.64E-05,2.40E-05,2.32E-05,3.18E-06,7.29E-06,1.75E-05,2.11E-05,2.04E-05,1.88E-06,7.22E-06,1.31E-05,2.27E-05,2.38E-05,7.77E-06,4.65E-06
2082.765384,1.36E-05,9.46E-06,3.09E-06,9.91E-07,6.13E-06,1.42E-06,2.41E-05,3.12E-06,2.00E-05,2.54E-05,1.46E-05,1.60E-05,3.03E-06,9.05E-06,9.19E-06,1.24E-06,1.23E-07,1.64E-05,2.65E-05,2.71E-05,1.93E-05,1.50E-05,1.90E-05,4.29E-06,3.89E-06,1.64E-05,2.43E-05,2.35E-05,3.11E-06,7.29E-06,1.75E-05,2.13E-05,2.06E-05,1.85E-06,7.31E-06,1.31E-05,2.29E-05,2.40E-05,7.81E-06,4.64E-06
2084.69387,1.36E-05,9.49E-06,3.10E-06,8.92E-07,6.04E-06,1.42E-06,2.42E-05,3.03E-06,2.01E-05,2.57E-05,1.45E-05,1.61E-05,2.96E-06,9.08E-06,9.24E-06,1.06E-06,0,1.66E-05,2.67E-05,2.72E-05,1.93E-05,1.51E-05,1.92E-05,4.21E-06,3.78E-06,1.64E-05,2.45E-05,2.38E-05,2.97E-06,7.31E-06,1.75E-05,2.15E-05,2.07E-05,1.79E-06,7.32E-06,1.30E-05,2.30E-05,2.41E-05,7.81E-06,4.58E-06
2086.622357,1.37E-05,9.60E-06,3.11E-06,8.13E-07,6.05E-06,1.49E-06,2.44E-05,2.99E-06,2.03E-05,2.58E-05,1.44E-05,1.62E-05,2.86E-06,9.18E-06,9.34E-06,1.01E-06,1.54E-08,1.67E-05,2.69E-05,2.74E-05,1.93E-05,1.53E-05,1.94E-05,4.21E-06,3.70E-06,1.64E-05,2.46E-05,2.41E-05,2.90E-06,7.35E-06,1.76E-05,2.17E-05,2.08E-05,1.78E-06,7.28E-06,1.31E-05,2.32E-05,2.43E-05,7.78E-06,4.69E-06
2088.550843,1.37E-05,9.68E-06,3.11E-06,7.89E-07,6.18E-06,1.46E-06,2.46E-05,3.01E-06,2.05E-05,2.60E-05,1.44E-05,1.64E-05,2.79E-06,9.31E-06,9.49E-06,9.44E-07,3.97E-08,1.68E-05,2.70E-05,2.77E-05,1.93E-05,1.55E-05,1.96E-05,4.24E-06,3.70E-06,1.65E-05,2.50E-05,2.44E-05,2.88E-06,7.43E-06,1.77E-05,2.19E-05,2.10E-05,1.82E-06,7.28E-06,1.32E-05,2.33E-05,2.46E-05,7.84E-06,4.84E-06
2090.47933,1.37E-05,9.77E-06,3.14E-06,7.56E-07,6.24E-06,1.29E-06,2.49E-05,3.01E-06,2.07E-05,2.62E-05,1.45E-05,1.66E-05,2.73E-06,9.42E-06,9.60E-06,8.27E-07,0,1.70E-05,2.72E-05,2.79E-05,1.94E-05,1.56E-05,1.98E-05,4.28E-06,3.63E-06,1.65E-05,2.53E-05,2.47E-05,2.84E-06,7.49E-06,1.77E-05,2.21E-05,2.13E-05,1.83E-06,7.35E-06,1.34E-05,2.34E-05,2.48E-05,7.86E-06,4.83E-06
2092.407816,1.37E-05,9.93E-06,3.27E-06,7.80E-07,6.39E-06,1.27E-06,2.52E-05,3.09E-06,2.09E-05,2.65E-05,1.46E-05,1.69E-05,2.83E-06,9.62E-06,9.77E-06,8.56E-07,4.19E-08,1.73E-05,2.74E-05,2.83E-05,1.95E-05,1.58E-05,2.00E-05,4.36E-06,3.65E-06,1.66E-05,2.56E-05,2.51E-05,2.81E-06,7.57E-06,1.79E-05,2.24E-05,2.16E-05,1.96E-06,7.57E-06,1.36E-05,2.37E-05,2.51E-05,7.93E-06,4.86E-06
2094.336303,1.37E-05,1.01E-05,3.36E-06,7.59E-07,6.50E-06,1.30E-06,2.54E-05,3.16E-06,2.11E-05,2.67E-05,1.47E-05,1.71E-05,2.84E-06,9.79E-06,9.92E-06,8.55E-07,8.30E-08,1.75E-05,2.77E-05,2.85E-05,1.96E-05,1.60E-05,2.02E-05,4.33E-06,3.69E-06,1.67E-05,2.59E-05,2.54E-05,2.80E-06,7.58E-06,1.80E-05,2.27E-05,2.18E-05,2.03E-06,7.69E-06,1.37E-05,2.39E-05,2.53E-05,7.99E-06,4.90E-06
2096.264789,1.38E-05,1.02E-05,3.43E-06,7.19E-07,6.54E-06,1.28E-06,2.56E-05,3.19E-06,2.13E-05,2.69E-05,1.47E-05,1.71E-05,2.80E-06,9.84E-06,1.00E-05,7.42E-07,5.60E-08,1.76E-05,2.78E-05,2.87E-05,1.96E-05,1.61E-05,2.04E-05,4.29E-06,3.66E-06,1.68E-05,2.62E-05,2.56E-05,2.70E-06,7.56E-06,1.80E-05,2.29E-05,2.19E-05,2.00E-06,7.68E-06,1.38E-05,2.41E-05,2.55E-05,8.02E-06,4.97E-06
2098.193275,1.39E-05,1.04E-05,3.49E-06,6.90E-07,6.67E-06,1.31E-06,2.59E-05,3.21E-06,2.15E-05,2.72E-05,1.48E-05,1.74E-05,2.87E-06,9.91E-06,1.01E-05,7.89E-07,5.33E-08,1.78E-05,2.81E-05,2.89E-05,1.97E-05,1.63E-05,2.06E-05,4.30E-06,3.71E-06,1.68E-05,2.64E-05,2.59E-05,2.66E-06,7.64E-06,1.81E-05,2.31E-05,2.21E-05,2.03E-06,7.68E-06,1.39E-05,2.43E-05,2.58E-05,8.06E-06,5.12E-06
2100.121762,1.39E-05,1.05E-05,3.50E-06,6.28E-07,6.74E-06,1.38E-06,2.61E-05,3.15E-06,2.16E-05,2.75E-05,1.49E-05,1.76E-05,2.90E-06,1.00E-05,1.03E-05,7.95E-07,6.32E-08,1.80E-05,2.82E-05,2.90E-05,1.97E-05,1.64E-05,2.07E-05,4.27E-06,3.75E-06,1.69E-05,2.66E-05,2.61E-05,2.66E-06,7.68E-06,1.80E-05,2.33E-05,2.23E-05,2.00E-06,7.70E-06,1.40E-05,2.45E-05,2.60E-05,8.06E-06,5.15E-06
2102.050248,1.38E-05,1.06E-05,3.57E-06,6.29E-07,6.82E-06,1.40E-06,2.63E-05,3.08E-06,2.18E-05,2.78E-05,1.50E-05,1.78E-05,2.95E-06,1.01E-05,1.04E-05,7.19E-07,8.21E-08,1.82E-05,2.84E-05,2.93E-05,1.98E-05,1.65E-05,2.09E-05,4.29E-06,3.75E-06,1.69E-05,2.68E-05,2.65E-05,2.58E-06,7.72E-06,1.80E-05,2.36E-05,2.25E-05,2.03E-06,7.84E-06,1.41E-05,2.48E-05,2.63E-05,8.10E-06,5.22E-06
2103.978735,1.38E-05,1.06E-05,3.60E-06,4.94E-07,6.89E-06,1.32E-06,2.65E-05,3.01E-06,2.19E-05,2.80E-05,1.50E-05,1.79E-05,2.90E-06,1.01E-05,1.05E-05,6.34E-07,1.35E-07,1.83E-05,2.86E-05,2.95E-05,1.98E-05,1.66E-05,2.10E-05,4.19E-06,3.68E-06,1.69E-05,2.70E-05,2.67E-05,2.45E-06,7.71E-06,1.81E-05,2.37E-05,2.27E-05,2.02E-06,7.82E-06,1.40E-05,2.50E-05,2.65E-05,8.09E-06,5.21E-06
2105.907221,1.38E-05,1.07E-05,3.70E-06,3.85E-07,6.96E-06,1.28E-06,2.67E-05,3.03E-06,2.21E-05,2.82E-05,1.51E-05,1.81E-05,2.90E-06,1.02E-05,1.06E-05,6.33E-07,2.43E-07,1.85E-05,2.87E-05,2.97E-05,1.98E-05,1.67E-05,2.11E-05,4.08E-06,3.68E-06,1.69E-05,2.73E-05,2.69E-05,2.37E-06,7.74E-06,1.81E-05,2.39E-05,2.29E-05,2.05E-06,7.84E-06,1.40E-05,2.51E-05,2.67E-05,8.13E-06,5.28E-06
2107.835708,1.38E-05,1.08E-05,3.78E-06,3.22E-07,7.09E-06,1.29E-06,2.70E-05,3.08E-06,2.24E-05,2.85E-05,1.53E-05,1.83E-05,2.95E-06,1.04E-05,1.07E-05,7.68E-07,3.40E-07,1.86E-05,2.89E-05,2.99E-05,1.99E-05,1.69E-05,2.13E-05,4.12E-06,3.74E-06,1.69E-05,2.76E-05,2.73E-05,2.34E-06,7.88E-06,1.81E-05,2.42E-05,2.31E-05,2.08E-06,7.98E-06,1.42E-05,2.54E-05,2.69E-05,8.18E-06,5.43E-06
2109.764194,1.39E-05,1.10E-05,3.88E-06,2.87E-07,7.28E-06,1.45E-06,2.72E-05,3.10E-06,2.26E-05,2.88E-05,1.54E-05,1.85E-05,2.99E-06,1.05E-05,1.09E-05,9.27E-07,4.07E-07,1.88E-05,2.91E-05,3.01E-05,1.99E-05,1.71E-05,2.15E-05,4.22E-06,3.76E-06,1.69E-05,2.79E-05,2.76E-05,2.29E-06,7.98E-06,1.82E-05,2.44E-05,2.34E-05,2.16E-06,8.04E-06,1.43E-05,2.57E-05,2.71E-05,8.20E-06,5.45E-06
2111.692681,1.39E-05,1.11E-05,3.93E-06,3.18E-07,7.36E-06,1.63E-06,2.75E-05,3.13E-06,2.27E-05,2.90E-05,1.55E-05,1.88E-05,3.00E-06,1.06E-05,1.11E-05,9.60E-07,4.51E-07,1.90E-05,2.92E-05,3.03E-05,1.99E-05,1.71E-05,2.16E-05,4.21E-06,3.72E-06,1.69E-05,2.82E-05,2.79E-05,2.20E-06,8.01E-06,1.82E-05,2.47E-05,2.37E-05,2.23E-06,8.15E-06,1.43E-05,2.59E-05,2.73E-05,8.20E-06,5.49E-06
2113.621167,1.38E-05,1.12E-05,3.91E-06,2.89E-07,7.36E-06,1.61E-06,2.77E-05,3.11E-06,2.29E-05,2.92E-05,1.54E-05,1.89E-05,2.94E-06,1.07E-05,1.11E-05,8.36E-07,4.65E-07,1.91E-05,2.93E-05,3.05E-05,1.98E-05,1.71E-05,2.17E-05,4.13E-06,3.63E-06,1.69E-05,2.84E-05,2.81E-05,2.15E-06,8.05E-06,1.81E-05,2.49E-05,2.38E-05,2.11E-06,8.14E-06,1.43E-05,2.60E-05,2.76E-05,8.15E-06,5.59E-06
2115.549654,1.37E-05,1.13E-05,3.95E-06,3.30E-07,7.42E-06,1.68E-06,2.79E-05,3.19E-06,2.31E-05,2.94E-05,1.54E-05,1.91E-05,3.00E-06,1.08E-05,1.13E-05,8.93E-07,4.39E-07,1.94E-05,2.94E-05,3.06E-05,1.98E-05,1.73E-05,2.19E-05,4.15E-06,3.66E-06,1.70E-05,2.86E-05,2.83E-05,2.11E-06,8.17E-06,1.80E-05,2.51E-05,2.40E-05,2.03E-06,8.22E-06,1.44E-05,2.63E-05,2.78E-05,8.21E-06,5.76E-06
2117.47814,1.38E-05,1.14E-05,3.94E-06,2.64E-07,7.48E-06,1.79E-06,2.81E-05,3.23E-06,2.32E-05,2.96E-05,1.55E-05,1.94E-05,3.06E-06,1.09E-05,1.14E-05,9.63E-07,4.60E-07,1.95E-05,2.96E-05,3.07E-05,1.98E-05,1.74E-05,2.20E-05,4.15E-06,3.65E-06,1.70E-05,2.89E-05,2.86E-05,1.98E-06,8.25E-06,1.80E-05,2.53E-05,2.42E-05,2.02E-06,8.42E-06,1.43E-05,2.65E-05,2.80E-05,8.19E-06,5.85E-06
2119.406627,1.38E-05,1.15E-05,3.94E-06,1.87E-07,7.65E-06,1.88E-06,2.82E-05,3.20E-06,2.34E-05,2.99E-05,1.55E-05,1.96E-05,3.04E-06,1.10E-05,1.14E-05,9.05E-07,6.12E-07,1.97E-05,2.97E-05,3.09E-05,1.98E-05,1.75E-05,2.22E-05,4.13E-06,3.63E-06,1.69E-05,2.92E-05,2.89E-05,1.90E-06,8.29E-06,1.79E-05,2.55E-05,2.44E-05,2.07E-06,8.52E-06,1.44E-05,2.66E-05,2.82E-05,8.12E-06,5.87E-06
2121.335113,1.39E-05,1.16E-05,3.90E-06,2.18E-07,7.74E-06,1.95E-06,2.84E-05,3.18E-06,2.35E-05,3.00E-05,1.55E-05,1.98E-05,3.00E-06,1.11E-05,1.15E-05,9.76E-07,7.37E-07,1.98E-05,2.98E-05,3.11E-05,1.98E-05,1.75E-05,2.23E-05,4.15E-06,3.56E-06,1.69E-05,2.94E-05,2.91E-05,1.80E-06,8.29E-06,1.78E-05,2.57E-05,2.45E-05,2.03E-06,8.50E-06,1.44E-05,2.68E-05,2.84E-05,8.07E-06,5.88E-06
2123.2636,1.38E-05,1.17E-05,3.92E-06,1.77E-07,7.70E-06,2.02E-06,2.86E-05,3.21E-06,2.37E-05,3.02E-05,1.54E-05,1.99E-05,2.99E-06,1.12E-05,1.16E-05,1.03E-06,8.07E-07,1.99E-05,2.98E-05,3.13E-05,1.96E-05,1.76E-05,2.24E-05,4.13E-06,3.52E-06,1.68E-05,2.96E-05,2.94E-05,1.73E-06,8.35E-06,1.77E-05,2.59E-05,2.47E-05,2.02E-06,8.48E-06,1.43E-05,2.69E-05,2.86E-05,8.00E-06,5.90E-06
2125.192086,1.38E-05,1.18E-05,3.96E-06,1.22E-07,7.69E-06,2.17E-06,2.87E-05,3.34E-06,2.38E-05,3.04E-05,1.52E-05,2.01E-05,2.99E-06,1.13E-05,1.17E-05,9.59E-07,7.91E-07,2.00E-05,2.99E-05,3.14E-05,1.95E-05,1.77E-05,2.25E-05,4.09E-06,3.55E-06,1.67E-05,2.98E-05,2.97E-05,1.71E-06,8.43E-06,1.76E-05,2.60E-05,2.49E-05,2.06E-06,8.65E-06,1.43E-05,2.71E-05,2.89E-05,7.93E-06,5.93E-06
2127.120572,1.38E-05,1.18E-05,3.93E-06,1.60E-07,7.70E-06,2.24E-06,2.89E-05,3.45E-06,2.40E-05,3.05E-05,1.52E-05,2.03E-05,2.94E-06,1.14E-05,1.17E-05,9.53E-07,7.77E-07,2.02E-05,3.00E-05,3.15E-05,1.94E-05,1.78E-05,2.26E-05,4.10E-06,3.46E-06,1.67E-05,3.01E-05,2.99E-05,1.56E-06,8.40E-06,1.76E-05,2.61E-05,2.51E-05,2.00E-06,8.78E-06,1.42E-05,2.73E-05,2.91E-05,7.85E-06,5.97E-06
2129.049059,1.39E-05,1.19E-05,3.93E-06,1.47E-07,7.78E-06,2.27E-06,2.90E-05,3.54E-06,2.41E-05,3.07E-05,1.52E-05,2.05E-05,2.92E-06,1.15E-05,1.18E-05,1.01E-06,8.83E-07,2.03E-05,3.00E-05,3.16E-05,1.94E-05,1.79E-05,2.28E-05,4.12E-06,3.42E-06,1.66E-05,3.04E-05,3.02E-05,1.44E-06,8.47E-06,1.75E-05,2.62E-05,2.53E-05,1.94E-06,8.81E-06,1.41E-05,2.75E-05,2.92E-05,7.78E-06,6.08E-06
2130.977545,1.40E-05,1.20E-05,3.95E-06,1.01E-07,7.85E-06,2.34E-06,2.92E-05,3.61E-06,2.43E-05,3.09E-05,1.52E-05,2.07E-05,2.92E-06,1.16E-05,1.19E-05,1.03E-06,9.52E-07,2.04E-05,3.01E-05,3.18E-05,1.93E-05,1.80E-05,2.29E-05,4.14E-06,3.41E-06,1.64E-05,3.07E-05,3.04E-05,1.44E-06,8.61E-06,1.74E-05,2.65E-05,2.55E-05,1.97E-06,8.91E-06,1.42E-05,2.76E-05,2.93E-05,7.70E-06,6.18E-06
2132.906032,1.40E-05,1.21E-05,3.98E-06,2.29E-07,7.93E-06,2.49E-06,2.94E-05,3.75E-06,2.45E-05,3.10E-05,1.52E-05,2.09E-05,2.93E-06,1.18E-05,1.21E-05,1.12E-06,1.02E-06,2.07E-05,3.03E-05,3.20E-05,1.93E-05,1.82E-05,2.31E-05,4.22E-06,3.33E-06,1.64E-05,3.10E-05,3.07E-05,1.32E-06,8.70E-06,1.73E-05,2.67E-05,2.57E-05,2.07E-06,9.11E-06,1.41E-05,2.77E-05,2.96E-05,7.68E-06,6.26E-06
2134.834518,1.40E-05,1.23E-05,3.90E-06,2.10E-07,8.01E-06,2.65E-06,2.96E-05,3.88E-06,2.46E-05,3.11E-05,1.50E-05,2.12E-05,2.93E-06,1.19E-05,1.21E-05,1.17E-06,1.13E-06,2.08E-05,3.03E-05,3.21E-05,1.92E-05,1.83E-05,2.32E-05,4.24E-06,3.29E-06,1.63E-05,3.12E-05,3.11E-05,1.20E-06,8.72E-06,1.73E-05,2.69E-05,2.59E-05,2.01E-06,9.21E-06,1.40E-05,2.79E-05,2.99E-05,7.59E-06,6.32E-06
2136.763005,1.40E-05,1.23E-05,3.87E-06,1.10E-07,8.05E-06,2.81E-06,2.97E-05,3.97E-06,2.47E-05,3.13E-05,1.49E-05,2.14E-05,2.90E-06,1.20E-05,1.22E-05,1.19E-06,1.24E-06,2.09E-05,3.04E-05,3.22E-05,1.91E-05,1.84E-05,2.33E-05,4.24E-06,3.32E-06,1.61E-05,3.15E-05,3.14E-05,1.19E-06,8.81E-06,1.72E-05,2.71E-05,2.61E-05,1.94E-06,9.27E-06,1.40E-05,2.81E-05,3.00E-05,7.56E-06,6.38E-06
2138.691491,1.39E-05,1.23E-05,3.78E-06,7.67E-08,7.99E-06,2.78E-06,2.98E-05,4.10E-06,2.48E-05,3.14E-05,1.49E-05,2.15E-05,2.81E-06,1.20E-05,1.22E-05,1.11E-06,1.31E-06,2.10E-05,3.04E-05,3.22E-05,1.89E-05,1.85E-05,2.34E-05,4.19E-06,3.24E-06,1.58E-05,3.18E-05,3.16E-05,1.10E-06,8.87E-06,1.70E-05,2.71E-05,2.63E-05,1.77E-06,9.28E-06,1.38E-05,2.82E-05,3.01E-05,7.50E-06,6.39E-06
2140.619978,1.38E-05,1.23E-05,3.57E-06,0,7.94E-06,2.52E-06,2.99E-05,4.17E-06,2.48E-05,3.13E-05,1.49E-05,2.16E-05,2.70E-06,1.20E-05,1.22E-05,8.75E-07,1.41E-06,2.10E-05,3.04E-05,3.21E-05,1.86E-05,1.86E-05,2.34E-05,4.25E-06,3.07E-06,1.56E-05,3.21E-05,3.19E-05,1.04E-06,8.83E-06,1.68E-05,2.70E-05,2.63E-05,1.55E-06,9.20E-06,1.36E-05,2.83E-05,3.02E-05,7.32E-06,6.48E-06
2142.548464,1.39E-05,1.25E-05,3.63E-06,1.55E-07,8.16E-06,2.76E-06,3.01E-05,4.39E-06,2.50E-05,3.15E-05,1.50E-05,2.20E-05,2.74E-06,1.22E-05,1.24E-05,8.70E-07,1.57E-06,2.13E-05,3.04E-05,3.23E-05,1.84E-05,1.87E-05,2.36E-05,4.37E-06,3.07E-06,1.55E-05,3.24E-05,3.23E-05,1.11E-06,8.99E-06,1.67E-05,2.73E-05,2.66E-05,1.71E-06,9.41E-06,1.36E-05,2.85E-05,3.06E-05,7.23E-06,6.67E-06
2144.476951,1.39E-05,1.27E-05,3.83E-06,4.23E-07,8.43E-06,3.27E-06,3.03E-05,4.63E-06,2.52E-05,3.19E-05,1.49E-05,2.23E-05,2.85E-06,1.25E-05,1.27E-05,1.08E-06,1.70E-06,2.15E-05,3.05E-05,3.26E-05,1.83E-05,1.88E-05,2.38E-05,4.41E-06,3.11E-06,1.53E-05,3.27E-05,3.26E-05,1.13E-06,9.24E-06,1.66E-05,2.77E-05,2.70E-05,2.00E-06,9.73E-06,1.34E-05,2.88E-05,3.10E-05,7.17E-06,6.69E-06
2146.405437,1.39E-05,1.28E-05,3.81E-06,4.19E-07,8.57E-06,3.34E-06,3.05E-05,4.67E-06,2.54E-05,3.21E-05,1.48E-05,2.25E-05,2.80E-06,1.27E-05,1.29E-05,1.16E-06,1.85E-06,2.16E-05,3.05E-05,3.27E-05,1.80E-05,1.89E-05,2.40E-05,4.45E-06,3.02E-06,1.52E-05,3.29E-05,3.29E-05,1.12E-06,9.35E-06,1.63E-05,2.80E-05,2.71E-05,2.05E-06,9.88E-06,1.33E-05,2.90E-05,3.11E-05,7.09E-06,6.77E-06
2148.333924,1.37E-05,1.29E-05,3.59E-06,2.99E-07,8.56E-06,3.30E-06,3.06E-05,4.66E-06,2.54E-05,3.22E-05,1.47E-05,2.27E-05,2.63E-06,1.27E-05,1.29E-05,1.07E-06,2.02E-06,2.17E-05,3.05E-05,3.27E-05,1.77E-05,1.89E-05,2.40E-05,4.41E-06,2.90E-06,1.49E-05,3.32E-05,3.31E-05,1.11E-06,9.35E-06,1.61E-05,2.80E-05,2.72E-05,1.92E-06,9.92E-06,1.31E-05,2.91E-05,3.11E-05,6.92E-06,6.90E-06
2150.26241,1.35E-05,1.30E-05,3.39E-06,3.29E-07,8.54E-06,3.30E-06,3.07E-05,4.68E-06,2.55E-05,3.22E-05,1.47E-05,2.29E-05,2.53E-06,1.27E-05,1.29E-05,9.93E-07,2.15E-06,2.17E-05,3.06E-05,3.28E-05,1.75E-05,1.90E-05,2.41E-05,4.35E-06,2.83E-06,1.47E-05,3.35E-05,3.34E-05,1.05E-06,9.38E-06,1.59E-05,2.81E-05,2.73E-05,1.81E-06,9.92E-06,1.28E-05,2.93E-05,3.12E-05,6.72E-06,6.98E-06
2152.190897,1.33E-05,1.30E-05,3.24E-06,3.88E-07,8.59E-06,3.25E-06,3.08E-05,4.72E-06,2.56E-05,3.22E-05,1.46E-05,2.31E-05,2.46E-06,1.28E-05,1.29E-05,9.22E-07,2.22E-06,2.18E-05,3.06E-05,3.29E-05,1.72E-05,1.90E-05,2.42E-05,4.33E-06,2.74E-06,1.44E-05,3.37E-05,3.37E-05,9.09E-07,9.42E-06,1.57E-05,2.82E-05,2.75E-05,1.66E-06,1.00E-05,1.26E-05,2.94E-05,3.14E-05,6.54E-06,7.04E-06
2154.119383,1.33E-05,1.31E-05,3.18E-06,4.16E-07,8.69E-06,3.34E-06,3.09E-05,4.87E-06,2.57E-05,3.25E-05,1.47E-05,2.33E-05,2.42E-06,1.29E-05,1.30E-05,8.27E-07,2.32E-06,2.19E-05,3.06E-05,3.29E-05,1.70E-05,1.91E-05,2.43E-05,4.39E-06,2.68E-06,1.42E-05,3.40E-05,3.39E-05,7.89E-07,9.51E-06,1.54E-05,2.85E-05,2.77E-05,1.62E-06,1.01E-05,1.24E-05,2.97E-05,3.16E-05,6.40E-06,7.18E-06
2156.047869,1.32E-05,1.31E-05,3.12E-06,3.90E-07,8.76E-06,3.40E-06,3.11E-05,5.07E-06,2.58E-05,3.27E-05,1.48E-05,2.35E-05,2.34E-06,1.30E-05,1.31E-05,7.81E-07,2.40E-06,2.20E-05,3.06E-05,3.31E-05,1.67E-05,1.91E-05,2.43E-05,4.38E-06,2.62E-06,1.39E-05,3.43E-05,3.42E-05,7.30E-07,9.59E-06,1.52E-05,2.86E-05,2.79E-05,1.56E-06,1.02E-05,1.21E-05,2.98E-05,3.18E-05,6.26E-06,7.36E-06
2157.976356,1.31E-05,1.31E-05,2.99E-06,2.90E-07,8.74E-06,3.28E-06,3.11E-05,5.11E-06,2.59E-05,3.28E-05,1.47E-05,2.36E-05,2.23E-06,1.30E-05,1.31E-05,7.47E-07,2.45E-06,2.20E-05,3.06E-05,3.31E-05,1.63E-05,1.91E-05,2.44E-05,4.25E-06,2.49E-06,1.36E-05,3.45E-05,3.44E-05,6.62E-07,9.60E-06,1.49E-05,2.87E-05,2.80E-05,1.40E-06,1.03E-05,1.18E-05,3.00E-05,3.20E-05,6.06E-06,7.41E-06
2159.904842,1.29E-05,1.32E-05,2.85E-06,2.04E-07,8.78E-06,3.22E-06,3.12E-05,5.09E-06,2.60E-05,3.28E-05,1.46E-05,2.38E-05,2.10E-06,1.31E-05,1.32E-05,7.35E-07,2.59E-06,2.21E-05,3.05E-05,3.31E-05,1.59E-05,1.91E-05,2.44E-05,4.23E-06,2.38E-06,1.32E-05,3.46E-05,3.47E-05,6.22E-07,9.62E-06,1.46E-05,2.87E-05,2.81E-05,1.29E-06,1.04E-05,1.14E-05,3.02E-05,3.21E-05,5.90E-06,7.42E-06
2161.833329,1.27E-05,1.32E-05,2.72E-06,2.24E-07,8.87E-06,3.30E-06,3.13E-05,5.11E-06,2.61E-05,3.29E-05,1.45E-05,2.40E-05,2.00E-06,1.32E-05,1.33E-05,7.57E-07,2.80E-06,2.22E-05,3.04E-05,3.31E-05,1.56E-05,1.92E-05,2.44E-05,4.21E-06,2.31E-06,1.29E-05,3.48E-05,3.49E-05,6.20E-07,9.71E-06,1.43E-05,2.89E-05,2.83E-05,1.21E-06,1.04E-05,1.11E-05,3.04E-05,3.22E-05,5.74E-06,7.51E-06
2163.761815,1.26E-05,1.33E-05,2.65E-06,2.71E-07,8.93E-06,3.29E-06,3.13E-05,5.10E-06,2.61E-05,3.31E-05,1.45E-05,2.42E-05,1.92E-06,1.32E-05,1.34E-05,7.44E-07,2.94E-06,2.23E-05,3.04E-05,3.31E-05,1.51E-05,1.92E-05,2.44E-05,4.15E-06,2.18E-06,1.26E-05,3.50E-05,3.51E-05,5.91E-07,9.81E-06,1.39E-05,2.91E-05,2.85E-05,1.18E-06,1.05E-05,1.08E-05,3.07E-05,3.24E-05,5.54E-06,7.63E-06
2165.690302,1.23E-05,1.33E-05,2.46E-06,1.49E-07,8.86E-06,3.05E-06,3.13E-05,4.99E-06,2.60E-05,3.31E-05,1.43E-05,2.43E-05,1.69E-06,1.33E-05,1.33E-05,5.75E-07,2.91E-06,2.23E-05,3.02E-05,3.30E-05,1.46E-05,1.91E-05,2.44E-05,4.03E-06,1.91E-06,1.21E-05,3.52E-05,3.52E-05,3.94E-07,9.78E-06,1.35E-05,2.91E-05,2.85E-05,1.02E-06,1.04E-05,1.03E-05,3.07E-05,3.24E-05,5.22E-06,7.56E-06
2167.618788,1.20E-05,1.33E-05,2.22E-06,8.58E-08,8.81E-06,2.94E-06,3.12E-05,5.00E-06,2.60E-05,3.31E-05,1.41E-05,2.45E-05,1.55E-06,1.33E-05,1.33E-05,3.67E-07,2.94E-06,2.22E-05,3.01E-05,3.30E-05,1.41E-05,1.90E-05,2.44E-05,3.89E-06,1.70E-06,1.17E-05,3.53E-05,3.54E-05,2.35E-07,9.78E-06,1.31E-05,2.92E-05,2.85E-05,8.95E-07,1.05E-05,9.77E-06,3.08E-05,3.25E-05,4.91E-06,7.60E-06
2169.547275,1.17E-05,1.34E-05,2.09E-06,6.81E-08,8.91E-06,2.92E-06,3.13E-05,5.13E-06,2.61E-05,3.32E-05,1.41E-05,2.47E-05,1.46E-06,1.34E-05,1.34E-05,2.29E-07,3.12E-06,2.23E-05,3.00E-05,3.29E-05,1.37E-05,1.90E-05,2.44E-05,3.84E-06,1.59E-06,1.13E-05,3.55E-05,3.57E-05,1.97E-07,9.88E-06,1.27E-05,2.94E-05,2.87E-05,8.47E-07,1.06E-05,9.39E-06,3.09E-05,3.26E-05,4.69E-06,7.77E-06
2171.475761,1.15E-05,1.34E-05,1.98E-06,3.46E-08,8.99E-06,2.80E-06,3.13E-05,5.17E-06,2.61E-05,3.32E-05,1.40E-05,2.49E-05,1.30E-06,1.35E-05,1.35E-05,1.88E-07,3.22E-06,2.23E-05,2.99E-05,3.29E-05,1.33E-05,1.89E-05,2.44E-05,3.82E-06,1.51E-06,1.08E-05,3.57E-05,3.58E-05,6.95E-08,9.97E-06,1.22E-05,2.95E-05,2.89E-05,7.54E-07,1.06E-05,8.96E-06,3.11E-05,3.27E-05,4.43E-06,7.82E-06
2173.404248,1.14E-05,1.34E-05,1.84E-06,2.61E-08,9.07E-06,2.82E-06,3.13E-05,5.22E-06,2.62E-05,3.33E-05,1.38E-05,2.51E-05,1.18E-06,1.36E-05,1.35E-05,2.67E-07,3.31E-06,2.23E-05,2.97E-05,3.28E-05,1.28E-05,1.89E-05,2.44E-05,3.81E-06,1.40E-06,1.04E-05,3.58E-05,3.60E-05,0,1.01E-05,1.18E-05,2.96E-05,2.90E-05,6.02E-07,1.07E-05,8.50E-06,3.12E-05,3.28E-05,4.15E-06,7.85E-06
2175.332734,1.12E-05,1.35E-05,1.70E-06,0,9.13E-06,2.87E-06,3.13E-05,5.25E-06,2.62E-05,3.34E-05,1.37E-05,2.53E-05,1.08E-06,1.37E-05,1.36E-05,2.50E-07,3.38E-06,2.23E-05,2.96E-05,3.28E-05,1.23E-05,1.88E-05,2.43E-05,3.74E-06,1.21E-06,9.95E-06,3.59E-05,3.62E-05,5.91E-09,1.01E-05,1.13E-05,2.97E-05,2.91E-05,4.23E-07,1.09E-05,8.04E-06,3.14E-05,3.29E-05,3.82E-06,7.83E-06
2177.261221,1.11E-05,1.34E-05,1.55E-06,2.47E-08,9.17E-06,2.73E-06,3.13E-05,5.29E-06,2.63E-05,3.35E-05,1.36E-05,2.55E-05,9.13E-07,1.37E-05,1.37E-05,8.69E-08,3.48E-06,2.24E-05,2.94E-05,3.28E-05,1.19E-05,1.88E-05,2.44E-05,3.66E-06,1.09E-06,9.48E-06,3.61E-05,3.65E-05,0,1.02E-05,1.09E-05,2.99E-05,2.92E-05,3.46E-07,1.10E-05,7.52E-06,3.17E-05,3.31E-05,3.50E-06,7.89E-06
2179.189707,1.08E-05,1.34E-05,1.33E-06,0,9.19E-06,2.55E-06,3.13E-05,5.41E-06,2.63E-05,3.35E-05,1.34E-05,2.57E-05,7.23E-07,1.37E-05,1.37E-05,0,3.65E-06,2.24E-05,2.92E-05,3.27E-05,1.13E-05,1.88E-05,2.44E-05,3.65E-06,9.55E-07,9.02E-06,3.64E-05,3.66E-05,0,1.03E-05,1.04E-05,3.01E-05,2.93E-05,2.73E-07,1.11E-05,7.06E-06,3.18E-05,3.32E-05,3.22E-06,7.98E-06
2181.118194,1.07E-05,1.35E-05,1.20E-06,1.71E-08,9.28E-06,2.62E-06,3.13E-05,5.57E-06,2.64E-05,3.36E-05,1.33E-05,2.60E-05,6.82E-07,1.38E-05,1.38E-05,5.77E-08,3.84E-06,2.25E-05,2.91E-05,3.27E-05,1.08E-05,1.88E-05,2.44E-05,3.71E-06,8.09E-07,8.56E-06,3.66E-05,3.68E-05,2.48E-08,1.05E-05,1.01E-05,3.02E-05,2.95E-05,3.25E-07,1.12E-05,6.72E-06,3.19E-05,3.34E-05,3.02E-06,8.04E-06
2183.04668,1.07E-05,1.37E-05,1.13E-06,7.81E-08,9.46E-06,2.83E-06,3.14E-05,5.70E-06,2.65E-05,3.37E-05,1.32E-05,2.62E-05,6.26E-07,1.40E-05,1.40E-05,1.61E-07,3.92E-06,2.26E-05,2.90E-05,3.27E-05,1.04E-05,1.89E-05,2.45E-05,3.72E-06,7.12E-07,8.16E-06,3.68E-05,3.71E-05,5.08E-08,1.07E-05,9.65E-06,3.02E-05,2.97E-05,3.53E-07,1.14E-05,6.32E-06,3.21E-05,3.36E-05,2.84E-06,8.14E-06
2184.975166,1.05E-05,1.38E-05,1.00E-06,1.09E-07,9.63E-06,2.99E-06,3.14E-05,5.82E-06,2.66E-05,3.38E-05,1.31E-05,2.65E-05,4.99E-07,1.41E-05,1.41E-05,2.11E-07,3.99E-06,2.26E-05,2.89E-05,3.27E-05,1.01E-05,1.89E-05,2.46E-05,3.75E-06,6.20E-07,7.78E-06,3.70E-05,3.74E-05,1.26E-08,1.08E-05,9.22E-06,3.04E-05,2.99E-05,2.67E-07,1.16E-05,5.94E-06,3.23E-05,3.37E-05,2.61E-06,8.26E-06
2186.903653,1.03E-05,1.38E-05,8.40E-07,1.31E-07,9.72E-06,3.00E-06,3.14E-05,5.92E-06,2.67E-05,3.38E-05,1.30E-05,2.67E-05,3.46E-07,1.42E-05,1.41E-05,1.63E-07,4.22E-06,2.27E-05,2.87E-05,3.27E-05,9.68E-06,1.89E-05,2.46E-05,3.78E-06,4.98E-07,7.37E-06,3.72E-05,3.76E-05,0,1.09E-05,8.83E-06,3.05E-05,3.01E-05,1.35E-07,1.17E-05,5.54E-06,3.24E-05,3.39E-05,2.35E-06,8.36E-06
2188.832139,1.01E-05,1.39E-05,6.54E-07,1.57E-07,9.74E-06,2.86E-06,3.14E-05,6.00E-06,2.67E-05,3.39E-05,1.29E-05,2.69E-05,2.19E-07,1.43E-05,1.42E-05,7.57E-08,4.41E-06,2.28E-05,2.85E-05,3.26E-05,9.16E-06,1.89E-05,2.47E-05,3.74E-06,4.02E-07,6.95E-06,3.75E-05,3.77E-05,2.66E-08,1.10E-05,8.37E-06,3.06E-05,3.01E-05,2.44E-08,1.18E-05,5.04E-06,3.25E-05,3.40E-05,2.09E-06,8.43E-06
2190.760626,1.00E-05,1.40E-05,5.03E-07,2.26E-07,9.84E-06,2.87E-06,3.15E-05,6.16E-06,2.68E-05,3.40E-05,1.27E-05,2.72E-05,1.47E-07,1.45E-05,1.42E-05,0,4.53E-06,2.29E-05,2.84E-05,3.26E-05,8.63E-06,1.89E-05,2.47E-05,3.73E-06,3.22E-07,6.53E-06,3.78E-05,3.80E-05,2.50E-08,1.12E-05,7.96E-06,3.08E-05,3.03E-05,3.32E-08,1.19E-05,4.74E-06,3.27E-05,3.41E-05,1.87E-06,8.49E-06
2192.689112,9.92E-06,1.41E-05,4.04E-07,3.60E-07,1.00E-05,3.09E-06,3.15E-05,6.41E-06,2.70E-05,3.41E-05,1.24E-05,2.75E-05,1.34E-07,1.47E-05,1.43E-05,2.74E-08,4.71E-06,2.30E-05,2.83E-05,3.27E-05,8.26E-06,1.90E-05,2.47E-05,3.76E-06,2.37E-07,6.14E-06,3.80E-05,3.83E-05,4.83E-08,1.13E-05,7.61E-06,3.09E-05,3.05E-05,1.33E-08,1.21E-05,4.50E-06,3.29E-05,3.43E-05,1.70E-06,8.62E-06
2194.617599,9.85E-06,1.42E-05,3.47E-07,5.29E-07,1.02E-05,3.35E-06,3.16E-05,6.69E-06,2.72E-05,3.43E-05,1.24E-05,2.79E-05,2.21E-07,1.49E-05,1.45E-05,9.36E-08,4.92E-06,2.31E-05,2.82E-05,3.28E-05,7.91E-06,1.90E-05,2.49E-05,3.85E-06,2.55E-07,5.88E-06,3.83E-05,3.86E-05,8.95E-08,1.15E-05,7.28E-06,3.11E-05,3.07E-05,2.85E-08,1.23E-05,4.15E-06,3.32E-05,3.46E-05,1.59E-06,8.81E-06
2196.546085,9.66E-06,1.43E-05,2.17E-07,5.10E-07,1.03E-05,3.42E-06,3.17E-05,6.78E-06,2.73E-05,3.43E-05,1.24E-05,2.81E-05,1.17E-07,1.50E-05,1.46E-05,0,5.10E-06,2.31E-05,2.80E-05,3.27E-05,7.39E-06,1.91E-05,2.49E-05,3.89E-06,1.69E-07,5.50E-06,3.85E-05,3.88E-05,5.07E-08,1.17E-05,6.89E-06,3.12E-05,3.08E-05,0,1.25E-05,3.75E-06,3.34E-05,3.48E-05,1.33E-06,8.82E-06
2198.474572,9.55E-06,1.44E-05,1.72E-07,5.80E-07,1.05E-05,3.51E-06,3.18E-05,6.91E-06,2.74E-05,3.44E-05,1.23E-05,2.83E-05,0,1.52E-05,1.48E-05,0,5.37E-06,2.33E-05,2.80E-05,3.27E-05,6.88E-06,1.92E-05,2.50E-05,3.96E-06,4.13E-08,5.08E-06,3.88E-05,3.90E-05,1.33E-07,1.19E-05,6.50E-06,3.14E-05,3.10E-05,0,1.26E-05,3.39E-06,3.36E-05,3.49E-05,1.13E-06,8.92E-06
2200.403058,9.60E-06,1.46E-05,1.06E-07,7.34E-07,1.07E-05,3.76E-06,3.20E-05,7.26E-06,2.76E-05,3.47E-05,1.23E-05,2.87E-05,5.84E-09,1.55E-05,1.50E-05,9.66E-10,5.70E-06,2.36E-05,2.80E-05,3.29E-05,6.57E-06,1.93E-05,2.51E-05,4.04E-06,1.30E-08,4.77E-06,3.91E-05,3.93E-05,3.78E-07,1.22E-05,6.22E-06,3.17E-05,3.12E-05,2.84E-08,1.29E-05,3.06E-06,3.38E-05,3.51E-05,1.01E-06,9.15E-06
2202.331545,9.55E-06,1.48E-05,0,8.45E-07,1.09E-05,3.98E-06,3.21E-05,7.61E-06,2.77E-05,3.48E-05,1.23E-05,2.90E-05,0,1.57E-05,1.52E-05,0,5.98E-06,2.38E-05,2.80E-05,3.31E-05,6.27E-06,1.93E-05,2.52E-05,4.11E-06,0,4.50E-06,3.94E-05,3.97E-05,6.34E-07,1.25E-05,5.87E-06,3.20E-05,3.15E-05,1.84E-08,1.31E-05,2.87E-06,3.40E-05,3.54E-05,8.39E-07,9.31E-06
2204.260031,9.47E-06,1.50E-05,4.99E-08,1.11E-06,1.12E-05,4.26E-06,3.22E-05,7.98E-06,2.80E-05,3.51E-05,1.23E-05,2.94E-05,1.03E-08,1.60E-05,1.54E-05,1.22E-07,6.32E-06,2.40E-05,2.80E-05,3.33E-05,5.94E-06,1.95E-05,2.54E-05,4.31E-06,2.74E-08,4.27E-06,3.98E-05,4.01E-05,8.42E-07,1.28E-05,5.53E-06,3.23E-05,3.19E-05,0,1.33E-05,2.66E-06,3.43E-05,3.58E-05,7.29E-07,9.62E-06
2206.188518,9.42E-06,1.52E-05,7.78E-08,1.36E-06,1.14E-05,4.52E-06,3.24E-05,8.31E-06,2.82E-05,3.52E-05,1.22E-05,2.98E-05,3.75E-08,1.62E-05,1.57E-05,2.63E-07,6.70E-06,2.43E-05,2.81E-05,3.34E-05,5.60E-06,1.97E-05,2.56E-05,4.48E-06,7.30E-08,4.00E-06,4.02E-05,4.04E-05,9.97E-07,1.31E-05,5.28E-06,3.25E-05,3.22E-05,0,1.36E-05,2.39E-06,3.46E-05,3.61E-05,6.03E-07,9.93E-06
2208.117004,9.41E-06,1.54E-05,6.01E-08,1.58E-06,1.17E-05,4.86E-06,3.25E-05,8.68E-06,2.85E-05,3.55E-05,1.23E-05,3.02E-05,7.50E-08,1.65E-05,1.59E-05,3.95E-07,7.10E-06,2.45E-05,2.82E-05,3.35E-05,5.28E-06,1.98E-05,2.57E-05,4.61E-06,1.62E-07,3.74E-06,4.04E-05,4.07E-05,1.24E-06,1.34E-05,5.03E-06,3.28E-05,3.25E-05,5.08E-08,1.38E-05,2.24E-06,3.49E-05,3.63E-05,4.82E-07,1.02E-05
2210.045491,9.32E-06,1.56E-05,6.57E-08,1.77E-06,1.20E-05,5.34E-06,3.27E-05,9.04E-06,2.88E-05,3.57E-05,1.24E-05,3.06E-05,9.68E-08,1.68E-05,1.61E-05,3.24E-07,7.45E-06,2.47E-05,2.81E-05,3.37E-05,5.00E-06,1.99E-05,2.59E-05,4.70E-06,2.74E-07,3.50E-06,4.08E-05,4.11E-05,1.45E-06,1.37E-05,4.76E-06,3.31E-05,3.27E-05,6.07E-08,1.41E-05,2.01E-06,3.52E-05,3.65E-05,3.90E-07,1.05E-05
2211.973977,9.22E-06,1.59E-05,9.66E-08,2.00E-06,1.23E-05,5.72E-06,3.29E-05,9.33E-06,2.90E-05,3.60E-05,1.26E-05,3.10E-05,9.38E-08,1.71E-05,1.64E-05,2.34E-07,7.83E-06,2.50E-05,2.82E-05,3.39E-05,4.74E-06,2.00E-05,2.62E-05,4.87E-06,3.70E-07,3.28E-06,4.11E-05,4.14E-05,1.61E-06,1.40E-05,4.50E-06,3.34E-05,3.30E-05,7.80E-08,1.44E-05,1.76E-06,3.57E-05,3.69E-05,3.45E-07,1.06E-05
2213.902463,9.08E-06,1.61E-05,3.38E-08,2.18E-06,1.26E-05,5.94E-06,3.31E-05,9.65E-06,2.92E-05,3.62E-05,1.27E-05,3.13E-05,0,1.74E-05,1.66E-05,2.12E-07,8.21E-06,2.52E-05,2.83E-05,3.40E-05,4.46E-06,2.01E-05,2.63E-05,5.04E-06,4.24E-07,3.03E-06,4.14E-05,4.18E-05,1.78E-06,1.43E-05,4.22E-06,3.37E-05,3.32E-05,1.12E-08,1.46E-05,1.57E-06,3.60E-05,3.72E-05,2.47E-07,1.08E-05
2215.83095,8.99E-06,1.64E-05,0,2.44E-06,1.29E-05,6.27E-06,3.33E-05,1.00E-05,2.95E-05,3.65E-05,1.27E-05,3.16E-05,3.99E-08,1.78E-05,1.68E-05,3.28E-07,8.58E-06,2.54E-05,2.84E-05,3.42E-05,4.20E-06,2.03E-05,2.65E-05,5.14E-06,5.57E-07,2.81E-06,4.18E-05,4.22E-05,2.01E-06,1.46E-05,3.97E-06,3.40E-05,3.35E-05,0,1.49E-05,1.40E-06,3.63E-05,3.75E-05,1.79E-07,1.12E-05
2217.759436,9.07E-06,1.68E-05,7.32E-09,2.85E-06,1.34E-05,6.75E-06,3.37E-05,1.05E-05,2.98E-05,3.68E-05,1.29E-05,3.21E-05,2.44E-07,1.82E-05,1.72E-05,6.75E-07,9.12E-06,2.57E-05,2.85E-05,3.45E-05,4.09E-06,2.06E-05,2.67E-05,5.29E-06,7.11E-07,2.78E-06,4.22E-05,4.26E-05,2.35E-06,1.50E-05,3.81E-06,3.45E-05,3.40E-05,1.00E-07,1.54E-05,1.28E-06,3.67E-05,3.80E-05,1.93E-07,1.16E-05
2219.687923,9.11E-06,1.72E-05,0,3.13E-06,1.38E-05,7.19E-06,3.39E-05,1.09E-05,3.01E-05,3.71E-05,1.30E-05,3.26E-05,2.76E-07,1.86E-05,1.76E-05,9.47E-07,9.56E-06,2.61E-05,2.86E-05,3.47E-05,3.93E-06,2.09E-05,2.70E-05,5.43E-06,8.03E-07,2.70E-06,4.26E-05,4.30E-05,2.60E-06,1.54E-05,3.61E-06,3.49E-05,3.44E-05,1.38E-07,1.57E-05,1.19E-06,3.71E-05,3.84E-05,1.22E-07,1.19E-05
2221.616409,9.06E-06,1.74E-05,2.89E-08,3.39E-06,1.41E-05,7.53E-06,3.42E-05,1.11E-05,3.04E-05,3.74E-05,1.32E-05,3.31E-05,2.43E-07,1.89E-05,1.79E-05,1.15E-06,9.95E-06,2.64E-05,2.88E-05,3.50E-05,3.69E-06,2.11E-05,2.72E-05,5.60E-06,9.35E-07,2.53E-06,4.30E-05,4.34E-05,2.75E-06,1.58E-05,3.40E-06,3.52E-05,3.47E-05,7.83E-08,1.60E-05,1.04E-06,3.75E-05,3.88E-05,4.88E-08,1.22E-05
2223.544896,9.02E-06,1.77E-05,4.70E-08,3.64E-06,1.44E-05,7.80E-06,3.44E-05,1.13E-05,3.07E-05,3.77E-05,1.33E-05,3.35E-05,1.99E-07,1.93E-05,1.82E-05,1.35E-06,1.05E-05,2.67E-05,2.89E-05,3.53E-05,3.51E-06,2.12E-05,2.74E-05,5.85E-06,1.08E-06,2.35E-06,4.34E-05,4.38E-05,2.95E-06,1.61E-05,3.22E-06,3.56E-05,3.51E-05,4.70E-08,1.62E-05,8.82E-07,3.79E-05,3.91E-05,2.25E-08,1.26E-05
2225.473382,9.15E-06,1.80E-05,7.07E-08,3.90E-06,1.49E-05,8.23E-06,3.47E-05,1.18E-05,3.11E-05,3.81E-05,1.36E-05,3.40E-05,2.53E-07,1.98E-05,1.87E-05,1.63E-06,1.10E-05,2.71E-05,2.91E-05,3.56E-05,3.39E-06,2.16E-05,2.78E-05,6.20E-06,1.35E-06,2.25E-06,4.39E-05,4.43E-05,3.24E-06,1.65E-05,3.08E-06,3.61E-05,3.56E-05,2.28E-07,1.65E-05,8.90E-07,3.84E-05,3.95E-05,6.01E-08,1.30E-05
2227.401869,9.23E-06,1.84E-05,4.25E-08,4.19E-06,1.53E-05,8.56E-06,3.51E-05,1.21E-05,3.15E-05,3.85E-05,1.37E-05,3.45E-05,3.04E-07,2.02E-05,1.91E-05,1.86E-06,1.15E-05,2.75E-05,2.92E-05,3.59E-05,3.18E-06,2.19E-05,2.81E-05,6.48E-06,1.62E-06,2.18E-06,4.44E-05,4.48E-05,3.52E-06,1.70E-05,2.91E-06,3.66E-05,3.60E-05,3.44E-07,1.70E-05,8.09E-07,3.88E-05,4.00E-05,4.35E-08,1.34E-05
2229.330355,9.28E-06,1.87E-05,4.17E-08,4.55E-06,1.58E-05,8.79E-06,3.53E-05,1.23E-05,3.18E-05,3.89E-05,1.39E-05,3.50E-05,4.13E-07,2.05E-05,1.95E-05,2.06E-06,1.19E-05,2.79E-05,2.94E-05,3.61E-05,2.99E-06,2.21E-05,2.84E-05,6.70E-06,1.82E-06,2.05E-06,4.48E-05,4.52E-05,3.77E-06,1.73E-05,2.72E-06,3.69E-05,3.64E-05,4.33E-07,1.74E-05,7.03E-07,3.92E-05,4.05E-05,5.44E-08,1.37E-05
2231.258842,9.35E-06,1.90E-05,1.18E-07,4.89E-06,1.63E-05,9.10E-06,3.56E-05,1.26E-05,3.22E-05,3.92E-05,1.41E-05,3.56E-05,5.34E-07,2.10E-05,1.98E-05,2.27E-06,1.25E-05,2.83E-05,2.97E-05,3.64E-05,2.84E-06,2.24E-05,2.87E-05,6.97E-06,2.05E-06,1.91E-06,4.53E-05,4.56E-05,4.01E-06,1.77E-05,2.49E-06,3.74E-05,3.69E-05,5.08E-07,1.77E-05,6.59E-07,3.96E-05,4.09E-05,6.91E-08,1.41E-05
2233.187328,9.31E-06,1.94E-05,1.37E-07,5.18E-06,1.66E-05,9.31E-06,3.59E-05,1.28E-05,3.26E-05,3.96E-05,1.43E-05,3.61E-05,5.77E-07,2.14E-05,2.02E-05,2.41E-06,1.29E-05,2.87E-05,2.99E-05,3.67E-05,2.68E-06,2.27E-05,2.90E-05,7.24E-06,2.29E-06,1.74E-06,4.57E-05,4.60E-05,4.23E-06,1.81E-05,2.23E-06,3.79E-05,3.73E-05,5.50E-07,1.81E-05,5.11E-07,4.00E-05,4.12E-05,0,1.44E-05
2235.115815,9.36E-06,1.98E-05,1.87E-07,5.55E-06,1.71E-05,9.64E-06,3.63E-05,1.31E-05,3.30E-05,4.00E-05,1.45E-05,3.67E-05,7.06E-07,2.18E-05,2.07E-05,2.72E-06,1.34E-05,2.91E-05,3.00E-05,3.71E-05,2.54E-06,2.30E-05,2.93E-05,7.59E-06,2.55E-06,1.61E-06,4.63E-05,4.65E-05,4.48E-06,1.85E-05,2.05E-06,3.85E-05,3.77E-05,6.90E-07,1.84E-05,4.18E-07,4.04E-05,4.16E-05,2.84E-09,1.48E-05
2237.044301,9.42E-06,2.03E-05,2.30E-07,5.91E-06,1.76E-05,9.96E-06,3.66E-05,1.33E-05,3.34E-05,4.04E-05,1.46E-05,3.72E-05,7.95E-07,2.23E-05,2.11E-05,3.04E-06,1.39E-05,2.95E-05,3.01E-05,3.74E-05,2.28E-06,2.34E-05,2.97E-05,7.89E-06,2.84E-06,1.45E-06,4.68E-05,4.70E-05,4.66E-06,1.89E-05,1.87E-06,3.89E-05,3.82E-05,7.85E-07,1.88E-05,3.68E-07,4.09E-05,4.21E-05,2.99E-08,1.53E-05
2238.972787,9.50E-06,2.06E-05,2.79E-07,6.17E-06,1.81E-05,1.01E-05,3.68E-05,1.36E-05,3.38E-05,4.07E-05,1.47E-05,3.77E-05,8.53E-07,2.28E-05,2.15E-05,3.25E-06,1.43E-05,3.00E-05,3.04E-05,3.77E-05,2.09E-06,2.36E-05,3.00E-05,8.11E-06,3.17E-06,1.28E-06,4.73E-05,4.74E-05,4.90E-06,1.93E-05,1.71E-06,3.93E-05,3.86E-05,9.32E-07,1.92E-05,2.50E-07,4.14E-05,4.26E-05,4.91E-08,1.57E-05
2240.901274,9.71E-06,2.10E-05,3.69E-07,6.45E-06,1.86E-05,1.03E-05,3.72E-05,1.40E-05,3.42E-05,4.10E-05,1.50E-05,3.83E-05,9.73E-07,2.33E-05,2.20E-05,3.55E-06,1.49E-05,3.04E-05,3.06E-05,3.79E-05,2.02E-06,2.40E-05,3.03E-05,8.47E-06,3.49E-06,1.20E-06,4.78E-05,4.80E-05,5.27E-06,1.98E-05,1.62E-06,3.98E-05,3.90E-05,1.15E-06,1.97E-05,1.95E-07,4.18E-05,4.30E-05,7.81E-08,1.62E-05
2242.82976,9.94E-06,2.15E-05,5.31E-07,6.96E-06,1.92E-05,1.09E-05,3.76E-05,1.44E-05,3.47E-05,4.15E-05,1.54E-05,3.89E-05,1.21E-06,2.38E-05,2.26E-05,3.99E-06,1.55E-05,3.09E-05,3.09E-05,3.83E-05,2.01E-06,2.44E-05,3.07E-05,8.91E-06,3.81E-06,1.14E-06,4.84E-05,4.86E-05,5.68E-06,2.03E-05,1.55E-06,4.04E-05,3.96E-05,1.41E-06,2.01E-05,2.62E-07,4.24E-05,4.35E-05,1.43E-07,1.68E-05
2244.758247,1.01E-05,2.19E-05,6.55E-07,7.34E-06,1.97E-05,1.13E-05,3.79E-05,1.49E-05,3.51E-05,4.18E-05,1.57E-05,3.94E-05,1.37E-06,2.43E-05,2.30E-05,4.33E-06,1.62E-05,3.14E-05,3.11E-05,3.86E-05,1.87E-06,2.48E-05,3.11E-05,9.24E-06,4.08E-06,1.07E-06,4.89E-05,4.91E-05,6.09E-06,2.08E-05,1.36E-06,4.09E-05,4.01E-05,1.59E-06,2.06E-05,1.17E-07,4.28E-05,4.40E-05,1.41E-07,1.74E-05
2246.686733,1.01E-05,2.23E-05,7.18E-07,7.60E-06,2.02E-05,1.16E-05,3.82E-05,1.52E-05,3.55E-05,4.21E-05,1.58E-05,4.00E-05,1.47E-06,2.47E-05,2.34E-05,4.54E-06,1.67E-05,3.18E-05,3.13E-05,3.89E-05,1.53E-06,2.51E-05,3.14E-05,9.58E-06,4.37E-06,9.81E-07,4.94E-05,4.95E-05,6.41E-06,2.12E-05,1.10E-06,4.14E-05,4.05E-05,1.75E-06,2.10E-05,1.22E-08,4.33E-05,4.44E-05,1.21E-07,1.78E-05
2248.61522,1.03E-05,2.28E-05,8.60E-07,8.09E-06,2.08E-05,1.20E-05,3.86E-05,1.57E-05,3.60E-05,4.26E-05,1.61E-05,4.06E-05,1.68E-06,2.53E-05,2.39E-05,4.91E-06,1.72E-05,3.23E-05,3.15E-05,3.92E-05,1.33E-06,2.54E-05,3.18E-05,1.00E-05,4.76E-06,9.04E-07,5.00E-05,5.00E-05,6.78E-06,2.18E-05,9.54E-07,4.20E-05,4.11E-05,1.96E-06,2.15E-05,1.00E-07,4.39E-05,4.49E-05,2.14E-07,1.82E-05
2250.543706,1.05E-05,2.32E-05,1.07E-06,8.60E-06,2.13E-05,1.25E-05,3.90E-05,1.61E-05,3.66E-05,4.30E-05,1.64E-05,4.11E-05,1.94E-06,2.57E-05,2.44E-05,5.35E-06,1.79E-05,3.28E-05,3.17E-05,3.95E-05,1.14E-06,2.59E-05,3.22E-05,1.04E-05,5.11E-06,8.42E-07,5.05E-05,5.06E-05,7.23E-06,2.24E-05,7.70E-07,4.25E-05,4.16E-05,2.20E-06,2.20E-05,4.61E-09,4.44E-05,4.53E-05,3.13E-07,1.87E-05
2252.472193,1.07E-05,2.36E-05,1.24E-06,9.08E-06,2.19E-05,1.28E-05,3.92E-05,1.66E-05,3.71E-05,4.35E-05,1.67E-05,4.17E-05,2.16E-06,2.62E-05,2.47E-05,5.76E-06,1.85E-05,3.33E-05,3.19E-05,3.99E-05,9.71E-07,2.62E-05,3.25E-05,1.08E-05,5.46E-06,7.66E-07,5.11E-05,5.11E-05,7.66E-06,2.29E-05,5.93E-07,4.31E-05,4.21E-05,2.48E-06,2.25E-05,0,4.49E-05,4.57E-05,3.92E-07,1.93E-05
2254.400679,1.09E-05,2.41E-05,1.39E-06,9.58E-06,2.25E-05,1.33E-05,3.95E-05,1.71E-05,3.76E-05,4.39E-05,1.71E-05,4.23E-05,2.39E-06,2.67E-05,2.52E-05,6.17E-06,1.91E-05,3.39E-05,3.22E-05,4.02E-05,8.61E-07,2.67E-05,3.29E-05,1.12E-05,5.83E-06,6.50E-07,5.17E-05,5.17E-05,8.00E-06,2.34E-05,5.42E-07,4.36E-05,4.26E-05,2.79E-06,2.30E-05,5.85E-08,4.53E-05,4.62E-05,4.81E-07,2.00E-05
2256.329166,1.11E-05,2.45E-05,1.67E-06,1.02E-05,2.32E-05,1.37E-05,3.99E-05,1.76E-05,3.81E-05,4.44E-05,1.75E-05,4.29E-05,2.73E-06,2.72E-05,2.56E-05,6.63E-06,1.98E-05,3.45E-05,3.25E-05,4.07E-05,7.53E-07,2.71E-05,3.33E-05,1.17E-05,6.26E-06,5.49E-07,5.23E-05,5.23E-05,8.38E-06,2.40E-05,4.53E-07,4.42E-05,4.32E-05,3.18E-06,2.36E-05,0,4.59E-05,4.66E-05,6.32E-07,2.06E-05
2258.257652,1.14E-05,2.50E-05,1.93E-06,1.07E-05,2.37E-05,1.42E-05,4.03E-05,1.81E-05,3.86E-05,4.48E-05,1.79E-05,4.34E-05,3.00E-06,2.78E-05,2.61E-05,7.06E-06,2.04E-05,3.50E-05,3.28E-05,4.11E-05,6.44E-07,2.75E-05,3.38E-05,1.21E-05,6.70E-06,4.40E-07,5.30E-05,5.29E-05,8.79E-06,2.45E-05,2.63E-07,4.47E-05,4.37E-05,3.44E-06,2.41E-05,0,4.65E-05,4.71E-05,7.42E-07,2.11E-05
2260.186139,1.17E-05,2.55E-05,2.18E-06,1.13E-05,2.43E-05,1.46E-05,4.06E-05,1.85E-05,3.92E-05,4.53E-05,1.84E-05,4.41E-05,3.38E-06,2.83E-05,2.66E-05,7.57E-06,2.11E-05,3.56E-05,3.30E-05,4.15E-05,4.82E-07,2.80E-05,3.42E-05,1.25E-05,7.13E-06,2.40E-07,5.36E-05,5.35E-05,9.21E-06,2.51E-05,1.47E-07,4.53E-05,4.44E-05,3.83E-06,2.46E-05,6.12E-08,4.70E-05,4.76E-05,9.17E-07,2.17E-05
2262.114625,1.20E-05,2.60E-05,2.54E-06,1.20E-05,2.51E-05,1.52E-05,4.09E-05,1.92E-05,3.98E-05,4.58E-05,1.89E-05,4.47E-05,3.86E-06,2.90E-05,2.72E-05,8.08E-06,2.18E-05,3.63E-05,3.34E-05,4.20E-05,3.74E-07,2.86E-05,3.47E-05,1.30E-05,7.58E-06,1.28E-07,5.42E-05,5.41E-05,9.82E-06,2.58E-05,1.33E-07,4.60E-05,4.50E-05,4.30E-06,2.52E-05,4.14E-08,4.76E-05,4.80E-05,1.13E-06,2.23E-05
2264.043112,1.23E-05,2.65E-05,2.82E-06,1.26E-05,2.57E-05,1.57E-05,4.12E-05,1.97E-05,4.04E-05,4.63E-05,1.93E-05,4.54E-05,4.18E-06,2.95E-05,2.77E-05,8.49E-06,2.25E-05,3.69E-05,3.38E-05,4.23E-05,2.08E-07,2.91E-05,3.52E-05,1.34E-05,8.03E-06,1.03E-07,5.49E-05,5.47E-05,1.04E-05,2.64E-05,5.85E-08,4.65E-05,4.55E-05,4.62E-06,2.57E-05,7.75E-08,4.82E-05,4.85E-05,1.28E-06,2.29E-05
2265.971598,1.25E-05,2.70E-05,3.05E-06,1.32E-05,2.64E-05,1.63E-05,4.16E-05,2.03E-05,4.10E-05,4.69E-05,1.98E-05,4.61E-05,4.52E-06,3.01E-05,2.82E-05,9.01E-06,2.32E-05,3.74E-05,3.41E-05,4.28E-05,6.71E-08,2.96E-05,3.57E-05,1.39E-05,8.50E-06,2.86E-08,5.56E-05,5.54E-05,1.09E-05,2.70E-05,0,4.71E-05,4.62E-05,4.98E-06,2.63E-05,8.12E-08,4.89E-05,4.90E-05,1.47E-06,2.36E-05
2267.900084,1.28E-05,2.76E-05,3.35E-06,1.37E-05,2.72E-05,1.70E-05,4.21E-05,2.09E-05,4.16E-05,4.75E-05,2.04E-05,4.68E-05,4.89E-06,3.08E-05,2.88E-05,9.59E-06,2.39E-05,3.80E-05,3.44E-05,4.33E-05,0,3.01E-05,3.62E-05,1.45E-05,9.01E-06,0,5.62E-05,5.60E-05,1.14E-05,2.76E-05,0,4.78E-05,4.70E-05,5.43E-06,2.70E-05,0,4.95E-05,4.96E-05,1.64E-06,2.42E-05
2269.828571,1.41E-05,2.89E-05,4.58E-06,1.51E-05,2.87E-05,1.87E-05,4.33E-05,2.24E-05,4.28E-05,4.86E-05,2.17E-05,4.82E-05,6.17E-06,3.23E-05,3.01E-05,1.11E-05,2.56E-05,3.93E-05,3.54E-05,4.44E-05,9.13E-07,3.13E-05,3.73E-05,1.58E-05,1.03E-05,8.58E-07,5.76E-05,5.74E-05,1.29E-05,2.91E-05,9.05E-07,4.91E-05,4.82E-05,6.60E-06,2.84E-05,9.11E-07,5.08E-05,5.10E-05,2.68E-06,2.57E-05
2271.757057,1.54E-05,3.02E-05,5.81E-06,1.66E-05,3.01E-05,2.03E-05,4.44E-05,2.38E-05,4.40E-05,4.97E-05,2.31E-05,4.96E-05,7.45E-06,3.37E-05,3.14E-05,1.27E-05,2.73E-05,4.06E-05,3.64E-05,4.55E-05,1.83E-06,3.25E-05,3.85E-05,1.71E-05,1.15E-05,1.72E-06,5.90E-05,5.87E-05,1.44E-05,3.06E-05,1.81E-06,5.04E-05,4.95E-05,7.76E-06,2.97E-05,1.82E-06,5.22E-05,5.23E-05,3.71E-06,2.72E-05
2273.685544,1.66E-05,3.15E-05,7.05E-06,1.80E-05,3.16E-05,2.20E-05,4.56E-05,2.53E-05,4.53E-05,5.09E-05,2.45E-05,5.10E-05,8.73E-06,3.51E-05,3.28E-05,1.42E-05,2.90E-05,4.19E-05,3.75E-05,4.66E-05,2.74E-06,3.37E-05,3.97E-05,1.84E-05,1.28E-05,2.57E-06,6.03E-05,6.01E-05,1.59E-05,3.21E-05,2.72E-06,5.17E-05,5.08E-05,8.93E-06,3.11E-05,2.73E-06,5.35E-05,5.37E-05,4.75E-06,2.87E-05
2275.61403,1.79E-05,3.28E-05,8.28E-06,1.94E-05,3.31E-05,2.37E-05,4.68E-05,2.67E-05,4.65E-05,5.20E-05,2.59E-05,5.24E-05,1.00E-05,3.66E-05,3.41E-05,1.58E-05,3.07E-05,4.32E-05,3.85E-05,4.77E-05,3.65E-06,3.49E-05,4.09E-05,1.98E-05,1.40E-05,3.43E-06,6.17E-05,6.14E-05,1.74E-05,3.35E-05,3.62E-06,5.31E-05,5.21E-05,1.01E-05,3.25E-05,3.65E-06,5.48E-05,5.51E-05,5.79E-06,3.02E-05
2277.542517,1.92E-05,3.41E-05,9.51E-06,2.09E-05,3.46E-05,2.54E-05,4.79E-05,2.82E-05,4.77E-05,5.31E-05,2.73E-05,5.38E-05,1.13E-05,3.80E-05,3.55E-05,1.73E-05,3.24E-05,4.45E-05,3.95E-05,4.88E-05,4.56E-06,3.61E-05,4.20E-05,2.11E-05,1.53E-05,4.29E-06,6.30E-05,6.27E-05,1.89E-05,3.50E-05,4.53E-06,5.44E-05,5.34E-05,1.13E-05,3.39E-05,4.56E-06,5.61E-05,5.64E-05,6.82E-06,3.17E-05
2279.471003,2.05E-05,3.54E-05,1.07E-05,2.23E-05,3.61E-05,2.70E-05,4.91E-05,2.96E-05,4.90E-05,5.42E-05,2.87E-05,5.52E-05,1.26E-05,3.95E-05,3.68E-05,1.88E-05,3.41E-05,4.58E-05,4.05E-05,4.98E-05,5.48E-06,3.73E-05,4.32E-05,2.24E-05,1.66E-05,5.15E-06,6.44E-05,6.41E-05,2.05E-05,3.65E-05,5.43E-06,5.57E-05,5.47E-05,1.24E-05,3.53E-05,5.47E-06,5.74E-05,5.78E-05,7.86E-06,3.32E-05
2281.39949,2.18E-05,3.67E-05,1.20E-05,2.37E-05,3.75E-05,2.87E-05,5.02E-05,3.10E-05,5.02E-05,5.54E-05,3.01E-05,5.66E-05,1.38E-05,4.09E-05,3.82E-05,2.04E-05,3.58E-05,4.71E-05,4.15E-05,5.09E-05,6.39E-06,3.85E-05,4.44E-05,2.37E-05,1.78E-05,6.00E-06,6.58E-05,6.54E-05,2.20E-05,3.79E-05,6.34E-06,5.70E-05,5.60E-05,1.36E-05,3.66E-05,6.38E-06,5.87E-05,5.91E-05,8.90E-06,3.47E-05
2283.327976,2.31E-05,3.80E-05,1.32E-05,2.51E-05,3.90E-05,3.04E-05,5.14E-05,3.25E-05,5.14E-05,5.65E-05,3.15E-05,5.80E-05,1.51E-05,4.24E-05,3.95E-05,2.19E-05,3.75E-05,4.84E-05,4.26E-05,5.20E-05,7.30E-06,3.97E-05,4.55E-05,2.51E-05,1.91E-05,6.86E-06,6.71E-05,6.68E-05,2.35E-05,3.94E-05,7.24E-06,5.84E-05,5.73E-05,1.48E-05,3.80E-05,7.29E-06,6.01E-05,6.05E-05,9.93E-06,3.62E-05
2285.256463,2.44E-05,3.93E-05,1.45E-05,2.66E-05,4.05E-05,3.21E-05,5.25E-05,3.39E-05,5.27E-05,5.76E-05,3.29E-05,5.94E-05,1.64E-05,4.38E-05,4.09E-05,2.35E-05,3.92E-05,4.97E-05,4.36E-05,5.31E-05,8.21E-06,4.09E-05,4.67E-05,2.64E-05,2.03E-05,7.72E-06,6.85E-05,6.81E-05,2.50E-05,4.09E-05,8.15E-06,5.97E-05,5.86E-05,1.59E-05,3.94E-05,8.20E-06,6.14E-05,6.18E-05,1.10E-05,3.77E-05
2287.184949,2.57E-05,4.06E-05,1.57E-05,2.80E-05,4.20E-05,3.37E-05,5.37E-05,3.54E-05,5.39E-05,5.88E-05,3.42E-05,6.08E-05,1.77E-05,4.52E-05,4.22E-05,2.50E-05,4.09E-05,5.10E-05,4.46E-05,5.42E-05,9.13E-06,4.21E-05,4.79E-05,2.77E-05,2.16E-05,8.58E-06,6.99E-05,6.95E-05,2.65E-05,4.23E-05,9.05E-06,6.10E-05,5.99E-05,1.71E-05,4.08E-05,9.11E-06,6.27E-05,6.32E-05,1.20E-05,3.92E-05
2289.113436,2.70E-05,4.20E-05,1.69E-05,2.94E-05,4.34E-05,3.54E-05,5.48E-05,3.68E-05,5.51E-05,5.99E-05,3.56E-05,6.22E-05,1.90E-05,4.67E-05,4.36E-05,2.65E-05,4.26E-05,5.23E-05,4.56E-05,5.53E-05,1.00E-05,4.33E-05,4.91E-05,2.90E-05,2.28E-05,9.44E-06,7.12E-05,7.08E-05,2.80E-05,4.38E-05,9.96E-06,6.23E-05,6.12E-05,1.83E-05,4.22E-05,1.00E-05,6.40E-05,6.45E-05,1.30E-05,4.07E-05
2291.041922,2.82E-05,4.33E-05,1.82E-05,3.09E-05,4.49E-05,3.71E-05,5.60E-05,3.83E-05,5.64E-05,6.10E-05,3.70E-05,6.36E-05,2.02E-05,4.81E-05,4.49E-05,2.81E-05,4.42E-05,5.36E-05,4.67E-05,5.64E-05,1.10E-05,4.45E-05,5.02E-05,3.03E-05,2.41E-05,1.03E-05,7.26E-05,7.22E-05,2.95E-05,4.53E-05,1.09E-05,6.37E-05,6.25E-05,1.94E-05,4.36E-05,1.09E-05,6.53E-05,6.59E-05,1.41E-05,4.22E-05
2292.970409,2.95E-05,4.46E-05,1.94E-05,3.23E-05,4.64E-05,3.87E-05,5.72E-05,3.97E-05,5.76E-05,6.22E-05,3.84E-05,6.50E-05,2.15E-05,4.96E-05,4.63E-05,2.96E-05,4.59E-05,5.49E-05,4.77E-05,5.74E-05,1.19E-05,4.57E-05,5.14E-05,3.17E-05,2.54E-05,1.12E-05,7.39E-05,7.35E-05,3.10E-05,4.67E-05,1.18E-05,6.50E-05,6.38E-05,2.06E-05,4.49E-05,1.18E-05,6.66E-05,6.73E-05,1.51E-05,4.36E-05
2294.898895,3.08E-05,4.59E-05,2.06E-05,3.37E-05,4.79E-05,4.04E-05,5.83E-05,4.12E-05,5.88E-05,6.33E-05,3.98E-05,6.64E-05,2.28E-05,5.10E-05,4.76E-05,3.12E-05,4.76E-05,5.62E-05,4.87E-05,5.85E-05,1.28E-05,4.69E-05,5.26E-05,3.30E-05,2.66E-05,1.20E-05,7.53E-05,7.49E-05,3.25E-05,4.82E-05,1.27E-05,6.63E-05,6.51E-05,2.18E-05,4.63E-05,1.28E-05,6.80E-05,6.86E-05,1.62E-05,4.51E-05
2296.827381,3.21E-05,4.72E-05,2.19E-05,3.52E-05,4.93E-05,4.21E-05,5.95E-05,4.26E-05,6.01E-05,6.44E-05,4.12E-05,6.78E-05,2.41E-05,5.25E-05,4.90E-05,3.27E-05,4.93E-05,5.75E-05,4.97E-05,5.96E-05,1.37E-05,4.81E-05,5.38E-05,3.43E-05,2.79E-05,1.29E-05,7.67E-05,7.62E-05,3.40E-05,4.97E-05,1.36E-05,6.76E-05,6.64E-05,2.29E-05,4.77E-05,1.37E-05,6.93E-05,7.00E-05,1.72E-05,4.66E-05
2298.755868,3.34E-05,4.85E-05,2.31E-05,3.66E-05,5.08E-05,4.38E-05,6.06E-05,4.41E-05,6.13E-05,6.56E-05,4.26E-05,6.92E-05,2.54E-05,5.39E-05,5.03E-05,3.43E-05,5.10E-05,5.88E-05,5.07E-05,6.07E-05,1.46E-05,4.93E-05,5.49E-05,3.56E-05,2.91E-05,1.37E-05,7.80E-05,7.76E-05,3.55E-05,5.11E-05,1.45E-05,6.90E-05,6.77E-05,2.41E-05,4.91E-05,1.46E-05,7.06E-05,7.13E-05,1.82E-05,4.81E-05
2300.684354,3.47E-05,4.98E-05,2.43E-05,3.80E-05,5.23E-05,4.54E-05,6.18E-05,4.55E-05,6.25E-05,6.67E-05,4.40E-05,7.06E-05,2.66E-05,5.53E-05,5.16E-05,3.58E-05,5.27E-05,6.01E-05,5.18E-05,6.18E-05,1.55E-05,5.05E-05,5.61E-05,3.69E-05,3.04E-05,1.46E-05,7.94E-05,7.89E-05,3.70E-05,5.26E-05,1.54E-05,7.03E-05,6.90E-05,2.53E-05,5.05E-05,1.55E-05,7.19E-05,7.27E-05,1.93E-05,4.96E-05
2302.612841,3.60E-05,5.11E-05,2.56E-05,3.94E-05,5.38E-05,4.71E-05,6.29E-05,4.70E-05,6.38E-05,6.78E-05,4.54E-05,7.20E-05,2.79E-05,5.68E-05,5.30E-05,3.73E-05,5.44E-05,6.14E-05,5.28E-05,6.29E-05,1.64E-05,5.17E-05,5.73E-05,3.83E-05,3.17E-05,1.54E-05,8.07E-05,8.03E-05,3.85E-05,5.41E-05,1.63E-05,7.16E-05,7.03E-05,2.64E-05,5.18E-05,1.64E-05,7.32E-05,7.40E-05,2.03E-05,5.11E-05
2304.541327,3.73E-05,5.24E-05,2.68E-05,4.09E-05,5.52E-05,4.88E-05,6.41E-05,4.84E-05,6.50E-05,6.90E-05,4.67E-05,7.34E-05,2.92E-05,5.82E-05,5.43E-05,3.89E-05,5.61E-05,6.27E-05,5.38E-05,6.40E-05,1.73E-05,5.29E-05,5.85E-05,3.96E-05,3.29E-05,1.63E-05,8.21E-05,8.16E-05,4.00E-05,5.55E-05,1.72E-05,7.29E-05,7.16E-05,2.76E-05,5.32E-05,1.73E-05,7.46E-05,7.54E-05,2.13E-05,5.26E-05
2306.469814,3.86E-05,5.37E-05,2.80E-05,4.23E-05,5.67E-05,5.05E-05,6.52E-05,4.99E-05,6.62E-05,7.01E-05,4.81E-05,7.48E-05,3.05E-05,5.97E-05,5.57E-05,4.04E-05,5.78E-05,6.40E-05,5.48E-05,6.50E-05,1.83E-05,5.41E-05,5.96E-05,4.09E-05,3.42E-05,1.72E-05,8.35E-05,8.30E-05,4.16E-05,5.70E-05,1.81E-05,7.43E-05,7.29E-05,2.87E-05,5.46E-05,1.82E-05,7.59E-05,7.67E-05,2.24E-05,5.41E-05
2308.3983,3.98E-05,5.50E-05,2.93E-05,4.37E-05,5.82E-05,5.21E-05,6.64E-05,5.13E-05,6.75E-05,7.12E-05,4.95E-05,7.62E-05,3.18E-05,6.11E-05,5.70E-05,4.20E-05,5.95E-05,6.53E-05,5.59E-05,6.61E-05,1.92E-05,5.53E-05,6.08E-05,4.22E-05,3.54E-05,1.80E-05,8.48E-05,8.43E-05,4.31E-05,5.85E-05,1.90E-05,7.56E-05,7.42E-05,2.99E-05,5.60E-05,1.91E-05,7.72E-05,7.81E-05,2.34E-05,5.56E-05
2310.326787,4.11E-05,5.64E-05,3.05E-05,4.52E-05,5.97E-05,5.38E-05,6.76E-05,5.28E-05,6.87E-05,7.24E-05,5.09E-05,7.76E-05,3.30E-05,6.26E-05,5.84E-05,4.35E-05,6.12E-05,6.66E-05,5.69E-05,6.72E-05,2.01E-05,5.65E-05,6.20E-05,4.36E-05,3.67E-05,1.89E-05,8.62E-05,8.57E-05,4.46E-05,5.99E-05,1.99E-05,7.69E-05,7.55E-05,3.11E-05,5.74E-05,2.01E-05,7.85E-05,7.95E-05,2.44E-05,5.71E-05
2312.255273,4.24E-05,5.77E-05,3.17E-05,4.66E-05,6.12E-05,5.55E-05,6.87E-05,5.42E-05,6.99E-05,7.35E-05,5.23E-05,7.90E-05,3.43E-05,6.40E-05,5.97E-05,4.50E-05,6.29E-05,6.79E-05,5.79E-05,6.83E-05,2.10E-05,5.77E-05,6.32E-05,4.49E-05,3.79E-05,1.97E-05,8.75E-05,8.70E-05,4.61E-05,6.14E-05,2.08E-05,7.83E-05,7.68E-05,3.22E-05,5.87E-05,2.10E-05,7.98E-05,8.08E-05,2.55E-05,5.86E-05
2314.18376,4.37E-05,5.90E-05,3.30E-05,4.80E-05,6.26E-05,5.72E-05,6.99E-05,5.57E-05,7.12E-05,7.46E-05,5.37E-05,8.04E-05,3.56E-05,6.54E-05,6.11E-05,4.66E-05,6.45E-05,6.92E-05,5.89E-05,6.94E-05,2.19E-05,5.89E-05,6.43E-05,4.62E-05,3.92E-05,2.06E-05,8.89E-05,8.84E-05,4.76E-05,6.29E-05,2.17E-05,7.96E-05,7.81E-05,3.34E-05,6.01E-05,2.19E-05,8.11E-05,8.22E-05,2.65E-05,6.01E-05
2316.112246,4.50E-05,6.03E-05,3.42E-05,4.94E-05,6.41E-05,5.88E-05,7.10E-05,5.71E-05,7.24E-05,7.58E-05,5.51E-05,8.18E-05,3.69E-05,6.69E-05,6.24E-05,4.81E-05,6.62E-05,7.05E-05,5.99E-05,7.05E-05,2.28E-05,6.01E-05,6.55E-05,4.75E-05,4.05E-05,2.14E-05,9.03E-05,8.97E-05,4.91E-05,6.43E-05,2.26E-05,8.09E-05,7.94E-05,3.46E-05,6.15E-05,2.28E-05,8.25E-05,8.35E-05,2.76E-05,6.15E-05
2318.040733,4.63E-05,6.16E-05,3.54E-05,5.09E-05,6.56E-05,6.05E-05,7.22E-05,5.86E-05,7.36E-05,7.69E-05,5.65E-05,8.32E-05,3.81E-05,6.83E-05,6.38E-05,4.97E-05,6.79E-05,7.18E-05,6.10E-05,7.16E-05,2.37E-05,6.13E-05,6.67E-05,4.88E-05,4.17E-05,2.23E-05,9.16E-05,9.11E-05,5.06E-05,6.58E-05,2.35E-05,8.22E-05,8.06E-05,3.57E-05,6.29E-05,2.37E-05,8.38E-05,8.49E-05,2.86E-05,6.30E-05
2319.969219,4.76E-05,6.29E-05,3.67E-05,5.23E-05,6.71E-05,6.22E-05,7.33E-05,6.00E-05,7.49E-05,7.80E-05,5.79E-05,8.46E-05,3.94E-05,6.98E-05,6.51E-05,5.12E-05,6.96E-05,7.31E-05,6.20E-05,7.26E-05,2.46E-05,6.25E-05,6.78E-05,5.02E-05,4.30E-05,2.32E-05,9.30E-05,9.24E-05,5.21E-05,6.73E-05,2.44E-05,8.36E-05,8.19E-05,3.69E-05,6.43E-05,2.46E-05,8.51E-05,8.62E-05,2.96E-05,6.45E-05
2321.897706,4.89E-05,6.42E-05,3.79E-05,5.37E-05,6.85E-05,6.38E-05,7.45E-05,6.15E-05,7.61E-05,7.92E-05,5.92E-05,8.60E-05,4.07E-05,7.12E-05,6.65E-05,5.27E-05,7.13E-05,7.44E-05,6.30E-05,7.37E-05,2.56E-05,6.37E-05,6.90E-05,5.15E-05,4.42E-05,2.40E-05,9.43E-05,9.38E-05,5.36E-05,6.88E-05,2.54E-05,8.49E-05,8.32E-05,3.81E-05,6.56E-05,2.55E-05,8.64E-05,8.76E-05,3.07E-05,6.60E-05
2323.826192,5.02E-05,6.55E-05,3.91E-05,5.52E-05,7.00E-05,6.55E-05,7.56E-05,6.29E-05,7.73E-05,8.03E-05,6.06E-05,8.74E-05,4.20E-05,7.27E-05,6.78E-05,5.43E-05,7.30E-05,7.57E-05,6.40E-05,7.48E-05,2.65E-05,6.49E-05,7.02E-05,5.28E-05,4.55E-05,2.49E-05,9.57E-05,9.51E-05,5.51E-05,7.02E-05,2.63E-05,8.62E-05,8.45E-05,3.92E-05,6.70E-05,2.64E-05,8.77E-05,8.89E-05,3.17E-05,6.75E-05
2325.754678,5.14E-05,6.68E-05,4.04E-05,5.66E-05,7.15E-05,6.72E-05,7.68E-05,6.43E-05,7.86E-05,8.14E-05,6.20E-05,8.88E-05,4.33E-05,7.41E-05,6.92E-05,5.58E-05,7.47E-05,7.70E-05,6.51E-05,7.59E-05,2.74E-05,6.61E-05,7.14E-05,5.41E-05,4.68E-05,2.57E-05,9.71E-05,9.65E-05,5.66E-05,7.17E-05,2.72E-05,8.75E-05,8.58E-05,4.04E-05,6.84E-05,2.73E-05,8.90E-05,9.03E-05,3.27E-05,6.90E-05
2327.683165,5.27E-05,6.81E-05,4.16E-05,5.80E-05,7.30E-05,6.89E-05,7.80E-05,6.58E-05,7.98E-05,8.26E-05,6.34E-05,9.02E-05,4.45E-05,7.55E-05,7.05E-05,5.74E-05,7.64E-05,7.83E-05,6.61E-05,7.70E-05,2.83E-05,6.73E-05,7.25E-05,5.54E-05,4.80E-05,2.66E-05,9.84E-05,9.78E-05,5.81E-05,7.32E-05,2.81E-05,8.89E-05,8.71E-05,4.16E-05,6.98E-05,2.83E-05,9.04E-05,9.17E-05,3.38E-05,7.05E-05
2329.611651,5.40E-05,6.94E-05,4.28E-05,5.95E-05,7.44E-05,7.05E-05,7.91E-05,6.72E-05,8.10E-05,8.37E-05,6.48E-05,9.16E-05,4.58E-05,7.70E-05,7.18E-05,5.89E-05,7.81E-05,7.96E-05,6.71E-05,7.81E-05,2.92E-05,6.85E-05,7.37E-05,5.68E-05,4.93E-05,2.74E-05,9.98E-05,9.92E-05,5.96E-05,7.46E-05,2.90E-05,9.02E-05,8.84E-05,4.27E-05,7.12E-05,2.92E-05,9.17E-05,9.30E-05,3.48E-05,7.20E-05
2331.540138,5.53E-05,7.07E-05,4.41E-05,6.09E-05,7.59E-05,7.22E-05,8.03E-05,6.87E-05,8.23E-05,8.48E-05,6.62E-05,9.30E-05,4.71E-05,7.84E-05,7.32E-05,6.05E-05,7.98E-05,8.09E-05,6.81E-05,7.91E-05,3.01E-05,6.97E-05,7.49E-05,5.81E-05,5.05E-05,2.83E-05,0.000101151,0.000100499,6.12E-05,7.61E-05,2.99E-05,9.15E-05,8.97E-05,4.39E-05,7.25E-05,3.01E-05,9.30E-05,9.44E-05,3.58E-05,7.35E-05
2333.468624,5.66E-05,7.21E-05,4.53E-05,6.23E-05,7.74E-05,7.39E-05,8.14E-05,7.01E-05,8.35E-05,8.60E-05,6.76E-05,9.44E-05,4.84E-05,7.99E-05,7.45E-05,6.20E-05,8.15E-05,8.22E-05,6.91E-05,8.02E-05,3.10E-05,7.09E-05,7.61E-05,5.94E-05,5.18E-05,2.92E-05,0.000102512,0.000101847,6.27E-05,7.76E-05,3.08E-05,9.28E-05,9.10E-05,4.51E-05,7.39E-05,3.10E-05,9.43E-05,9.57E-05,3.69E-05,7.50E-05
2335.397111,5.79E-05,7.34E-05,4.65E-05,6.37E-05,7.89E-05,7.56E-05,8.26E-05,7.16E-05,8.47E-05,8.71E-05,6.90E-05,9.58E-05,4.97E-05,8.13E-05,7.59E-05,6.35E-05,8.32E-05,8.35E-05,7.02E-05,8.13E-05,3.19E-05,7.21E-05,7.72E-05,6.07E-05,5.30E-05,3.00E-05,0.000103873,0.000103196,6.42E-05,7.90E-05,3.17E-05,9.42E-05,9.23E-05,4.62E-05,7.53E-05,3.19E-05,9.56E-05,9.71E-05,3.79E-05,7.65E-05
2337.325597,5.92E-05,7.47E-05,4.78E-05,6.52E-05,8.03E-05,7.72E-05,8.37E-05,7.30E-05,8.60E-05,8.82E-05,7.04E-05,9.72E-05,5.09E-05,8.28E-05,7.72E-05,6.51E-05,8.49E-05,8.48E-05,7.12E-05,8.24E-05,3.29E-05,7.33E-05,7.84E-05,6.21E-05,5.43E-05,3.09E-05,0.000105234,0.000104544,6.57E-05,8.05E-05,3.26E-05,9.55E-05,9.36E-05,4.74E-05,7.67E-05,3.28E-05,9.70E-05,9.84E-05,3.90E-05,7.80E-05
2339.254084,6.05E-05,7.60E-05,4.90E-05,6.66E-05,8.18E-05,7.89E-05,8.49E-05,7.45E-05,8.72E-05,8.93E-05,7.17E-05,9.86E-05,5.22E-05,8.42E-05,7.86E-05,6.66E-05,8.65E-05,8.61E-05,7.22E-05,8.35E-05,3.38E-05,7.45E-05,7.96E-05,6.34E-05,5.56E-05,3.17E-05,0.000106595,0.000105892,6.72E-05,8.20E-05,3.35E-05,9.68E-05,9.49E-05,4.86E-05,7.81E-05,3.37E-05,9.83E-05,9.98E-05,4.00E-05,7.95E-05
2341.18257,6.18E-05,7.73E-05,5.02E-05,6.80E-05,8.33E-05,8.06E-05,8.60E-05,7.59E-05,8.84E-05,9.05E-05,7.31E-05,0.000100034,5.35E-05,8.56E-05,7.99E-05,6.82E-05,8.82E-05,8.74E-05,7.32E-05,8.46E-05,3.47E-05,7.57E-05,8.08E-05,6.47E-05,5.68E-05,3.26E-05,0.000107956,0.00010724,6.87E-05,8.34E-05,3.44E-05,9.81E-05,9.62E-05,4.97E-05,7.94E-05,3.46E-05,9.96E-05,0.000101139,4.10E-05,8.09E-05
2343.111057,6.30E-05,7.86E-05,5.15E-05,6.95E-05,8.48E-05,8.23E-05,8.72E-05,7.74E-05,8.97E-05,9.16E-05,7.45E-05,0.000101435,5.48E-05,8.71E-05,8.13E-05,6.97E-05,8.99E-05,8.87E-05,7.43E-05,8.57E-05,3.56E-05,7.69E-05,8.19E-05,6.60E-05,5.81E-05,3.35E-05,0.000109317,0.000108589,7.02E-05,8.49E-05,3.53E-05,9.95E-05,9.75E-05,5.09E-05,8.08E-05,3.55E-05,0.000100907,0.000102495,4.21E-05,8.24E-05
2345.039543,6.43E-05,7.99E-05,5.27E-05,7.09E-05,8.63E-05,8.39E-05,8.84E-05,7.88E-05,9.09E-05,9.27E-05,7.59E-05,0.000102836,5.61E-05,8.85E-05,8.26E-05,7.12E-05,9.16E-05,9.00E-05,7.53E-05,8.67E-05,3.65E-05,7.81E-05,8.31E-05,6.73E-05,5.93E-05,3.43E-05,0.000110678,0.000109937,7.17E-05,8.64E-05,3.62E-05,0.000100788,9.88E-05,5.21E-05,8.22E-05,3.65E-05,0.000102224,0.00010385,4.31E-05,8.39E-05
2346.96803,6.56E-05,8.12E-05,5.39E-05,7.23E-05,8.77E-05,8.56E-05,8.95E-05,8.03E-05,9.21E-05,9.39E-05,7.73E-05,0.000104237,5.73E-05,9.00E-05,8.40E-05,7.28E-05,9.33E-05,9.13E-05,7.63E-05,8.78E-05,3.74E-05,7.93E-05,8.43E-05,6.87E-05,6.06E-05,3.52E-05,0.000112038,0.000111285,7.32E-05,8.78E-05,3.71E-05,0.000102114,0.00010009,5.32E-05,8.36E-05,3.74E-05,0.000103542,0.000105206,4.41E-05,8.54E-05
2348.896516,6.69E-05,8.25E-05,5.52E-05,7.37E-05,8.92E-05,8.73E-05,9.07E-05,8.17E-05,9.34E-05,9.50E-05,7.87E-05,0.000105638,5.86E-05,9.14E-05,8.53E-05,7.43E-05,9.50E-05,9.26E-05,7.73E-05,8.89E-05,3.83E-05,8.05E-05,8.55E-05,7.00E-05,6.19E-05,3.60E-05,0.000113399,0.000112633,7.47E-05,8.93E-05,3.80E-05,0.00010344,0.000101386,5.44E-05,8.50E-05,3.83E-05,0.000104859,0.000106561,4.52E-05,8.69E-05
2350.825003,6.82E-05,8.38E-05,5.64E-05,7.52E-05,9.07E-05,8.89E-05,9.18E-05,8.32E-05,9.46E-05,9.61E-05,8.01E-05,0.00010704,5.99E-05,9.29E-05,8.67E-05,7.59E-05,9.67E-05,9.39E-05,7.83E-05,9.00E-05,3.92E-05,8.17E-05,8.66E-05,7.13E-05,6.31E-05,3.69E-05,0.00011476,0.000113982,7.62E-05,9.08E-05,3.89E-05,0.000104765,0.000102682,5.56E-05,8.63E-05,3.92E-05,0.000106177,0.000107917,4.62E-05,8.84E-05
2352.753489,6.95E-05,8.51E-05,5.76E-05,7.66E-05,9.22E-05,9.06E-05,9.30E-05,8.46E-05,9.58E-05,9.73E-05,8.15E-05,0.000108441,6.12E-05,9.43E-05,8.80E-05,7.74E-05,9.84E-05,9.52E-05,7.94E-05,9.11E-05,4.02E-05,8.29E-05,8.78E-05,7.26E-05,6.44E-05,3.77E-05,0.000116121,0.00011533,7.77E-05,9.22E-05,3.98E-05,0.000106091,0.000103978,5.67E-05,8.77E-05,4.01E-05,0.000107495,0.000109272,4.72E-05,8.99E-05
2354.681975,7.08E-05,8.65E-05,5.89E-05,7.80E-05,9.36E-05,9.23E-05,9.41E-05,8.61E-05,9.71E-05,9.84E-05,8.29E-05,0.000109842,6.25E-05,9.57E-05,8.94E-05,7.89E-05,0.000100085,9.65E-05,8.04E-05,9.22E-05,4.11E-05,8.41E-05,8.90E-05,7.40E-05,6.56E-05,3.86E-05,0.000117482,0.000116678,7.92E-05,9.37E-05,4.07E-05,0.000107417,0.000105274,5.79E-05,8.91E-05,4.10E-05,0.000108812,0.000110628,4.83E-05,9.14E-05
2356.610462,7.21E-05,8.78E-05,6.01E-05,7.95E-05,9.51E-05,9.40E-05,9.53E-05,8.75E-05,9.83E-05,9.95E-05,8.42E-05,0.000111243,6.37E-05,9.72E-05,9.07E-05,8.05E-05,0.000101778,9.78E-05,8.14E-05,9.33E-05,4.20E-05,8.53E-05,9.01E-05,7.53E-05,6.69E-05,3.95E-05,0.000118843,0.000118026,8.08E-05,9.52E-05,4.16E-05,0.000108743,0.00010657,5.91E-05,9.05E-05,4.19E-05,0.00011013,0.000111983,4.93E-05,9.29E-05
2358.538948,7.34E-05,8.91E-05,6.13E-05,8.09E-05,9.66E-05,9.56E-05,9.64E-05,8.90E-05,9.95E-05,0.000100671,8.56E-05,0.000112644,6.50E-05,9.86E-05,9.21E-05,8.20E-05,0.00010347,9.91E-05,8.24E-05,9.43E-05,4.29E-05,8.65E-05,9.13E-05,7.66E-05,6.82E-05,4.03E-05,0.000120204,0.000119375,8.23E-05,9.66E-05,4.26E-05,0.000110069,0.000107866,6.02E-05,9.19E-05,4.28E-05,0.000111447,0.000113339,5.04E-05,9.44E-05
2360.467435,7.46E-05,9.04E-05,6.26E-05,8.23E-05,9.81E-05,9.73E-05,9.76E-05,9.04E-05,0.000100754,0.000101803,8.70E-05,0.000114046,6.63E-05,0.000100069,9.34E-05,8.36E-05,0.000105162,0.000100443,8.35E-05,9.54E-05,4.38E-05,8.77E-05,9.25E-05,7.79E-05,6.94E-05,4.12E-05,0.000121564,0.000120723,8.38E-05,9.81E-05,4.35E-05,0.000111394,0.000109162,6.14E-05,9.32E-05,4.37E-05,0.000112765,0.000114694,5.14E-05,9.59E-05
2362.395921,7.59E-05,9.17E-05,6.38E-05,8.38E-05,9.95E-05,9.90E-05,9.88E-05,9.19E-05,0.000101987,0.000102935,8.84E-05,0.000115447,6.76E-05,0.000101511,9.47E-05,8.51E-05,0.000106854,0.000101745,8.45E-05,9.65E-05,4.47E-05,8.89E-05,9.37E-05,7.92E-05,7.07E-05,4.20E-05,0.000122925,0.000122071,8.53E-05,9.96E-05,4.44E-05,0.00011272,0.000110458,6.26E-05,9.46E-05,4.47E-05,0.000114083,0.00011605,5.24E-05,9.74E-05
2364.324408,7.72E-05,9.30E-05,6.50E-05,8.52E-05,0.000101019,0.000100662,9.99E-05,9.33E-05,0.00010322,0.000104067,8.98E-05,0.000116848,6.89E-05,0.000102954,9.61E-05,8.67E-05,0.000108546,0.000103047,8.55E-05,9.76E-05,4.56E-05,9.01E-05,9.48E-05,8.06E-05,7.19E-05,4.29E-05,0.000124286,0.000123419,8.68E-05,0.000101047,4.53E-05,0.000114046,0.000111754,6.37E-05,9.60E-05,4.56E-05,0.0001154,0.000117405,5.35E-05,9.89E-05
2366.252894,7.85E-05,9.43E-05,6.63E-05,8.66E-05,0.000102496,0.000102336,0.000101065,9.48E-05,0.000104454,0.000105199,9.12E-05,0.000118249,7.01E-05,0.000104397,9.74E-05,8.82E-05,0.000110238,0.000104349,8.65E-05,9.87E-05,4.65E-05,9.13E-05,9.60E-05,8.19E-05,7.32E-05,4.37E-05,0.000125647,0.000124768,8.83E-05,0.000102515,4.62E-05,0.000115372,0.000113051,6.49E-05,9.74E-05,4.65E-05,0.000116718,0.000118761,5.45E-05,0.000100347
2368.181381,7.98E-05,9.56E-05,6.75E-05,8.80E-05,0.000103972,0.000104009,0.00010222,9.62E-05,0.000105687,0.000106332,9.26E-05,0.00011965,7.14E-05,0.00010584,9.88E-05,8.97E-05,0.000111931,0.000105651,8.75E-05,9.98E-05,4.75E-05,9.25E-05,9.72E-05,8.32E-05,7.44E-05,4.46E-05,0.000127008,0.000126116,8.98E-05,0.000103983,4.71E-05,0.000116697,0.000114347,6.61E-05,9.88E-05,4.74E-05,0.000118035,0.000120116,5.55E-05,0.000101839
2370.109867,8.11E-05,9.69E-05,6.87E-05,8.95E-05,0.000105449,0.000105683,0.000103376,9.76E-05,0.00010692,0.000107464,9.40E-05,0.000121051,7.27E-05,0.000107282,0.000100131,9.13E-05,0.000113623,0.000106953,8.86E-05,0.000100854,4.84E-05,9.37E-05,9.84E-05,8.45E-05,7.57E-05,4.55E-05,0.000128369,0.000127464,9.13E-05,0.000105451,4.80E-05,0.000118023,0.000115643,6.72E-05,0.00010014,4.83E-05,0.000119353,0.000121472,5.66E-05,0.000103331
2372.038354,8.24E-05,9.82E-05,7.00E-05,9.09E-05,0.000106925,0.000107356,0.000104532,9.91E-05,0.000108154,0.000108596,9.54E-05,0.000122453,7.40E-05,0.000108725,0.000101478,9.28E-05,0.000115315,0.000108255,8.96E-05,0.000101939,4.93E-05,9.49E-05,9.95E-05,8.58E-05,7.70E-05,4.63E-05,0.00012973,0.000128812,9.28E-05,0.000106919,4.89E-05,0.000119349,0.000116939,6.84E-05,0.00010152,4.92E-05,0.000120671,0.000122827,5.76E-05,0.000104823
2373.96684,8.37E-05,9.95E-05,7.12E-05,9.23E-05,0.000108402,0.00010903,0.000105687,0.000100544,0.000109387,0.000109728,9.67E-05,0.000123854,7.52E-05,0.000110168,0.000102825,9.44E-05,0.000117007,0.000109557,9.06E-05,0.000103024,5.02E-05,9.61E-05,0.00010071,8.72E-05,7.82E-05,4.72E-05,0.000131091,0.000130161,9.43E-05,0.000108387,4.98E-05,0.000120675,0.000118235,6.96E-05,0.000102901,5.01E-05,0.000121988,0.000124183,5.86E-05,0.000106316
2375.895327,8.50E-05,0.000100854,7.24E-05,9.38E-05,0.000109879,0.000110703,0.000106843,0.000101992,0.00011062,0.000110861,9.81E-05,0.000125255,7.65E-05,0.000111611,0.000104172,9.59E-05,0.000118699,0.000110859,9.16E-05,0.00010411,5.11E-05,9.73E-05,0.000101883,8.85E-05,7.95E-05,4.80E-05,0.000132451,0.000131509,9.58E-05,0.000109855,5.07E-05,0.000122001,0.000119531,7.07E-05,0.000104281,5.10E-05,0.000123306,0.000125538,5.97E-05,0.000107808
2377.823813,8.62E-05,0.000102163,7.37E-05,9.52E-05,0.000111355,0.000112377,0.000107998,0.00010344,0.000111854,0.000111993,9.95E-05,0.000126656,7.78E-05,0.000113053,0.000105518,9.74E-05,0.000120391,0.000112161,9.27E-05,0.000105195,5.20E-05,9.85E-05,0.000103057,8.98E-05,8.07E-05,4.89E-05,0.000133812,0.000132857,9.73E-05,0.000111323,5.16E-05,0.000123326,0.000120827,7.19E-05,0.000105661,5.20E-05,0.000124623,0.000126894,6.07E-05,0.0001093
2379.7523,8.75E-05,0.000103471,7.49E-05,9.66E-05,0.000112832,0.00011405,0.000109154,0.000104888,0.000113087,0.000113125,0.000100914,0.000128057,7.91E-05,0.000114496,0.000106865,9.90E-05,0.000122084,0.000113463,9.37E-05,0.00010628,5.29E-05,9.97E-05,0.000104231,9.11E-05,8.20E-05,4.97E-05,0.000135173,0.000134205,9.88E-05,0.000112791,5.25E-05,0.000124652,0.000122123,7.31E-05,0.000107041,5.29E-05,0.000125941,0.000128249,6.18E-05,0.000110792
2381.680786,8.88E-05,0.00010478,7.61E-05,9.81E-05,0.000114308,0.000115723,0.000110309,0.000106336,0.00011432,0.000114257,0.000102303,0.000129459,8.04E-05,0.000115939,0.000108212,0.000100525,0.000123776,0.000114764,9.47E-05,0.000107365,5.38E-05,0.00010085,0.000105404,9.25E-05,8.33E-05,5.06E-05,0.000136534,0.000135554,0.000100353,0.000114259,5.34E-05,0.000125978,0.000123419,7.42E-05,0.000108422,5.38E-05,0.000127259,0.000129605,6.28E-05,0.000112285
2383.609272,9.01E-05,0.000106089,7.74E-05,9.95E-05,0.000115785,0.000117397,0.000111465,0.000107784,0.000115553,0.000115389,0.000103692,0.00013086,8.16E-05,0.000117382,0.000109559,0.000102067,0.000125468,0.000116066,9.57E-05,0.000108451,5.48E-05,0.000102049,0.000106578,9.38E-05,8.45E-05,5.15E-05,0.000137895,0.000136902,0.000101861,0.000115727,5.43E-05,0.000127304,0.000124715,7.54E-05,0.000109802,5.47E-05,0.000128576,0.00013096,6.38E-05,0.000113777
2385.537759,9.14E-05,0.000107398,7.86E-05,0.00010091,0.000117261,0.00011907,0.00011262,0.000109232,0.000116787,0.000116522,0.000105081,0.000132261,8.29E-05,0.000118824,0.000110905,0.000103608,0.00012716,0.000117368,9.67E-05,0.000109536,5.57E-05,0.000103248,0.000107752,9.51E-05,8.58E-05,5.23E-05,0.000139256,0.00013825,0.000103369,0.000117194,5.52E-05,0.000128629,0.000126011,7.66E-05,0.000111182,5.56E-05,0.000129894,0.000132316,6.49E-05,0.000115269
2387.466245,9.27E-05,0.000108707,7.98E-05,0.00010234,0.000118738,0.000120744,0.000113776,0.000110679,0.00011802,0.000117654,0.00010647,0.000133662,8.42E-05,0.000120267,0.000112252,0.000105149,0.000128852,0.00011867,9.78E-05,0.000110621,5.66E-05,0.000104447,0.000108925,9.64E-05,8.70E-05,5.32E-05,0.000140617,0.000139598,0.000104876,0.000118662,5.61E-05,0.000129955,0.000127307,7.77E-05,0.000112562,5.65E-05,0.000131212,0.000133671,6.59E-05,0.000116761
2389.394732,9.40E-05,0.000110016,8.11E-05,0.000103769,0.000120214,0.000122417,0.000114932,0.000112127,0.000119253,0.000118786,0.000107859,0.000135063,8.55E-05,0.00012171,0.000113599,0.00010669,0.000130544,0.000119972,9.88E-05,0.000111707,5.75E-05,0.000105646,0.000110099,9.77E-05,8.83E-05,5.40E-05,0.000141977,0.000140947,0.000106384,0.00012013,5.70E-05,0.000131281,0.000128603,7.89E-05,0.000113943,5.74E-05,0.000132529,0.000135027,6.69E-05,0.000118254
2391.323218,9.53E-05,0.000111325,8.23E-05,0.000105199,0.000121691,0.000124091,0.000116087,0.000113575,0.000120487,0.000119918,0.000109248,0.000136465,8.68E-05,0.000123152,0.000114946,0.000108232,0.000132237,0.000121274,9.98E-05,0.000112792,5.84E-05,0.000106846,0.000111273,9.91E-05,8.95E-05,5.49E-05,0.000143338,0.000142295,0.000107891,0.000121598,5.79E-05,0.000132607,0.000129899,8.01E-05,0.000115323,5.83E-05,0.000133847,0.000136382,6.80E-05,0.000119746
2393.251705,9.66E-05,0.000112634,8.35E-05,0.000106628,0.000123167,0.000125764,0.000117243,0.000115023,0.00012172,0.000121051,0.000110637,0.000137866,8.80E-05,0.000124595,0.000116293,0.000109773,0.000133929,0.000122576,0.000100827,0.000113877,5.93E-05,0.000108045,0.000112447,0.000100386,9.08E-05,5.58E-05,0.000144699,0.000143643,0.000109399,0.000123066,5.89E-05,0.000133932,0.000131195,8.12E-05,0.000116703,5.92E-05,0.000135164,0.000137738,6.90E-05,0.000121238
2395.180191,9.78E-05,0.000113943,8.48E-05,0.000108058,0.000124644,0.000127438,0.000118398,0.000116471,0.000122953,0.000122183,0.000112026,0.000139267,8.93E-05,0.000126038,0.000117639,0.000111314,0.000135621,0.000123878,0.00010185,0.000114962,6.02E-05,0.000109244,0.00011362,0.000101707,9.21E-05,5.66E-05,0.00014606,0.000144991,0.000110906,0.000124534,5.98E-05,0.000135258,0.000132491,8.24E-05,0.000118083,6.02E-05,0.000136482,0.000139093,7.00E-05,0.00012273
2397.108678,9.91E-05,0.000115251,8.60E-05,0.000109487,0.00012612,0.000129111,0.000119554,0.000117919,0.000124187,0.000123315,0.000113415,0.000140668,9.06E-05,0.000127481,0.000118986,0.000112855,0.000137313,0.00012518,0.000102872,0.000116048,6.11E-05,0.000110443,0.000114794,0.000103029,9.33E-05,5.75E-05,0.000147421,0.00014634,0.000112414,0.000126002,6.07E-05,0.000136584,0.000133787,8.35E-05,0.000119463,6.11E-05,0.0001378,0.000140449,7.11E-05,0.000124222
2399.037164,0.00010042,0.00011656,8.72E-05,0.000110917,0.000127597,0.000130785,0.000120709,0.000119367,0.00012542,0.000124447,0.000114804,0.000142069,9.19E-05,0.000128923,0.000120333,0.000114396,0.000139005,0.000126482,0.000103894,0.000117133,6.21E-05,0.000111642,0.000115968,0.00010435,9.46E-05,5.83E-05,0.000148782,0.000147688,0.000113922,0.00012747,6.16E-05,0.00013791,0.000135083,8.47E-05,0.000120844,6.20E-05,0.000139117,0.000141804,7.21E-05,0.000125715
2400.965651,0.000101709,0.000117869,8.85E-05,0.000112346,0.000129073,0.000132458,0.000121865,0.000120815,0.000126653,0.00012558,0.000116193,0.000143471,9.32E-05,0.000130366,0.00012168,0.000115938,0.000140697,0.000127783,0.000104916,0.000118218,6.30E-05,0.000112842,0.000117141,0.000105672,9.58E-05,5.92E-05,0.000150143,0.000149036,0.000115429,0.000128938,6.25E-05,0.000139236,0.000136379,8.59E-05,0.000122224,6.29E-05,0.000140435,0.00014316,7.32E-05,0.000127207
2402.894137,0.000102998,0.000119178,8.97E-05,0.000113776,0.00013055,0.000134131,0.00012302,0.000122263,0.000127887,0.000126712,0.000117582,0.000144872,9.44E-05,0.000131809,0.000123027,0.000117479,0.00014239,0.000129085,0.000105938,0.000119304,6.39E-05,0.000114041,0.000118315,0.000106994,9.71E-05,6.00E-05,0.000151504,0.000150384,0.000116937,0.000130406,6.34E-05,0.000140561,0.000137675,8.70E-05,0.000123604,6.38E-05,0.000141752,0.000144515,7.42E-05,0.000128699
2404.822624,0.000104287,0.000120487,9.10E-05,0.000115205,0.000132027,0.000135805,0.000124176,0.00012371,0.00012912,0.000127844,0.000118971,0.000146273,9.57E-05,0.000133252,0.000124373,0.00011902,0.000144082,0.000130387,0.00010696,0.000120389,6.48E-05,0.00011524,0.000119489,0.000108315,9.84E-05,6.09E-05,0.000152864,0.000151733,0.000118444,0.000131874,6.43E-05,0.000141887,0.000138971,8.82E-05,0.000124984,6.47E-05,0.00014307,0.000145871,7.52E-05,0.000130191
2406.75111,0.000105576,0.000121796,9.22E-05,0.000116635,0.000133503,0.000137478,0.000125332,0.000125158,0.000130353,0.000128976,0.00012036,0.000147674,9.70E-05,0.000134694,0.00012572,0.000120561,0.000145774,0.000131689,0.000107983,0.000121474,6.57E-05,0.000116439,0.000120663,0.000109637,9.96E-05,6.18E-05,0.000154225,0.000153081,0.000119952,0.000133342,6.52E-05,0.000143213,0.000140267,8.94E-05,0.000126365,6.56E-05,0.000144388,0.000147227,7.63E-05,0.000131683
2408.679597,0.000106865,0.000123105,9.34E-05,0.000118064,0.00013498,0.000139152,0.000126487,0.000126606,0.000131587,0.000130108,0.000121749,0.000149075,9.83E-05,0.000136137,0.000127067,0.000122102,0.000147466,0.000132991,0.000109005,0.000122559,6.66E-05,0.000117639,0.000121836,0.000110959,0.00010087,6.26E-05,0.000155586,0.000154429,0.00012146,0.00013481,6.61E-05,0.000144539,0.000141563,9.05E-05,0.000127745,6.65E-05,0.000145705,0.000148582,7.73E-05,0.000133176
2410.608083,0.000108154,0.000124414,9.47E-05,0.000119494,0.000136456,0.000140825,0.000127643,0.000128054,0.00013282,0.000131241,0.000123137,0.000150476,9.96E-05,0.00013758,0.000128414,0.000123644,0.000149158,0.000134293,0.000110027,0.000123645,6.75E-05,0.000118838,0.00012301,0.00011228,0.000102128,6.35E-05,0.000156947,0.000155777,0.000122967,0.000136278,6.70E-05,0.000145864,0.000142859,9.17E-05,0.000129125,6.74E-05,0.000147023,0.000149938,7.83E-05,0.000134668
2412.536569,0.000109443,0.000125723,9.59E-05,0.000120923,0.000137933,0.000142499,0.000128798,0.000129502,0.000134053,0.000132373,0.000124527,0.000151878,0.000100836,0.000139023,0.000129761,0.000125185,0.000150851,0.000135595,0.000111049,0.00012473,6.84E-05,0.000120037,0.000124184,0.000113602,0.000103386,6.43E-05,0.000158308,0.000157126,0.000124475,0.000137746,6.79E-05,0.00014719,0.000144155,9.29E-05,0.000130505,6.84E-05,0.00014834,0.000151293,7.94E-05,0.00013616
2414.465056,0.000110732,0.000127031,9.71E-05,0.000122353,0.000139409,0.000144172,0.000129954,0.00013095,0.000135287,0.000133505,0.000125915,0.000153279,0.000102116,0.000140465,0.000131107,0.000126726,0.000152543,0.000136897,0.000112071,0.000125815,6.94E-05,0.000121236,0.000125357,0.000114924,0.000104645,6.52E-05,0.000159669,0.000158474,0.000125982,0.000139214,6.88E-05,0.000148516,0.000145451,9.40E-05,0.000131886,6.93E-05,0.000149658,0.000152649,8.04E-05,0.000137652
2416.393542,0.000112021,0.00012834,9.84E-05,0.000123782,0.000140886,0.000145846,0.000131109,0.000132398,0.00013652,0.000134637,0.000127304,0.00015468,0.000103395,0.000141908,0.000132454,0.000128267,0.000154235,0.000138199,0.000113093,0.0001269,7.03E-05,0.000122435,0.000126531,0.000116245,0.000105903,6.60E-05,0.00016103,0.000159822,0.00012749,0.000140682,6.97E-05,0.000149842,0.000146747,9.52E-05,0.000133266,7.02E-05,0.000150976,0.000154004,8.15E-05,0.000139145
2418.322029,0.00011331,0.000129649,9.96E-05,0.000125212,0.000142362,0.000147519,0.000132265,0.000133846,0.000137753,0.00013577,0.000128693,0.000156081,0.000104674,0.000143351,0.000133801,0.000129809,0.000155927,0.000139501,0.000114115,0.000127986,7.12E-05,0.000123635,0.000127705,0.000117567,0.000107162,6.69E-05,0.00016239,0.00016117,0.000128997,0.00014215,7.06E-05,0.000151167,0.000148043,9.64E-05,0.000134646,7.11E-05,0.000152293,0.00015536,8.25E-05,0.000140637
2420.250515,0.000114598,0.000130958,0.000100821,0.000126641,0.000143839,0.000149192,0.00013342,0.000135293,0.000138987,0.000136902,0.000130082,0.000157482,0.000105954,0.000144794,0.000135148,0.00013135,0.000157619,0.000140803,0.000115138,0.000129071,7.21E-05,0.000124834,0.000128879,0.000118888,0.00010842,6.78E-05,0.000163751,0.000162519,0.000130505,0.000143618,7.15E-05,0.000152493,0.000149339,9.75E-05,0.000136026,7.20E-05,0.000153611,0.000156715,8.35E-05,0.000142129
2422.179002,0.000115887,0.000132267,0.000102055,0.000128071,0.000145315,0.000150866,0.000134576,0.000136741,0.00014022,0.000138034,0.000131471,0.000158884,0.000107233,0.000146236,0.000136495,0.000132891,0.000159311,0.000142104,0.00011616,0.000130156,7.30E-05,0.000126033,0.000130052,0.00012021,0.000109678,6.86E-05,0.000165112,0.000163867,0.000132013,0.000145086,7.24E-05,0.000153819,0.000150636,9.87E-05,0.000137406,7.29E-05,0.000154928,0.000158071,8.46E-05,0.000143621
2424.107488,0.000117176,0.000133576,0.000103289,0.0001295,0.000146792,0.000152539,0.000135732,0.000138189,0.000141453,0.000139166,0.00013286,0.000160285,0.000108512,0.000147679,0.000137841,0.000134432,0.000161004,0.000143406,0.000117182,0.000131242,7.39E-05,0.000127232,0.000131226,0.000121532,0.000110937,6.95E-05,0.000166473,0.000165215,0.00013352,0.000146554,7.33E-05,0.000155145,0.000151932,9.99E-05,0.000138787,7.38E-05,0.000156246,0.000159426,8.56E-05,0.000145113
2426.035975,0.000118465,0.000134885,0.000104523,0.00013093,0.000148268,0.000154213,0.000136887,0.000139637,0.000142687,0.000140298,0.000134249,0.000161686,0.000109792,0.000149122,0.000139188,0.000135973,0.000162696,0.000144708,0.000118204,0.000132327,7.48E-05,0.000128431,0.0001324,0.000122853,0.000112195,7.03E-05,0.000167834,0.000166563,0.000135028,0.000148022,7.42E-05,0.000156471,0.000153228,0.000101039,0.000140167,7.47E-05,0.000157564,0.000160782,8.66E-05,0.000146606
2427.964461,0.000119754,0.000136194,0.000105757,0.000132359,0.000149745,0.000155886,0.000138043,0.000141085,0.00014392,0.000141431,0.000135638,0.000163087,0.000111071,0.000150565,0.000140535,0.000137515,0.000164388,0.00014601,0.000119226,0.000133412,7.57E-05,0.000129631,0.000133573,0.000124175,0.000113454,7.12E-05,0.000169195,0.000167912,0.000136535,0.00014949,7.51E-05,0.000157796,0.000154524,0.000102205,0.000141547,7.57E-05,0.000158881,0.000162137,8.77E-05,0.000148098
2429.892948,0.000121043,0.000137503,0.00010699,0.000133789,0.000151221,0.00015756,0.000139198,0.000142533,0.000145153,0.000142563,0.000137027,0.000164488,0.00011235,0.000152007,0.000141882,0.000139056,0.00016608,0.000147312,0.000120248,0.000134497,7.67E-05,0.00013083,0.000134747,0.000125497,0.000114712,7.20E-05,0.000170556,0.00016926,0.000138043,0.000150958,7.61E-05,0.000159122,0.00015582,0.000103371,0.000142927,7.66E-05,0.000160199,0.000163493,8.87E-05,0.00014959
2431.821434,0.000122332,0.000138811,0.000108224,0.000135219,0.000152698,0.000159233,0.000140354,0.000143981,0.000146387,0.000143695,0.000138416,0.00016589,0.00011363,0.00015345,0.000143228,0.000140597,0.000167772,0.000148614,0.000121271,0.000135583,7.76E-05,0.000132029,0.000135921,0.000126818,0.00011597,7.29E-05,0.000171916,0.000170608,0.000139551,0.000152426,7.70E-05,0.000160448,0.000157116,0.000104537,0.000144308,7.75E-05,0.000161516,0.000164848,8.97E-05,0.000151082
2433.749921,0.000123621,0.00014012,0.000109458,0.000136648,0.000154175,0.000160907,0.000141509,0.000145429,0.00014762,0.000144827,0.000139805,0.000167291,0.000114909,0.000154893,0.000144575,0.000142138,0.000169464,0.000149916,0.000122293,0.000136668,7.85E-05,0.000133228,0.000137094,0.00012814,0.000117229,7.38E-05,0.000173277,0.000171956,0.000141058,0.000153894,7.79E-05,0.000161774,0.000158412,0.000105703,0.000145688,7.84E-05,0.000162834,0.000166204,9.08E-05,0.000152575
2435.678407,0.00012491,0.000141429,0.000110692,0.000138078,0.000155651,0.00016258,0.000142665,0.000146877,0.000148853,0.00014596,0.000141194,0.000168692,0.000116188,0.000156336,0.000145922,0.000143679,0.000171157,0.000151218,0.000123315,0.000137753,7.94E-05,0.000134428,0.000138268,0.000129462,0.000118487,7.46E-05,0.000174638,0.000173305,0.000142566,0.000155362,7.88E-05,0.000163099,0.000159708,0.000106869,0.000147068,7.93E-05,0.000164152,0.000167559,9.18E-05,0.000154067
2437.606894,0.000126199,0.000142738,0.000111926,0.000139507,0.000157128,0.000164254,0.00014382,0.000148324,0.000150086,0.000147092,0.000142583,0.000170093,0.000117468,0.000157778,0.000147269,0.000145221,0.000172849,0.00015252,0.000124337,0.000138839,8.03E-05,0.000135627,0.000139442,0.000130783,0.000119746,7.55E-05,0.000175999,0.000174653,0.000144073,0.00015683,7.97E-05,0.000164425,0.000161004,0.000108035,0.000148448,8.02E-05,0.000165469,0.000168915,9.29E-05,0.000155559
2439.53538,0.000127488,0.000144047,0.00011316,0.000140937,0.000158604,0.000165927,0.000144976,0.000149772,0.00015132,0.000148224,0.000143972,0.000171494,0.000118747,0.000159221,0.000148616,0.000146762,0.000174541,0.000153822,0.000125359,0.000139924,8.12E-05,0.000136826,0.000140616,0.000132105,0.000121004,7.63E-05,0.00017736,0.000176001,0.000145581,0.000158298,8.06E-05,0.000165751,0.0001623,0.000109201,0.000149829,8.11E-05,0.000166787,0.00017027,9.39E-05,0.000157051
2441.463866,0.000128777,0.000145356,0.000114394,0.000142366,0.000160081,0.0001676,0.000146131,0.00015122,0.000152553,0.000149356,0.000145361,0.000172895,0.000120026,0.000160664,0.000149962,0.000148303,0.000176233,0.000155123,0.000126381,0.000141009,8.21E-05,0.000138025,0.000141789,0.000133426,0.000122263,7.72E-05,0.000178721,0.000177349,0.000147088,0.000159766,8.15E-05,0.000167077,0.000163596,0.000110366,0.000151209,8.20E-05,0.000168104,0.000171626,9.49E-05,0.000158543
2443.392353,0.000130066,0.000146665,0.000115628,0.000143796,0.000161557,0.000169274,0.000147287,0.000152668,0.000153786,0.000150489,0.00014675,0.000174297,0.000121305,0.000162107,0.000151309,0.000149844,0.000177925,0.000156425,0.000127403,0.000142094,8.30E-05,0.000139224,0.000142963,0.000134748,0.000123521,7.81E-05,0.000180082,0.000178698,0.000148596,0.000161234,8.24E-05,0.000168402,0.000164892,0.000111532,0.000152589,8.29E-05,0.000169422,0.000172981,9.60E-05,0.000160036
2445.320839,0.000131354,0.000147974,0.000116861,0.000145225,0.000163034,0.000170947,0.000148443,0.000154116,0.00015502,0.000151621,0.000148139,0.000175698,0.000122585,0.000163549,0.000152656,0.000151386,0.000179617,0.000157727,0.000128426,0.00014318,8.40E-05,0.000140424,0.000144137,0.00013607,0.000124779,7.89E-05,0.000181443,0.000180046,0.000150104,0.000162702,8.33E-05,0.000169728,0.000166188,0.000112698,0.000153969,8.39E-05,0.00017074,0.000174337,9.70E-05,0.000161528
2447.249326,0.000132643,0.000149283,0.000118095,0.000146655,0.00016451,0.000172621,0.000149598,0.000155564,0.000156253,0.000152753,0.000149528,0.000177099,0.000123864,0.000164992,0.000154003,0.000152927,0.00018131,0.000159029,0.000129448,0.000144265,8.49E-05,0.000141623,0.00014531,0.000137391,0.000126038,7.98E-05,0.000182803,0.000181394,0.000151611,0.00016417,8.42E-05,0.000171054,0.000167484,0.000113864,0.00015535,8.48E-05,0.000172057,0.000175692,9.80E-05,0.00016302
2449.177812,0.000133932,0.000150591,0.000119329,0.000148084,0.000165987,0.000174294,0.000150754,0.000157012,0.000157486,0.000153885,0.000150917,0.0001785,0.000125143,0.000166435,0.00015535,0.000154468,0.000183002,0.000160331,0.00013047,0.00014535,8.58E-05,0.000142822,0.000146484,0.000138713,0.000127296,8.06E-05,0.000184164,0.000182742,0.000153119,0.000165638,8.51E-05,0.00017238,0.00016878,0.00011503,0.00015673,8.57E-05,0.000173375,0.000177048,9.91E-05,0.000164512
2451.106299,0.000135221,0.0001519,0.000120563,0.000149514,0.000167463,0.000175968,0.000151909,0.00015846,0.00015872,0.000155017,0.000152306,0.000179901,0.000126423,0.000167878,0.000156696,0.000156009,0.000184694,0.000161633,0.000131492,0.000146436,8.67E-05,0.000144021,0.000147658,0.000140035,0.000128555,8.15E-05,0.000185525,0.000184091,0.000154626,0.000167106,8.60E-05,0.000173706,0.000170076,0.000116196,0.00015811,8.66E-05,0.000174692,0.000178403,0.000100108,0.000166005
2453.034785,0.00013651,0.000153209,0.000121797,0.000150943,0.00016894,0.000177641,0.000153065,0.000159907,0.000159953,0.00015615,0.000153695,0.000181303,0.000127702,0.00016932,0.000158043,0.00015755,0.000186386,0.000162935,0.000132514,0.000147521,8.76E-05,0.00014522,0.000148832,0.000141356,0.000129813,8.23E-05,0.000186886,0.000185439,0.000156134,0.000168573,8.69E-05,0.000175031,0.000171372,0.000117362,0.00015949,8.75E-05,0.00017601,0.000179759,0.000101145,0.000167497
2454.963272,0.000137799,0.000154518,0.000123031,0.000152373,0.000170416,0.000179315,0.00015422,0.000161355,0.000161186,0.000157282,0.000155084,0.000182704,0.000128981,0.000170763,0.00015939,0.000159092,0.000188078,0.000164237,0.000133536,0.000148606,8.85E-05,0.00014642,0.000150005,0.000142678,0.000131071,8.32E-05,0.000188247,0.000186787,0.000157642,0.000170041,8.78E-05,0.000176357,0.000172668,0.000118528,0.00016087,8.84E-05,0.000177328,0.000181114,0.000102181,0.000168989
2456.891758,0.000139088,0.000155827,0.000124265,0.000153802,0.000171893,0.000180988,0.000155376,0.000162803,0.00016242,0.000158414,0.000156473,0.000184105,0.000130261,0.000172206,0.000160737,0.000160633,0.00018977,0.000165539,0.000134559,0.000149691,8.94E-05,0.000147619,0.000151179,0.000144,0.00013233,8.41E-05,0.000189608,0.000188135,0.000159149,0.000171509,8.87E-05,0.000177683,0.000173964,0.000119694,0.000162251,8.93E-05,0.000178645,0.00018247,0.000103218,0.000170481
2458.820245,0.000140377,0.000157136,0.000125498,0.000155232,0.00017337,0.000182662,0.000156531,0.000164251,0.000163653,0.000159546,0.000157862,0.000185506,0.00013154,0.000173649,0.000162084,0.000162174,0.000191463,0.000166841,0.000135581,0.000150777,9.03E-05,0.000148818,0.000152353,0.000145321,0.000133588,8.49E-05,0.000190969,0.000189484,0.000160657,0.000172977,8.96E-05,0.000179009,0.00017526,0.00012086,0.000163631,9.02E-05,0.000179963,0.000183825,0.000104254,0.000171973
2460.748731,0.000141666,0.000158445,0.000126732,0.000156661,0.000174846,0.000184335,0.000157687,0.000165699,0.000164886,0.000160679,0.000159251,0.000186907,0.000132819,0.000175091,0.00016343,0.000163715,0.000193155,0.000168143,0.000136603,0.000151862,9.13E-05,0.000150017,0.000153526,0.000146643,0.000134847,8.58E-05,0.000192329,0.000190832,0.000162164,0.000174445,9.05E-05,0.000180334,0.000176556,0.000122026,0.000165011,9.11E-05,0.000181281,0.000185181,0.000105291,0.000173466
2462.677218,0.000142955,0.000159754,0.000127966,0.000158091,0.000176323,0.000186008,0.000158843,0.000167147,0.00016612,0.000161811,0.00016064,0.000188309,0.000134099,0.000176534,0.000164777,0.000165256,0.000194847,0.000169444,0.000137625,0.000152947,9.22E-05,0.000151217,0.0001547,0.000147964,0.000136105,8.66E-05,0.00019369,0.00019218,0.000163672,0.000175913,9.14E-05,0.00018166,0.000177852,0.000123192,0.000166391,9.21E-05,0.000182598,0.000186536,0.000106327,0.000174958
2464.605704,0.000144244,0.000161062,0.0001292,0.00015952,0.000177799,0.000187682,0.000159998,0.000168595,0.000167353,0.000162943,0.000162029,0.00018971,0.000135378,0.000177977,0.000166124,0.000166798,0.000196539,0.000170746,0.000138647,0.000154033,9.31E-05,0.000152416,0.000155874,0.000149286,0.000137363,8.75E-05,0.000195051,0.000193528,0.00016518,0.000177381,9.24E-05,0.000182986,0.000179148,0.000124358,0.000167772,9.30E-05,0.000183916,0.000187892,0.000107364,0.00017645
2466.534191,0.000145533,0.000162371,0.000130434,0.00016095,0.000179276,0.000189355,0.000161154,0.000170043,0.000168586,0.000164075,0.000163418,0.000191111,0.000136657,0.00017942,0.000167471,0.000168339,0.000198231,0.000172048,0.000139669,0.000155118,9.40E-05,0.000153615,0.000157048,0.000150608,0.000138622,8.83E-05,0.000196412,0.000194877,0.000166687,0.000178849,9.33E-05,0.000184312,0.000180444,0.000125524,0.000169152,9.39E-05,0.000185233,0.000189247,0.0001084,0.000177942
2468.462677,0.000146822,0.00016368,0.000131668,0.000162379,0.000180752,0.000191029,0.000162309,0.000171491,0.00016982,0.000165208,0.000164807,0.000192512,0.000137937,0.000180862,0.000168817,0.00016988,0.000199924,0.00017335,0.000140691,0.000156203,9.49E-05,0.000154814,0.000158221,0.000151929,0.00013988,8.92E-05,0.000197773,0.000196225,0.000168195,0.000180317,9.42E-05,0.000185638,0.00018174,0.00012669,0.000170532,9.48E-05,0.000186551,0.000190603,0.000109437,0.000179435
2470.391163,0.00014811,0.000164989,0.000132902,0.000163809,0.000182229,0.000192702,0.000163465,0.000172938,0.000171053,0.00016634,0.000166196,0.000193913,0.000139216,0.000182305,0.000170164,0.000171421,0.000201616,0.000174652,0.000141714,0.000157288,9.58E-05,0.000156013,0.000159395,0.000153251,0.000141139,9.01E-05,0.000199134,0.000197573,0.000169702,0.000181785,9.51E-05,0.000186963,0.000183036,0.000127856,0.000171912,9.57E-05,0.000187869,0.000191958,0.000110473,0.000180927
2472.31965,0.000149399,0.000166298,0.000134136,0.000165238,0.000183705,0.000194376,0.00016462,0.000174386,0.000172286,0.000167472,0.000167585,0.000195315,0.000140495,0.000183748,0.000171511,0.000172963,0.000203308,0.000175954,0.000142736,0.000158374,9.67E-05,0.000157213,0.000160569,0.000154573,0.000142397,9.09E-05,0.000200495,0.000198921,0.00017121,0.000183253,9.60E-05,0.000188289,0.000184332,0.000129022,0.000173293,9.66E-05,0.000189186,0.000193314,0.00011151,0.000182419
2474.248136,0.000150688,0.000167607,0.000135369,0.000166668,0.000185182,0.000196049,0.000165776,0.000175834,0.00017352,0.000168604,0.000168974,0.000196716,0.000141775,0.000185191,0.000172858,0.000174504,0.000205,0.000177256,0.000143758,0.000159459,9.76E-05,0.000158412,0.000161742,0.000155894,0.000143656,9.18E-05,0.000201856,0.00020027,0.000172717,0.000184721,9.69E-05,0.000189615,0.000185628,0.000130188,0.000174673,9.75E-05,0.000190504,0.000194669,0.000112546,0.000183911
2476.176623,0.000151977,0.000168916,0.000136603,0.000168097,0.000186658,0.000197723,0.000166931,0.000177282,0.000174753,0.000169736,0.000170363,0.000198117,0.000143054,0.000186633,0.000174205,0.000176045,0.000206692,0.000178558,0.00014478,0.000160544,9.86E-05,0.000159611,0.000162916,0.000157216,0.000144914,9.26E-05,0.000203216,0.000201618,0.000174225,0.000186189,9.78E-05,0.000190941,0.000186924,0.000131354,0.000176053,9.84E-05,0.000191821,0.000196025,0.000113583,0.000185403
2478.105109,0.000153885,0.00017088,0.000138661,0.000170223,0.000188846,0.000200239,0.000168592,0.000179376,0.000176547,0.000171446,0.000172562,0.000200067,0.000144981,0.00018872,0.00017613,0.000178496,0.000208944,0.000180439,0.000146331,0.000162235,0.000100282,0.000161476,0.000164709,0.000159209,0.000146856,9.43E-05,0.000205123,0.00020342,0.000176506,0.000188264,9.94E-05,0.000192765,0.000188757,0.000133354,0.000178051,0.000100149,0.000193705,0.000197971,0.000115334,0.000187644
2480.033596,0.000155829,0.000172875,0.00014075,0.000172502,0.000190995,0.000202795,0.000170252,0.000181507,0.000178356,0.000173138,0.000174798,0.000201965,0.000147036,0.000190829,0.00017812,0.000180907,0.000211269,0.000182346,0.000147948,0.000163929,0.00010203,0.000163345,0.000166482,0.000161225,0.000148861,9.59E-05,0.00020703,0.000205293,0.000178726,0.000190369,0.000101141,0.000194621,0.000190666,0.000135395,0.000179992,0.000101898,0.000195558,0.000199892,0.000117081,0.000189885
2481.962082,0.000157734,0.000174762,0.000142642,0.000174672,0.000193113,0.000205234,0.000171914,0.000183576,0.000180144,0.000174778,0.000176907,0.000203806,0.000149156,0.000192887,0.000180099,0.000183147,0.000213552,0.000184188,0.00014949,0.000165591,0.000103681,0.000165105,0.000168185,0.000163095,0.000150843,9.76E-05,0.000208877,0.000207181,0.000180941,0.00019245,0.00010285,0.000196495,0.000192542,0.000137311,0.000182028,0.000103641,0.000197284,0.00020167,0.00011877,0.000191939
2483.890569,0.000159742,0.00017667,0.000144609,0.00017674,0.000195191,0.000207528,0.000173585,0.000185657,0.000181925,0.000176421,0.000179009,0.000205676,0.000151233,0.000194939,0.000182074,0.000185389,0.000215799,0.000186058,0.000151031,0.000167263,0.000105352,0.000166921,0.000169964,0.000164928,0.000152795,9.93E-05,0.000210713,0.000208993,0.000183082,0.000194508,0.000104558,0.000198439,0.000194359,0.00013923,0.000184071,0.000105357,0.000199043,0.000203475,0.000120557,0.00019399
2485.819055,0.000161824,0.000178621,0.000146673,0.000178878,0.000197289,0.000209849,0.000175347,0.000187692,0.000183765,0.000178178,0.000181017,0.000207567,0.000153247,0.000197048,0.000184034,0.000187748,0.000218044,0.000187928,0.000152679,0.000168925,0.000107144,0.000168778,0.00017177,0.000166865,0.000154771,0.000100883,0.000212599,0.000210855,0.000185268,0.000196608,0.000106284,0.000200379,0.000196223,0.000141201,0.000186101,0.000107067,0.000200843,0.000205405,0.000122363,0.000196175
2487.747542,0.000163788,0.000180567,0.000148663,0.000181042,0.00019942,0.00021222,0.000177133,0.000189688,0.00018567,0.000179893,0.000183024,0.000209484,0.00015521,0.000199106,0.000186016,0.00019,0.000220298,0.000189816,0.000154304,0.000170536,0.000108813,0.000170622,0.000173588,0.000168838,0.000156767,0.000102466,0.000214451,0.000212793,0.000187541,0.000198747,0.000107917,0.000202344,0.000198062,0.000143186,0.000188135,0.000108783,0.000202711,0.000207371,0.00012409,0.000198388
2489.676028,0.000165559,0.000182404,0.000150499,0.000183052,0.000201424,0.000214442,0.000178752,0.00019162,0.000187394,0.000181459,0.000184975,0.000211338,0.000157053,0.000201039,0.000187901,0.000192097,0.000222413,0.000191594,0.000155764,0.000172055,0.000110273,0.000172369,0.00017526,0.000170744,0.000158582,0.000103902,0.000216179,0.000214535,0.000189582,0.000200754,0.000109423,0.000204183,0.000199802,0.000145056,0.00019005,0.00011035,0.000204473,0.000209118,0.000125677,0.000200332
2491.604515,0.000167416,0.000184233,0.000152352,0.000185086,0.000203416,0.000216832,0.00018039,0.000193594,0.000189102,0.000183068,0.000186913,0.000213154,0.000158983,0.000203042,0.000189744,0.000194305,0.000224533,0.000193375,0.000157252,0.000173688,0.000111809,0.000174163,0.000176915,0.000172639,0.000160392,0.000105427,0.00021801,0.000216271,0.000191638,0.00020277,0.000111016,0.000206009,0.000201585,0.00014695,0.000191967,0.000111975,0.000206218,0.000210875,0.000127316,0.000202324
2493.533001,0.00016941,0.000186147,0.000154306,0.000187232,0.000205479,0.000219273,0.000182088,0.000195675,0.000190912,0.000184786,0.000188974,0.000215013,0.000161023,0.000205106,0.000191696,0.000196458,0.000226755,0.000195232,0.000158852,0.000175375,0.000113416,0.000175956,0.000178663,0.00017458,0.000162354,0.000107042,0.000219835,0.000218118,0.000193802,0.000204882,0.000112647,0.000207839,0.000203335,0.00014894,0.000193972,0.00011372,0.000208005,0.000212714,0.000129053,0.000204486
2495.461488,0.000171388,0.000188013,0.000156219,0.000189269,0.000207516,0.000221553,0.000183738,0.000197694,0.000192716,0.000186465,0.00019099,0.0002169,0.000162976,0.000207124,0.000193649,0.000198574,0.000228972,0.000197037,0.000160492,0.000176969,0.000114891,0.00017772,0.000180375,0.000176525,0.000164267,0.000108606,0.00022161,0.000219983,0.00019596,0.00020692,0.000114245,0.00020957,0.000205076,0.000150875,0.000196016,0.000115392,0.000209783,0.000214545,0.000130749,0.000206534
2497.389974,0.000173308,0.000189845,0.000158032,0.000191242,0.000209532,0.000223857,0.000185309,0.000199636,0.000194483,0.000188065,0.000192883,0.000218769,0.000164832,0.000209089,0.000195593,0.000200644,0.000231077,0.000198782,0.000162091,0.000178545,0.000116322,0.000179491,0.000182042,0.000178395,0.000166102,0.000110118,0.00022342,0.000221715,0.000198088,0.000208834,0.000115726,0.000211432,0.00020691,0.000152694,0.000198021,0.000116987,0.000211572,0.000216311,0.000132401,0.000208516
2499.31846,0.000175132,0.000191699,0.000159824,0.00019327,0.000211551,0.000226153,0.000186924,0.000201558,0.00019622,0.000189726,0.000194793,0.000220621,0.000166703,0.000211041,0.000197485,0.000202714,0.000233111,0.000200505,0.000163608,0.000180158,0.0001178,0.000181201,0.00018368,0.000180233,0.000167941,0.000111595,0.000225249,0.000223471,0.0002001,0.000210755,0.00011713,0.000213287,0.000208806,0.000154516,0.000199953,0.000118552,0.000213355,0.000218046,0.000134034,0.000210534
2501.246947,0.000177032,0.000193512,0.000161725,0.000195323,0.000213579,0.000228386,0.000188605,0.000203481,0.00019797,0.000191347,0.000196861,0.000222451,0.000168599,0.000213034,0.000199317,0.000204867,0.000235264,0.000202268,0.000165137,0.000181835,0.0001193,0.000182988,0.000185366,0.000182126,0.000169814,0.000113039,0.000227148,0.000225379,0.000202147,0.000212762,0.000118699,0.000215071,0.00021056,0.000156417,0.000201832,0.00012014,0.000215207,0.000219855,0.000135602,0.000212579
2503.175433,0.000178908,0.000195209,0.000163509,0.000197211,0.0002155,0.000230416,0.000190196,0.000205315,0.000199584,0.000192868,0.000198862,0.000224232,0.000170395,0.000214929,0.000201115,0.000206838,0.000237395,0.000203956,0.000166626,0.000183367,0.000120715,0.000184666,0.000186984,0.000183938,0.000171634,0.000114443,0.000228869,0.000227148,0.000204151,0.000214716,0.000120177,0.000216684,0.000212117,0.000158193,0.000203668,0.000121612,0.000216922,0.000221521,0.000137049,0.000214462
2505.10392,0.000180668,0.000196946,0.000165163,0.000199071,0.000217325,0.000232511,0.000191786,0.000207101,0.000201208,0.000194401,0.000200667,0.000225983,0.000172137,0.000216768,0.000202891,0.000208839,0.000239401,0.000205647,0.000168108,0.000184787,0.000122091,0.0001862,0.000188522,0.000185674,0.000173375,0.000115801,0.000230498,0.000228907,0.000206074,0.000216566,0.000121473,0.000218297,0.000213803,0.000159888,0.000205507,0.000123059,0.000218589,0.00022318,0.000138561,0.00021632
2507.032406,0.000182439,0.00019873,0.00016684,0.00020111,0.000219161,0.000234761,0.000193421,0.000208974,0.000202902,0.000195932,0.000202396,0.000227736,0.000173839,0.000218664,0.000204671,0.000210931,0.000241433,0.00020738,0.000169614,0.000186266,0.000123483,0.000187828,0.000190136,0.00018749,0.00017512,0.000117215,0.000232232,0.000230668,0.000208109,0.000218446,0.00012282,0.00022004,0.000215534,0.000161611,0.000207302,0.00012454,0.000220314,0.000224942,0.000140093,0.000218328
2508.960893,0.00018434,0.000200439,0.000168534,0.000203147,0.000221074,0.000236926,0.000195058,0.000210897,0.000204608,0.000197455,0.000204215,0.00022958,0.000175614,0.00022059,0.000206448,0.000213066,0.000243559,0.000209093,0.000171095,0.000187817,0.00012475,0.000189603,0.000191805,0.00018939,0.000176905,0.000118715,0.000233993,0.000232386,0.000210253,0.000220426,0.000124195,0.000221749,0.000217214,0.000163378,0.000209149,0.000125997,0.000222069,0.000226698,0.000141582,0.000220408
2510.889379,0.000186203,0.000202135,0.000170202,0.000204982,0.000222923,0.000239024,0.000196616,0.000212774,0.000206267,0.000198933,0.000206074,0.000231395,0.00017734,0.000222476,0.000208273,0.000215081,0.000245552,0.00021073,0.000172543,0.000189335,0.000125969,0.000191285,0.000193387,0.000191204,0.000178632,0.000120039,0.000235684,0.000234084,0.000212256,0.000222369,0.000125503,0.000223446,0.00021883,0.000165121,0.000211019,0.000127415,0.000223784,0.000228321,0.000143024,0.000222388
2512.817866,0.000187898,0.000203852,0.000171876,0.000206755,0.000224707,0.000241128,0.000198181,0.000214639,0.00020788,0.000200458,0.000207844,0.000233125,0.000178944,0.000224298,0.000210076,0.000216949,0.000247409,0.00021235,0.000174041,0.000190798,0.000127233,0.000192801,0.000194921,0.000192911,0.000180368,0.000121243,0.000237386,0.000235788,0.000214142,0.000224249,0.000126723,0.000225057,0.000220442,0.000166797,0.000212816,0.000128774,0.000225404,0.000229884,0.000144408,0.000224257
2514.746352,0.000189687,0.000205631,0.000173564,0.000208613,0.000226621,0.00024328,0.00019982,0.000216472,0.000209595,0.000201981,0.000209659,0.000234911,0.000180655,0.00022606,0.00021182,0.000218968,0.000249415,0.000214097,0.000175585,0.000192318,0.000128471,0.00019443,0.000196529,0.000194643,0.000182127,0.000122513,0.000239104,0.000237575,0.000216097,0.000226114,0.000127942,0.000226719,0.000222147,0.000168552,0.000214656,0.000130143,0.000227125,0.000231598,0.000145845,0.000226169
2516.674839,0.000191473,0.000207364,0.000175077,0.000210417,0.000228506,0.000245309,0.000201383,0.000218233,0.000211241,0.000203455,0.000211433,0.000236647,0.000182337,0.000227764,0.00021352,0.000220851,0.000251424,0.000215755,0.000177014,0.000193793,0.000129693,0.000196047,0.000198103,0.000196415,0.000183795,0.000123734,0.000240725,0.000239233,0.000218076,0.00022794,0.000129128,0.000228352,0.000223744,0.000170272,0.000216465,0.000131455,0.000228774,0.000233253,0.00014729,0.000228059
2518.603325,0.000193163,0.000208958,0.000176569,0.000212245,0.000230258,0.000247275,0.000202859,0.000220031,0.000212779,0.000204956,0.000213101,0.000238279,0.000183929,0.000229524,0.000215186,0.00022269,0.000253275,0.000217308,0.000178349,0.000195194,0.000130797,0.000197586,0.000199587,0.000198181,0.000185448,0.000124832,0.000242402,0.000240813,0.000220024,0.000229685,0.000130237,0.000229925,0.000225315,0.00017188,0.000218163,0.000132719,0.000230366,0.000234842,0.000148711,0.000229911
2520.531812,0.000194806,0.000210548,0.000178046,0.000214072,0.000231939,0.000249201,0.000204298,0.000221755,0.000214335,0.000206386,0.000214798,0.000239921,0.000185442,0.000231237,0.000216903,0.000224644,0.000255107,0.000218863,0.000179664,0.000196556,0.000131815,0.00019912,0.000201084,0.000199822,0.000187057,0.00012593,0.000244034,0.000242433,0.000221863,0.000231406,0.00013131,0.000231526,0.000226876,0.000173451,0.000219842,0.000133915,0.000231946,0.000236354,0.000150038,0.000231782
2522.460298,0.000196438,0.000212175,0.000179466,0.000215801,0.000233589,0.00025115,0.00020581,0.000223418,0.000215902,0.000207825,0.000216523,0.000241609,0.000186924,0.000232879,0.000218589,0.000226455,0.000257001,0.000220417,0.000181075,0.00019801,0.000132877,0.000200639,0.00020258,0.000201403,0.000188643,0.000127083,0.000245589,0.000244062,0.000223672,0.000233177,0.000132314,0.000233096,0.000228402,0.000174934,0.000221533,0.000135066,0.000233472,0.00023776,0.000151288,0.000233647
2524.388785,0.00019811,0.000213821,0.000180949,0.000217555,0.000235249,0.000253145,0.000207357,0.000225168,0.000217411,0.000209326,0.000218183,0.000243271,0.000188438,0.00023457,0.000220207,0.00022808,0.000258838,0.000221926,0.000182476,0.000199485,0.000133941,0.000202153,0.000203993,0.000203046,0.000190216,0.000128249,0.000247176,0.000245683,0.000225504,0.000234848,0.000133367,0.000234663,0.000229978,0.000176422,0.000223186,0.000136219,0.000235042,0.00023923,0.000152506,0.000235409
2526.317271,0.000199799,0.000215488,0.000182378,0.000219308,0.000237009,0.000254945,0.000208934,0.000226923,0.000218984,0.000210848,0.000219846,0.000244977,0.000189943,0.000236204,0.000221855,0.000229857,0.000260613,0.000223453,0.000183821,0.000200865,0.00013505,0.000203702,0.000205491,0.000204724,0.000191838,0.000129447,0.000248829,0.0002473,0.000227384,0.000236507,0.000134506,0.000236227,0.000231559,0.000178085,0.000224874,0.000137443,0.000236593,0.000240824,0.000153738,0.000237184
2528.245757,0.000201494,0.000217106,0.000183713,0.000220939,0.000238753,0.000256744,0.000210507,0.00022856,0.000220563,0.000212292,0.000221525,0.000246665,0.000191393,0.000237734,0.000223444,0.000231861,0.000262359,0.000225031,0.000185244,0.000202264,0.00013613,0.000205231,0.000207009,0.000206349,0.000193492,0.000130566,0.000250497,0.000248848,0.000229206,0.000238196,0.000135553,0.000237856,0.000233061,0.000179715,0.00022654,0.000138691,0.000238145,0.000242394,0.00015501,0.000238964
2530.174244,0.000203071,0.000218633,0.00018508,0.000222505,0.000240355,0.000258606,0.000211971,0.000230088,0.000222039,0.000213712,0.000223173,0.000248242,0.000192841,0.00023931,0.00022499,0.000233626,0.000264072,0.000226513,0.000186647,0.000203617,0.000137176,0.000206642,0.000208392,0.00020791,0.000195037,0.000131684,0.000252039,0.000250325,0.000230927,0.000239829,0.000136612,0.000239435,0.000234541,0.00018122,0.000228196,0.000139784,0.000239631,0.000243821,0.00015627,0.000240666
2532.10273,0.000204648,0.00022013,0.000186522,0.000224144,0.000242003,0.000260408,0.000213467,0.000231644,0.000223618,0.000215226,0.000224812,0.000249895,0.000194371,0.000240962,0.000226669,0.000235338,0.000265891,0.000228052,0.000188068,0.000205043,0.000138266,0.000208141,0.000209857,0.00020951,0.000196589,0.00013287,0.000253632,0.000251932,0.00023266,0.000241479,0.000137696,0.000240986,0.000236137,0.00018276,0.000229839,0.000140952,0.000241144,0.000245326,0.000157535,0.000242441
2534.031217,0.000206306,0.000221701,0.000187909,0.000225712,0.000243661,0.00026213,0.000214998,0.000233169,0.000225182,0.000216744,0.000226428,0.000251584,0.000195807,0.000242548,0.000228351,0.000237219,0.000267661,0.000229599,0.000189532,0.000206493,0.000139315,0.000209742,0.00021139,0.000211083,0.000198154,0.000133967,0.0002553,0.000253645,0.000234243,0.000243094,0.000138723,0.000242579,0.000237737,0.000184219,0.000231345,0.000142176,0.000242687,0.000246899,0.000158768,0.000244204
2535.959703,0.000208022,0.000223331,0.000189295,0.000227215,0.000245292,0.000263839,0.000216556,0.000234695,0.000226702,0.000218261,0.000228078,0.000253227,0.000197218,0.000244155,0.000229972,0.000239024,0.000269284,0.000231083,0.000191024,0.000207908,0.000140351,0.000211323,0.000212871,0.000212676,0.000199685,0.000135032,0.000257009,0.000255321,0.000235821,0.000244676,0.000139785,0.000244179,0.000239338,0.000185623,0.000232933,0.00014335,0.000244197,0.000248522,0.000160067,0.000245934
2537.88819,0.000209695,0.000224911,0.000190641,0.00022877,0.000246963,0.000265547,0.000218109,0.000236275,0.000228233,0.000219709,0.000229713,0.000254822,0.000198664,0.000245782,0.000231592,0.000240718,0.000270973,0.000232624,0.000192507,0.000209381,0.000141433,0.000212815,0.000214329,0.000214226,0.000201183,0.000136129,0.000258703,0.000256905,0.000237449,0.000246276,0.000140799,0.000245738,0.000240911,0.000187075,0.000234512,0.000144547,0.000245738,0.000250146,0.000161381,0.000247685
2539.816676,0.000211214,0.000226472,0.00019194,0.000230401,0.000248726,0.000267265,0.000219655,0.000237868,0.000229752,0.000221214,0.000231328,0.000256409,0.000200052,0.000247389,0.000233201,0.000242406,0.000272697,0.000234194,0.000193956,0.000210872,0.000142569,0.000214328,0.000215852,0.000215632,0.000202719,0.000137231,0.000260325,0.000258507,0.000239112,0.000247907,0.000141831,0.000247278,0.000242469,0.000188582,0.00023599,0.000145726,0.000247268,0.000251675,0.000162637,0.000249403
2541.745163,0.000212809,0.00022809,0.00019332,0.000232118,0.000250465,0.000269093,0.000221267,0.000239463,0.00023132,0.00022285,0.000232951,0.000258047,0.000201479,0.000249036,0.000234835,0.000244066,0.000274346,0.000235762,0.000195423,0.000212411,0.000143668,0.000215919,0.000217415,0.000217154,0.000204273,0.000138328,0.000261964,0.00026018,0.000240877,0.000249502,0.000142941,0.000248917,0.000244049,0.000190086,0.000237575,0.000146903,0.00024889,0.00025321,0.000163896,0.00025103
2543.673649,0.000214415,0.000229727,0.000194719,0.000233777,0.000252098,0.000270862,0.000222874,0.000240986,0.000232905,0.000224444,0.000234605,0.000259688,0.000202913,0.000250674,0.000236389,0.00024569,0.000275976,0.000237311,0.000196846,0.000213853,0.000144695,0.000217448,0.000218925,0.00021873,0.000205821,0.000139412,0.000263595,0.000261844,0.000242561,0.000251097,0.000143989,0.000250497,0.000245626,0.000191537,0.000239279,0.000148004,0.000250494,0.000254718,0.000165123,0.000252659
2545.602136,0.000215947,0.000231284,0.000196067,0.000235421,0.000253781,0.000272506,0.000224509,0.000242528,0.000234508,0.000226012,0.000236271,0.000261325,0.000204281,0.000252357,0.000237935,0.000247447,0.000277607,0.00023885,0.000198307,0.000215329,0.000145785,0.000219057,0.000220429,0.000220289,0.000207442,0.000140467,0.00026524,0.000263431,0.000244217,0.000252714,0.000145035,0.000252045,0.000247298,0.000193019,0.000241028,0.000149131,0.000252011,0.00025627,0.000166348,0.000254322
2547.530622,0.000217484,0.000232847,0.000197313,0.000237018,0.000255486,0.000274174,0.000226121,0.000244139,0.000236085,0.000227522,0.000237861,0.000262912,0.00020563,0.000254039,0.000239538,0.000249212,0.000279314,0.000240346,0.000199839,0.000216903,0.000146923,0.000220654,0.000221988,0.000221922,0.000209024,0.000141468,0.000266883,0.000265033,0.000245859,0.000254293,0.000146098,0.000253613,0.000248907,0.000194433,0.000242676,0.000150299,0.000253595,0.000257863,0.000167593,0.000256048
2549.459109,0.000218828,0.000234396,0.000198447,0.000238501,0.000257137,0.000275814,0.00022762,0.000245736,0.000237571,0.000228953,0.000239378,0.000264434,0.000206957,0.000255604,0.000241056,0.000250832,0.000281091,0.000241779,0.000201291,0.000218381,0.00014785,0.000222128,0.000223512,0.000223439,0.000210549,0.000142381,0.000268524,0.00026671,0.000247407,0.000255894,0.000147086,0.000255073,0.000250418,0.000195743,0.000244209,0.000151315,0.000255151,0.00025941,0.000168802,0.000257801
2551.387595,0.000220096,0.000235852,0.0001995,0.000240033,0.000258701,0.000277293,0.000229164,0.000247269,0.000239019,0.000230437,0.000240867,0.000265934,0.000208194,0.000257125,0.000242646,0.000252327,0.00028268,0.000243214,0.000202745,0.000219888,0.000148706,0.000223638,0.000224943,0.000224886,0.000212073,0.000143344,0.000270129,0.000268324,0.000248966,0.000257484,0.00014806,0.000256616,0.000251924,0.000197102,0.000245696,0.000152323,0.000256635,0.000260922,0.000169945,0.000259397
2553.316082,0.000221603,0.000237449,0.00020071,0.000241668,0.000260396,0.000279014,0.000230841,0.000248821,0.000240628,0.000232076,0.000242475,0.000267551,0.000209516,0.000258826,0.000244335,0.000253911,0.000284213,0.00024478,0.00020434,0.000221427,0.000149876,0.000225282,0.000226524,0.000226449,0.000213669,0.000144478,0.000271812,0.000270031,0.000250712,0.000259115,0.000149115,0.00025833,0.000253514,0.000198627,0.000247296,0.000153466,0.000258169,0.000262493,0.000171182,0.000261155
2555.244568,0.000223186,0.00023911,0.000202009,0.000243319,0.000262251,0.000281026,0.00023252,0.000250372,0.000242266,0.000233719,0.000244058,0.000269229,0.000210926,0.000260559,0.000245897,0.0002556,0.0002859,0.000246399,0.000205909,0.000222967,0.000151097,0.000226982,0.00022823,0.000228073,0.000215279,0.000145598,0.000273578,0.000271823,0.000252412,0.000260778,0.000150163,0.000259946,0.000255181,0.000200201,0.000249009,0.000154621,0.000259735,0.000264143,0.000172462,0.000262956
2557.173054,0.000224526,0.000240629,0.000203194,0.000244897,0.000264022,0.000282781,0.000234129,0.000251824,0.000243756,0.000235234,0.000245518,0.000270758,0.000212243,0.000262113,0.000247429,0.000257093,0.000287589,0.000247896,0.000207372,0.000224488,0.000152122,0.000228562,0.000229801,0.000229639,0.000216783,0.000146556,0.000275252,0.000273473,0.000253951,0.000262349,0.00015114,0.000261463,0.000256782,0.000201651,0.000250628,0.000155727,0.000261295,0.000265758,0.000173654,0.000264634
2559.101541,0.000225784,0.000242124,0.000204441,0.000246515,0.000265714,0.000284402,0.000235734,0.000253379,0.000245235,0.00023676,0.000247017,0.000272283,0.000213599,0.000263736,0.000249077,0.000258655,0.000289225,0.000249358,0.000208882,0.000226051,0.000153196,0.000230135,0.000231284,0.000231167,0.000218295,0.000147487,0.000276938,0.000275056,0.0002556,0.000263907,0.000152158,0.000263042,0.000258377,0.000203063,0.000252244,0.00015686,0.000262854,0.00026738,0.000174874,0.000266383
2561.030027,0.000227228,0.000243733,0.000205755,0.000248209,0.000267354,0.000286069,0.000237435,0.000254968,0.000246792,0.000238413,0.000248587,0.000273941,0.000215031,0.000265465,0.000250741,0.000260403,0.000290846,0.000250926,0.000210445,0.000227718,0.00015446,0.000231823,0.000232829,0.000232734,0.000219883,0.000148577,0.000278592,0.00027676,0.000257255,0.000265545,0.000153285,0.000264655,0.000260026,0.000204542,0.000253918,0.000158044,0.00026437,0.000269002,0.000176122,0.00026808
2562.958514,0.000228617,0.000245335,0.000207006,0.000249805,0.000269042,0.000287767,0.000239127,0.000256413,0.000248365,0.000240002,0.000250032,0.000275556,0.000216357,0.000267134,0.000252308,0.000262036,0.00029247,0.000252512,0.000211928,0.000229306,0.000155637,0.000233461,0.000234438,0.000234303,0.000221466,0.000149609,0.000280268,0.000278518,0.000258932,0.000267148,0.000154394,0.000266213,0.000261697,0.000206012,0.000255524,0.000159184,0.000265854,0.000270594,0.000177379,0.000269755
2564.887,0.00022993,0.000246852,0.000208166,0.000251426,0.000270724,0.000289434,0.000240681,0.00025793,0.000249836,0.000241437,0.000251279,0.000277092,0.00021761,0.000268705,0.000253875,0.000263556,0.000294081,0.000254029,0.00021345,0.000230882,0.00015666,0.000234944,0.000236062,0.000235836,0.000223001,0.000150549,0.000281956,0.000280123,0.0002606,0.000268684,0.00015541,0.000267673,0.000263266,0.000207434,0.000257161,0.000160233,0.00026734,0.000272186,0.000178602,0.000271399
2566.815487,0.000231284,0.000248429,0.000209314,0.000253111,0.00027239,0.000291006,0.000242162,0.000259565,0.000251304,0.000242911,0.000252683,0.000278619,0.000218897,0.000270297,0.000255482,0.000265019,0.000295608,0.000255517,0.000215026,0.000232465,0.000157736,0.000236439,0.000237668,0.000237338,0.000224523,0.000151504,0.000283551,0.000281689,0.000262171,0.000270248,0.000156398,0.000269226,0.000264752,0.000208863,0.000258839,0.000161238,0.00026888,0.000273712,0.000179728,0.000273042
2568.743973,0.000232609,0.000250012,0.000210484,0.000254754,0.000274196,0.000292695,0.000243764,0.00026119,0.000252851,0.000244448,0.000254246,0.000280178,0.000220224,0.00027201,0.000257036,0.000266517,0.000297192,0.000256972,0.000216475,0.000234011,0.000158908,0.00023808,0.000239275,0.000238957,0.000226048,0.000152448,0.000285249,0.000283332,0.000263828,0.000271874,0.000157492,0.000270861,0.000266327,0.000210313,0.00026046,0.000162352,0.000270429,0.000275243,0.00018091,0.000274736
2570.67246,0.000233912,0.000251651,0.00021171,0.000256407,0.000276016,0.000294405,0.000245535,0.000262797,0.000254478,0.000246039,0.000255776,0.00028179,0.000221574,0.000273786,0.000258604,0.000268028,0.000298916,0.000258458,0.000217981,0.000235588,0.000160157,0.000239769,0.000240957,0.000240589,0.0002276,0.000153441,0.00028697,0.000285072,0.000265509,0.000273517,0.000158654,0.000272524,0.000267965,0.000211771,0.00026213,0.000163523,0.00027195,0.000276913,0.00018219,0.000276464
2572.600946,0.000235127,0.000253275,0.000212844,0.000257949,0.000277662,0.000295977,0.000247103,0.000264327,0.000256016,0.000247602,0.000257149,0.000283269,0.000222784,0.000275481,0.00026016,0.000269451,0.000300453,0.000259921,0.000219529,0.000237083,0.000161263,0.000241334,0.00024252,0.000242056,0.000229132,0.000154366,0.000288586,0.000286776,0.000267088,0.000275015,0.000159641,0.000274144,0.00026952,0.000213112,0.000263721,0.000164549,0.000273399,0.000278559,0.000183364,0.000278069
2574.529433,0.000236484,0.000254791,0.000213981,0.00025958,0.00027929,0.00029766,0.000248591,0.000265826,0.00025755,0.000249165,0.000258437,0.000284816,0.000224014,0.000277137,0.000261775,0.00027107,0.000301957,0.000261453,0.000221015,0.000238604,0.000162346,0.000242933,0.000244041,0.000243617,0.000230734,0.000155393,0.000290256,0.000288494,0.000268724,0.000276607,0.000160673,0.000275654,0.000271108,0.000214514,0.000265344,0.000165691,0.000274866,0.000280124,0.000184582,0.000279722
2576.457919,0.000237929,0.000256397,0.0002153,0.000261386,0.000281056,0.000299491,0.000250281,0.000267408,0.000259199,0.000250747,0.000259799,0.00028655,0.000225409,0.000278866,0.000263492,0.000272794,0.000303705,0.000263047,0.000222457,0.00024022,0.000163523,0.000244653,0.000245686,0.000245249,0.000232391,0.000156452,0.000291955,0.000290258,0.000270453,0.000278294,0.000161811,0.00027725,0.000272831,0.000216083,0.000267055,0.000166922,0.000276494,0.000281657,0.000185857,0.000281609
2578.386406,0.000239316,0.000258096,0.000216523,0.000263041,0.000282854,0.000301234,0.000251967,0.000269106,0.000260754,0.000252325,0.000261179,0.00028819,0.00022683,0.000280543,0.000265104,0.000274336,0.000305444,0.000264593,0.00022391,0.000241863,0.000164759,0.00024634,0.000247354,0.000246841,0.000233988,0.0001575,0.000293533,0.000291947,0.000272137,0.000279931,0.000162894,0.000278865,0.000274498,0.000217547,0.000268686,0.000168068,0.000278082,0.000283213,0.000187059,0.00028345
2580.314892,0.000240778,0.000259842,0.000217788,0.000264707,0.000284712,0.000302996,0.000253604,0.00027089,0.000262384,0.000254029,0.000262767,0.000289835,0.00022834,0.000282295,0.000266754,0.000276002,0.00030719,0.000266216,0.00022549,0.000243568,0.000166018,0.000248108,0.000249115,0.000248461,0.000235664,0.000158736,0.000295138,0.000293727,0.000273899,0.000281685,0.00016405,0.000280556,0.000276147,0.000219059,0.000270435,0.000169317,0.000279639,0.00028488,0.000188357,0.000285283
2582.243379,0.000242199,0.000261517,0.000219125,0.000266515,0.000286589,0.000304844,0.000255245,0.000272581,0.000264042,0.00025567,0.000264409,0.000291501,0.00022981,0.000284088,0.00026848,0.000277763,0.00030893,0.000267773,0.000227074,0.000245296,0.000167088,0.00024989,0.000250852,0.000250096,0.000237327,0.000159884,0.000296981,0.000295417,0.000275692,0.000283448,0.000165176,0.00028227,0.000277831,0.000220735,0.000272172,0.000170595,0.000281233,0.000286567,0.00018967,0.000287009
2584.171865,0.000243649,0.000263182,0.000220404,0.000268322,0.000288426,0.000306571,0.000256987,0.000274209,0.000265635,0.000257269,0.000265891,0.000293204,0.000231142,0.00028581,0.000270196,0.000279386,0.00031056,0.000269333,0.000228625,0.000247009,0.000168342,0.000251538,0.000252527,0.000251826,0.000238972,0.000160982,0.000298855,0.000297054,0.000277491,0.000285186,0.000166316,0.000283922,0.0002795,0.000222391,0.000273832,0.000171862,0.000282832,0.000288301,0.000190969,0.00028876
2586.100351,0.000245008,0.000264968,0.000221736,0.000270071,0.00029026,0.000308213,0.000258724,0.00027587,0.000267263,0.000258939,0.00026739,0.000294888,0.000232455,0.000287589,0.000271882,0.000280937,0.000312262,0.000270919,0.000230161,0.000248656,0.000169737,0.000253115,0.000254207,0.000253549,0.000240681,0.000162106,0.000300569,0.000298815,0.000279305,0.000286776,0.000167473,0.00028562,0.000281233,0.000223922,0.00027552,0.000173093,0.000284455,0.000289976,0.000192269,0.000290543
2588.028838,0.000246358,0.000266705,0.000223081,0.000271791,0.000292121,0.000309952,0.000260437,0.000277545,0.00026887,0.000260603,0.000268915,0.00029654,0.000233933,0.000289411,0.00027349,0.000282574,0.000314082,0.000272576,0.000231805,0.00025038,0.000170934,0.000254787,0.000255938,0.000255179,0.000242366,0.000163296,0.000302289,0.000300558,0.000280949,0.000288404,0.000168648,0.000287325,0.000282976,0.000225432,0.000277234,0.000174374,0.000286029,0.000291628,0.000193609,0.000292202
2589.957324,0.000247882,0.000268363,0.000224388,0.000273606,0.000293986,0.000311768,0.000262198,0.00027929,0.000270536,0.000262292,0.000270484,0.000298309,0.000235584,0.000291282,0.000275261,0.000284421,0.000315867,0.000274329,0.000233498,0.000252181,0.000172124,0.000256591,0.000257721,0.000256924,0.00024403,0.000164555,0.000304075,0.000302299,0.000282655,0.000290217,0.000169908,0.000289089,0.000284674,0.000227059,0.000279018,0.000175744,0.000287621,0.000293382,0.00019506,0.000294014
2591.885811,0.000249452,0.000270061,0.000225756,0.000275557,0.000295853,0.000313699,0.00026391,0.000281135,0.000272347,0.000264035,0.000272136,0.000300034,0.000237215,0.000293143,0.000277146,0.00028634,0.000317613,0.000275941,0.000235173,0.00025394,0.000173467,0.000258443,0.000259495,0.000258784,0.000245756,0.000165844,0.000305901,0.000304092,0.000284545,0.000291975,0.000171193,0.000290892,0.000286462,0.000228765,0.00028088,0.000177102,0.00028926,0.000295123,0.000196497,0.000295895
2593.814297,0.000250914,0.000271808,0.000227189,0.000277407,0.000297763,0.000315684,0.000265638,0.000282976,0.000274108,0.000265793,0.000273696,0.000301723,0.000238717,0.000294996,0.000278887,0.000288114,0.000319313,0.000277528,0.000236845,0.00025565,0.000174864,0.000260269,0.00026123,0.000260485,0.000247535,0.00016718,0.000307678,0.000305916,0.00028637,0.000293708,0.000172487,0.000292663,0.000288277,0.00023047,0.000282784,0.000178482,0.000290887,0.000296852,0.000197897,0.000297724
2595.742784,0.000252261,0.000273582,0.00022854,0.000279165,0.000299646,0.000317515,0.000267356,0.000284626,0.000275679,0.000267444,0.000275133,0.000303365,0.000240148,0.000296773,0.000280531,0.000289711,0.000320966,0.000279109,0.000238334,0.000257288,0.000176202,0.000262,0.000262895,0.000262137,0.000249245,0.000168407,0.000309306,0.000307651,0.000288161,0.000295339,0.000173609,0.000294357,0.000289921,0.000232082,0.000284598,0.000179802,0.000292441,0.000298475,0.000199282,0.00029949
2597.67127,0.000253922,0.000275437,0.00023007,0.000281026,0.000301648,0.000319465,0.00026912,0.000286249,0.000277358,0.000269178,0.000276718,0.000304998,0.000241675,0.000298532,0.000282256,0.000291403,0.000322756,0.000280843,0.000240024,0.000259031,0.000177695,0.000263814,0.000264689,0.000263875,0.000251027,0.000169711,0.000310987,0.000309464,0.000290043,0.000297038,0.000174823,0.000296104,0.00029158,0.000233737,0.000286435,0.000181192,0.000294032,0.000300226,0.000200748,0.000301259
2599.599757,0.00025559,0.000277224,0.000231556,0.00028275,0.000303543,0.000321424,0.000270909,0.000287979,0.000279119,0.000270952,0.000278472,0.000306674,0.000243163,0.000300369,0.000284089,0.000293215,0.000324532,0.000282618,0.000241873,0.000260796,0.000179105,0.000265578,0.000266503,0.000265572,0.000252837,0.000171045,0.000312745,0.000311345,0.000291815,0.000298759,0.000176254,0.000297806,0.000293319,0.000235411,0.000288139,0.000182667,0.000295693,0.000302092,0.000202191,0.000302966
2601.528243,0.000257047,0.000278829,0.000232834,0.000284384,0.000305216,0.000323164,0.000272582,0.000289604,0.000280784,0.000272586,0.000280283,0.00030836,0.000244579,0.000302089,0.000285842,0.000294942,0.000326192,0.000284156,0.000243485,0.000262512,0.000180392,0.000267244,0.00026822,0.00026725,0.000254503,0.000172338,0.000314465,0.000313107,0.000293509,0.000300355,0.000177577,0.000299479,0.000294996,0.000237029,0.000289682,0.00018411,0.000297282,0.000303812,0.000203566,0.000304725
2603.45673,0.000258674,0.000280469,0.000234279,0.000286139,0.000307012,0.000324948,0.00027427,0.000291173,0.000282364,0.000274293,0.000281971,0.000310057,0.00024608,0.000303806,0.000287502,0.000296696,0.000327811,0.000285753,0.00024508,0.000264259,0.00018182,0.000269004,0.000269952,0.00026892,0.0002561,0.000173685,0.000316231,0.000314844,0.000295293,0.000302023,0.000178822,0.000301284,0.000296689,0.000238704,0.000291358,0.000185567,0.000298902,0.000305547,0.000205064,0.000306541
2605.385216,0.000260475,0.000282241,0.000235767,0.000287953,0.000308894,0.000326844,0.000276109,0.000292924,0.000283989,0.000276066,0.000283579,0.000311707,0.000247725,0.000305615,0.00028917,0.000298507,0.000329489,0.000287475,0.000246787,0.000266018,0.000183249,0.0002708,0.000271691,0.000270637,0.000257718,0.000175062,0.000318044,0.000316632,0.000297108,0.00030372,0.000180127,0.000303012,0.000298499,0.000240415,0.000293123,0.000187064,0.00030052,0.000307351,0.000206648,0.000308243
2607.313703,0.000262212,0.000283997,0.000237343,0.000289744,0.00031082,0.000328845,0.000277928,0.000294735,0.000285709,0.000277791,0.000285303,0.00031344,0.000249356,0.000307398,0.00029089,0.000300307,0.000331322,0.000289171,0.00024853,0.000267833,0.000184633,0.000272651,0.000273469,0.000272345,0.000259447,0.000176553,0.000319779,0.000318463,0.00029893,0.000305438,0.000181507,0.000304779,0.000300305,0.000242184,0.000294952,0.000188563,0.000302137,0.000309121,0.000208198,0.000310081
2609.242189,0.000263665,0.000285693,0.000238964,0.000291594,0.000312617,0.000330779,0.000279663,0.000296383,0.000287304,0.000279522,0.000287097,0.000315146,0.000250832,0.000309143,0.00029263,0.000302186,0.000332966,0.000290824,0.000250239,0.000269567,0.000185963,0.000274425,0.000275203,0.00027401,0.000261234,0.000177955,0.000321463,0.000320258,0.000300617,0.000307097,0.000182891,0.000306493,0.000301955,0.000243862,0.00029681,0.000189997,0.000303843,0.000310757,0.000209655,0.000311853
2611.170676,0.000265188,0.000287363,0.000240486,0.000293418,0.000314306,0.000332588,0.000281424,0.000298017,0.00028894,0.000281341,0.000288914,0.000316784,0.000252293,0.000310915,0.000294329,0.000304037,0.000334486,0.000292516,0.000251965,0.000271271,0.000187433,0.000276103,0.000276926,0.000275712,0.000262937,0.000179294,0.000323149,0.000322102,0.000302307,0.000308694,0.000184292,0.000308132,0.000303635,0.000245439,0.000298616,0.00019149,0.000305487,0.000312473,0.000211065,0.000313657
2613.099162,0.000266872,0.000289051,0.000242037,0.00029504,0.00031614,0.000334493,0.000283096,0.000299732,0.00029067,0.00028308,0.000290605,0.000318459,0.000253838,0.000312684,0.000296073,0.000305863,0.00033617,0.000294201,0.000253682,0.000273007,0.00018902,0.000277865,0.000278708,0.00027755,0.000264613,0.000180746,0.000324833,0.00032399,0.000304168,0.000310338,0.000185719,0.000309902,0.000305445,0.000247147,0.000300328,0.000193055,0.000307093,0.000314307,0.000212562,0.000315607
2615.027648,0.000268698,0.000290856,0.000243561,0.000296839,0.000317989,0.000336584,0.00028479,0.000301387,0.000292349,0.000284709,0.000292341,0.000320123,0.000255481,0.000314366,0.000297844,0.00030778,0.000337929,0.000295882,0.000255389,0.000274764,0.000190482,0.000279723,0.000280574,0.000279415,0.000266402,0.000182209,0.000326621,0.000325854,0.000305939,0.000311993,0.000187181,0.000311646,0.00030715,0.000248956,0.000302098,0.000194603,0.000308728,0.000316054,0.000214148,0.000317406
2616.956135,0.000270527,0.000292515,0.000244954,0.000298495,0.00031964,0.000338394,0.000286484,0.00030289,0.000293934,0.000286437,0.00029414,0.000321783,0.000256959,0.000315974,0.000299494,0.000309516,0.000339551,0.00029745,0.00025703,0.000276526,0.000191736,0.000281428,0.000282267,0.000281002,0.000268044,0.000183536,0.000328357,0.000327639,0.000307442,0.000313542,0.000188497,0.000313259,0.000308696,0.000250663,0.000303868,0.00019606,0.000310342,0.000317716,0.000215605,0.000318989
2618.884621,0.000272142,0.000293991,0.000246432,0.000299945,0.000321252,0.000339981,0.000288185,0.00030443,0.00029551,0.000288191,0.000295781,0.000323415,0.000258448,0.000317621,0.00030114,0.000311135,0.000341098,0.000299027,0.000258638,0.000278222,0.000193082,0.000283056,0.000283796,0.000282517,0.000269613,0.000184817,0.000330021,0.000329337,0.000308994,0.000315093,0.000189689,0.000314852,0.000310385,0.000252254,0.000305563,0.000197554,0.000311987,0.000319361,0.000216975,0.000320499
2620.813108,0.000273831,0.0002956,0.000248031,0.000301687,0.000323024,0.000341846,0.000289991,0.000306013,0.000297125,0.000289915,0.000297392,0.00032508,0.000260042,0.000319401,0.00030284,0.000312849,0.000342757,0.000300764,0.000260298,0.000279989,0.000194685,0.000284801,0.000285526,0.000284061,0.000271323,0.000186235,0.000331754,0.000331072,0.000310675,0.000316643,0.000191032,0.000316502,0.000312203,0.000253855,0.000307264,0.000199074,0.000313631,0.00032107,0.000218439,0.000322227
2622.741594,0.000275479,0.000297261,0.000249422,0.000303276,0.000324704,0.000343544,0.000291688,0.000307432,0.000298699,0.000291633,0.000298994,0.000326705,0.000261399,0.000321113,0.000304406,0.000314589,0.000344253,0.000302319,0.000261894,0.000281766,0.000196133,0.000286432,0.000287224,0.000285648,0.000272936,0.000187647,0.000333416,0.00033286,0.000312132,0.000317985,0.000192379,0.000318019,0.000313921,0.000255455,0.000308835,0.000200472,0.000315203,0.000322782,0.000219954,0.000323841
2624.670081,0.000277151,0.000298827,0.000250768,0.000304735,0.000326306,0.000345231,0.000293423,0.000308958,0.000300321,0.000293308,0.000300661,0.000328331,0.000262758,0.000322707,0.000305892,0.000316312,0.000345661,0.000303871,0.000263625,0.000283539,0.00019747,0.000288032,0.000288849,0.000287317,0.0002745,0.00018905,0.000335056,0.00033469,0.000313612,0.000319382,0.000193761,0.000319606,0.000315541,0.000257107,0.000310468,0.000201942,0.000316673,0.000324446,0.000221459,0.000325312
2626.598567,0.000278851,0.000300375,0.000252187,0.000306275,0.000327967,0.000347038,0.000295191,0.00031055,0.000301874,0.000294943,0.000302364,0.00032999,0.000264189,0.00032427,0.00030745,0.000317971,0.000347078,0.000305491,0.000265394,0.000285278,0.000198859,0.000289693,0.000290524,0.000288884,0.000276054,0.000190391,0.000336754,0.000336515,0.000315161,0.00032082,0.000195203,0.000321307,0.000317094,0.000258723,0.000312167,0.000203374,0.000318071,0.000326099,0.000222935,0.000326961
2628.527054,0.000280583,0.000302019,0.000253677,0.000307865,0.000329579,0.000348838,0.000296937,0.000312026,0.000303441,0.000296628,0.000304052,0.000331605,0.000265766,0.000325873,0.000309157,0.000319757,0.000348506,0.000307062,0.000267031,0.000287004,0.000200434,0.000291465,0.000292284,0.000290452,0.000277663,0.000191709,0.000338551,0.000338438,0.000316718,0.000322234,0.000196593,0.000322972,0.000318758,0.000260316,0.000313795,0.000204839,0.000319624,0.000327854,0.000224434,0.00032873
2630.45554,0.000282541,0.000303681,0.00025528,0.000309451,0.000331215,0.000350759,0.000298732,0.000313508,0.000305111,0.000298315,0.000305756,0.000333243,0.000267416,0.000327517,0.000310901,0.000321613,0.000350115,0.000308708,0.000268701,0.000288843,0.00020211,0.000293266,0.000294094,0.000291991,0.000279298,0.000193155,0.000340325,0.000340376,0.000318305,0.000323744,0.000197937,0.000324662,0.000320507,0.000261979,0.000315409,0.00020642,0.000321298,0.000329594,0.000225871,0.000330406
2632.384027,0.000284363,0.000305282,0.000256768,0.000310932,0.000332883,0.000352288,0.000300451,0.000314899,0.000306815,0.000299983,0.00030735,0.000334824,0.00026883,0.000329039,0.000312499,0.000323251,0.000351529,0.000310365,0.000270425,0.000290553,0.000203601,0.000294957,0.000295759,0.000293528,0.000280808,0.000194516,0.000341947,0.000342136,0.000319656,0.000325211,0.000199284,0.000326261,0.000322186,0.000263572,0.000317058,0.000207905,0.000322866,0.000331256,0.00022728,0.000331917
2634.312513,0.00028589,0.000306779,0.000258052,0.000312431,0.00033446,0.000353769,0.000302142,0.000316257,0.000308456,0.000301739,0.000308852,0.000336418,0.000270083,0.000330546,0.000314016,0.000324709,0.000352707,0.000311945,0.000272179,0.000292209,0.000205061,0.000296639,0.000297432,0.000295093,0.000282283,0.000195812,0.000343635,0.000343781,0.000321005,0.000326562,0.000200695,0.000327884,0.000323836,0.000265062,0.000318675,0.00020934,0.000324327,0.000332903,0.000228745,0.000333509
2636.241,0.000287289,0.000308206,0.000259227,0.000313703,0.000335961,0.00035537,0.000303852,0.000317483,0.000309873,0.000303385,0.000310264,0.000337962,0.000271255,0.000331952,0.000315483,0.00032623,0.000353889,0.00031346,0.000273776,0.000293867,0.000206444,0.00029822,0.000299041,0.000296473,0.000283709,0.00019707,0.000345306,0.000345438,0.000322264,0.00032768,0.000202016,0.000329413,0.000325406,0.000266404,0.000320054,0.000210653,0.00032574,0.000334487,0.000230164,0.000334936
2638.169486,0.00028882,0.000309615,0.000260532,0.000314826,0.000337416,0.000356721,0.000305541,0.000318578,0.00031133,0.000304983,0.00031158,0.00033947,0.000272524,0.000333253,0.000316927,0.000327775,0.000355113,0.000315052,0.000275242,0.000295481,0.000207773,0.00029982,0.000300557,0.000297815,0.00028511,0.000198273,0.000346872,0.000347259,0.000323329,0.00032878,0.000203329,0.000330845,0.000326943,0.000267784,0.000321419,0.000211981,0.000327202,0.000336121,0.000231504,0.000336198
2640.097973,0.000290483,0.000311073,0.000262009,0.000316129,0.000338912,0.000358192,0.00030728,0.000319918,0.000312896,0.00030682,0.000313013,0.000341145,0.000273966,0.00033477,0.000318452,0.000329279,0.000356375,0.000316672,0.000276887,0.000297248,0.000209246,0.000301542,0.000302209,0.000299264,0.000286637,0.000199621,0.000348519,0.000349109,0.000324461,0.000330069,0.000204691,0.000332449,0.000328661,0.00026927,0.000322903,0.000213566,0.00032882,0.000337743,0.000232894,0.000337712
2642.026459,0.000292141,0.000312655,0.000263461,0.000317571,0.000340441,0.000359724,0.000309115,0.000321231,0.000314429,0.000308573,0.000314595,0.000342716,0.000275418,0.000336383,0.000320026,0.000330898,0.000357568,0.000318247,0.000278657,0.000299019,0.000210773,0.000303236,0.00030389,0.000300591,0.00028821,0.000201023,0.000350189,0.000350876,0.000325572,0.00033129,0.000206032,0.000334038,0.000330451,0.000270705,0.0003244,0.000215148,0.000330397,0.00033939,0.000234334,0.000339342
2643.954945,0.000293704,0.000314141,0.000264785,0.000318967,0.000341772,0.000361115,0.000310829,0.000322348,0.000315958,0.000310117,0.000316199,0.000344179,0.00027667,0.000337854,0.000321486,0.000332346,0.000358821,0.000319735,0.000280247,0.000300671,0.000212152,0.00030482,0.00030554,0.000301912,0.000289504,0.000202329,0.000351836,0.000352629,0.000326617,0.000332381,0.000207386,0.000335545,0.000331999,0.000272045,0.00032581,0.000216518,0.000331758,0.000341028,0.000235692,0.000340818
2645.883432,0.000295168,0.000315572,0.000266099,0.000320228,0.000343144,0.000362469,0.000312474,0.000323613,0.000317514,0.00031173,0.000317705,0.000345714,0.000277798,0.000339259,0.000322887,0.000333554,0.00036008,0.000321268,0.000281831,0.000302293,0.000213541,0.000306459,0.000307222,0.000303391,0.000290692,0.000203568,0.000353534,0.000354425,0.000327624,0.000333494,0.00020876,0.000337107,0.000333516,0.000273295,0.000327132,0.000217934,0.000333123,0.000342543,0.000237139,0.000342161
2647.811918,0.000296733,0.000317017,0.000267413,0.000321423,0.000344674,0.000363861,0.000314225,0.000324884,0.000318982,0.000313311,0.000319059,0.00034725,0.000279037,0.000340713,0.000324373,0.000334833,0.000361208,0.000322889,0.000283569,0.000303979,0.000215167,0.000308158,0.000308875,0.000304716,0.000292067,0.000204811,0.000355162,0.000356221,0.000328791,0.000334645,0.000210177,0.000338684,0.000335169,0.000274687,0.000328566,0.000219375,0.000334476,0.000344065,0.000238583,0.000343505
2649.740405,0.000298253,0.000318459,0.000268725,0.000322602,0.000346172,0.000365351,0.000315968,0.000326022,0.000320447,0.00031491,0.000320442,0.000348783,0.000280383,0.000342197,0.000325823,0.000336291,0.000362342,0.000324376,0.000285252,0.000305754,0.000216789,0.00030978,0.000310493,0.000306039,0.000293546,0.000206121,0.000356709,0.000357983,0.000330068,0.000335792,0.000211577,0.000340233,0.000336827,0.000276131,0.00033006,0.00022073,0.000335839,0.000345721,0.000239941,0.000344927
2651.668891,0.000299661,0.000319899,0.000270038,0.000323844,0.000347676,0.000366748,0.000317706,0.000327182,0.000322034,0.000316601,0.000321812,0.00035025,0.0002817,0.000343717,0.000327235,0.000337695,0.000363468,0.000325812,0.000286883,0.000307466,0.000218282,0.000311503,0.000312174,0.000307388,0.000295012,0.000207389,0.000358345,0.000359811,0.000331153,0.000336928,0.000213024,0.000341717,0.000338505,0.000277501,0.000331417,0.000222211,0.000337395,0.000347474,0.000241366,0.000346357
2653.597378,0.000301131,0.000321351,0.000271221,0.000325126,0.000349147,0.000367928,0.000319445,0.000328416,0.000323583,0.000318229,0.000323203,0.000351742,0.000282985,0.00034521,0.000328743,0.000338962,0.000364639,0.000327332,0.000288563,0.000309119,0.000219831,0.000313276,0.000313946,0.00030867,0.000296421,0.000208584,0.000360147,0.000361684,0.000332244,0.000338056,0.000214483,0.00034327,0.000340149,0.000278898,0.000332723,0.000223747,0.000338907,0.000349121,0.000242824,0.000347707
2655.525864,0.000302616,0.000323011,0.000272506,0.000326442,0.000350689,0.00036928,0.000321283,0.000329628,0.000325157,0.000319898,0.000324641,0.000353321,0.000284281,0.000346711,0.000330368,0.000340347,0.000365965,0.000328992,0.000290375,0.000310905,0.000221521,0.000315051,0.000315724,0.000310108,0.000297862,0.000209878,0.000361982,0.000363592,0.000333533,0.000339287,0.000215891,0.000344991,0.000341818,0.000280313,0.000334171,0.00022528,0.000340385,0.000350822,0.000244347,0.000349162
2657.454351,0.000304012,0.000324636,0.000273887,0.000327709,0.000352264,0.000370938,0.000323187,0.000330741,0.000326747,0.000321622,0.000326035,0.000354884,0.000285523,0.00034829,0.000331958,0.00034175,0.000367266,0.000330588,0.000292155,0.000312752,0.000223111,0.000316721,0.000317499,0.000311528,0.000299303,0.000211242,0.000363746,0.000365495,0.000334769,0.0003406,0.000217375,0.000346568,0.000343578,0.000281695,0.000335596,0.000226848,0.000341938,0.000352476,0.00024584,0.00035068
2659.382837,0.00030541,0.000326197,0.000275242,0.000328868,0.000353868,0.000372442,0.000325023,0.00033191,0.000328309,0.00032332,0.000327504,0.000356436,0.000286827,0.000349851,0.000333431,0.000343192,0.00036847,0.00033214,0.000293797,0.000314436,0.00022466,0.000318383,0.000319297,0.000312946,0.000300797,0.000212556,0.000365551,0.000367357,0.000335869,0.000341839,0.000218989,0.000348134,0.000345353,0.000282935,0.000336964,0.000228367,0.000343406,0.000354016,0.000247352,0.000352123
2661.311324,0.000306875,0.000327838,0.000276614,0.000330133,0.000355536,0.00037379,0.000326905,0.000333182,0.000329927,0.00032513,0.000328969,0.000358034,0.000288201,0.00035157,0.000334975,0.000344665,0.000369732,0.000333844,0.000295508,0.000316167,0.000226496,0.000320304,0.000321123,0.000314371,0.000302324,0.000213983,0.000367422,0.000369304,0.000337167,0.00034314,0.000220664,0.000349891,0.000347155,0.00028435,0.000338484,0.00022988,0.000344894,0.000355743,0.000248932,0.000353603
2663.23981,0.000308311,0.000329489,0.000277969,0.000331576,0.000357162,0.000375258,0.000328858,0.000334514,0.000331676,0.00032709,0.000330402,0.000359762,0.000289573,0.000353403,0.000336642,0.000345993,0.000370996,0.000335613,0.000297303,0.00031808,0.000228378,0.000322269,0.00032299,0.000315772,0.000303874,0.000215502,0.000369307,0.000371376,0.00033856,0.000344527,0.000222276,0.000351709,0.000348965,0.000285968,0.000340154,0.000231511,0.000346521,0.000357602,0.000250522,0.000355115
2665.168297,0.000309673,0.00033118,0.000279341,0.000333042,0.000358804,0.000376654,0.000330761,0.000335863,0.000333361,0.00032888,0.000331705,0.00036142,0.000290885,0.000354997,0.000338312,0.000347223,0.0003722,0.000337363,0.000299122,0.000319983,0.000230019,0.000324166,0.000324833,0.000317242,0.000305445,0.000216874,0.000371115,0.000373352,0.000339756,0.000345773,0.000223869,0.000353508,0.000350679,0.000287396,0.000341676,0.000233136,0.000348177,0.00035944,0.00025209,0.000356601
2667.096783,0.000310998,0.000332803,0.000280603,0.000334431,0.000360486,0.000377922,0.00033264,0.000337121,0.00033492,0.000330566,0.000333074,0.00036298,0.000292225,0.000356528,0.000339893,0.000348607,0.000373532,0.000339039,0.000301001,0.000321916,0.000231667,0.000325943,0.000326715,0.000318723,0.000306926,0.000218244,0.000372889,0.000375318,0.000340914,0.00034701,0.000225544,0.000355186,0.000352479,0.000288748,0.000343028,0.000234671,0.000349836,0.000361226,0.000253586,0.000358143
2669.02527,0.000312366,0.000334462,0.00028183,0.000335747,0.000362218,0.000379235,0.00033462,0.000338309,0.000336632,0.000332425,0.000334528,0.000364637,0.000293614,0.00035825,0.000341471,0.000350072,0.000374967,0.000340803,0.000302902,0.000323779,0.000233432,0.000327741,0.000328633,0.000320231,0.000308493,0.000219708,0.000374767,0.000377403,0.00034206,0.000348347,0.000227204,0.000356951,0.000354432,0.000290141,0.000344578,0.000236282,0.000351514,0.00036312,0.000255139,0.000359809
2670.953756,0.000313788,0.000336268,0.000283166,0.000337081,0.000363928,0.000380585,0.000336587,0.000339588,0.000338429,0.000334268,0.000335861,0.000366301,0.000294893,0.000360021,0.000343197,0.000351419,0.000376324,0.000342586,0.000304797,0.000325574,0.000235092,0.000329661,0.000330538,0.000321719,0.0003101,0.000221141,0.00037673,0.000379351,0.000343215,0.000349698,0.000228786,0.000358785,0.000356307,0.000291605,0.00034615,0.000237927,0.000353161,0.000364895,0.000256769,0.000361484
2672.882242,0.000315368,0.00033813,0.000284578,0.000338571,0.00036573,0.00038213,0.000338564,0.000341014,0.000340303,0.00033614,0.000337402,0.000368059,0.00029634,0.000361767,0.000345046,0.000352981,0.000377725,0.000344405,0.000306789,0.00032752,0.000236797,0.00033161,0.000332536,0.000323245,0.000311746,0.000222614,0.00037873,0.000381377,0.000344608,0.000351132,0.000230538,0.000360655,0.000358226,0.000293194,0.000347763,0.000239635,0.000354884,0.00036663,0.000258472,0.000363155
2674.810729,0.000317007,0.000339928,0.000286018,0.00034012,0.000367626,0.000383819,0.000340692,0.000342454,0.000342117,0.000338078,0.000338961,0.000369927,0.000297892,0.000363551,0.000346899,0.000354445,0.000379282,0.000346335,0.000308831,0.000329526,0.000238615,0.000333651,0.000334514,0.000324824,0.000313465,0.000224184,0.000380695,0.000383549,0.000346221,0.000352588,0.00023236,0.000362602,0.000360228,0.000294836,0.000349484,0.000241431,0.000356747,0.000368624,0.000260166,0.000364836
2676.739215,0.000318501,0.000341667,0.000287424,0.000341612,0.000369394,0.00038532,0.000342829,0.000343877,0.000343838,0.000340023,0.000340382,0.000371733,0.000299308,0.000365321,0.000348636,0.000355799,0.000380837,0.000348134,0.000310825,0.000331478,0.000240325,0.000335668,0.000336406,0.000326383,0.000315095,0.000225729,0.000382616,0.000385604,0.00034767,0.000353989,0.000233935,0.000364447,0.000362123,0.000296438,0.000351047,0.000243108,0.00035857,0.000370611,0.000261822,0.000366499
2678.667702,0.000319997,0.000343411,0.000288793,0.00034308,0.000371146,0.000386704,0.000344831,0.000345245,0.000345633,0.000341969,0.000341726,0.000373462,0.000300639,0.000367073,0.000350351,0.000357402,0.000382287,0.000349872,0.000312741,0.00033335,0.00024189,0.000337592,0.000338312,0.000327895,0.000316638,0.000227221,0.000384526,0.000387565,0.000348919,0.000355388,0.000235468,0.000366299,0.00036392,0.000297932,0.00035259,0.000244655,0.000360262,0.000372594,0.000263448,0.000368118
2680.596188,0.000321556,0.000345179,0.000290218,0.000344585,0.000372974,0.000388127,0.000346773,0.000346618,0.000347453,0.000343792,0.000343123,0.000375219,0.000302023,0.00036889,0.000352137,0.000358969,0.000383735,0.000351695,0.000314615,0.000335303,0.000243423,0.000339531,0.000340248,0.000329373,0.000318237,0.00022879,0.000386469,0.000389548,0.000350362,0.000356908,0.000237049,0.000368189,0.000365682,0.0002994,0.000354177,0.00024626,0.000361907,0.000374494,0.000265042,0.000369724
2682.524675,0.000323072,0.000346949,0.000291664,0.000346135,0.000374841,0.000389534,0.000348766,0.000348092,0.000349279,0.000345664,0.000344598,0.000377029,0.000303545,0.000370694,0.000353925,0.000360487,0.000385291,0.00035361,0.000316579,0.000337302,0.000244995,0.000341493,0.000342137,0.000330925,0.000319976,0.000230332,0.000388349,0.000391576,0.000351878,0.00035846,0.000238572,0.000370059,0.000367462,0.000300893,0.000355828,0.000247872,0.000363569,0.000376254,0.000266695,0.000371373
2684.453161,0.000324472,0.000348633,0.000292994,0.000347575,0.000376637,0.000390894,0.00035078,0.000349454,0.000351042,0.000347583,0.000345974,0.000378789,0.000304999,0.00037246,0.000355707,0.00036191,0.000386874,0.000355504,0.000318501,0.000339159,0.000246454,0.000343374,0.000344004,0.000332469,0.00032163,0.000231716,0.000390203,0.000393519,0.000353284,0.000359894,0.000240056,0.000371877,0.000369326,0.000302345,0.000357454,0.000249388,0.000365284,0.000378052,0.000268299,0.000372923
2686.381648,0.000325922,0.000350371,0.000294323,0.000348982,0.000378353,0.000392381,0.00035281,0.000350769,0.00035287,0.000349442,0.000347402,0.000380601,0.000306375,0.000374297,0.000357485,0.000363375,0.00038832,0.000357341,0.000320346,0.000341063,0.000247848,0.000345225,0.000345855,0.0003339,0.000323204,0.000233135,0.000392141,0.000395488,0.0003547,0.000361378,0.000241486,0.000373713,0.000371216,0.000303796,0.000358967,0.000250867,0.000367064,0.000380004,0.000269867,0.000374471
2688.310134,0.00032756,0.00035217,0.00029565,0.000350435,0.00038011,0.000394027,0.000354833,0.000352259,0.000354664,0.000351339,0.000348726,0.000382482,0.000307712,0.000376096,0.000359312,0.000364954,0.000389808,0.000359132,0.000322282,0.000342965,0.000249177,0.000347095,0.000347619,0.000335399,0.00032482,0.000234685,0.000393979,0.000397455,0.000356171,0.000362955,0.000242871,0.000375585,0.000373051,0.000305268,0.000360473,0.000252315,0.000368821,0.00038195,0.000271408,0.000376119
2690.238621,0.000329134,0.000353873,0.000296991,0.000351961,0.000381916,0.000395604,0.000356779,0.000353761,0.000356432,0.000353219,0.000350146,0.000384339,0.000309123,0.000377789,0.000361124,0.000366573,0.000391478,0.000360937,0.000324264,0.000344763,0.000250432,0.000348905,0.000349429,0.00033701,0.000326481,0.000236186,0.000395756,0.000399353,0.000357704,0.000364531,0.000244205,0.000377428,0.00037486,0.000306714,0.000362014,0.000253833,0.000370563,0.00038374,0.000272885,0.000377726
2692.167107,0.000330578,0.000355584,0.000298338,0.000353611,0.000383773,0.000397036,0.000358695,0.000355247,0.00035827,0.000355112,0.000351766,0.000386167,0.000310577,0.000379448,0.000362885,0.00036824,0.000393139,0.000362822,0.000326174,0.000346571,0.00025181,0.000350678,0.000351265,0.000338498,0.000328163,0.000237607,0.000397564,0.000401296,0.000359235,0.000366105,0.000245463,0.000379304,0.000376644,0.000308236,0.00036364,0.000255334,0.000372404,0.000385604,0.000274369,0.000379268
2694.095594,0.000332217,0.000357413,0.000299618,0.000355243,0.000385735,0.000398612,0.000360671,0.000356862,0.000360033,0.000357076,0.000353269,0.000388064,0.000312014,0.000381237,0.000364726,0.000369927,0.000394837,0.000364705,0.000328059,0.000348401,0.000253173,0.000352529,0.000353075,0.000340006,0.00032983,0.000239099,0.000399446,0.000403303,0.000360804,0.000367729,0.000246739,0.000381217,0.000378491,0.000309832,0.000365338,0.000256814,0.000374233,0.000387462,0.000275888,0.000380943
2696.02408,0.000333989,0.000359264,0.000300938,0.000356914,0.00038771,0.000400421,0.000362697,0.000358464,0.00036186,0.000359012,0.0003548,0.000390089,0.000313598,0.000383199,0.000366638,0.000371762,0.000396628,0.00036667,0.000330041,0.000350261,0.000254435,0.000354427,0.000354914,0.000341726,0.000331599,0.000240633,0.000401382,0.000405384,0.000362405,0.000369415,0.000248107,0.000383151,0.000380339,0.000311467,0.000367122,0.000258374,0.000375987,0.000389385,0.000277495,0.00038275
2697.952567,0.000335648,0.000361078,0.000302304,0.000358694,0.000389594,0.000402101,0.000364753,0.000360016,0.000363754,0.000360891,0.000356446,0.000392109,0.000315197,0.000385082,0.000368617,0.000373527,0.000398466,0.000368668,0.000332026,0.000352146,0.000255701,0.000356274,0.000356789,0.000343502,0.000333443,0.000242192,0.000403302,0.00040744,0.000364018,0.00037114,0.000249449,0.000385053,0.000382186,0.000313135,0.000368907,0.000259892,0.000377815,0.000391425,0.000279111,0.000384548
2699.881053,0.000337227,0.000362936,0.000303724,0.000360483,0.000391445,0.000403705,0.000366789,0.000361705,0.000365645,0.000362844,0.000358089,0.000394098,0.000316728,0.000386904,0.000370581,0.000375181,0.000400267,0.000370573,0.000333882,0.000354074,0.000257064,0.000358159,0.000358693,0.000345246,0.000335274,0.000243759,0.000405222,0.000409419,0.000365714,0.000372845,0.00025076,0.000387018,0.00038407,0.000314733,0.000370624,0.00026143,0.00037968,0.00039328,0.000280653,0.000386466
2701.809539,0.000338809,0.000364878,0.000305128,0.00036225,0.000393311,0.000405485,0.000368767,0.00036357,0.000367528,0.000364859,0.000359692,0.00039609,0.000318246,0.000388755,0.000372535,0.000377031,0.000402048,0.000372473,0.000335791,0.00035603,0.000258513,0.000360097,0.000360587,0.000347033,0.000337069,0.000245335,0.000407066,0.000411328,0.000367474,0.000374624,0.000252134,0.000389025,0.000385914,0.000316413,0.000372361,0.000263071,0.000381587,0.000395103,0.000282238,0.000388384
2703.738026,0.000340592,0.000366946,0.000306605,0.000364052,0.0003954,0.000407468,0.000370849,0.000365498,0.000369559,0.000366833,0.000361413,0.000398225,0.000319972,0.000390702,0.000374628,0.000379167,0.000404089,0.000374524,0.000337861,0.00035803,0.00026003,0.000362172,0.000362526,0.000348937,0.000339005,0.000247012,0.000409065,0.000413369,0.000369337,0.00037662,0.000253611,0.000390983,0.000387961,0.000318258,0.000374275,0.000264825,0.000383628,0.000397118,0.00028398,0.000390368
2705.666512,0.00034241,0.000369074,0.00030822,0.000366082,0.000397635,0.00040956,0.000372983,0.000367453,0.000371707,0.000368892,0.000363131,0.000400469,0.000321839,0.000392902,0.000376799,0.000381245,0.000406232,0.000376667,0.000339897,0.000360074,0.000261613,0.000364325,0.000364516,0.000350887,0.000341078,0.000248725,0.00041127,0.000415578,0.000371364,0.000378671,0.000255211,0.000393011,0.000390113,0.000320231,0.000376369,0.000266596,0.000385761,0.000399213,0.000285817,0.000392523
2707.594999,0.000344215,0.000371169,0.000309883,0.000368235,0.000399827,0.000411639,0.000375142,0.000369494,0.000373764,0.000371074,0.000364938,0.000402693,0.000323605,0.000395167,0.00037899,0.000383182,0.00040835,0.000378788,0.000341906,0.000362118,0.000263112,0.000366378,0.000366612,0.000352868,0.000343102,0.000250496,0.00041338,0.000417761,0.000373544,0.000380786,0.000256842,0.000395124,0.000392157,0.000322257,0.000378442,0.00026838,0.000387924,0.00040131,0.000287677,0.000394582
2709.523485,0.000346258,0.000373316,0.000311613,0.000370327,0.000402222,0.000413819,0.000377386,0.000371674,0.000375923,0.000373276,0.000367056,0.000405015,0.000325503,0.000397407,0.000381267,0.000385347,0.000410687,0.000381013,0.00034406,0.000364257,0.000264781,0.000368561,0.000368778,0.00035496,0.000345218,0.000252381,0.000415469,0.000419989,0.000375842,0.000382987,0.000258503,0.000397326,0.000394281,0.00032432,0.000380594,0.00027025,0.00039006,0.000403498,0.00028957,0.000396692
2711.451972,0.000348233,0.000375629,0.000313297,0.000372583,0.000404636,0.000416023,0.000379549,0.000373913,0.00037817,0.000375466,0.000369141,0.000407309,0.000327557,0.000399673,0.000383629,0.000387547,0.000413113,0.000383274,0.000346237,0.000366385,0.000266638,0.000370804,0.000370874,0.000357135,0.000347419,0.000254301,0.000417633,0.00042227,0.000378172,0.000385195,0.000260182,0.000399649,0.000396456,0.00032648,0.000382863,0.000272153,0.000392166,0.000405692,0.00029148,0.000398904
2713.380458,0.000350026,0.000377907,0.000314953,0.000374869,0.000406822,0.000418205,0.000381685,0.000376027,0.000380305,0.000377576,0.000371021,0.000409582,0.000329552,0.000401922,0.000385938,0.00038965,0.000415458,0.000385481,0.000348294,0.000368419,0.000268309,0.000372916,0.000372979,0.0003593,0.000349629,0.000256251,0.000419757,0.000424556,0.00038041,0.000387447,0.00026185,0.000401964,0.000398551,0.000328546,0.000385052,0.000274076,0.000394221,0.000407841,0.000293359,0.000401176
2715.308945,0.00035189,0.00038011,0.000316719,0.00037719,0.000409135,0.000420568,0.000383884,0.000378257,0.000382463,0.000379739,0.000372918,0.000411989,0.000331533,0.000404218,0.000388315,0.000391921,0.000417791,0.000387702,0.000350438,0.000370555,0.000270075,0.000375117,0.000375188,0.000361609,0.000351938,0.000258275,0.000421936,0.00042692,0.000382708,0.00038976,0.000263672,0.000404217,0.000400743,0.000330674,0.000387233,0.000276029,0.000396388,0.000410053,0.000295328,0.000403635
2717.237431,0.000353937,0.000382471,0.000318604,0.000379691,0.000411711,0.000422991,0.000386177,0.000380738,0.000384747,0.000381994,0.000374937,0.000414449,0.000333658,0.000406576,0.000390802,0.000394385,0.000420239,0.000389952,0.000352723,0.000372799,0.000272005,0.00037739,0.000377479,0.000364032,0.000354349,0.000260275,0.000424202,0.00042938,0.000385219,0.000392133,0.000265519,0.000406544,0.000403034,0.000333008,0.000389552,0.00027805,0.000398681,0.000412283,0.000297367,0.000406104
2719.165918,0.000356054,0.00038489,0.000320559,0.000382038,0.000414358,0.000425435,0.000388576,0.00038321,0.00038705,0.000384145,0.00037695,0.000416965,0.000335908,0.000409014,0.000393221,0.000396831,0.000422883,0.000392295,0.00035486,0.000375043,0.000273909,0.000379681,0.000379801,0.000366316,0.000356714,0.000262253,0.000426434,0.000431847,0.000387874,0.000394513,0.000267255,0.000408862,0.000405208,0.000335337,0.000391968,0.000280081,0.000400991,0.000414482,0.000299368,0.000408532
2721.094404,0.000358069,0.00038731,0.00032251,0.000384354,0.000416858,0.000427942,0.000390876,0.000385497,0.000389329,0.00038634,0.000379036,0.000419418,0.000338104,0.000411477,0.000395665,0.000399194,0.000425473,0.000394684,0.000356861,0.000377206,0.000275811,0.000382041,0.000382095,0.00036856,0.00035897,0.000264255,0.000428644,0.000434223,0.000390427,0.000396918,0.000269019,0.000411155,0.000407362,0.00033756,0.00039433,0.000282076,0.000403367,0.000416734,0.000301435,0.000410985
2723.022891,0.000359985,0.000389636,0.000324337,0.000386687,0.00041919,0.00043028,0.000393062,0.000387669,0.000391465,0.000388605,0.000381056,0.000421776,0.000340185,0.000413894,0.000398053,0.000401448,0.000427855,0.000396991,0.000358927,0.000379263,0.000277527,0.00038426,0.000384288,0.000370816,0.000361225,0.000266133,0.000430836,0.000436504,0.000392752,0.000399286,0.000270738,0.00041346,0.000409524,0.000339748,0.000396557,0.000283986,0.000405601,0.00041896,0.000303462,0.000413382
2724.951377,0.000361825,0.000391922,0.000326138,0.000388985,0.000421569,0.000432508,0.000395167,0.00039004,0.000393534,0.000390786,0.000382907,0.000424174,0.000342216,0.000416349,0.000400371,0.000403587,0.000430259,0.000399287,0.000361022,0.000381289,0.000279204,0.000386467,0.000386487,0.000373073,0.000363567,0.000268001,0.000433058,0.000438691,0.000395134,0.000401627,0.000272432,0.000415698,0.000411682,0.000342003,0.0003987,0.000285859,0.000407732,0.000421046,0.000305421,0.000415738
2726.879864,0.000363691,0.000394305,0.000328008,0.000391315,0.000423993,0.000434798,0.000397187,0.000392463,0.000395681,0.000392897,0.000384847,0.000426495,0.000344223,0.000418732,0.000402768,0.000405859,0.00043274,0.000401553,0.000363036,0.000383315,0.000280961,0.00038874,0.000388689,0.000375279,0.000365975,0.000269904,0.000435149,0.000440847,0.000397507,0.000403937,0.000274158,0.000417943,0.000413804,0.000344213,0.000400877,0.000287683,0.000409908,0.000423186,0.000307348,0.000418034
2728.80835,0.000365669,0.000396678,0.00032994,0.000393601,0.000426481,0.000437194,0.000399382,0.000394881,0.000397845,0.000394954,0.000386846,0.000428763,0.000346342,0.000421085,0.000405231,0.000408271,0.000435284,0.000403769,0.000365097,0.000385483,0.000282678,0.000390942,0.000390841,0.000377453,0.000368266,0.00027173,0.000437224,0.000443162,0.000399988,0.000406273,0.000275904,0.000420156,0.000415916,0.000346406,0.000403184,0.000289498,0.00041218,0.000425382,0.000309274,0.000420319
2730.736836,0.000367621,0.000398954,0.000331884,0.000395976,0.000428918,0.000439508,0.000401599,0.000397216,0.000400047,0.000397078,0.000388802,0.000431098,0.000348443,0.000423532,0.00040765,0.000410549,0.000437861,0.000406026,0.000367201,0.000387688,0.000284334,0.000393154,0.000392979,0.000379648,0.000370396,0.000273541,0.000439433,0.000445463,0.000402554,0.000408702,0.000277704,0.000422293,0.000418044,0.000348514,0.000405442,0.000291387,0.000414449,0.000427557,0.000311184,0.000422585
2732.665323,0.00036939,0.000401089,0.000333653,0.00039833,0.000431236,0.000441585,0.000403654,0.000399276,0.000402161,0.000399235,0.000390648,0.000433473,0.000350292,0.000425829,0.000409874,0.00041264,0.000440331,0.000408212,0.000369193,0.00038964,0.000285934,0.000395285,0.000395085,0.000381777,0.000372519,0.000275287,0.000441531,0.00044761,0.00040481,0.000410959,0.000279405,0.000424419,0.000420065,0.000350487,0.000407611,0.000293094,0.000416534,0.000429714,0.000312995,0.000424737
2734.593809,0.000371019,0.000403281,0.000335356,0.000400569,0.000433603,0.000443779,0.00040575,0.000401454,0.000404201,0.00040135,0.000392365,0.000435769,0.000352201,0.000427972,0.000412111,0.000414719,0.00044266,0.000410316,0.000371083,0.000391493,0.000287584,0.000397328,0.000397147,0.000383894,0.00037467,0.000276958,0.000443594,0.000449789,0.000407054,0.000413163,0.000280958,0.00042658,0.000422116,0.000352444,0.000409772,0.000294725,0.000418684,0.000431783,0.000314848,0.000426893
2736.522296,0.000372698,0.000405514,0.000337063,0.000402696,0.000435903,0.000446018,0.000407808,0.000403698,0.000406299,0.000403422,0.000394139,0.000437923,0.000354206,0.000430168,0.000414457,0.000416815,0.000444924,0.000412426,0.000372923,0.000393429,0.00028918,0.000399386,0.000399147,0.000385969,0.000376785,0.000278626,0.000445615,0.00045194,0.000409334,0.000415466,0.000282475,0.000428682,0.000424166,0.00035441,0.000411861,0.000296386,0.000420888,0.000433911,0.000316647,0.000429086
2738.450782,0.000374494,0.000407752,0.000338866,0.000404851,0.00043823,0.000448131,0.000409848,0.000405926,0.000408437,0.000405344,0.000396095,0.000440209,0.000356178,0.000432477,0.000416812,0.000418964,0.00044725,0.000414528,0.000374825,0.000395402,0.000290672,0.000401553,0.000401252,0.000388066,0.000378927,0.000280226,0.000447606,0.000454137,0.000411622,0.000417747,0.000284052,0.00043076,0.000426187,0.000356505,0.000413988,0.000298018,0.000422957,0.000436053,0.000318412,0.00043136
2740.379269,0.000376192,0.000409968,0.000340709,0.000407094,0.000440573,0.000450311,0.000411836,0.000408228,0.000410462,0.00040726,0.000397901,0.000442584,0.000358156,0.000434837,0.000419144,0.000421147,0.000449568,0.000416601,0.000376653,0.000397368,0.000292059,0.000403691,0.000403366,0.00039015,0.000381116,0.000281705,0.00044959,0.00045627,0.000413926,0.00041996,0.000285612,0.000432873,0.000428179,0.000358535,0.000416046,0.000299622,0.00042488,0.000438034,0.000320164,0.000433664
2742.307755,0.000377833,0.000412147,0.000342412,0.00040923,0.000442886,0.000452429,0.000413796,0.000410529,0.000412402,0.000409301,0.000399462,0.000444805,0.00036007,0.000437159,0.00042139,0.000423298,0.000451915,0.000418744,0.000378444,0.000399337,0.000293399,0.000405714,0.000405461,0.000392168,0.000383241,0.000283214,0.000451615,0.000458335,0.000416173,0.000422184,0.000287117,0.000434959,0.000430141,0.000360484,0.000418092,0.000301134,0.000426899,0.000439982,0.000321919,0.000435843
2744.236242,0.000379511,0.00041431,0.000344076,0.000411415,0.000445233,0.000454453,0.000415849,0.000412818,0.00041442,0.000411312,0.000401122,0.000447009,0.00036188,0.000439396,0.000423576,0.000425478,0.00045434,0.000420892,0.00038027,0.000401312,0.000294805,0.000407812,0.000407618,0.00039423,0.000385307,0.000284733,0.000453696,0.000460543,0.000418475,0.000424465,0.000288564,0.000437021,0.000432117,0.000362482,0.000420326,0.000302614,0.000429121,0.000442023,0.000323684,0.000437895
2746.164728,0.000381079,0.000416316,0.000345701,0.00041361,0.000447554,0.000456558,0.000417842,0.000415041,0.000416473,0.000413324,0.000402945,0.000449352,0.00036366,0.000441602,0.00042578,0.000427563,0.00045674,0.000422937,0.000382025,0.000403266,0.000296226,0.000409882,0.000409676,0.000396357,0.00038742,0.000286175,0.000455686,0.000462724,0.000420732,0.000426704,0.000289933,0.000439036,0.000434142,0.00036446,0.000422576,0.000304083,0.000431275,0.000444079,0.000325274,0.00044
2748.093215,0.000382703,0.000418434,0.000347426,0.000415817,0.000449904,0.000458726,0.000419865,0.000417289,0.000418568,0.000415381,0.000404705,0.000451719,0.000365503,0.000443853,0.000428106,0.000429612,0.000459097,0.00042507,0.000383846,0.000405196,0.000297675,0.000412009,0.000411726,0.000398555,0.00038959,0.000287608,0.000457729,0.000464963,0.000423072,0.000428999,0.000291333,0.000441131,0.000436289,0.000366491,0.000424775,0.00030556,0.000433348,0.000446053,0.000326925,0.000442294
2750.021701,0.000384414,0.000420705,0.00034921,0.000418217,0.000452251,0.000460946,0.000422033,0.000419642,0.000420684,0.000417459,0.000406375,0.000454055,0.000367419,0.000446169,0.000430521,0.000431842,0.000461471,0.000427262,0.000385675,0.000407134,0.000299036,0.000414202,0.000413919,0.000400755,0.000391719,0.000289068,0.000459901,0.000467257,0.000425553,0.000431372,0.000292778,0.000443291,0.000438391,0.000368593,0.000426984,0.000307038,0.000435441,0.000448078,0.000328722,0.000444615
2751.950188,0.000386071,0.000423094,0.000350971,0.00042071,0.000454768,0.000463403,0.000424313,0.000422106,0.000422953,0.000419662,0.000408295,0.000456524,0.000369537,0.000448691,0.000432957,0.000434253,0.000464105,0.000429535,0.000387671,0.000409185,0.00030043,0.000416421,0.000416284,0.000403059,0.000393959,0.000290677,0.000462247,0.000469612,0.000428105,0.00043387,0.000294344,0.000445566,0.000440538,0.000370801,0.000429301,0.000308631,0.000437719,0.000450351,0.000330617,0.000447051
2753.878674,0.000387684,0.000425508,0.000352665,0.000423138,0.000457282,0.000465797,0.00042651,0.000424502,0.000425205,0.000421903,0.000410184,0.000458998,0.000371552,0.000451256,0.000435328,0.000436578,0.000466784,0.000431791,0.000389767,0.000411238,0.000301878,0.000418683,0.000418525,0.000405377,0.000396301,0.000292289,0.000464384,0.000471998,0.000430597,0.000436402,0.000295818,0.000447882,0.000442642,0.000373008,0.00043158,0.000310198,0.000439991,0.000452711,0.000332478,0.000449483
2755.80716,0.000389434,0.000427825,0.000354399,0.00042563,0.000459772,0.000468114,0.000428687,0.00042702,0.000427406,0.000424162,0.000411914,0.000461508,0.000373495,0.000453724,0.000437744,0.000438838,0.000469323,0.000434049,0.000391768,0.000413339,0.000303363,0.000420961,0.000420725,0.000407706,0.000398624,0.000293916,0.000466417,0.000474341,0.000433244,0.000438865,0.000297232,0.000450139,0.000444803,0.000375258,0.000433936,0.000311887,0.00044221,0.000454967,0.000334335,0.000451858
2757.735647,0.000391452,0.000430317,0.000356354,0.000428277,0.000462487,0.000470786,0.000431061,0.000429772,0.000429839,0.000426485,0.000413778,0.000464153,0.000375712,0.000456345,0.000440336,0.000441227,0.000472036,0.000436549,0.00039391,0.000415677,0.000305135,0.000423406,0.00042315,0.000410248,0.000401079,0.000295734,0.000468854,0.000476889,0.000436145,0.000441486,0.000298968,0.000452528,0.000447287,0.000377643,0.000436583,0.000313878,0.000444645,0.000457307,0.000336405,0.000454499
2759.664133,0.0003934,0.000432845,0.000358285,0.00043081,0.000465189,0.000473483,0.000433439,0.000432485,0.000432239,0.000428807,0.0004157,0.000466785,0.00037788,0.000459046,0.000442933,0.000443537,0.000474917,0.000439012,0.000396119,0.000417956,0.000306917,0.000425884,0.000425606,0.000412835,0.000403595,0.000297538,0.000471306,0.000479503,0.000438846,0.000444206,0.000300817,0.000454912,0.000449686,0.000380028,0.000439213,0.000315701,0.000447017,0.00045971,0.000338441,0.000457154
2761.59262,0.000395179,0.000435394,0.000360329,0.00043335,0.000467902,0.00047614,0.000435832,0.000435242,0.000434619,0.000431176,0.000417769,0.000469403,0.000380068,0.000461746,0.000445641,0.000445942,0.000477844,0.000441403,0.000398335,0.000420208,0.000308687,0.000428405,0.000428128,0.000415411,0.000406097,0.000299366,0.000473703,0.00048206,0.000441596,0.000446927,0.00030266,0.00045742,0.000452006,0.000382521,0.000441783,0.000317516,0.000449357,0.000462043,0.00034046,0.000459743
2763.521106,0.000397083,0.000438039,0.000362437,0.000436097,0.000470701,0.000478896,0.000438295,0.000438015,0.000437122,0.000433611,0.00041994,0.000472102,0.000382383,0.000464523,0.000448505,0.000448593,0.000480729,0.00044389,0.000400615,0.000422667,0.00031065,0.000431018,0.000430727,0.000418039,0.000408722,0.000301324,0.000476148,0.000484677,0.000444527,0.00044968,0.000304478,0.000460022,0.000454448,0.00038515,0.000444433,0.000319517,0.000451909,0.000464416,0.000342571,0.0004625
2765.449593,0.000399075,0.00044075,0.000364487,0.000438989,0.000473635,0.00048167,0.000440858,0.000440853,0.000439746,0.000436128,0.000422062,0.000474993,0.000384733,0.000467362,0.000451334,0.000451248,0.0004836,0.000446523,0.000403054,0.000425105,0.000312697,0.000433663,0.000433357,0.000420808,0.000411486,0.000303354,0.000478698,0.000487391,0.000447467,0.000452503,0.000306423,0.000462549,0.000456991,0.000387753,0.000447255,0.000321663,0.000454531,0.00046692,0.000344844,0.000465431
2767.378079,0.000401021,0.000443575,0.000366658,0.000441933,0.000476605,0.000484539,0.000443555,0.000443803,0.000442374,0.000438717,0.000424234,0.000477805,0.000387229,0.000470285,0.000454153,0.00045392,0.00048664,0.000449243,0.000405575,0.000427564,0.000314876,0.000436381,0.00043602,0.000423782,0.000414295,0.00030551,0.000481361,0.000490153,0.000450556,0.000455399,0.000308639,0.000465213,0.000459637,0.00039038,0.000450108,0.000323912,0.000457195,0.000469629,0.000347231,0.000468459
2769.306566,0.000403135,0.000446543,0.000368983,0.000444981,0.000479653,0.000487589,0.000446282,0.000446864,0.000445072,0.000441408,0.000426627,0.000480591,0.000389919,0.000473388,0.000457133,0.000456766,0.000489916,0.000452077,0.000408103,0.000430304,0.000317185,0.000439207,0.00043884,0.000426865,0.000417224,0.000307803,0.000484153,0.000493078,0.00045384,0.000458462,0.000310873,0.000468069,0.000462436,0.000393224,0.000453017,0.000326244,0.000460008,0.000472359,0.000349627,0.000471449
2771.235052,0.000405434,0.000449672,0.000371453,0.000448292,0.000482905,0.000490904,0.000449102,0.000450109,0.000447968,0.000444203,0.000429098,0.000483646,0.000392714,0.000476693,0.000460232,0.000459705,0.000493248,0.000455057,0.00041081,0.000433225,0.000319558,0.000442131,0.000441874,0.000429975,0.000420336,0.000310227,0.000487129,0.000496208,0.000457283,0.000461727,0.000313209,0.000471028,0.00046536,0.000396259,0.000456161,0.000328691,0.000462873,0.000475098,0.000352188,0.000474471
2773.163539,0.000407824,0.00045277,0.000373949,0.000451617,0.000486244,0.000494242,0.000452066,0.000453488,0.000450814,0.000447056,0.000431692,0.000486819,0.000395505,0.000480035,0.000463336,0.000462681,0.000496636,0.000457966,0.00041355,0.000436082,0.000321998,0.000445065,0.000444903,0.000433144,0.000423516,0.000312689,0.000489998,0.000499316,0.00046083,0.00046505,0.000315692,0.00047394,0.000468279,0.000399355,0.000459385,0.000331137,0.000465779,0.000478053,0.000354841,0.000477707
2775.092025,0.0004103,0.000455932,0.000376534,0.000454876,0.0004897,0.000497554,0.000455068,0.000456919,0.000453798,0.000449993,0.000434389,0.000490063,0.000398387,0.000483343,0.000466558,0.000465845,0.000500216,0.000460988,0.000416293,0.000438947,0.000324533,0.000448151,0.000447942,0.000436476,0.000426729,0.000315157,0.000492985,0.000502479,0.000464461,0.000468518,0.000318266,0.000476976,0.000471222,0.000402512,0.000462774,0.000333783,0.00046878,0.000481066,0.000357591,0.000481016
2777.020512,0.00041286,0.000459316,0.000379276,0.000458371,0.000493169,0.000501155,0.000458154,0.000460484,0.000457005,0.000453014,0.000437015,0.000493356,0.000401378,0.000486807,0.00046993,0.000469143,0.00050389,0.000464196,0.000419216,0.000442032,0.000327304,0.000451438,0.000451185,0.000440076,0.000430124,0.000317846,0.000496255,0.000505837,0.000468269,0.000472123,0.000321005,0.000480213,0.000474328,0.000405866,0.000466307,0.000336589,0.000471899,0.000484154,0.000360511,0.000484442
2778.948998,0.000415649,0.000462847,0.000382208,0.000462121,0.000496787,0.000505015,0.000461411,0.00046432,0.000460253,0.000456145,0.000439876,0.000496688,0.000404531,0.000490557,0.00047342,0.000472552,0.000507619,0.000467547,0.000422321,0.000445221,0.000330273,0.000454852,0.000454614,0.00044385,0.000433755,0.000320678,0.000499595,0.000509333,0.000472368,0.000475783,0.00032384,0.000483562,0.000477641,0.000409482,0.000469925,0.000339478,0.000475151,0.000487427,0.00036354,0.000488273
2780.877485,0.000418505,0.000466424,0.000385217,0.000465887,0.000500597,0.000508811,0.00046469,0.000468232,0.000463553,0.000459358,0.000442794,0.000500148,0.000407911,0.000494406,0.000477006,0.000476087,0.000511409,0.000471001,0.000425451,0.000448402,0.000333278,0.000458299,0.000458063,0.000447593,0.00043739,0.000323501,0.000502981,0.000512863,0.000476531,0.000479522,0.000326769,0.000486966,0.000480948,0.000413125,0.00047368,0.000342384,0.000478359,0.000490758,0.000366588,0.000492263
2782.805971,0.000421429,0.000470103,0.000388312,0.000469791,0.000504509,0.000512701,0.000468069,0.000472305,0.000466976,0.000462696,0.000445792,0.000503816,0.000411435,0.000498332,0.000480721,0.000479789,0.000515418,0.000474379,0.000428584,0.000451653,0.000336427,0.000461844,0.000461682,0.00045149,0.000441113,0.000326503,0.000506448,0.000516567,0.000480811,0.000483457,0.000329893,0.000490469,0.000484432,0.000416825,0.000477619,0.000345402,0.000481731,0.000494102,0.000369736,0.000496292
2784.734457,0.000424487,0.000473896,0.000391495,0.0004739,0.000508518,0.000516951,0.000471571,0.000476517,0.000470559,0.000466122,0.00044904,0.000507557,0.000414943,0.00050243,0.000484595,0.000483573,0.00051964,0.000477824,0.000431879,0.000455079,0.000339726,0.000465569,0.000465425,0.000455704,0.000445062,0.000329712,0.000510017,0.000520378,0.000485261,0.000487539,0.000333146,0.000494203,0.00048808,0.000420728,0.000481729,0.000348726,0.000485302,0.000497607,0.000373107,0.000500384
2786.662944,0.000427664,0.000477807,0.000394756,0.000478062,0.000512644,0.000521286,0.000475183,0.00048076,0.000474265,0.000469604,0.000452387,0.000511332,0.000418517,0.000506596,0.000488621,0.000487429,0.00052397,0.000481506,0.000435352,0.000458729,0.000343157,0.000469356,0.000469223,0.000460064,0.000449228,0.000333051,0.000513686,0.000524221,0.00048982,0.000491657,0.000336463,0.000498027,0.00049169,0.00042478,0.00048583,0.000352134,0.000488891,0.000501347,0.000376599,0.000504497
2788.59143,0.000431082,0.000481943,0.000398313,0.000482452,0.000516989,0.000525704,0.000478987,0.000485181,0.000478062,0.000473278,0.00045586,0.000515229,0.000422369,0.00051086,0.00049277,0.000491512,0.000528411,0.0004854,0.00043896,0.000462562,0.00034683,0.000473263,0.000473216,0.000464433,0.00045357,0.000336478,0.00051748,0.000528381,0.000494606,0.000496018,0.000339921,0.000501979,0.000495486,0.000429029,0.000490109,0.000355693,0.000492619,0.000505112,0.000380177,0.000508879
2790.519917,0.00043463,0.000486147,0.000402024,0.000487061,0.000521405,0.000530459,0.000482916,0.000489806,0.000481903,0.000477041,0.00045939,0.000519277,0.000426408,0.000515274,0.000496964,0.000495734,0.00053297,0.000489373,0.000442676,0.000466541,0.000350641,0.000477337,0.000477335,0.000468984,0.000457916,0.000340108,0.000521457,0.000532675,0.000499414,0.000500545,0.000343589,0.000506044,0.000499394,0.00043344,0.0004947,0.000359415,0.000496505,0.000508931,0.000383883,0.000513549
2792.448403,0.000438297,0.000490446,0.000405912,0.000491802,0.000525976,0.000535404,0.000486986,0.000494692,0.000485956,0.000480927,0.000463108,0.000523522,0.000430556,0.000519916,0.000501282,0.000500242,0.000537739,0.000493497,0.000446499,0.000470541,0.000354542,0.000481619,0.000481591,0.000473836,0.000462465,0.000343958,0.000525691,0.000536933,0.000504425,0.000505127,0.000347518,0.0005102,0.000503415,0.000437972,0.000499452,0.000363365,0.00050053,0.000512915,0.000387762,0.000518318
2794.37689,0.000442082,0.00049494,0.000409843,0.000496609,0.000530686,0.000540356,0.00049108,0.000499657,0.000490196,0.00048501,0.000467015,0.000527789,0.000434847,0.000524734,0.000505776,0.000504886,0.000542574,0.000497791,0.000450463,0.000474664,0.000358597,0.000485948,0.000485924,0.000478832,0.00046725,0.000347877,0.00052999,0.000541213,0.000509654,0.000509853,0.000351535,0.000514546,0.000507589,0.000442728,0.000504248,0.000367467,0.000504593,0.00051703,0.000391769,0.000523168
2796.305376,0.000446139,0.000499607,0.000413867,0.000501508,0.000535523,0.000545538,0.000495296,0.000504708,0.0004945,0.000489117,0.000471069,0.000532148,0.000439366,0.000529555,0.000510407,0.00050955,0.000547578,0.000502105,0.000454617,0.000479099,0.000362845,0.0004903,0.000490383,0.000483958,0.000472169,0.000351995,0.000534317,0.000545692,0.000514984,0.000514743,0.000355616,0.000519063,0.000511964,0.000447712,0.000509207,0.000371602,0.000508858,0.000521335,0.000395917,0.000528129
2798.233863,0.000450388,0.000504355,0.000418132,0.000506653,0.000540497,0.000550956,0.0004997,0.000509921,0.000498903,0.000493358,0.000475235,0.000536623,0.000443992,0.000534455,0.000515144,0.000514416,0.000552734,0.000506554,0.000458853,0.000483669,0.000367302,0.000494844,0.000494997,0.000489254,0.000477236,0.000356283,0.000538778,0.000550459,0.00052056,0.000519829,0.000359923,0.000523746,0.000516465,0.00045279,0.000514434,0.000375963,0.000513288,0.000525783,0.000400249,0.000533176
2800.162349,0.000454639,0.000509153,0.000422436,0.000512045,0.000545638,0.000556559,0.000504233,0.000515442,0.000503394,0.000497863,0.00047955,0.000541275,0.00044872,0.000539581,0.000520042,0.000519476,0.000558115,0.000511248,0.000463201,0.000488286,0.000371941,0.000499603,0.000499761,0.000494782,0.000482448,0.000360726,0.000543395,0.000555297,0.000526381,0.000525084,0.000364346,0.000528586,0.000521042,0.000458034,0.000519798,0.00038053,0.000517718,0.000530421,0.000404709,0.000538513
2802.090836,0.000459081,0.000514129,0.000426945,0.000517711,0.000551041,0.000562413,0.000508965,0.000521242,0.000508125,0.000502473,0.000484112,0.000546102,0.000453717,0.000544948,0.000525102,0.000524829,0.0005639,0.000516092,0.000467769,0.00049305,0.00037672,0.000504569,0.000504689,0.000500522,0.000487857,0.000365327,0.000548288,0.0005603,0.000532439,0.000530504,0.000368839,0.000533601,0.000525856,0.000463541,0.000525352,0.000385275,0.000522363,0.000535221,0.000409284,0.00054409
2804.019322,0.000463808,0.000519394,0.000431596,0.000523573,0.000556637,0.000568586,0.000513867,0.000527151,0.000513231,0.000507234,0.000488906,0.00055104,0.000458938,0.000550578,0.000530392,0.000530402,0.000569786,0.000521083,0.000472457,0.00049801,0.000381672,0.000509634,0.000509798,0.000506559,0.00049346,0.000370122,0.000553386,0.000565584,0.00053864,0.000536192,0.000373547,0.000538734,0.000530846,0.000469329,0.000531246,0.000390187,0.000527217,0.000540063,0.000414036,0.000549936
2805.947809,0.000468825,0.000525008,0.000436471,0.000529693,0.00056252,0.000575239,0.00051891,0.000533461,0.00051846,0.000512281,0.000493921,0.000556337,0.000464353,0.000556421,0.000535983,0.000536258,0.000575906,0.000526284,0.00047738,0.000503079,0.00038675,0.000514889,0.000515168,0.000512984,0.000499371,0.000375189,0.000558526,0.000571035,0.000545218,0.000542179,0.000378507,0.000543954,0.000536041,0.000475507,0.000537407,0.000395443,0.000532247,0.000545034,0.000418998,0.000556205
2807.876295,0.000473879,0.000530668,0.000441536,0.000535989,0.000568412,0.000582029,0.000524105,0.000540024,0.000523713,0.000517397,0.000499007,0.000561719,0.00046989,0.000562311,0.000541658,0.000542368,0.000582155,0.000531584,0.000482467,0.000508377,0.000391832,0.000520278,0.000520598,0.000519601,0.000505515,0.000380232,0.000563704,0.000576552,0.000552041,0.00054828,0.000383549,0.00054927,0.000541327,0.000481871,0.000543616,0.000400835,0.00053737,0.000550135,0.00042405,0.000562498
2809.804782,0.000479061,0.000536399,0.000446672,0.000542433,0.000574465,0.000589038,0.000529529,0.000546766,0.000529203,0.000522522,0.000504237,0.00056723,0.00047554,0.000568425,0.000547421,0.000548675,0.000588505,0.000537005,0.000487604,0.000514006,0.000396959,0.000525799,0.000526124,0.000526416,0.000511949,0.000385309,0.000569074,0.000582248,0.00055903,0.000554482,0.00038855,0.000554804,0.000546716,0.000488291,0.000550163,0.000406179,0.00054258,0.000555386,0.000429216,0.000569016
2811.733268,0.000484507,0.000542476,0.000452004,0.000549345,0.00058092,0.000596455,0.000535058,0.000553732,0.000534856,0.000527892,0.000509706,0.000573051,0.0004813,0.0005749,0.00055342,0.000555292,0.000595297,0.000542631,0.000492945,0.000519791,0.000402221,0.000531524,0.000531895,0.000533555,0.000518708,0.000390597,0.000574626,0.000588202,0.000566565,0.000561025,0.000393539,0.000560575,0.000552371,0.000495046,0.000557203,0.00041178,0.000548148,0.000560918,0.000434533,0.000576012
2813.661754,0.000490167,0.000548813,0.000457551,0.000556661,0.00058765,0.000604152,0.000540846,0.000561089,0.000540814,0.000533603,0.000515562,0.000579178,0.000487375,0.000581604,0.000559881,0.000562146,0.00060259,0.000548622,0.00049858,0.000525884,0.000407825,0.000537537,0.000537984,0.000541176,0.000525745,0.000396146,0.000580565,0.000594469,0.000574547,0.000568059,0.000398779,0.000566526,0.000558277,0.000502356,0.000564514,0.000417674,0.000554036,0.00056674,0.00044002,0.000583331
2815.590241,0.000496183,0.000555417,0.000463352,0.000564327,0.000594735,0.000612485,0.000546928,0.000569143,0.000547047,0.000539681,0.000521717,0.000585667,0.000493827,0.000588652,0.000566751,0.000569309,0.000610344,0.00055494,0.000504531,0.00053231,0.000413747,0.000543935,0.000544368,0.000549301,0.000533226,0.000401901,0.00058696,0.000601131,0.000582891,0.000575499,0.000404292,0.000572701,0.000564475,0.000510097,0.000572242,0.000423758,0.000560013,0.000572772,0.000445683,0.000591044
2817.518727,0.000502499,0.000562514,0.000469278,0.000572515,0.000602183,0.000621468,0.000553203,0.000577686,0.000553623,0.000546095,0.000528161,0.000592368,0.000500527,0.000596126,0.000573861,0.00057691,0.000618358,0.000561433,0.00051076,0.000538997,0.000419852,0.000550586,0.000551062,0.000557964,0.000541153,0.000407717,0.000593572,0.000608155,0.000591706,0.000583207,0.000409774,0.000579189,0.000571001,0.000518231,0.000580484,0.000430067,0.000566367,0.000579089,0.000451535,0.000599295
2819.447214,0.000509082,0.000570143,0.000475541,0.000581325,0.000610192,0.000630965,0.000559967,0.000586728,0.000560831,0.00055281,0.000534876,0.000599623,0.000507558,0.000604004,0.000581428,0.000585101,0.000626959,0.000568364,0.000517375,0.000546189,0.000426062,0.00055762,0.000558196,0.000567353,0.000549689,0.000413828,0.000600629,0.000615639,0.000601227,0.000591524,0.000415335,0.000586239,0.000577988,0.000526997,0.000589427,0.000436742,0.000573218,0.000585845,0.000457637,0.000608166
2821.3757,0.000515926,0.00057823,0.000482112,0.000590826,0.00061873,0.000641156,0.000567169,0.000596446,0.000568365,0.00055998,0.00054171,0.000607465,0.000514906,0.000612474,0.00058952,0.000593863,0.000636356,0.000575773,0.000524449,0.00055395,0.000432453,0.000565092,0.000565748,0.000577521,0.000558871,0.000420135,0.000608208,0.000623576,0.000611629,0.000600637,0.000421077,0.000593787,0.000585502,0.000536418,0.000599149,0.000443626,0.000580395,0.00059315,0.000463938,0.000617632
2823.304187,0.000523241,0.000587119,0.000488956,0.000601136,0.000628103,0.000652414,0.000574991,0.000607194,0.000576467,0.000567705,0.000549292,0.000615756,0.000522758,0.000621778,0.000598311,0.000603292,0.000646528,0.000583842,0.000532044,0.000562372,0.000439373,0.000573259,0.000573965,0.000588587,0.000568761,0.000426646,0.000616378,0.000632104,0.000623021,0.000610407,0.000427006,0.00060184,0.000593613,0.000546612,0.00060962,0.000450912,0.000588233,0.000600994,0.000470594,0.000628066
2825.232673,0.00053104,0.000596768,0.000496284,0.000612436,0.000638388,0.000664826,0.000583531,0.000619125,0.000585382,0.000576086,0.000557501,0.000624705,0.000531191,0.000631904,0.000607861,0.000613541,0.000657633,0.000592701,0.000540237,0.000571583,0.000446482,0.000582159,0.000582908,0.000600759,0.000579493,0.000433557,0.000625183,0.000641422,0.000635485,0.000621081,0.00043318,0.000610549,0.000602443,0.000557564,0.000621038,0.000458649,0.000596761,0.000609428,0.000477607,0.000639526
2827.16116,0.000539403,0.00060723,0.000504149,0.000624987,0.000649432,0.000678538,0.000592758,0.000632265,0.000595155,0.00058537,0.00056617,0.000634517,0.000540348,0.000643057,0.000618398,0.000624668,0.000669915,0.000602286,0.000549214,0.000581712,0.000453865,0.000591763,0.000592673,0.00061427,0.000591377,0.000440796,0.000634697,0.000651591,0.000649328,0.000633027,0.000439641,0.00062004,0.000612139,0.00056961,0.000633712,0.000466762,0.000605967,0.000618676,0.000485055,0.000652012
2829.089646,0.000548621,0.000618945,0.000512666,0.000639012,0.000661754,0.000694063,0.000602947,0.000647189,0.000605976,0.000595548,0.000575697,0.000645405,0.000550524,0.000655594,0.000630224,0.00063704,0.000683698,0.000612912,0.00055932,0.000593029,0.000462126,0.000602443,0.000603465,0.000629454,0.000604803,0.000448636,0.000645358,0.000662943,0.000664987,0.000646501,0.000446497,0.000630519,0.000622792,0.000583441,0.000648153,0.000475712,0.000616157,0.00062867,0.000493212,0.00066604
2831.018133,0.000558707,0.000632138,0.000521871,0.000655059,0.000675657,0.000711902,0.000614305,0.000664661,0.000617995,0.000606758,0.000586184,0.00065759,0.000561973,0.000669815,0.000643405,0.000651137,0.000699187,0.000624782,0.000570537,0.000605725,0.000471166,0.000614201,0.00061553,0.000647007,0.000619818,0.000457285,0.000657338,0.000675798,0.000682896,0.000661885,0.00045398,0.00064222,0.000634651,0.000599227,0.000664863,0.000485535,0.0006276,0.000639676,0.000502196,0.000681986
2832.946619,0.00056989,0.00064713,0.000532354,0.000673997,0.00069172,0.000732904,0.000627022,0.000685552,0.000631615,0.0006194,0.000598116,0.00067132,0.000575176,0.000686391,0.00065849,0.000667528,0.000717278,0.000638151,0.000583099,0.000620154,0.00048116,0.000627361,0.000629297,0.000667723,0.000637054,0.000466924,0.000670761,0.000690362,0.000704075,0.000679883,0.000462379,0.000655525,0.000648005,0.000617758,0.000684474,0.000496526,0.000640486,0.00065217,0.00051224,0.000700413
2834.875106,0.00058248,0.00066411,0.000544452,0.00069634,0.000710345,0.000757959,0.00064115,0.000710826,0.000646964,0.000633665,0.00061179,0.000686728,0.000590431,0.000705875,0.000675805,0.000686815,0.000738899,0.000653414,0.000597337,0.000636582,0.000492315,0.000642229,0.000644926,0.000692355,0.000657329,0.000477823,0.000685883,0.000706923,0.000729499,0.000701443,0.000471666,0.000670672,0.000662934,0.000640064,0.000707883,0.000508952,0.00065492,0.000666162,0.000523558,0.000722319
2836.803592,0.000597263,0.000683951,0.000558439,0.000723525,0.000732318,0.000788867,0.000657182,0.000742468,0.000664575,0.000650029,0.000627826,0.000704456,0.000608477,0.000729378,0.000696002,0.00071019,0.000765174,0.000671269,0.000613463,0.000655557,0.000504999,0.000659363,0.000663113,0.000722464,0.000681661,0.00049048,0.000703364,0.000726271,0.000760884,0.000727951,0.000482175,0.00068826,0.000680067,0.000667646,0.000736835,0.00052337,0.000671555,0.00068209,0.000536761,0.000749127
2838.732079,0.000614966,0.000707923,0.000575229,0.000757734,0.000759076,0.000827908,0.000675709,0.000783157,0.000685244,0.000669017,0.000647301,0.000725128,0.000630608,0.000758549,0.00072042,0.000739462,0.000798023,0.000692602,0.000632236,0.000677981,0.000519898,0.00067973,0.000684869,0.000760501,0.000711615,0.000505688,0.000724082,0.000749649,0.000800778,0.000761387,0.000494411,0.000709072,0.000700133,0.000702731,0.000773474,0.000540722,0.000691193,0.000700643,0.000552596,0.000782497
2840.660565,0.000636722,0.000737527,0.000596169,0.000801679,0.00079256,0.000877968,0.000697928,0.000836381,0.00071032,0.000691788,0.000671566,0.000749826,0.000658483,0.000795737,0.000750851,0.000777215,0.000840136,0.000718833,0.000655075,0.000705147,0.000537808,0.000704499,0.0007117,0.000809517,0.000749664,0.000524516,0.000749356,0.000778717,0.000852331,0.00080485,0.00050886,0.000734608,0.000724242,0.000748088,0.000820786,0.000562007,0.000714913,0.000722875,0.000572012,0.000825032
2842.589051,0.00066445,0.00077503,0.000623091,0.000858846,0.00083568,0.000942347,0.000725727,0.000906564,0.000741567,0.00072027,0.000702493,0.000780085,0.00069387,0.000844547,0.00078975,0.000826117,0.000894979,0.000752286,0.000683989,0.000739571,0.000560139,0.000735524,0.000745718,0.000872695,0.000799219,0.000548682,0.000781118,0.000815513,0.000919217,0.000862406,0.000526319,0.000766973,0.000754232,0.000807254,0.000882922,0.000589007,0.000744265,0.000750362,0.000596489,0.000879624
2844.517538,0.000700137,0.000824336,0.000658489,0.000933444,0.000892611,0.001024409,0.000761665,0.000999478,0.000781399,0.00075732,0.000742936,0.000817807,0.000739222,0.000909627,0.000840885,0.000889346,0.000966876,0.000796485,0.00072237,0.000785066,0.000589008,0.000775874,0.000789986,0.000954741,0.000865159,0.000581037,0.000822338,0.000862592,0.001005576,0.000939724,0.000548085,0.000809057,0.000792794,0.000884225,0.000964484,0.000624481,0.000781773,0.000785348,0.000628211,0.000949707
2846.446024,0.000743431,0.00088667,0.00070274,0.001024738,0.000963701,0.001121019,0.000806386,0.001114206,0.000830446,0.000804364,0.000792474,0.00086356,0.000794229,0.000990914,0.000905268,0.000965449,0.001055184,0.000852455,0.000771911,0.000842778,0.000624929,0.000826425,0.00084485,0.001055054,0.000947969,0.000622758,0.000873337,0.000919247,0.001109192,0.001037475,0.00057473,0.00086194,0.000840204,0.000977304,0.001063904,0.000669491,0.000827879,0.000828516,0.000667797,0.001034289
2848.374511,0.000782464,0.000944333,0.000744096,0.001106053,0.001026092,0.00120179,0.000847248,0.001216009,0.000874727,0.000848534,0.000836498,0.000905942,0.000843875,0.001062703,0.00096465,0.001031184,0.001134205,0.000904608,0.000818456,0.000896014,0.000658936,0.000872471,0.000894657,0.001144995,0.001022728,0.000662081,0.00091888,0.000970035,0.001199892,0.001126219,0.000600772,0.000910774,0.000882848,0.001059259,0.001151103,0.000712352,0.00087013,0.00086831,0.000705392,0.001109626
2850.302997,0.000799545,0.000965011,0.00076334,0.001131997,0.001041849,0.001223931,0.000862074,0.00124534,0.00088982,0.000865293,0.000854021,0.000924096,0.000864176,0.001081024,0.000985548,0.001051757,0.001160377,0.000923593,0.00083534,0.000913586,0.000676184,0.000888659,0.000912633,0.001174875,0.00104698,0.000679395,0.000933665,0.000989109,0.001229729,0.00115244,0.000616868,0.000928433,0.000898051,0.00108713,0.001175715,0.00073303,0.000886563,0.000883541,0.000723952,0.001136501
2852.231484,0.00079516,0.000944794,0.000759076,0.001099053,0.001010303,0.001189256,0.000848846,0.001197941,0.000874252,0.00085143,0.000845671,0.000914673,0.00085361,0.001044494,0.000964193,0.001026639,0.001129782,0.000905049,0.000820113,0.000892843,0.000676512,0.000873369,0.000896345,0.001140306,0.001018032,0.000675319,0.000916557,0.00097359,0.001195637,0.001111767,0.00062227,0.000912413,0.000884347,0.001059,0.001134897,0.000730338,0.000874485,0.000871907,0.000722054,0.001111416
2854.15997,0.000783894,0.0009107,0.000746429,0.001045773,0.000965474,0.001136022,0.000826519,0.001125663,0.000849241,0.00082714,0.000829295,0.000893944,0.000832203,0.000992313,0.000928414,0.000986319,0.001079171,0.000873566,0.000794939,0.000860829,0.000672214,0.000847939,0.000868346,0.001083473,0.000971717,0.000665989,0.000889694,0.000944914,0.001138233,0.001050377,0.000624024,0.000885616,0.000860947,0.001010825,0.001072866,0.000720076,0.000852387,0.000851375,0.000713155,0.001066815
2856.088457,0.00077421,0.000880896,0.000735322,0.000997809,0.000928775,0.001088337,0.000807824,0.001062007,0.000828267,0.000806713,0.000815097,0.000874103,0.000813358,0.000948614,0.000896971,0.000950591,0.001033524,0.000846432,0.000774472,0.000834675,0.000670162,0.000826218,0.000843742,0.001031871,0.000930956,0.000659822,0.000867016,0.000918137,0.001084835,0.000997297,0.0006266,0.000862899,0.000840728,0.000966354,0.001018392,0.000712074,0.000833032,0.000834117,0.00070569,0.001024585
2858.016943,0.000767764,0.000858836,0.000727865,0.000960362,0.000902987,0.001050318,0.000795159,0.001012967,0.000813612,0.000792725,0.000804963,0.000858536,0.000800117,0.00091683,0.000873604,0.000923027,0.000997923,0.000826994,0.000761218,0.000816864,0.000671495,0.000810803,0.000825665,0.000991283,0.000899911,0.00065785,0.000850946,0.00089734,0.001041473,0.000957325,0.000630975,0.000846875,0.000826552,0.000930605,0.000976813,0.000707873,0.000819009,0.000822406,0.000701451,0.000990244
2859.94543,0.00076408,0.000843801,0.000723974,0.000932298,0.000885807,0.001020684,0.000787806,0.000976333,0.000804411,0.000784217,0.000798469,0.000847676,0.000791891,0.000894793,0.000857119,0.000902984,0.000971374,0.000814381,0.000753746,0.000805969,0.000675852,0.000800955,0.000813428,0.000960573,0.000877595,0.00065934,0.000840887,0.000882586,0.001007511,0.000928362,0.000637194,0.00083669,0.000817815,0.000903,0.000946344,0.000707258,0.000809854,0.000815531,0.000700466,0.000963738
2861.873916,0.000763223,0.000834946,0.000723578,0.000912614,0.00087585,0.000998991,0.000784946,0.000950197,0.000799976,0.000780728,0.000795275,0.00084143,0.00078825,0.000880996,0.000846901,0.00088981,0.00095271,0.00080763,0.000751119,0.000800706,0.000682769,0.000795937,0.000806363,0.000939091,0.000863172,0.000664009,0.000835883,0.000873276,0.000982218,0.000908686,0.000645355,0.000831594,0.000813827,0.000883106,0.000925471,0.000710352,0.000805234,0.000812838,0.000702759,0.000944551
2863.802403,0.00076554,0.000831556,0.00072658,0.00090043,0.000871926,0.000984547,0.000785975,0.000933322,0.0007998,0.00078133,0.000795684,0.000839323,0.00078892,0.000873943,0.000842444,0.000882567,0.00094087,0.000805891,0.000752478,0.000800092,0.000692042,0.000795305,0.000804072,0.000926039,0.000855664,0.000671503,0.000835043,0.000869092,0.000965092,0.000896991,0.000655316,0.00083101,0.000813822,0.000870445,0.000913104,0.000716668,0.000804771,0.000813859,0.000708032,0.000932471
2865.730889,0.000770348,0.000832262,0.000732233,0.000894027,0.000872239,0.000976293,0.000789739,0.000923779,0.000802702,0.000784648,0.000799111,0.00084046,0.000792733,0.000871633,0.000842189,0.000879833,0.000934712,0.000807921,0.000756794,0.000803105,0.00070301,0.000797928,0.000805247,0.000919125,0.000853371,0.000681104,0.000837289,0.000869035,0.000954665,0.000891379,0.000666431,0.00083356,0.00081678,0.000863984,0.000907114,0.000725183,0.000807243,0.000817733,0.000715356,0.0009262
2867.659376,0.000776942,0.000835724,0.000739759,0.000891994,0.000875409,0.000973161,0.000795223,0.000919929,0.000807534,0.000789872,0.000804652,0.000843959,0.00079892,0.00087263,0.00084484,0.000880721,0.00093285,0.000812407,0.000763053,0.000808395,0.000714742,0.000802658,0.000808781,0.000916612,0.000854617,0.000692037,0.000841728,0.000871561,0.000949143,0.000890163,0.000678262,0.000838205,0.000821871,0.000862137,0.000905587,0.000735137,0.000811561,0.000823282,0.000724086,0.000924069
2869.587862,0.000784127,0.000840271,0.000748237,0.000892316,0.000879799,0.000972806,0.000801307,0.000919136,0.000812832,0.000795893,0.000811037,0.000848221,0.000806034,0.000875309,0.000848538,0.000883762,0.000933156,0.000817668,0.000769922,0.000814249,0.000726406,0.000808258,0.000813408,0.000916316,0.000857489,0.00070295,0.000846915,0.000875058,0.000946294,0.000891142,0.000690074,0.000843629,0.000827438,0.00086294,0.000906501,0.000745341,0.000816391,0.000829231,0.000733216,0.000923809
2871.516348,0.000791147,0.0008449,0.000756849,0.000893166,0.000884268,0.000973535,0.000807326,0.000919408,0.000818039,0.000801789,0.000817364,0.000852187,0.000812937,0.000878466,0.000852264,0.000887049,0.000933994,0.000822905,0.000776695,0.000819981,0.000737534,0.000813688,0.000818134,0.000916917,0.000860756,0.000712879,0.00085177,0.000878745,0.000944527,0.000892664,0.000701289,0.000848841,0.000832706,0.000864778,0.000908081,0.000754792,0.000821078,0.000835106,0.000741863,0.00092411
2873.444835,0.000797739,0.000849145,0.000764923,0.000893991,0.000888432,0.000974346,0.000812923,0.000919994,0.000822827,0.000807037,0.00082323,0.000855635,0.000819203,0.000881469,0.000855439,0.000889912,0.000934782,0.000827821,0.000782831,0.000825317,0.000747711,0.00081848,0.000822586,0.000917744,0.000863829,0.000721381,0.000856181,0.000882089,0.000943346,0.000894106,0.000711716,0.000853632,0.000837636,0.000866594,0.000909587,0.000763043,0.000825319,0.000840532,0.00074938,0.000924447
2875.373321,0.000804184,0.000853289,0.000772436,0.000895697,0.000892637,0.000975887,0.000818278,0.000921731,0.000827372,0.000811954,0.000828769,0.000858852,0.000825027,0.000885177,0.000858562,0.000893257,0.000936512,0.000832666,0.000788778,0.000830382,0.000757193,0.000823181,0.000827288,0.000919741,0.000867198,0.000729103,0.000860822,0.000885568,0.000943721,0.00089635,0.00072136,0.000858321,0.000842634,0.000868942,0.000911762,0.000770428,0.000829337,0.000845786,0.000756159,0.00092539
2877.301808,0.000810988,0.000858108,0.000780135,0.000899533,0.000897608,0.000979589,0.000824071,0.000926268,0.000832369,0.000817325,0.000834698,0.000862494,0.000831293,0.000890447,0.000863006,0.000898024,0.000940146,0.000838261,0.000795299,0.000835916,0.000766598,0.000828562,0.000832823,0.000924133,0.000872086,0.000736848,0.000866199,0.000890152,0.000946775,0.000900585,0.000730738,0.000863522,0.00084805,0.000872989,0.000915977,0.000777771,0.000833964,0.000851366,0.000763184,0.000928213
2879.230294,0.000818092,0.000863798,0.00078835,0.00090548,0.000903748,0.000985296,0.000830234,0.000933681,0.000837922,0.000823391,0.000841408,0.000867076,0.000838366,0.00089707,0.000868587,0.00090429,0.000945864,0.00084474,0.000802517,0.000842319,0.000776183,0.000834543,0.000839078,0.000930834,0.000878673,0.000744882,0.000872122,0.000896005,0.000952587,0.000907105,0.00074008,0.000869429,0.000853851,0.000879321,0.000922573,0.000785486,0.000839451,0.000857376,0.000770551,0.000933424
2881.158781,0.000825844,0.000870597,0.000796857,0.000913239,0.000911084,0.000993232,0.000836897,0.000943411,0.000844413,0.000830033,0.000848825,0.000872911,0.000846338,0.000905111,0.000875199,0.000911973,0.000953759,0.000851921,0.000810084,0.000849459,0.000785731,0.000841194,0.000846216,0.000940044,0.00088678,0.000753458,0.000878844,0.000902957,0.000961135,0.000915699,0.000749324,0.000876225,0.000860508,0.000887737,0.000931065,0.000793851,0.000845859,0.000864021,0.000778417,0.000941016
2883.087267,0.000834098,0.000878409,0.00080553,0.000923068,0.000919368,0.001003592,0.000844243,0.000955103,0.000851737,0.000837178,0.000856765,0.000879736,0.000854993,0.000914532,0.000883047,0.000920864,0.000963453,0.00085978,0.000817745,0.000857417,0.000795105,0.000848645,0.000854118,0.000951347,0.000896425,0.000762484,0.000886414,0.000910815,0.0009722,0.000926036,0.000758374,0.000883937,0.000867867,0.000897736,0.000941379,0.000802658,0.000853003,0.000871056,0.00078681,0.000950425
2885.015754,0.000843018,0.000887334,0.000814693,0.000935016,0.000928885,0.001016119,0.000852224,0.000969005,0.000860028,0.000845129,0.00086549,0.000887651,0.000864508,0.000925531,0.000892402,0.000931092,0.000975047,0.000868621,0.00082616,0.000866341,0.000804739,0.000857005,0.000862999,0.000964803,0.000907678,0.000772087,0.000894845,0.00091991,0.000985703,0.000938365,0.000767337,0.000892774,0.000875924,0.000909641,0.000953815,0.00081184,0.000861039,0.000878796,0.000795724,0.000961675
2886.94424,0.00085235,0.00089718,0.000824132,0.000948381,0.000939366,0.001030306,0.00086052,0.000984875,0.000868998,0.000853734,0.000874759,0.000896434,0.000874745,0.000937568,0.000902827,0.000942625,0.00098826,0.000878116,0.000835072,0.000875921,0.000814042,0.000865988,0.000872746,0.000979944,0.000920103,0.000781875,0.000903892,0.000929909,0.001001229,0.000952357,0.000775998,0.000902345,0.000884665,0.000923295,0.000967845,0.000821375,0.000869819,0.000887223,0.000804844,0.000974575
2888.872727,0.000861617,0.000907975,0.000833769,0.000963021,0.000950639,0.001045871,0.00086918,0.001002257,0.000878406,0.00086294,0.000884554,0.000905952,0.000885607,0.000950358,0.000913914,0.000955131,0.001002724,0.000888304,0.000844211,0.000886221,0.000822792,0.000875461,0.000883004,0.000996262,0.000933486,0.000791594,0.000913336,0.000940596,0.001018486,0.000967691,0.000784208,0.000912361,0.000894056,0.000938273,0.000983167,0.000831015,0.000879253,0.000895964,0.000814075,0.000988978
2890.801213,0.000871161,0.000919456,0.000843315,0.000978642,0.000962785,0.001062493,0.000878376,0.001020648,0.000888469,0.000872444,0.000894777,0.00091617,0.000896832,0.000964047,0.000925747,0.000968255,0.001018023,0.000899049,0.000853627,0.000896821,0.00083085,0.000885301,0.000893703,0.001013638,0.000947587,0.000801131,0.000923315,0.000951936,0.001036839,0.000983794,0.000791909,0.000922854,0.000903767,0.000954322,0.000999593,0.000840371,0.000889135,0.000904978,0.000823298,0.001004369
2892.7297,0.000880729,0.000931174,0.000852601,0.000994814,0.000975371,0.001079557,0.000887767,0.001039637,0.000898745,0.00088187,0.000905005,0.000926696,0.000907841,0.000978187,0.000938093,0.000981913,0.001033751,0.00090974,0.000863217,0.000907533,0.000838091,0.000895247,0.000904554,0.001031483,0.000961968,0.000810212,0.000933667,0.000963451,0.00105566,0.001000368,0.000798842,0.000933521,0.000913567,0.000971019,0.001016862,0.000849262,0.000899134,0.000914169,0.00083214,0.001020157
2894.658186,0.000890507,0.000943609,0.000862022,0.001011696,0.000988276,0.001097459,0.000897228,0.001059481,0.000909296,0.000891657,0.000915348,0.000937733,0.000919003,0.000992759,0.000950924,0.000996375,0.00105012,0.000920624,0.000873031,0.000918683,0.000845205,0.000905707,0.000915728,0.00104988,0.000976793,0.000818791,0.000944218,0.000975221,0.001075283,0.001017828,0.000805161,0.000944454,0.000923857,0.000988281,0.00103506,0.000858054,0.000909533,0.000923543,0.000840789,0.001036491
2896.586673,0.000900408,0.00095644,0.000871352,0.001028828,0.001001452,0.001116248,0.000906827,0.001079971,0.000920123,0.000901876,0.000925699,0.000949103,0.000930384,0.001007625,0.000963882,0.001011431,0.001066776,0.000931756,0.000882852,0.000930152,0.00085188,0.000916487,0.000927328,0.00106862,0.000991957,0.000826743,0.000954858,0.000987467,0.001095322,0.001035899,0.000810926,0.000955455,0.0009344,0.001006173,0.001053861,0.00086667,0.000920109,0.000933062,0.00084916,0.001053258
2898.515159,0.000910217,0.000969731,0.000880857,0.001046533,0.001015306,0.001135841,0.000916953,0.00110138,0.00093136,0.000912444,0.000936174,0.000960885,0.00094193,0.001023041,0.000977225,0.001026892,0.001084077,0.000943358,0.000892856,0.000942113,0.000857973,0.000927444,0.00093932,0.0010881,0.001007634,0.000834189,0.00096591,0.00100002,0.001115942,0.001054678,0.000816275,0.000966465,0.000945355,0.001024881,0.001073419,0.000875028,0.000931056,0.000942987,0.000857373,0.001070914
2900.443645,0.00092025,0.000983795,0.000890246,0.001065503,0.00103016,0.001156304,0.000927559,0.001124085,0.000943215,0.000923426,0.000946959,0.000973308,0.000953536,0.001039584,0.000991355,0.001042708,0.001102484,0.000955481,0.000903204,0.000954803,0.000863675,0.000938935,0.000951762,0.001108723,0.00102428,0.000840972,0.00097744,0.001013039,0.001137811,0.001074399,0.000821167,0.000977781,0.000956761,0.001044279,0.001094074,0.000883107,0.00094244,0.00095338,0.000865525,0.001089494
2902.372132,0.000930627,0.00099933,0.00089968,0.00108652,0.001046627,0.001178208,0.000939003,0.001149233,0.000956236,0.000935507,0.000958409,0.000986722,0.000965844,0.001058104,0.00100696,0.001059535,0.001122742,0.000968615,0.000914558,0.000968712,0.000869528,0.000951565,0.00096535,0.001131537,0.001042618,0.000847707,0.000989951,0.001027636,0.001161886,0.001096469,0.000825695,0.000990144,0.000969183,0.001064821,0.00111668,0.000891264,0.000954805,0.000964528,0.000873894,0.001109736
2904.300618,0.000941736,0.001017251,0.000909951,0.001110831,0.001065822,0.001203045,0.000952038,0.001178392,0.000971024,0.000949347,0.000970995,0.001001757,0.000979849,0.001079674,0.001024989,0.001078605,0.001146137,0.000983775,0.000927615,0.000984485,0.000876103,0.00096598,0.000980889,0.001158072,0.00106371,0.000855135,0.001004561,0.00104396,0.001189397,0.001122493,0.0008305,0.001004054,0.000983461,0.001087935,0.001142629,0.000900226,0.000969109,0.000977094,0.000883055,0.001132696
2906.229105,0.000954396,0.001038658,0.000921931,0.001140009,0.001089433,0.001233353,0.00096769,0.001213907,0.000988524,0.000965988,0.0009858,0.001019428,0.00099646,0.0011062,0.001046692,0.001101684,0.001174281,0.001002374,0.000943352,0.001003926,0.000883846,0.000983289,0.000999629,0.001189866,0.001089437,0.000863854,0.001022254,0.001063261,0.00122231,0.001154267,0.00083628,0.001020802,0.001000528,0.001115976,0.001174278,0.000911037,0.000985889,0.000992169,0.000893936,0.001160213
2908.157591,0.000969964,0.001066142,0.000937499,0.001177237,0.001120257,0.001272697,0.000987777,0.001260484,0.001010859,0.000987459,0.001004385,0.001041457,0.001017725,0.001140916,0.001074702,0.001131385,0.001210587,0.00102654,0.000963726,0.001029201,0.000893922,0.001005444,0.001023585,0.001230556,0.001122778,0.000875539,0.001044714,0.001087997,0.0012644,0.0011958,0.000843633,0.001042662,0.001022262,0.001152442,0.001215632,0.000925274,0.001006919,0.001011291,0.00090799,0.001195459
2910.086078,0.00099067,0.001103014,0.000958494,0.001227241,0.001162197,0.001325057,0.001014603,0.001324352,0.001040819,0.001016149,0.00102894,0.001069806,0.001046204,0.001188383,0.001112632,0.001171505,0.001259633,0.001059392,0.000991823,0.001062928,0.000907955,0.001034922,0.001055429,0.001285224,0.001168285,0.000892501,0.001074782,0.0011204,0.001320359,0.001252839,0.000853427,0.001072246,0.001050892,0.001201654,0.001271896,0.000944939,0.001034829,0.001036691,0.000926748,0.0012418
2912.014564,0.001018668,0.001153315,0.000987421,0.001294253,0.001219236,0.001393993,0.001051056,0.0014111,0.0010814,0.001055198,0.001061974,0.001107123,0.001084115,0.001253557,0.001164645,0.001225835,0.001325895,0.001104902,0.001031179,0.001108943,0.000927938,0.001074801,0.001098337,0.001358309,0.001231088,0.000917342,0.001115198,0.001163123,0.001394363,0.0013313,0.000867075,0.00111319,0.001089261,0.001267493,0.001347777,0.000972644,0.00107215,0.001070786,0.000952315,0.001303272
2913.943051,0.001052251,0.0012143,0.001023085,0.001373552,0.001286827,0.001473343,0.001094828,0.001514519,0.001129625,0.001102803,0.001101529,0.001151912,0.001129257,0.001331229,0.001227701,0.001289922,0.001405127,0.001160191,0.001079518,0.00116466,0.00095272,0.001122634,0.001149727,0.001445056,0.001306748,0.000949272,0.001162944,0.001213221,0.001480966,0.001426294,0.000884246,0.001162945,0.00113493,0.001345597,0.001437419,0.00100749,0.001116808,0.001111404,0.000984106,0.00137594
2915.871537,0.001082573,0.001268325,0.001055833,0.001442524,0.001343484,0.001540354,0.001133014,0.00160499,0.001171623,0.001145208,0.001137254,0.001193052,0.00117002,0.001396348,0.00128351,0.001344913,0.00147485,0.001208876,0.001122496,0.001213588,0.000974895,0.0011647,0.001195369,0.001522121,0.001372614,0.000978932,0.001204394,0.001257945,0.001557038,0.001509484,0.000900506,0.001206884,0.001174839,0.001414619,0.001514395,0.001039942,0.001156762,0.001147215,0.001014299,0.001440941
2917.800024,0.001099305,0.001295793,0.001074374,0.001476845,0.001366902,0.001572446,0.001151408,0.001648759,0.001192315,0.001165992,0.001156814,0.001217331,0.001192254,0.001423267,0.001311314,0.001371305,0.001510546,0.001232422,0.001143058,0.001236657,0.000985866,0.001186027,0.001218981,0.001562604,0.001404284,0.000994211,0.00122451,0.001282795,0.0015974,0.001548282,0.000910005,0.001228917,0.001194964,0.001450794,0.00155028,0.001057747,0.001178117,0.001165309,0.001032473,0.001477279
2919.72851,0.001101528,0.001295342,0.001076635,0.001476151,0.00135873,0.001569986,0.001149777,0.00164409,0.001191338,0.001164296,0.001158935,0.001222935,0.001194644,0.001413601,0.001310119,0.00136877,0.001510731,0.001230149,0.001140316,0.001233256,0.000985356,0.001185823,0.001219446,0.001564561,0.001401279,0.000994001,0.00122292,0.001285971,0.001599761,0.001541675,0.000911774,0.00122844,0.001194821,0.001452844,0.001544951,0.001059096,0.001180092,0.001165439,0.001036507,0.001482361
2921.656997,0.001095573,0.001279726,0.001069011,0.001455737,0.001335222,0.001549045,0.001137882,0.001612396,0.00117915,0.001151276,0.001151105,0.001217498,0.001185435,0.001385385,0.00129374,0.001350407,0.001490445,0.001214121,0.001125448,0.001216305,0.000978971,0.00117413,0.001207288,0.001544321,0.001379788,0.000985702,0.001209922,0.001276341,0.001580471,0.001511124,0.000908932,0.001216063,0.001183758,0.001435502,0.001517072,0.001051151,0.00117132,0.001155539,0.001031704,0.001468385
2923.585483,0.001086244,0.001259149,0.001057437,0.001428079,0.001307857,0.001521154,0.001122583,0.001570601,0.001163201,0.001134967,0.001139547,0.001207054,0.001170807,0.001352215,0.00127197,0.001326929,0.001461914,0.001193024,0.001107137,0.001195436,0.00097028,0.001158572,0.001190547,0.001514774,0.001352017,0.00097455,0.001192746,0.001260977,0.001552441,0.00147286,0.000903986,0.001199635,0.001169052,0.001410093,0.001481404,0.001039791,0.001158084,0.001141969,0.001022769,0.00144556
2925.51397,0.001075891,0.001237994,0.001045054,0.001399845,0.001281386,0.001491684,0.00110719,0.00152773,0.001146839,0.00111849,0.001127086,0.00119456,0.001154722,0.001320441,0.001249634,0.001303192,0.001432115,0.001171601,0.001089273,0.001174548,0.000961143,0.001142634,0.001172975,0.001482803,0.001323913,0.000962936,0.001174806,0.00124336,0.001521941,0.001434558,0.000898074,0.001183067,0.001153798,0.001382823,0.001445264,0.001027712,0.001143774,0.001128131,0.00101239,0.00142044
2927.442456,0.001065031,0.0012174,0.001032271,0.001372192,0.001256696,0.001462782,0.001092638,0.001486545,0.001130907,0.001102506,0.001114228,0.001180963,0.001138694,0.001291003,0.001227946,0.001280076,0.001403194,0.001150967,0.001072546,0.001154922,0.000952053,0.001127117,0.001155534,0.001450773,0.001296533,0.000951396,0.001157452,0.001224766,0.001491213,0.001398256,0.0008914,0.001166746,0.001138505,0.001355671,0.001410607,0.001015295,0.001129351,0.001114125,0.001001204,0.001394684
2929.370942,0.001054384,0.00119817,0.001019629,0.001345424,0.001233865,0.001435284,0.001078896,0.001447818,0.001115688,0.001087529,0.001101423,0.001167103,0.001123249,0.001263965,0.001207304,0.001258607,0.001375566,0.001131547,0.001057322,0.001137027,0.000942951,0.001112107,0.001138721,0.001419839,0.001270372,0.000940147,0.001141015,0.001206268,0.001460785,0.001364596,0.000884463,0.001151054,0.00112367,0.001329232,0.001377974,0.001003056,0.001114976,0.001100733,0.000989657,0.001369003
2931.299429,0.001043565,0.001179311,0.001007327,0.001318894,0.001211785,0.001408506,0.001065421,0.00141063,0.001100637,0.001073004,0.001088003,0.001152888,0.001107959,0.001238215,0.001187282,0.001238246,0.00134857,0.001113079,0.001042709,0.001119676,0.000933526,0.001097357,0.001121945,0.001388693,0.001245097,0.000928724,0.001124847,0.001187629,0.001429994,0.00133242,0.000877109,0.001135731,0.001108868,0.00130321,0.001346453,0.000990458,0.001100692,0.001087627,0.00097753,0.001342939
2933.227915,0.00103201,0.001160254,0.000994904,0.001291815,0.00119032,0.001381346,0.001051929,0.001374501,0.001085393,0.001058368,0.001074129,0.001138158,0.001092073,0.001213355,0.001167264,0.001217963,0.001321481,0.001095132,0.001028296,0.001102329,0.000923588,0.001082665,0.001104946,0.001356808,0.001220043,0.000916995,0.001108537,0.00116885,0.001398675,0.001301071,0.00086936,0.001120207,0.001094047,0.001276914,0.001315627,0.000977153,0.001086573,0.001074079,0.000964825,0.001315966
2935.156402,0.001019534,0.001140948,0.000981724,0.001264374,0.001169047,0.001352701,0.001038094,0.001338356,0.001069783,0.001043532,0.00105926,0.001122888,0.001074639,0.001188828,0.001147431,0.001196334,0.001293914,0.001077282,0.001013859,0.001084324,0.000912829,0.001067583,0.001087681,0.001324469,0.001194768,0.000904903,0.001091959,0.001149571,0.001366839,0.001270192,0.000861,0.001104116,0.0010789,0.001249324,0.001284575,0.000963274,0.001071939,0.001060283,0.000951429,0.001288675
2937.084888,0.001005425,0.001121169,0.000967174,0.001237207,0.001147792,0.001322415,0.001023912,0.00130183,0.001053705,0.001028349,0.001042905,0.001107134,0.00105596,0.001164388,0.001127567,0.001172469,0.001266297,0.001059219,0.00099914,0.001065901,0.000901125,0.001051841,0.001070057,0.001292161,0.00116936,0.000892125,0.001075127,0.001129795,0.001334743,0.001239898,0.000851554,0.001087092,0.001062933,0.00122018,0.001253275,0.00094834,0.001056598,0.001045984,0.000937159,0.001261208
2939.013375,0.000989885,0.001101249,0.000951614,0.001210429,0.001126795,0.001291719,0.001009419,0.001266063,0.001037315,0.001013024,0.001025801,0.001091179,0.001037085,0.001140714,0.001107818,0.001148011,0.001239492,0.00104144,0.000984068,0.001047628,0.000888458,0.001035767,0.001052279,0.001260498,0.001144371,0.000878619,0.001058218,0.001110059,0.001303129,0.001210801,0.000840961,0.00106965,0.001046587,0.001190508,0.001222361,0.000932526,0.001041095,0.001031107,0.000922531,0.00123402
2940.941861,0.000973565,0.001081282,0.000935111,0.001184132,0.00110595,0.001261811,0.000994358,0.001232086,0.001020693,0.00099748,0.001007938,0.00107489,0.001017903,0.001117695,0.001088393,0.00112411,0.001213354,0.001024059,0.000968344,0.001028989,0.000874622,0.001019705,0.001034428,0.001229634,0.001119663,0.000864232,0.001041487,0.001090582,0.001272432,0.001183034,0.000828976,0.001052162,0.001030045,0.001160951,0.001192175,0.000915991,0.001025545,0.001016029,0.000907418,0.001207129
2942.870348,0.000956971,0.001062039,0.000918182,0.001158852,0.001085975,0.001233283,0.000979331,0.001200525,0.001004495,0.000982078,0.000989966,0.001059182,0.000998861,0.001095649,0.001069623,0.001101254,0.001188416,0.001007353,0.000952601,0.001010319,0.000859763,0.001004029,0.001017007,0.001200548,0.001095889,0.000849209,0.001025313,0.001072296,0.001243182,0.001157041,0.000815966,0.001035242,0.001013935,0.001132739,0.001163841,0.000899126,0.00101058,0.001001244,0.000892278,0.001181431
2944.798834,0.000940209,0.001043955,0.000901311,0.001135231,0.001067203,0.001206437,0.000964927,0.001171392,0.000989295,0.000967588,0.00097245,0.001044833,0.000980381,0.001074992,0.001052273,0.001079828,0.00116547,0.000991616,0.000937225,0.000992655,0.00084404,0.000988967,0.001000386,0.00117343,0.001073701,0.000833917,0.001010065,0.00105533,0.001215951,0.001133219,0.000802075,0.00101918,0.00099875,0.001106701,0.001138102,0.000882237,0.000996742,0.000987019,0.000877478,0.00115772
2946.727321,0.000924233,0.001027738,0.000885055,0.001114527,0.00105058,0.001182459,0.000952032,0.001145925,0.000975813,0.000954738,0.000956357,0.001032349,0.000963346,0.001056708,0.001037354,0.001060525,0.001145323,0.000977888,0.0009229,0.000977283,0.000828169,0.000975369,0.000985523,0.001148937,0.001053911,0.000819508,0.000996556,0.001040437,0.001191894,0.001112561,0.000787773,0.0010051,0.000985078,0.001083426,0.001115992,0.000866225,0.000984356,0.000974329,0.000863376,0.001136662
2948.655807,0.000909621,0.001013807,0.000870182,0.001096758,0.0010366,0.001162128,0.000940997,0.001124828,0.000964175,0.000943838,0.00094212,0.001021891,0.000948519,0.00104148,0.001024943,0.00104409,0.00112824,0.000966483,0.000910318,0.000964321,0.000812797,0.000963513,0.0009727,0.001127927,0.001037022,0.000806742,0.000985014,0.001027998,0.001171024,0.001095518,0.000773832,0.000993533,0.000973499,0.001063963,0.001097955,0.000851965,0.000973717,0.000963329,0.000850737,0.001118818
2950.584294,0.000896026,0.001001787,0.000856769,0.0010813,0.001024922,0.001145023,0.000931447,0.001107256,0.000954214,0.000934474,0.000929155,0.001013123,0.000935441,0.001028816,0.001014615,0.001030154,0.001113535,0.0009568,0.000899452,0.000953266,0.000798237,0.000953349,0.00096166,0.001109857,0.001022682,0.000795557,0.000975168,0.001017565,0.001152769,0.001081469,0.000760652,0.000983874,0.000963573,0.001047972,0.001083332,0.000839378,0.000964705,0.000953516,0.00083971,0.001103761
2952.51278,0.000883247,0.000991027,0.000844317,0.001067588,0.001014797,0.001129926,0.00092299,0.001091446,0.000945474,0.000926234,0.000917208,0.001005343,0.000923347,0.001017502,0.001005523,0.001017763,0.001100186,0.0009482,0.000889681,0.00094353,0.00078445,0.000944504,0.000952065,0.00109337,0.001009971,0.000785771,0.000966334,0.001008251,0.001136234,0.001068856,0.000748109,0.000975914,0.000954502,0.001034106,0.001070551,0.000828087,0.000956509,0.000944896,0.00082978,0.001090235
2954.441267,0.000870385,0.000980537,0.000831982,0.001054145,0.001004787,0.001114439,0.000914919,0.001075409,0.000936836,0.000918336,0.00090543,0.000997491,0.000911188,0.001006233,0.000996367,0.001005463,0.00108672,0.000939567,0.000880253,0.000934092,0.000770769,0.000935951,0.000942731,0.001076892,0.00099747,0.000776477,0.000957572,0.000998597,0.001119758,0.001056119,0.000735424,0.000968684,0.000945643,0.001020459,0.001057593,0.000816905,0.000948632,0.000936704,0.000819907,0.001076563
2956.369753,0.00085737,0.000969919,0.000819506,0.001040134,0.000994323,0.001097483,0.000906942,0.001058373,0.000928053,0.000910212,0.00089319,0.000989567,0.000898723,0.000994669,0.000986877,0.000992373,0.00107239,0.000930835,0.000871024,0.000924507,0.000756756,0.000927229,0.00093324,0.001059816,0.000984509,0.000767259,0.000948518,0.000988749,0.001102803,0.001042761,0.000722711,0.00096178,0.000936641,0.001005614,0.001043577,0.000805189,0.000940793,0.000928262,0.000809636,0.001062096
2958.298239,0.000844675,0.000958792,0.000806777,0.001025461,0.000983189,0.001079717,0.000898901,0.001040244,0.000918983,0.000901894,0.000880668,0.00098123,0.000885882,0.000982516,0.000976966,0.000978586,0.00105731,0.000921783,0.000861734,0.000914491,0.000742504,0.000918157,0.000923662,0.00104215,0.000970761,0.000758148,0.000938941,0.000978553,0.001085067,0.001028443,0.000710134,0.000955261,0.000927461,0.000989669,0.00102815,0.000792823,0.000932364,0.000919369,0.000798906,0.001046849
2960.226726,0.00083239,0.000947333,0.00079411,0.001010177,0.000971509,0.001061418,0.000890604,0.001021666,0.000909525,0.000893204,0.000868118,0.000972249,0.000872457,0.000969907,0.000966529,0.000964338,0.001041804,0.000912189,0.00085232,0.000904036,0.000728355,0.000908985,0.000913936,0.00102423,0.000956301,0.00074905,0.000929127,0.000967697,0.001067001,0.001013317,0.00069771,0.000949102,0.000918149,0.000972979,0.001011764,0.000779777,0.00092343,0.000910254,0.000787855,0.00103122
2962.155212,0.000820185,0.000935437,0.000781694,0.000994422,0.000959135,0.001042176,0.0008818,0.001002561,0.000899533,0.000884073,0.000855355,0.000962659,0.000858489,0.000956822,0.00095528,0.000949673,0.001025665,0.000902125,0.000842765,0.000893016,0.000714162,0.000899268,0.000903851,0.001005891,0.000941141,0.000739985,0.000919049,0.000956463,0.001048974,0.000997638,0.000685624,0.000943119,0.000908242,0.000955594,0.000994697,0.000766103,0.000913871,0.000900918,0.000776553,0.001014868
2964.083699,0.000808155,0.000923097,0.000769639,0.000978621,0.000946359,0.001022596,0.000872908,0.000983299,0.000889255,0.000874692,0.000842733,0.000952468,0.000844712,0.000943534,0.000943428,0.000934746,0.001009307,0.000891971,0.000833298,0.000881709,0.000700602,0.000889171,0.000893704,0.000987455,0.000925744,0.000731262,0.000908732,0.000945311,0.00103094,0.000981972,0.000674206,0.000937337,0.000898089,0.000937896,0.000976986,0.000752094,0.000904148,0.00089149,0.000765132,0.000998151
2966.012185,0.000796471,0.000910552,0.000757957,0.0009625,0.00093333,0.001002961,0.000864048,0.000964265,0.000878801,0.000864989,0.000830187,0.00094186,0.000831137,0.000930324,0.000931266,0.000919481,0.000993132,0.000881847,0.000823706,0.000870274,0.000687809,0.000879164,0.000883586,0.000969131,0.000910449,0.000722707,0.000898262,0.000934,0.001012888,0.000966063,0.000663435,0.000931438,0.000887863,0.000919768,0.000958676,0.000738029,0.000894557,0.000881989,0.0007538,0.00098149
2967.940672,0.000784797,0.000897914,0.00074645,0.000946061,0.000920162,0.000983325,0.000854979,0.000945385,0.000868176,0.000855176,0.000817718,0.000930825,0.000817404,0.000917038,0.000918913,0.000904098,0.000976847,0.000871568,0.000813906,0.000858669,0.000675353,0.000869036,0.000873475,0.000950885,0.000894961,0.000714001,0.000887689,0.000922263,0.000994706,0.000949933,0.000653145,0.000924816,0.000877552,0.000901033,0.000940224,0.000723768,0.000884855,0.000872166,0.000742664,0.000964497
2969.869158,0.000773424,0.000885413,0.000735505,0.000929741,0.000907243,0.00096407,0.000845845,0.000926823,0.000857535,0.000845367,0.000805472,0.000919742,0.000803912,0.000903907,0.000906657,0.00088898,0.000960648,0.000861421,0.000804214,0.000846929,0.000663522,0.000858807,0.000863342,0.000932849,0.000879452,0.000704993,0.000877246,0.000910794,0.000976536,0.000934167,0.000643439,0.000917478,0.000867274,0.000882299,0.000922073,0.000709474,0.000874963,0.000862286,0.000731734,0.000947519
2971.797645,0.000762653,0.000872975,0.0007252,0.000913952,0.000894466,0.000945334,0.000836803,0.000909014,0.000846859,0.000835836,0.000793321,0.000908827,0.000790703,0.000891242,0.000894542,0.00087444,0.000944777,0.000851292,0.000794771,0.000835225,0.000652351,0.000848569,0.000853189,0.000914969,0.000864252,0.000695455,0.000867076,0.000899755,0.000958726,0.000918911,0.000634061,0.000909234,0.000856979,0.000864268,0.000904621,0.000695576,0.000864977,0.000852652,0.000721011,0.000930966
2973.726131,0.000752467,0.000860736,0.000715467,0.000898913,0.000882273,0.00092755,0.000828112,0.000892558,0.000836606,0.000826775,0.000781842,0.000898223,0.000778017,0.000879276,0.000882822,0.000860703,0.000929532,0.000841534,0.000785731,0.00082404,0.00064183,0.000838822,0.000843424,0.000897491,0.00084965,0.000685436,0.000857413,0.00088929,0.000941579,0.000904435,0.00062507,0.000899944,0.000847179,0.00084727,0.000888444,0.000682381,0.000855514,0.000843492,0.000710759,0.00091514
2975.654618,0.000742641,0.000848656,0.000706049,0.000884362,0.00087054,0.000910571,0.000819636,0.000876954,0.000826799,0.000818098,0.000771087,0.000888259,0.000765883,0.000867799,0.00087143,0.000847496,0.000915125,0.000832199,0.000776966,0.000813366,0.000631602,0.000829322,0.000833752,0.000880465,0.000835655,0.000674775,0.000848002,0.000879345,0.000924852,0.000890626,0.000616481,0.000889375,0.00083768,0.000831351,0.000873274,0.000669786,0.000846468,0.000834765,0.000700978,0.000899595
2977.583104,0.000733277,0.000837175,0.000697008,0.000870769,0.000859234,0.00089464,0.000811542,0.000862151,0.000817513,0.000810148,0.000761051,0.000879112,0.00075423,0.000856982,0.000860586,0.000834885,0.000901506,0.000823142,0.000768754,0.00080322,0.000621787,0.000820061,0.000824316,0.000864214,0.000822417,0.00066359,0.000838949,0.000869846,0.000908738,0.000877703,0.000608257,0.000877807,0.000828598,0.000816447,0.000859228,0.000657813,0.000837818,0.00082654,0.000691711,0.000884556
2979.511591,0.00072459,0.000826466,0.000688716,0.000857861,0.000848632,0.000879987,0.000803928,0.000848283,0.000808722,0.000802705,0.000751709,0.000870461,0.000743169,0.000846971,0.000850382,0.00082314,0.000888676,0.000814723,0.000761063,0.000793556,0.000612567,0.000811348,0.000815394,0.000848632,0.00080991,0.000652116,0.000830635,0.000861066,0.000893428,0.000865608,0.000600531,0.00086576,0.000820145,0.000802475,0.00084634,0.000646656,0.000829735,0.000818955,0.000682975,0.000870599
2981.440077,0.000716427,0.000816424,0.000680861,0.000845485,0.000838736,0.000866257,0.000796921,0.000835491,0.000800519,0.000795879,0.000743032,0.000862356,0.000732687,0.000837699,0.00084091,0.000812288,0.000876833,0.000806907,0.000753915,0.000784673,0.000603734,0.000803176,0.000806989,0.000833827,0.000798113,0.000640458,0.000823082,0.000852941,0.000879065,0.00085444,0.000593207,0.000853592,0.000812153,0.000789473,0.000834301,0.000636285,0.000822339,0.000812026,0.000674688,0.000857788
2983.368564,0.000708716,0.000807317,0.000673359,0.000834187,0.000829533,0.000853579,0.000790686,0.000823769,0.00079314,0.00078992,0.000734951,0.00085526,0.000722924,0.000829233,0.000832366,0.000802136,0.000865969,0.000799692,0.00074741,0.000776609,0.000595467,0.000795724,0.000799156,0.000820292,0.000787215,0.000629096,0.000816223,0.000845438,0.000865584,0.00084429,0.00058629,0.000841789,0.00080488,0.000777371,0.000822971,0.000626655,0.000815649,0.000805763,0.000666968,0.000846095
2985.29705,0.000701428,0.000798945,0.000666399,0.000823859,0.000821087,0.000841945,0.000785071,0.000812789,0.000786503,0.000784596,0.00072738,0.000848951,0.000713899,0.000821531,0.000824529,0.000792805,0.000855963,0.000793304,0.000741544,0.000769251,0.000587846,0.000788933,0.000792019,0.000807832,0.000777292,0.000618502,0.000810091,0.000838866,0.000852966,0.000834977,0.000579864,0.000830878,0.000798339,0.000766165,0.000812547,0.000617777,0.000809511,0.000800098,0.000659901,0.000835009
2987.225536,0.000694887,0.000791405,0.000659983,0.000814562,0.000813776,0.000831311,0.000780334,0.000802951,0.000780823,0.000780125,0.000720606,0.000843256,0.000705709,0.000814732,0.000817831,0.000784394,0.000846969,0.000787876,0.000736612,0.000763062,0.000580948,0.00078308,0.000786032,0.000796552,0.000768508,0.000608749,0.000804888,0.000833193,0.000841837,0.000826752,0.000573884,0.000821473,0.000792692,0.000756097,0.000803588,0.00060975,0.000804245,0.000795162,0.000653589,0.000825036
2989.154023,0.0006891,0.000784936,0.000654144,0.000806154,0.000807395,0.000821635,0.000776417,0.000794068,0.000775944,0.000776497,0.000714423,0.000838299,0.000698373,0.000808823,0.000812128,0.000776751,0.000838996,0.000783176,0.000732552,0.000757847,0.000574746,0.000778099,0.000781007,0.000786592,0.000760613,0.000599863,0.000800575,0.000828315,0.00083196,0.000819413,0.000568318,0.000813387,0.00078801,0.000747159,0.000795721,0.000602616,0.000799924,0.000791008,0.00064804,0.000816453
2991.082509,0.000684084,0.000779667,0.000649081,0.000798792,0.000801969,0.000813027,0.000773406,0.000786213,0.000772014,0.000773677,0.000709031,0.000834347,0.000691835,0.000803992,0.000807207,0.000770092,0.000831974,0.000779371,0.000729512,0.000753574,0.000569309,0.000774053,0.000776888,0.000777982,0.000753799,0.000592208,0.000797177,0.000824641,0.000823279,0.000813056,0.000563641,0.000806622,0.000784273,0.000739207,0.000788693,0.000596523,0.000796497,0.000787704,0.000643309,0.000808968
2993.010996,0.000679859,0.000775283,0.000644631,0.000792503,0.000797406,0.000805422,0.000771442,0.000779381,0.000768968,0.000771703,0.000704502,0.000831258,0.000686024,0.000800108,0.000803246,0.000764286,0.000825674,0.000776559,0.000727309,0.000750286,0.00056461,0.000771052,0.000773746,0.000770447,0.000748074,0.000585836,0.000794617,0.000821777,0.000815495,0.000807636,0.000559849,0.000801207,0.000781363,0.000732171,0.000782704,0.00059134,0.000793694,0.000785235,0.000639299,0.000802405
2994.939482,0.000676266,0.000771694,0.000640768,0.000786964,0.000793662,0.000798751,0.000770329,0.000773422,0.000766754,0.000770538,0.000700791,0.000828962,0.000681134,0.000796979,0.000800221,0.000759255,0.000820258,0.000774584,0.000726072,0.00074801,0.000560845,0.000768932,0.000771524,0.000763945,0.000743232,0.00058067,0.000792888,0.000819479,0.000808396,0.000803155,0.000556712,0.000797127,0.000779134,0.000726121,0.000777623,0.000586998,0.000791703,0.000783433,0.000636092,0.000796619
2996.867969,0.000673424,0.000768973,0.000637596,0.000782161,0.000790894,0.000792865,0.000769769,0.000768332,0.000765547,0.00076992,0.000697839,0.000827458,0.000677067,0.000794583,0.00079802,0.000754928,0.000815705,0.000773345,0.000725764,0.000746619,0.000558136,0.000767607,0.000770062,0.000758404,0.000739409,0.000576533,0.000791792,0.000817913,0.000802357,0.000799509,0.000554325,0.000794215,0.000777609,0.000720944,0.000773227,0.000583535,0.000790702,0.000782221,0.000633717,0.000791774
2998.796455,0.000671276,0.000767008,0.000634947,0.000778141,0.00078889,0.000787539,0.000769785,0.000763744,0.000764913,0.000769828,0.000695506,0.000826372,0.000673584,0.000792831,0.000796515,0.000751318,0.000811742,0.000772669,0.000725892,0.000745842,0.000555977,0.000766846,0.000769272,0.000753487,0.000736404,0.000573408,0.000791119,0.000817064,0.000797101,0.000796533,0.000552576,0.000792152,0.000776861,0.000716395,0.000769671,0.000580852,0.000790304,0.000781673,0.000632003,0.000787684
3000.724942,0.00066983,0.00076571,0.000632942,0.000774782,0.000787487,0.000782856,0.000770419,0.00075972,0.000764599,0.000770418,0.000693843,0.000825776,0.0006708,0.000791696,0.00079566,0.000748279,0.000808321,0.000772566,0.000726529,0.000745664,0.000554358,0.000766631,0.000769004,0.000749135,0.000733979,0.000571365,0.000790985,0.000816768,0.000792448,0.000794184,0.000551466,0.000790882,0.000776628,0.000712422,0.000766746,0.000578951,0.000790292,0.000781592,0.000630995,0.000783999
3002.653428,0.000668932,0.000764723,0.000631574,0.000771703,0.000786366,0.000778654,0.000771439,0.000756364,0.000764645,0.000771413,0.000692637,0.00082557,0.000668652,0.000791012,0.000795192,0.000745714,0.000805345,0.00077287,0.000727622,0.000745954,0.000553528,0.000766856,0.00076901,0.000745339,0.000731953,0.000570187,0.000791217,0.000816602,0.000788281,0.000792169,0.000551103,0.00079013,0.000776572,0.000709092,0.000764227,0.000577808,0.000790522,0.000781915,0.0006306,0.000780861
3004.581915,0.000668388,0.000764162,0.000630624,0.00076898,0.000785653,0.000774837,0.00077285,0.000753696,0.000765189,0.000772799,0.000691977,0.000825514,0.000667143,0.000790667,0.000795064,0.000743848,0.000802995,0.000773506,0.000729203,0.000746803,0.000553321,0.000767501,0.00076961,0.000742216,0.000730407,0.000569811,0.000791709,0.000816729,0.000784586,0.00079069,0.000551598,0.000789953,0.000776834,0.000706524,0.000762396,0.00057738,0.000791121,0.000782727,0.000630777,0.000778443
3006.510401,0.000668171,0.000763965,0.000630039,0.000766782,0.000785396,0.000771414,0.00077435,0.000751451,0.00076596,0.000774326,0.00069164,0.000825704,0.000666036,0.00079049,0.000795139,0.000742259,0.00080102,0.000774335,0.000730988,0.000747808,0.000553461,0.000768482,0.000770682,0.000739401,0.000729289,0.000570106,0.000792483,0.000817183,0.000781321,0.000789601,0.000552575,0.000790091,0.000777464,0.000704698,0.000760907,0.000577375,0.00079189,0.000783656,0.000631452,0.000776211
3008.438888,0.000668365,0.000764125,0.000630025,0.000765057,0.000785551,0.00076861,0.000776229,0.000749606,0.000767102,0.000775945,0.000691595,0.000826175,0.000665436,0.000790803,0.000795617,0.000741136,0.000799299,0.000775523,0.000733071,0.000748961,0.000554132,0.000769834,0.000772026,0.000737044,0.00072854,0.000571121,0.000793685,0.000818024,0.00077871,0.000789013,0.000553933,0.000790786,0.000778491,0.000703413,0.00075986,0.000577909,0.000792891,0.000784777,0.000632693,0.000774397
3010.367374,0.000669029,0.000764725,0.00063039,0.000763864,0.000786014,0.000766415,0.000778599,0.000748381,0.000768692,0.000778065,0.00069185,0.000826914,0.000665547,0.00079156,0.000796602,0.000740675,0.000797983,0.000777164,0.000735621,0.000750585,0.000555409,0.000771546,0.000773576,0.000735419,0.000728322,0.000572675,0.000795161,0.000819247,0.000776761,0.000788881,0.000555828,0.000792167,0.000779872,0.000702598,0.000759375,0.000579073,0.000794367,0.000786288,0.000634538,0.000773331
3012.295861,0.000669958,0.000765682,0.000631038,0.000763234,0.000786812,0.000764686,0.000781145,0.000747829,0.000770469,0.000780515,0.000692375,0.000828069,0.00066615,0.000792518,0.000797773,0.000740681,0.000797072,0.00077901,0.000738286,0.000752549,0.000557034,0.000773516,0.000775452,0.000734297,0.000728599,0.000574559,0.000796852,0.000820742,0.000775133,0.000789054,0.000558062,0.000793787,0.000781687,0.000702365,0.000759371,0.000580588,0.000796313,0.00078817,0.000636761,0.000772673
3014.224347,0.000671188,0.000766938,0.000632246,0.00076307,0.000788169,0.000763444,0.000784019,0.000747678,0.000772606,0.000783114,0.000693472,0.000829612,0.000667085,0.000793914,0.000799288,0.000741043,0.000796746,0.000781115,0.000741161,0.000754992,0.000558921,0.000775799,0.000777789,0.000733734,0.000729341,0.000576903,0.000798946,0.000822659,0.000774087,0.000789746,0.000560601,0.000795743,0.000783613,0.000702716,0.000759975,0.000582446,0.000798649,0.000790357,0.000639263,0.000772442
3016.152833,0.000672923,0.000768555,0.000633898,0.000763596,0.000789911,0.000762886,0.000787156,0.000747925,0.000775149,0.00078622,0.000695122,0.000831496,0.000668437,0.000795777,0.000801242,0.00074191,0.000797016,0.000783585,0.000744424,0.000757928,0.000561153,0.000778432,0.000780486,0.0007337,0.000730662,0.000579741,0.000801416,0.000825021,0.000773783,0.000790943,0.000563419,0.000798064,0.000785815,0.000703724,0.000761121,0.000584757,0.000801161,0.000792911,0.000642077,0.000772747
3018.08132,0.000675325,0.000770872,0.000635983,0.000764752,0.000792169,0.000763373,0.000790731,0.000748895,0.000778227,0.000789793,0.000697239,0.000833792,0.00067043,0.000798042,0.000803631,0.0007436,0.000797921,0.00078652,0.000748173,0.000761213,0.000563769,0.000781652,0.000783713,0.000734446,0.000732519,0.000583088,0.000804362,0.000827841,0.000774306,0.000792763,0.000566719,0.00080101,0.000788811,0.000705441,0.000762839,0.000587657,0.000804023,0.000795796,0.000645479,0.000773927
3020.009806,0.000678223,0.00077348,0.000638421,0.000766187,0.00079484,0.000764534,0.000794649,0.000750277,0.000781625,0.000793482,0.000699625,0.000836427,0.000672787,0.000800496,0.000806319,0.000745701,0.000799221,0.000789594,0.000752232,0.000764582,0.000566592,0.000785224,0.00078716,0.000735949,0.000734719,0.000586723,0.00080757,0.000830916,0.000775418,0.000794871,0.000570288,0.000804238,0.000791977,0.000707718,0.000764884,0.000590876,0.000807193,0.000798843,0.000649369,0.000775766
3021.938293,0.000681315,0.000776246,0.000641225,0.000767998,0.000797638,0.000765997,0.000798796,0.000752164,0.000785131,0.000797354,0.000702373,0.000839397,0.000675408,0.000803325,0.000809275,0.000748066,0.000800773,0.000792907,0.000756437,0.000768133,0.000569576,0.000788956,0.000790808,0.000737755,0.00073733,0.000590532,0.000810916,0.000834297,0.000776814,0.000797282,0.000573912,0.00080764,0.000795348,0.000710279,0.000767288,0.000594232,0.00081054,0.000802273,0.000653329,0.000777856
3023.866779,0.00068458,0.000779287,0.000644259,0.000770137,0.000800579,0.000767553,0.000803058,0.000754504,0.000788731,0.000801335,0.00070546,0.000842546,0.000678307,0.000806473,0.000812372,0.000750575,0.000802808,0.000796696,0.000760694,0.000772039,0.000572568,0.000792855,0.000794755,0.00073983,0.000740227,0.000594514,0.000814541,0.000837976,0.00077857,0.000800004,0.000577616,0.000811231,0.000798959,0.000713138,0.000770052,0.000597841,0.000814192,0.000805943,0.000657374,0.000780124
3025.795266,0.000688228,0.000782613,0.000647315,0.000772746,0.000803843,0.000769409,0.000807328,0.000757132,0.000792606,0.000805662,0.000708908,0.000845976,0.000681419,0.000809742,0.000815712,0.000753384,0.000805115,0.000800611,0.000765103,0.000776135,0.00057572,0.000797039,0.000798863,0.000742287,0.000743469,0.000598775,0.000818366,0.00084191,0.000780776,0.000803012,0.000581365,0.00081481,0.000802773,0.000716404,0.00077314,0.000601729,0.000818157,0.000809778,0.000661628,0.000782615
3027.723752,0.000692259,0.000786266,0.000650605,0.000775699,0.000807255,0.000771825,0.000811689,0.000759946,0.000796845,0.000810204,0.000712646,0.000849647,0.000684718,0.000813093,0.000819479,0.000756678,0.000807511,0.000804524,0.000769607,0.000780198,0.000579192,0.000801455,0.000803146,0.000745037,0.000747032,0.000603276,0.000822283,0.000845998,0.000783376,0.00080641,0.000585451,0.000818681,0.000806762,0.00071977,0.00077649,0.000605746,0.000822117,0.000813695,0.00066602,0.000785456
3029.652239,0.000696435,0.000790027,0.00065415,0.000778781,0.000810688,0.000774537,0.000816084,0.00076282,0.000801034,0.000814525,0.000716436,0.0008535,0.000688139,0.000816472,0.000823321,0.000760218,0.000810302,0.000808648,0.000774089,0.000784385,0.000582865,0.000805903,0.000807596,0.000748026,0.000750547,0.00060782,0.00082634,0.000850034,0.000786162,0.000809894,0.000589644,0.000822772,0.000810639,0.000723338,0.000779993,0.000609786,0.000826167,0.000817694,0.000670533,0.000788567
3031.580725,0.000700763,0.00079379,0.000657852,0.000781924,0.000814305,0.000777343,0.000820708,0.000765829,0.000805168,0.000818953,0.000720428,0.000857494,0.000691665,0.000820015,0.000827097,0.00076382,0.000813238,0.000812946,0.00077874,0.000788874,0.000586765,0.000810327,0.000812059,0.000750994,0.000754124,0.000612372,0.000830366,0.000853991,0.000788993,0.000813275,0.000593779,0.000826982,0.000814693,0.000727019,0.000783632,0.000613904,0.000830401,0.000821729,0.000675012,0.000791886
3033.509212,0.000705216,0.00079752,0.000661589,0.000785056,0.000818017,0.000780003,0.000825418,0.000768801,0.000809498,0.000823663,0.000724663,0.000861373,0.000695164,0.000823616,0.00083093,0.000767298,0.000815997,0.000817069,0.000783504,0.000793299,0.000590613,0.000814516,0.00081641,0.000753889,0.00075785,0.0006169,0.000834425,0.000857999,0.000791808,0.000816624,0.000597973,0.000831164,0.000818804,0.000730618,0.00078707,0.000618062,0.000834709,0.000825654,0.000679413,0.000795145
3035.437698,0.000709879,0.000801544,0.000665377,0.000788391,0.000821904,0.00078292,0.000830175,0.000772087,0.000814076,0.000828616,0.000729185,0.000865407,0.000698902,0.000827395,0.000835075,0.000770938,0.000818972,0.000821332,0.000788369,0.000797861,0.00059447,0.000819059,0.000821021,0.000757247,0.000761821,0.000621656,0.000838849,0.000862319,0.000794865,0.000820371,0.000602351,0.000835603,0.000823046,0.000734451,0.000790546,0.00062244,0.000839213,0.00082988,0.000684047,0.000798392
3037.366185,0.000714742,0.000805744,0.00066943,0.000791938,0.000825852,0.000786181,0.000835136,0.000775662,0.000818702,0.000833754,0.000733794,0.000869607,0.0007029,0.000831305,0.000839404,0.000774832,0.00082225,0.000826021,0.000793342,0.000802683,0.000598662,0.000824001,0.000825917,0.00076091,0.000766072,0.000626717,0.000843357,0.000866859,0.000798262,0.000824357,0.000607041,0.000840202,0.000827525,0.00073849,0.000794439,0.000626996,0.000843749,0.000834365,0.000689028,0.000801914
3039.294671,0.000719748,0.00081011,0.000673825,0.00079585,0.000830063,0.000789607,0.00084039,0.00077937,0.000823607,0.000839096,0.000738518,0.000874146,0.000707086,0.000835441,0.000843917,0.000779106,0.000825778,0.000830902,0.000798808,0.0008076,0.000603202,0.000829086,0.000831004,0.000764697,0.000770475,0.000631976,0.000847896,0.00087158,0.000801925,0.000828554,0.000611926,0.000844775,0.000832261,0.000742735,0.000798686,0.000631823,0.00084863,0.000839089,0.000694206,0.000805742
3041.223158,0.000724929,0.000814721,0.0006782,0.000799752,0.000834443,0.000793168,0.000845807,0.000783192,0.000828817,0.00084451,0.000743326,0.000878915,0.000711327,0.000839849,0.000848567,0.000783446,0.000829336,0.000835739,0.000804585,0.000812827,0.000607851,0.000834342,0.000836175,0.000768753,0.000774986,0.000637273,0.000852547,0.000876216,0.000805723,0.00083292,0.000617024,0.000849645,0.00083715,0.000747161,0.00080303,0.000636997,0.000853623,0.000843896,0.000699425,0.00080973
3043.151644,0.000730147,0.00081949,0.000682666,0.000803709,0.00083884,0.000796825,0.000851175,0.000787149,0.000834062,0.000849985,0.000748142,0.000883588,0.000715595,0.000844333,0.000853272,0.000787756,0.000832959,0.000840731,0.000810195,0.000818346,0.000612579,0.000839613,0.000841502,0.00077283,0.000779687,0.000642666,0.000857383,0.000880833,0.000809596,0.000837325,0.000622181,0.000854719,0.000842028,0.000751705,0.000807346,0.000642171,0.000858583,0.000848763,0.000704787,0.000813835
3045.08013,0.00073555,0.000824543,0.000687503,0.000808066,0.000843596,0.000800821,0.000856712,0.000791458,0.000839464,0.000855596,0.000753119,0.000888375,0.00072023,0.000848981,0.000858388,0.000792437,0.000837092,0.000846065,0.000815989,0.000823894,0.000617638,0.000845171,0.000847039,0.000777016,0.000784729,0.000648344,0.000862406,0.000885725,0.000813702,0.000842107,0.000627453,0.000860003,0.000847051,0.000756475,0.000811716,0.000647389,0.000863897,0.000853802,0.000710264,0.000818051
3047.008617,0.000741171,0.000829755,0.000692436,0.000812635,0.000848624,0.000804952,0.000862464,0.000795963,0.000844965,0.00086127,0.000758261,0.000893209,0.000725091,0.000853756,0.000863664,0.000797276,0.000841424,0.000851516,0.000822054,0.000829672,0.000623052,0.000850828,0.000852677,0.000781575,0.000790101,0.000654309,0.000867559,0.000890976,0.000818003,0.000847072,0.000633052,0.000865337,0.000852171,0.000761498,0.000816507,0.000652902,0.000869469,0.000858896,0.000715916,0.000822378
3048.937103,0.000746816,0.000835087,0.000697532,0.000817424,0.000853781,0.000809115,0.000868396,0.000800565,0.000850454,0.000867125,0.000763525,0.000898172,0.000730072,0.000858731,0.000868854,0.000802181,0.000845608,0.000857046,0.000828219,0.000835743,0.000628614,0.000856544,0.000858494,0.000786295,0.000795429,0.000660488,0.00087294,0.000896426,0.000822408,0.00085205,0.000638789,0.000870783,0.000857441,0.000766617,0.000821642,0.00065868,0.00087514,0.00086425,0.000721825,0.000826917
3050.86559,0.000752581,0.000840383,0.000702746,0.000822169,0.000858916,0.000813396,0.000874413,0.000805219,0.000856094,0.000873007,0.000768894,0.000903339,0.000735101,0.000863848,0.0008741,0.000807084,0.000849847,0.000862552,0.00083445,0.000841692,0.000634196,0.000862382,0.000864296,0.000791241,0.00080072,0.000666575,0.000878364,0.000901726,0.000826828,0.000857107,0.000644664,0.000876327,0.000862884,0.000771789,0.00082673,0.000664559,0.000880515,0.000869696,0.000727809,0.000831614
3052.794076,0.000758573,0.000845985,0.000708133,0.000827177,0.000864347,0.000818065,0.000880428,0.000810183,0.000862164,0.000879027,0.000774676,0.00090873,0.000740391,0.000869103,0.000879602,0.000812221,0.000854361,0.000868247,0.000840941,0.000847815,0.000640129,0.00086839,0.000870399,0.000796394,0.000806412,0.000672853,0.000883917,0.000907257,0.000831394,0.000862457,0.000650942,0.000881976,0.000868584,0.000777197,0.000832028,0.000670748,0.000886024,0.00087524,0.00073401,0.000836702
3054.722563,0.000764582,0.00085166,0.000713669,0.000832333,0.000869785,0.000822809,0.000886576,0.000815171,0.000868171,0.000885081,0.000780505,0.000914064,0.000745871,0.000874402,0.000885177,0.000817394,0.000859048,0.000874074,0.000847548,0.000854071,0.000646404,0.000874525,0.000876655,0.000801401,0.000812119,0.000679426,0.000889427,0.000912635,0.000836074,0.000867832,0.000657594,0.000887817,0.0008743,0.000782688,0.000837296,0.000677065,0.000891776,0.000880845,0.00074033,0.000841853
3056.651049,0.000770626,0.000857162,0.000719233,0.000837356,0.000875064,0.000827351,0.000892982,0.000820139,0.000874057,0.000891285,0.0007862,0.000919369,0.000751316,0.000879842,0.000890827,0.000822604,0.000863771,0.000880013,0.000854172,0.000860288,0.000652905,0.000880669,0.000882782,0.000806572,0.000817965,0.000686022,0.000894913,0.000917947,0.000840861,0.000873176,0.000664306,0.000893677,0.000880128,0.000788208,0.00084262,0.00068339,0.000897625,0.000886658,0.000746752,0.000846724
3058.579536,0.000776748,0.000862899,0.000724933,0.000842359,0.000880485,0.000832188,0.000899208,0.000825217,0.000880069,0.00089765,0.000791881,0.000924718,0.00075693,0.000885306,0.000896497,0.000827835,0.000868412,0.000885971,0.000860793,0.000866569,0.000659466,0.000886888,0.00088886,0.000811695,0.000823872,0.000692668,0.000900569,0.000923416,0.00084568,0.000878656,0.00067091,0.000899427,0.000886,0.000793673,0.000847881,0.000689899,0.000903495,0.000892535,0.000753244,0.000851585
3060.508022,0.000782934,0.00086858,0.00073076,0.000847293,0.000885728,0.000837047,0.000905156,0.000830198,0.00088602,0.000903599,0.000797689,0.000929917,0.000762368,0.000890503,0.000901876,0.000832753,0.000873063,0.000891588,0.000867374,0.000872714,0.000665911,0.000893031,0.000894831,0.000816746,0.000829437,0.000699356,0.000906143,0.000928761,0.000850338,0.000883986,0.000677592,0.00090504,0.000891507,0.000799083,0.000852993,0.000696406,0.000909188,0.000898088,0.000759638,0.000856478
3062.436509,0.000789125,0.000873975,0.000736635,0.00085218,0.00089087,0.000841576,0.000911126,0.000835283,0.00089181,0.000909376,0.00080358,0.000935075,0.000767664,0.000895663,0.000907184,0.000837803,0.000877626,0.000897276,0.000873884,0.000878714,0.000672501,0.000899063,0.00090077,0.000821831,0.00083506,0.000706105,0.000911587,0.000934292,0.000854907,0.000889185,0.000684371,0.000910741,0.000896983,0.000804443,0.000858255,0.000702862,0.000914896,0.000903514,0.000766048,0.000861201
3064.364995,0.000795234,0.000879125,0.000742316,0.000856998,0.000895762,0.000845908,0.000916915,0.00084019,0.000897215,0.000915078,0.000809139,0.00093996,0.000773108,0.000900591,0.00091237,0.000842773,0.000881877,0.000902837,0.000880154,0.000884633,0.000679107,0.000904682,0.000906521,0.000826603,0.000840525,0.000712712,0.000916955,0.000939551,0.000859378,0.000894238,0.000691141,0.000916197,0.000902361,0.000809528,0.000863075,0.000709088,0.000920263,0.000908704,0.000772399,0.000865612
3066.293482,0.000801576,0.000884375,0.000748084,0.000861885,0.000900559,0.000850454,0.00092265,0.000844993,0.000902607,0.000920834,0.000814788,0.000944742,0.000778663,0.000905442,0.000917386,0.000847794,0.000886098,0.000908124,0.000886458,0.000890668,0.000685779,0.000910184,0.000912285,0.000831463,0.000845971,0.000719206,0.000922193,0.000944599,0.0008639,0.000899281,0.000698057,0.000921399,0.00090763,0.000814614,0.000867769,0.000715409,0.000925479,0.000913896,0.000778657,0.000870166
3068.221968,0.000807838,0.000889327,0.000753841,0.000866156,0.000905265,0.000854976,0.000928339,0.000849474,0.000907842,0.000926571,0.000820332,0.000949358,0.000784045,0.00091025,0.000922133,0.000852992,0.0008902,0.000913364,0.000892422,0.00089631,0.000692392,0.000915674,0.000917854,0.00083629,0.000851281,0.00072562,0.000927126,0.000949473,0.000868155,0.000904041,0.000704874,0.000926447,0.000912666,0.000819696,0.00087246,0.000721878,0.000930568,0.000918976,0.000784794,0.000874733
3070.150455,0.000813838,0.00089406,0.000759415,0.000870205,0.00090963,0.000859044,0.000933902,0.000853668,0.000912899,0.000932101,0.000825973,0.000953712,0.000789081,0.000914808,0.000926849,0.000857901,0.000894183,0.000918452,0.000898169,0.000901518,0.00069874,0.000920906,0.000923218,0.000840847,0.000856142,0.000731966,0.000932028,0.000954194,0.000872111,0.000908565,0.000711538,0.000931351,0.000917522,0.00082463,0.000876977,0.000728068,0.000935547,0.000923849,0.000790827,0.000878996
3072.078941,0.000819728,0.000898879,0.000765002,0.000874521,0.000913779,0.000862936,0.000939124,0.000857974,0.000917978,0.000937482,0.000831674,0.000957927,0.000794064,0.000919125,0.000931511,0.000862347,0.000897948,0.000923365,0.000904075,0.000906695,0.000705098,0.000926143,0.00092854,0.00084518,0.000860897,0.000738314,0.000936689,0.000958856,0.000876061,0.000913037,0.000718201,0.000936294,0.000922318,0.000829429,0.000881374,0.000734009,0.000940437,0.000928737,0.000796759,0.000883032
3074.007427,0.000825715,0.000903361,0.000770559,0.000878531,0.000917765,0.000866926,0.000944165,0.000862228,0.000922941,0.000942683,0.000836908,0.000962106,0.000798966,0.000923297,0.000935845,0.000866808,0.000901494,0.000928249,0.000909909,0.000911852,0.000711664,0.000931256,0.000933675,0.000849542,0.000865651,0.000744644,0.000941149,0.000963408,0.000879734,0.000917304,0.000724905,0.000941225,0.000926914,0.000834069,0.000885704,0.00073998,0.000945272,0.000933667,0.000802772,0.000886945
3075.935914,0.000832072,0.000907682,0.000776287,0.000882419,0.000921735,0.000871093,0.000949413,0.000866509,0.000927945,0.000947975,0.000842242,0.000966413,0.000803785,0.000927547,0.000940187,0.000871591,0.000905147,0.000933143,0.000915825,0.000917105,0.000718357,0.000936271,0.000938813,0.000853821,0.000870374,0.000751097,0.000945789,0.000968121,0.000883332,0.000921529,0.000731843,0.00094621,0.000931597,0.000838552,0.000890094,0.000746268,0.000950213,0.000938497,0.000808899,0.000890851
3077.8644,0.000838226,0.000911904,0.000782087,0.000886142,0.00092557,0.000875124,0.000954625,0.000870548,0.000932765,0.000953049,0.000847678,0.000970509,0.000808822,0.000931659,0.000944374,0.00087603,0.000908691,0.000937873,0.000921625,0.00092225,0.000724911,0.000941231,0.000943928,0.000857771,0.000874892,0.000757523,0.00095036,0.000972541,0.000887208,0.000925626,0.000738848,0.000950877,0.000936314,0.000842899,0.00089416,0.000752437,0.000954844,0.000942937,0.00081499,0.000894568
3079.792887,0.000844191,0.000916176,0.00078777,0.000889837,0.000929352,0.000878915,0.000959726,0.000874348,0.000937436,0.000957849,0.000853104,0.000974504,0.000813754,0.000935633,0.000948368,0.000880419,0.000912154,0.000942579,0.000927209,0.000927272,0.000731373,0.000946085,0.000948888,0.000861706,0.000879354,0.000763807,0.000954988,0.000976857,0.000890895,0.000929584,0.000745837,0.000955342,0.000940847,0.00084739,0.000898139,0.000758364,0.000959573,0.00094732,0.000821034,0.000898067
3081.721373,0.000850101,0.00092019,0.000793319,0.000893323,0.000933006,0.000882401,0.000964624,0.000878012,0.000941891,0.000962563,0.0008583,0.000978305,0.000818339,0.000939356,0.000952271,0.000884754,0.000915451,0.000947148,0.000932616,0.000931886,0.00073781,0.00095077,0.000953668,0.000865499,0.000883616,0.000770071,0.000959414,0.000981299,0.000894112,0.000933308,0.000752717,0.000959712,0.000945065,0.00085182,0.0009021,0.000764339,0.000964133,0.000951826,0.000826906,0.000901363
3083.64986,0.000856074,0.000924112,0.000799001,0.000896713,0.000936459,0.000885869,0.000969625,0.000881668,0.000946317,0.000967486,0.000863551,0.000981967,0.000823161,0.00094291,0.000956327,0.000888981,0.000918554,0.000951675,0.00093817,0.000936753,0.000744517,0.000955522,0.00095859,0.000869369,0.000887749,0.000776509,0.000963626,0.000985631,0.00089751,0.00093699,0.000759566,0.000963962,0.000949343,0.000856008,0.000905877,0.000770406,0.000968574,0.000956595,0.00083289,0.000904868
3085.578346,0.000862215,0.000928098,0.000804743,0.00090012,0.000939862,0.000889538,0.000974704,0.000885246,0.000950893,0.000972756,0.000868976,0.000985692,0.000828123,0.000946562,0.000960204,0.000893309,0.0009217,0.000956151,0.000943982,0.000942233,0.000751505,0.000960407,0.000963404,0.000873138,0.000891854,0.000783052,0.000967843,0.00098983,0.000900926,0.000940508,0.000766605,0.000968444,0.000953817,0.00086022,0.000909422,0.00077653,0.000973208,0.000961211,0.000838925,0.000908415
3087.506833,0.000868165,0.0009318,0.000810405,0.000903162,0.000943244,0.000892952,0.000979692,0.000888686,0.000955312,0.000977665,0.000874229,0.000989291,0.000832933,0.00095026,0.00096375,0.000897476,0.000924785,0.000960474,0.000949695,0.000947181,0.000758439,0.000965166,0.000968276,0.000876832,0.000895835,0.000789665,0.000972131,0.000994133,0.000904065,0.00094392,0.00077378,0.00097296,0.000958236,0.000864376,0.000913004,0.000782732,0.00097751,0.000965498,0.00084498,0.000911609
3089.435319,0.000874253,0.000935581,0.000816139,0.000906144,0.000946405,0.000896194,0.000984616,0.000892081,0.000959617,0.000982385,0.000879501,0.000992734,0.00083772,0.00095376,0.000967503,0.000901687,0.000927637,0.000964858,0.000955123,0.00095179,0.00076542,0.000969793,0.000973252,0.000880622,0.000899947,0.000796319,0.000976543,0.000998528,0.000907214,0.000947481,0.000781059,0.000977273,0.000962546,0.000868304,0.000916757,0.000788963,0.000981758,0.000969751,0.000851169,0.000914739
3091.363806,0.00088046,0.000939384,0.00082184,0.000909126,0.000949445,0.000899513,0.000989475,0.000895233,0.000964004,0.000987254,0.000884934,0.000996201,0.00084243,0.000957055,0.000971212,0.000905754,0.000930353,0.000969299,0.000960602,0.000956575,0.000772605,0.000974345,0.000977953,0.000884412,0.00090399,0.00080283,0.000980877,0.001002773,0.000910422,0.000950833,0.000788308,0.000981533,0.000966816,0.000872209,0.000920353,0.000795123,0.000986116,0.000973932,0.000857359,0.000918006
3093.292292,0.000886593,0.000943208,0.000827634,0.000912183,0.000952708,0.000902901,0.000994336,0.000898258,0.00096845,0.0009921,0.00089053,0.000999839,0.000847054,0.000960597,0.000974883,0.000909721,0.00093305,0.000973796,0.000966552,0.000961543,0.00077989,0.000979005,0.000982833,0.000888278,0.000907988,0.000809484,0.000985109,0.001006965,0.00091364,0.000954079,0.000795632,0.000986003,0.000971104,0.000876106,0.000923686,0.000801384,0.000990378,0.000978398,0.000863536,0.00092129
3095.220779,0.000892747,0.000947,0.000833513,0.000915175,0.000955948,0.000906261,0.000999146,0.000901178,0.000972834,0.00099696,0.000895743,0.001003311,0.000851728,0.000964157,0.000978465,0.000913636,0.000935724,0.000978202,0.000972456,0.000966571,0.00078713,0.000983713,0.000987753,0.000891752,0.000912025,0.000816351,0.000989272,0.001011063,0.000916582,0.000957308,0.000803137,0.000990503,0.000975329,0.000879836,0.000926863,0.00080773,0.000994602,0.000982936,0.000869669,0.000924392
3097.149265,0.000899034,0.00095095,0.00083956,0.000918219,0.000959296,0.00090956,0.001004376,0.0009044,0.00097741,0.00100193,0.000901011,0.001006957,0.000856676,0.000967595,0.000982082,0.000917595,0.00093852,0.000982687,0.00097827,0.000971513,0.000794562,0.000988618,0.000992764,0.000895286,0.00091612,0.000823209,0.00099376,0.001015353,0.000919606,0.000960692,0.000810829,0.000995018,0.00097986,0.000883777,0.000930513,0.000814287,0.000999283,0.000987435,0.000875964,0.000927674
3099.077752,0.000905456,0.000955075,0.000845672,0.000921394,0.00096269,0.000912836,0.001009628,0.000907857,0.000982096,0.001007234,0.000906697,0.00101079,0.000861667,0.000971272,0.000985946,0.000921829,0.000941412,0.000987222,0.000984161,0.00097661,0.00080211,0.000993547,0.000997841,0.000898994,0.000920284,0.000830195,0.000998414,0.001019768,0.000923098,0.000964121,0.000818717,0.000999677,0.000984517,0.000888035,0.000934437,0.000820856,0.001004055,0.000992036,0.000882335,0.000930999
3101.006238,0.00091182,0.000959179,0.000851913,0.000924473,0.000966076,0.000916294,0.001014941,0.00091129,0.000986991,0.001012823,0.00091246,0.001014502,0.000866763,0.000975197,0.000989961,0.000926098,0.00094443,0.000991893,0.000990194,0.000981872,0.000809766,0.000998472,0.001003105,0.000902903,0.000924549,0.000837615,0.001002936,0.001024207,0.000926782,0.000967713,0.00082659,0.001004235,0.000989164,0.000892326,0.000938373,0.000827408,0.001008647,0.000996852,0.000888908,0.000934356
3102.934724,0.000918227,0.000963362,0.000858291,0.000927747,0.000969608,0.000919906,0.001020463,0.000914583,0.000991888,0.001018298,0.00091817,0.001018257,0.000871949,0.000978929,0.000994086,0.000930356,0.000947347,0.000996754,0.000996549,0.000987163,0.000817662,0.001003708,0.001008489,0.00090704,0.000928956,0.000845093,0.001007418,0.001028612,0.000930232,0.000971476,0.000834456,0.001008617,0.000993923,0.000896522,0.000942069,0.000834261,0.001013321,0.00100164,0.00089562,0.000937769
3104.863211,0.000924856,0.000967569,0.000864586,0.000931187,0.000973255,0.00092357,0.001025881,0.000917789,0.000996575,0.001023691,0.000923811,0.001022179,0.000877157,0.000982748,0.000998207,0.00093463,0.000950237,0.001001665,0.001002917,0.000992659,0.00082574,0.001009106,0.001013664,0.000911094,0.000933398,0.000852431,0.00101222,0.00103318,0.000933778,0.00097514,0.000842661,0.00101334,0.000998802,0.000900832,0.000945661,0.000841259,0.001018065,0.001006356,0.000902356,0.000941261
3106.791697,0.000931786,0.000971984,0.000871072,0.000934478,0.000977092,0.000927248,0.001031469,0.000921454,0.001001516,0.001029055,0.000929872,0.001026339,0.000882611,0.00098679,0.001002354,0.000939029,0.00095336,0.001006656,0.001009131,0.000998271,0.000833814,0.001014536,0.001019055,0.000915336,0.000938075,0.000860007,0.001017403,0.00103796,0.000937659,0.000978965,0.000851071,0.001018508,0.001003727,0.000905494,0.000949644,0.000848377,0.001022923,0.001011395,0.000909345,0.000945206
3108.720184,0.000938705,0.000976586,0.000877698,0.00093767,0.000981077,0.000930945,0.001037013,0.00092523,0.001006773,0.0010345,0.000936037,0.001030426,0.000888144,0.00099065,0.001006584,0.000943596,0.000956572,0.001011656,0.001015598,0.001003974,0.000841984,0.001019882,0.001024698,0.000919448,0.000942843,0.000867801,0.001022418,0.001042683,0.000941537,0.000982858,0.00085939,0.001023697,0.001008705,0.0009103,0.00095359,0.00085554,0.00102777,0.001016395,0.000916457,0.000949174
3110.64867,0.000945538,0.000981407,0.000884488,0.000941301,0.000985192,0.000935081,0.001042881,0.000929087,0.001012206,0.001040278,0.000942125,0.001034722,0.000893909,0.000994893,0.001011093,0.00094822,0.000960026,0.001016933,0.001022484,0.001009832,0.00085059,0.001025397,0.001030599,0.00092371,0.000947614,0.000875742,0.001027414,0.001047818,0.000945577,0.000986898,0.000867819,0.001028839,0.001014013,0.000915105,0.000957829,0.000862862,0.001032975,0.001021531,0.000923665,0.00095308
3112.577157,0.000952345,0.00098612,0.000891205,0.000945136,0.000989091,0.000939129,0.001048773,0.000932947,0.001017524,0.00104596,0.000948393,0.001039109,0.000899678,0.000999299,0.001015589,0.000952791,0.000963379,0.001022074,0.001029135,0.001015591,0.00085899,0.001031012,0.001036315,0.000928206,0.000952482,0.000883716,0.00103224,0.001052704,0.000949528,0.00099093,0.000876322,0.001033917,0.001019124,0.000919873,0.000962216,0.000870295,0.001038304,0.001026866,0.00093083,0.000956928
3114.505643,0.000959277,0.000990716,0.000898063,0.000948914,0.000993131,0.000942928,0.001054482,0.000936763,0.00102296,0.001051705,0.000954768,0.001043425,0.000905361,0.001003567,0.001020162,0.000957519,0.000966751,0.001027216,0.001035552,0.001021435,0.000867368,0.00103678,0.001041961,0.000932828,0.000957509,0.00089184,0.001037172,0.00105741,0.000953655,0.000995117,0.000884913,0.001039465,0.001024374,0.000924794,0.000966651,0.000877895,0.001043755,0.001032314,0.000938188,0.000960928
3116.43413,0.000966659,0.000995628,0.000905278,0.000952919,0.000997579,0.00094704,0.001060471,0.000940915,0.001028504,0.001057754,0.000961173,0.001048025,0.000911287,0.00100817,0.001024851,0.000962544,0.000970523,0.001032752,0.001042309,0.001027335,0.000876118,0.001042669,0.001047902,0.000937694,0.000962696,0.000900063,0.001042632,0.001062552,0.000958176,0.000999608,0.00089365,0.001045293,0.001029897,0.000930122,0.000971136,0.000885683,0.001049359,0.001037736,0.000945749,0.000965175
3118.362616,0.000974046,0.001000969,0.000912439,0.000957052,0.001002131,0.000951444,0.001066669,0.00094527,0.00103419,0.001063941,0.000967692,0.001052631,0.000917541,0.001012996,0.00102964,0.000967714,0.000974289,0.001038438,0.001049715,0.001033583,0.000884947,0.00104852,0.00105397,0.000942498,0.000967978,0.000908534,0.001048072,0.00106789,0.000962742,0.001004198,0.000902648,0.001050915,0.001035377,0.000935566,0.0009756,0.000893495,0.001054813,0.001043016,0.000953521,0.000969581
3120.291103,0.000981368,0.001006467,0.000919702,0.000961437,0.001006676,0.000956043,0.001073015,0.000949791,0.001040007,0.001070408,0.000974237,0.001057298,0.000923979,0.001017713,0.001034817,0.000972734,0.000978115,0.001044293,0.001057035,0.00104007,0.000893944,0.001054532,0.001060276,0.000947473,0.000973423,0.00091738,0.00105342,0.001073367,0.000967384,0.001008992,0.000911664,0.001056463,0.001041091,0.00094086,0.000980509,0.000901527,0.001060467,0.001048655,0.000961457,0.000974235
3122.219589,0.000988874,0.001011809,0.000927082,0.000965865,0.001011258,0.000960698,0.001079311,0.000954331,0.001045863,0.001076929,0.000980872,0.001062379,0.000930317,0.001022472,0.001040048,0.000977863,0.000982207,0.001050247,0.001064048,0.001046335,0.000902967,0.001060661,0.001066764,0.000952655,0.000978997,0.000926243,0.001058956,0.001078595,0.000972102,0.001014012,0.000920537,0.001062062,0.001046743,0.00094638,0.000985483,0.000909738,0.001066191,0.001054473,0.00096913,0.000978872
3124.148076,0.000996307,0.001017335,0.000934516,0.000970206,0.001016125,0.000965324,0.001085727,0.000958842,0.001051994,0.001083277,0.000987823,0.001067545,0.00093674,0.001027367,0.001045237,0.000983544,0.000986171,0.001056265,0.001071389,0.001052891,0.000911944,0.001066963,0.001073217,0.000958007,0.000984701,0.000935188,0.001064633,0.001083844,0.000976939,0.001019219,0.000929958,0.001067961,0.001052351,0.000952176,0.000990573,0.000918016,0.001072021,0.001060252,0.000976957,0.000983494
3126.076562,0.00100378,0.001022887,0.000941938,0.000974849,0.001021274,0.000969855,0.001092172,0.00096366,0.001058075,0.001089576,0.000994711,0.001072578,0.000943335,0.001032318,0.001050419,0.000989111,0.000990256,0.001062195,0.00107881,0.001059569,0.000920872,0.001073198,0.001079515,0.000963566,0.000990554,0.000944134,0.001070292,0.001089396,0.000981846,0.001024153,0.000939523,0.001074003,0.001058172,0.000958037,0.000995756,0.000926148,0.001078063,0.001065985,0.000985102,0.000988068
3128.005049,0.001011459,0.001028704,0.000949547,0.000979713,0.001026673,0.000974673,0.001098777,0.0009689,0.001064406,0.001096299,0.001001755,0.001077782,0.000950259,0.001037717,0.001056057,0.00099454,0.000994853,0.001068265,0.00108646,0.001066324,0.000930125,0.001079621,0.001086057,0.000969084,0.000996623,0.000953262,0.001076096,0.001094973,0.000987031,0.001029219,0.000948832,0.001080203,0.001064317,0.00096421,0.001000965,0.000934615,0.001084376,0.00107179,0.00099344,0.000993053
3129.933535,0.001019284,0.00103478,0.000957278,0.000984634,0.001031871,0.000979738,0.001105546,0.000974065,0.001070835,0.001103197,0.001008824,0.001082963,0.000957323,0.001043241,0.001061847,0.001000014,0.00099937,0.001074401,0.001094071,0.001073099,0.000939616,0.00108627,0.001092701,0.000974537,0.001002687,0.000962603,0.001081918,0.001100337,0.000992214,0.001034696,0.000958289,0.001086201,0.001070354,0.000970568,0.001006396,0.000943458,0.001090597,0.001077898,0.001001785,0.000998353
3131.862021,0.001027359,0.001040757,0.000965274,0.000989813,0.001037182,0.000984995,0.001112345,0.000979312,0.00107742,0.001110038,0.001015937,0.001088426,0.000964442,0.00104875,0.001067615,0.001005612,0.001003989,0.001080733,0.001101819,0.001080029,0.000949223,0.001092998,0.001099552,0.000980282,0.00100885,0.000972128,0.001087939,0.001105786,0.000997611,0.001040423,0.000967985,0.001092383,0.00107656,0.000976959,0.001012117,0.000952331,0.001096779,0.001084295,0.001010259,0.001003694
3133.790508,0.001035582,0.001046871,0.000973468,0.000995087,0.001042667,0.000990367,0.001119253,0.000984919,0.001084162,0.001117011,0.001023424,0.001094241,0.000971742,0.00105431,0.00107365,0.001011686,0.00100885,0.001087092,0.00110987,0.001087214,0.000958798,0.001099838,0.001106514,0.000986112,0.001015194,0.000981858,0.001094147,0.001111471,0.001003456,0.001046366,0.00097779,0.001099079,0.001083123,0.00098338,0.001017991,0.00096139,0.0011033,0.001090776,0.001018966,0.001009031
3135.718994,0.001043639,0.001053056,0.000981398,0.001000273,0.001047996,0.00099552,0.001126181,0.000990467,0.001090853,0.001123881,0.001030768,0.001099934,0.000978889,0.001059886,0.001079463,0.00101786,0.001013767,0.001093224,0.001117772,0.001094186,0.00096809,0.00110663,0.001113291,0.000992002,0.001021644,0.000991479,0.001100137,0.00111743,0.001009279,0.001052179,0.000987654,0.001105679,0.001089515,0.000989869,0.001023782,0.000970318,0.001109733,0.001097132,0.001027668,0.001014109
3137.647481,0.001051354,0.001059353,0.000989676,0.001005567,0.001053592,0.001000854,0.001133317,0.000995983,0.001097739,0.00113095,0.00103801,0.00110558,0.000986076,0.00106565,0.001085504,0.001023808,0.001018643,0.001099912,0.001125839,0.001101304,0.000977649,0.001113619,0.001120293,0.000998116,0.001028398,0.001001269,0.001106205,0.001123533,0.001015138,0.001057835,0.000997511,0.001112271,0.001095875,0.000996456,0.001029676,0.000979343,0.001116261,0.001103289,0.00103653,0.001019481
3139.575967,0.001059251,0.001065771,0.000998015,0.001011088,0.001059382,0.001006196,0.001140646,0.001001713,0.001104571,0.00113812,0.001045464,0.001111295,0.000993573,0.001071517,0.001091723,0.001029686,0.001023352,0.001106911,0.001134192,0.001108762,0.000987386,0.001120674,0.001127425,0.001004171,0.001035152,0.001011361,0.001112431,0.001129426,0.001020885,0.001063632,0.001007433,0.00111901,0.00110229,0.001003179,0.001035643,0.000988552,0.001122973,0.001109662,0.001045564,0.001025182
3141.504454,0.001067542,0.001072344,0.001006268,0.001016748,0.001065434,0.001011697,0.001148103,0.001007554,0.001111805,0.001145361,0.001053174,0.001117385,0.001001277,0.001077509,0.001097928,0.001035971,0.001028464,0.001113939,0.001142693,0.00111662,0.000997329,0.001127769,0.00113482,0.001010574,0.001041962,0.001021538,0.001118765,0.001135387,0.001026886,0.00107007,0.001017838,0.001126071,0.001108985,0.001010171,0.001041795,0.000997857,0.00112967,0.001116361,0.001054619,0.001031048
3143.43294,0.001075754,0.001078935,0.00101479,0.001022459,0.001071393,0.001017434,0.001155359,0.001013265,0.001118917,0.001152953,0.001060841,0.001123529,0.001008906,0.001083344,0.001104336,0.001042476,0.00103363,0.001120823,0.001150906,0.001124439,0.001007345,0.001134788,0.001142191,0.001017204,0.00104884,0.001031783,0.001125086,0.001141433,0.001033105,0.001076504,0.001028247,0.001132937,0.001115706,0.001017201,0.001047873,0.001007239,0.001136494,0.001122807,0.001063495,0.001036809
3145.361427,0.001084291,0.00108589,0.001023376,0.001028249,0.001077337,0.001023162,0.001162733,0.001019322,0.001125979,0.00116055,0.001068696,0.00112964,0.001016559,0.001089555,0.001110901,0.001048994,0.001038863,0.001127889,0.001159471,0.001132093,0.001017542,0.00114219,0.001149574,0.001023739,0.00105581,0.001042376,0.001131518,0.001147924,0.001039341,0.00108278,0.001038583,0.001139849,0.001122625,0.001024481,0.001054059,0.001016799,0.001143654,0.001129537,0.001072712,0.001042474
3147.289913,0.001093087,0.001093018,0.001031968,0.001033897,0.001083395,0.001028974,0.00117034,0.001025714,0.001133426,0.001168148,0.001076642,0.001135826,0.001024417,0.001095974,0.001117565,0.001055525,0.00104443,0.001135186,0.001168289,0.001139918,0.001027955,0.001149841,0.001157076,0.001030295,0.001063013,0.001052866,0.001138079,0.001154368,0.001045744,0.001089262,0.001048997,0.00114704,0.001129686,0.001031856,0.001060536,0.001026642,0.001150805,0.001136537,0.001082223,0.001048379
3149.2184,0.001101811,0.001099849,0.001040708,0.001039725,0.001089554,0.001034779,0.001177953,0.001032045,0.00114085,0.001175788,0.001084345,0.001142076,0.001032437,0.001102185,0.001124144,0.001061948,0.001049834,0.00114214,0.001177028,0.001147864,0.001037982,0.001157262,0.001164688,0.001037114,0.001070307,0.001063098,0.001144619,0.001160391,0.001052166,0.001095879,0.001059533,0.001154204,0.001136495,0.001038946,0.001067039,0.001036465,0.001157822,0.001143385,0.001091544,0.00105439
3151.146886,0.001110416,0.001106673,0.001049586,0.001045836,0.00109592,0.001040757,0.001185665,0.001038239,0.001148378,0.00118338,0.001092186,0.001148412,0.001040485,0.001108641,0.00113082,0.001068523,0.001055217,0.001149257,0.001185944,0.001155794,0.001048279,0.001164843,0.001172407,0.001043897,0.001077662,0.001073656,0.00115128,0.001166527,0.001058696,0.001102578,0.001070344,0.001161406,0.001143364,0.001046097,0.001073576,0.00104636,0.001164754,0.001150429,0.001101008,0.001060561
3153.075373,0.001118894,0.001113557,0.001058294,0.001051927,0.001102159,0.001046736,0.001193322,0.001044554,0.001155745,0.001191204,0.0011002,0.001154712,0.001048425,0.001115011,0.001137831,0.001075191,0.001060702,0.00115658,0.001194487,0.001163759,0.001058828,0.001172233,0.001179992,0.001050383,0.00108495,0.001084517,0.001157879,0.001172799,0.001065274,0.001108971,0.001080846,0.001168546,0.001150437,0.001053471,0.001079954,0.001056137,0.001171876,0.001157601,0.001110609,0.001066843
3155.003859,0.001127694,0.001120802,0.001067205,0.001058078,0.001108621,0.001052714,0.001201171,0.00105124,0.001163297,0.00119922,0.001108226,0.00116113,0.001056523,0.00112131,0.001144945,0.001081943,0.001066184,0.001163963,0.001203178,0.001172269,0.001069202,0.001179693,0.001187792,0.001057263,0.001092381,0.001095517,0.001164436,0.001179249,0.00107211,0.001115675,0.001091523,0.00117606,0.001157745,0.001061106,0.001086576,0.001065876,0.001179511,0.001164678,0.001120197,0.001072961
3156.932346,0.001136566,0.001128148,0.001076125,0.001064282,0.001115138,0.001058566,0.001209015,0.001057683,0.001170991,0.001206969,0.001116244,0.001167604,0.001064807,0.001127832,0.001151835,0.001088684,0.001071824,0.001171245,0.001212206,0.00118056,0.001079531,0.001187184,0.001195508,0.001064295,0.001099907,0.001106309,0.00117135,0.001185669,0.001079126,0.001122662,0.001102425,0.001183368,0.001164901,0.001068771,0.00109342,0.0010759,0.001186972,0.001171621,0.001129848,0.001079091
3158.860832,0.001145359,0.001135507,0.00108502,0.001070749,0.001121777,0.001064456,0.001217083,0.00106402,0.001178698,0.001214718,0.001124787,0.001174323,0.001073117,0.00113465,0.001158932,0.001095309,0.001077828,0.001178607,0.001221535,0.001188802,0.001089955,0.001194913,0.00120335,0.001071397,0.001107348,0.001117321,0.001178338,0.001192225,0.001086122,0.001129585,0.00111321,0.0011906,0.001172224,0.00107634,0.00110036,0.001086216,0.001194497,0.001178612,0.001139689,0.001085673
3160.789318,0.001154237,0.001142752,0.001094209,0.001077068,0.001128322,0.001070587,0.001225241,0.001070514,0.001186516,0.001222922,0.001133389,0.001180922,0.001081248,0.001141276,0.001165986,0.001101947,0.001083666,0.001186232,0.001230724,0.001197311,0.001100621,0.001202966,0.00121132,0.001078528,0.001114845,0.001128614,0.001184978,0.0011986,0.001092948,0.001136536,0.00112404,0.001198385,0.001179418,0.001083909,0.001107252,0.001096496,0.001201881,0.00118558,0.001149506,0.001092017
3162.717805,0.001163237,0.001150055,0.001103522,0.001083327,0.001134667,0.001076619,0.001233274,0.001077262,0.001194555,0.001231307,0.00114169,0.001187465,0.001089512,0.001147946,0.001173001,0.001108775,0.001089193,0.001193976,0.001239876,0.001205512,0.001111288,0.001210703,0.001219369,0.001085572,0.001122645,0.001139736,0.001191937,0.001205041,0.00109977,0.001143585,0.001134915,0.001206367,0.001186437,0.00109163,0.00111395,0.001106776,0.001209121,0.001193052,0.001159512,0.001098255
3164.646291,0.001172107,0.001157541,0.001112773,0.001089883,0.001141263,0.001082825,0.001241317,0.001084086,0.00120263,0.001239483,0.001149934,0.001194116,0.001097845,0.001154756,0.001180077,0.001115808,0.001094768,0.001201662,0.00124928,0.001214071,0.001121828,0.001218283,0.001227342,0.001092588,0.001130503,0.001150831,0.001198968,0.001211379,0.001106708,0.001150912,0.001146012,0.001213849,0.001193836,0.001099511,0.001120788,0.001117169,0.001216738,0.001200682,0.001169549,0.001104716
3166.574778,0.001180898,0.001164884,0.001121732,0.001096276,0.001147886,0.00108911,0.001249219,0.001090825,0.001210471,0.001247592,0.001158118,0.001200876,0.001106058,0.001161411,0.001187121,0.00112273,0.001100637,0.001209227,0.001258372,0.001222632,0.001132373,0.001225928,0.00123507,0.00109947,0.001138178,0.001162083,0.001205636,0.00121764,0.00111357,0.001158116,0.001157208,0.001220869,0.001201111,0.001107218,0.001127731,0.001127258,0.001224419,0.001207937,0.001179415,0.001111043
3168.503264,0.001189977,0.001172412,0.001130963,0.00110258,0.001154628,0.001095241,0.001257372,0.00109775,0.001218443,0.001255868,0.00116667,0.001207904,0.001114532,0.001168218,0.00119482,0.001129485,0.001106844,0.001216902,0.001267659,0.001230797,0.001143043,0.001234021,0.001243139,0.001106725,0.001146074,0.001173525,0.001212383,0.00122443,0.001120584,0.001165183,0.001168391,0.001228529,0.001208416,0.001115009,0.001134609,0.001137478,0.001232042,0.00121507,0.001189291,0.001117619
3170.431751,0.001199056,0.001179773,0.001140274,0.001109097,0.00116137,0.001101234,0.001265297,0.001104837,0.001226361,0.001264353,0.001175233,0.001214688,0.001122976,0.001174915,0.001202306,0.001136395,0.001112922,0.001224487,0.00127697,0.001239153,0.001153837,0.001242075,0.001251114,0.001114126,0.001153964,0.001184652,0.001219358,0.001230696,0.001127582,0.001172277,0.001179463,0.001236565,0.001216043,0.001123052,0.001141638,0.001147928,0.001239545,0.00122213,0.001199136,0.001124237
3172.360237,0.001208103,0.00118726,0.001149349,0.001115839,0.00116817,0.001107509,0.001273183,0.001112045,0.001234384,0.001272758,0.001183658,0.001221585,0.001131475,0.001181671,0.001209516,0.001143512,0.001118948,0.0012323,0.001286195,0.001247871,0.001164657,0.001250045,0.001259154,0.001121536,0.001161774,0.001195915,0.001226505,0.001236967,0.001134975,0.001179594,0.001190706,0.001244559,0.001223718,0.001130958,0.001148935,0.001158476,0.001247549,0.001229701,0.00120948,0.00113094
3174.288724,0.001217181,0.001194719,0.001158699,0.001122537,0.001174985,0.001114075,0.001281476,0.001118805,0.001242375,0.001280882,0.001192078,0.001228342,0.001140204,0.001188371,0.001216807,0.00115051,0.001124893,0.00124013,0.001295451,0.001256543,0.001175392,0.00125815,0.001267234,0.00112908,0.001169756,0.001207598,0.001233465,0.001243579,0.001142664,0.001187033,0.001201997,0.001252121,0.001230953,0.001138877,0.001155832,0.00116903,0.001255451,0.001237187,0.001219825,0.001137541
3176.21721,0.001226508,0.001202218,0.001168361,0.001129253,0.00118201,0.001120371,0.001289596,0.001125658,0.001250464,0.001289115,0.001200704,0.001235206,0.00114907,0.001195272,0.00122407,0.001157464,0.001130834,0.001247915,0.001304952,0.001265232,0.001186315,0.001266135,0.001275272,0.00113672,0.001177957,0.001219329,0.001240455,0.001250288,0.001150031,0.001194455,0.001213238,0.001259567,0.00123839,0.001147124,0.001162773,0.001179602,0.001263191,0.001244534,0.001230085,0.001144089
3178.145697,0.001235533,0.001210062,0.001177855,0.001135892,0.001188889,0.001126614,0.001297608,0.001132772,0.001258551,0.001297208,0.001209414,0.001242294,0.001157825,0.001202175,0.001231542,0.001164371,0.001136994,0.001255693,0.001314566,0.001274113,0.001197314,0.001274018,0.001283246,0.001144326,0.001186001,0.001230983,0.001247368,0.001256869,0.001157294,0.001201801,0.001224359,0.001267314,0.001245989,0.001155318,0.001169944,0.001190354,0.001271227,0.001251831,0.001240407,0.001150746
3180.074183,0.001244257,0.001217654,0.001187323,0.001142429,0.001195418,0.001132877,0.001306001,0.001139867,0.001266549,0.001305365,0.001218003,0.001249012,0.001166504,0.001208898,0.001238876,0.001171554,0.001143275,0.00126346,0.001324014,0.001282878,0.001208433,0.001281894,0.00129135,0.001151673,0.001193748,0.001242423,0.001254364,0.001263309,0.001164549,0.001209114,0.001235299,0.001275108,0.001253357,0.001163214,0.001177209,0.001201013,0.001279071,0.001259051,0.001250655,0.001157526
3182.00267,0.001253458,0.001225212,0.001196976,0.001148981,0.001202243,0.00113928,0.001314402,0.001147134,0.00127477,0.001313753,0.001226591,0.001255759,0.001175183,0.001216046,0.001246202,0.001178973,0.001149353,0.001271452,0.001333249,0.001291531,0.001219471,0.00128982,0.001299631,0.00115893,0.001201738,0.001253827,0.001261362,0.001269914,0.001171694,0.00121651,0.001246687,0.001282931,0.001260832,0.001171148,0.001184672,0.001211752,0.00128679,0.00126658,0.001260935,0.001164556
3183.931156,0.001262741,0.001232709,0.001206539,0.001155659,0.001208994,0.001145846,0.001322444,0.001154387,0.001282925,0.001321913,0.001235111,0.001262442,0.001183793,0.001223123,0.001253513,0.001186114,0.001155245,0.001279231,0.001342143,0.001300089,0.001229991,0.001297536,0.001307515,0.001166408,0.001209801,0.001265368,0.001268117,0.001276148,0.001178881,0.001223937,0.001258345,0.001290595,0.001268091,0.001179455,0.001191787,0.001222546,0.001294353,0.00127401,0.001271122,0.001171222
3185.859643,0.001271961,0.001240498,0.001216162,0.001162405,0.001215775,0.001152195,0.001330297,0.001161728,0.001291224,0.001330061,0.001243663,0.001269214,0.001192704,0.00122998,0.001260936,0.001193039,0.001161532,0.0012871,0.001351562,0.001308634,0.001240785,0.001305395,0.001315633,0.001174161,0.001217724,0.001277241,0.001275206,0.001282595,0.001186416,0.001231559,0.001270078,0.001298447,0.001275615,0.001187687,0.001199006,0.001233382,0.001302058,0.001281585,0.00128156,0.001177794
3187.788129,0.001280986,0.001248185,0.001225429,0.001169046,0.001222499,0.001158396,0.001337968,0.001168828,0.001299115,0.001338272,0.001252096,0.001275939,0.001201484,0.001236491,0.001268216,0.001199854,0.001167854,0.001294689,0.00136089,0.001316824,0.001251889,0.001313004,0.00132352,0.001181652,0.001225857,0.001289175,0.00128223,0.001288998,0.001193893,0.001238932,0.00128168,0.001306171,0.001283287,0.001195645,0.001206061,0.001244002,0.001309544,0.001288736,0.001291726,0.001184195
3189.716615,0.001290088,0.001255534,0.001234807,0.001176011,0.001229189,0.001164718,0.001345954,0.00117628,0.001306961,0.001346542,0.00126084,0.001282891,0.00121017,0.001243305,0.001275302,0.001206951,0.001174057,0.001302285,0.001370121,0.001325186,0.001262978,0.001320708,0.001331221,0.001189237,0.001234091,0.001301067,0.001289209,0.001295383,0.001201306,0.00124626,0.001293144,0.001314058,0.00129077,0.001203778,0.001212876,0.001254529,0.001317284,0.001295733,0.001301823,0.001190597
3191.645102,0.00129917,0.001262951,0.001244463,0.001182744,0.001235799,0.001171084,0.001354041,0.001183761,0.001314858,0.001354485,0.001269382,0.001289905,0.001218873,0.001250023,0.001282538,0.001213892,0.001180344,0.001310018,0.001379375,0.001333872,0.001273705,0.001328759,0.001339038,0.001197029,0.001241942,0.001312787,0.001295802,0.00130175,0.001208567,0.001253599,0.001304446,0.00132184,0.001297854,0.001211744,0.001219869,0.001265285,0.001325291,0.001303142,0.001312161,0.001197399
3193.573588,0.001308179,0.001270431,0.001253929,0.001189306,0.001242378,0.001177408,0.001362055,0.001191,0.001322616,0.00136224,0.001277694,0.001296416,0.001227637,0.001256182,0.001289747,0.001220792,0.00118658,0.001317617,0.001388226,0.001342106,0.001284297,0.001336441,0.001347007,0.001204631,0.001249714,0.001324254,0.001302258,0.001307858,0.001215774,0.00126081,0.001315684,0.001329321,0.001305079,0.001219716,0.001227126,0.001275971,0.001332967,0.001310549,0.001322642,0.001204515
3195.502075,0.001317159,0.001278062,0.00126355,0.001195866,0.001248977,0.001183761,0.001369598,0.001198342,0.001330521,0.00137005,0.001286246,0.001302807,0.001236569,0.001262718,0.001296814,0.001227961,0.00119266,0.001325327,0.001397254,0.001350452,0.001295111,0.001344029,0.001354919,0.00121212,0.001257527,0.001335558,0.001309143,0.00131405,0.001223286,0.001268268,0.001327001,0.001336988,0.001312757,0.001227706,0.001234364,0.001286649,0.001340478,0.001317879,0.001333019,0.001211402
3197.430561,0.001325781,0.001285543,0.001273094,0.00120229,0.001255226,0.001190064,0.001376963,0.001205592,0.001338278,0.001378084,0.001294651,0.001309262,0.001245437,0.00126936,0.001303867,0.001234949,0.001198809,0.001332666,0.001406381,0.001359021,0.001305955,0.001351448,0.001362393,0.001219498,0.001265449,0.001346889,0.001315861,0.001320181,0.001230629,0.001275715,0.001338183,0.001344244,0.001319983,0.001235594,0.001241278,0.001297319,0.001347724,0.001324977,0.001343095,0.001217653
3199.359048,0.001334687,0.001292998,0.001282549,0.001209028,0.001261773,0.001196214,0.001384855,0.001213177,0.001346162,0.001386163,0.001303078,0.001315809,0.001254202,0.001276218,0.001310997,0.001241716,0.001205015,0.001340324,0.001415566,0.001367297,0.001316941,0.001358978,0.001370164,0.001226794,0.001273419,0.001358533,0.001322636,0.001326533,0.001237879,0.001282928,0.001349604,0.001351325,0.001327083,0.001243689,0.001248368,0.001308051,0.001355392,0.001332031,0.001353373,0.001224402
3201.287534,0.001343681,0.001300196,0.001291884,0.001215674,0.001268427,0.001202301,0.001392569,0.001220267,0.001353925,0.001393758,0.001311234,0.00132228,0.001262645,0.001283075,0.001317758,0.001248236,0.001210954,0.001347984,0.001424465,0.001375358,0.001327537,0.001366416,0.001377623,0.00123408,0.001281043,0.00137027,0.001329385,0.00133265,0.001244973,0.001289981,0.001360912,0.001358623,0.001334056,0.00125151,0.001255407,0.001318688,0.001362957,0.001338845,0.00136342,0.001231241
3203.216021,0.001352597,0.001307478,0.001301275,0.001222281,0.00127491,0.001208393,0.001400299,0.001227121,0.001361764,0.001401496,0.001319562,0.001329048,0.001271384,0.001289564,0.001324653,0.001255122,0.001217101,0.001355406,0.001433352,0.001383432,0.001338212,0.00137387,0.001385247,0.001241711,0.001288857,0.001381915,0.001335818,0.001338675,0.001252072,0.001297161,0.001372142,0.001366449,0.001340987,0.001259168,0.00126258,0.001329261,0.001370382,0.001345781,0.001373754,0.001237785
3205.144507,0.001361511,0.00131483,0.00131046,0.001228626,0.001281089,0.001214527,0.001407733,0.001234105,0.001369198,0.001409151,0.001327841,0.001335538,0.001280067,0.001295719,0.001331576,0.001262034,0.001223402,0.001362735,0.001441939,0.00139131,0.001349378,0.001381347,0.001393112,0.00124933,0.001296583,0.001393005,0.001342102,0.001344491,0.0012592,0.001304128,0.001383229,0.001373908,0.001347926,0.001266816,0.001269588,0.001339832,0.00137789,0.001352893,0.001384141,0.001244229
3207.072994,0.001370487,0.001321883,0.001319737,0.001234903,0.001287269,0.001220736,0.00141513,0.001240937,0.001376427,0.0014169,0.001335989,0.001341648,0.001288446,0.001301854,0.001338328,0.001268603,0.001229432,0.001369845,0.00145038,0.001399369,0.001360598,0.001388357,0.001400543,0.001256629,0.001304121,0.001404311,0.001348586,0.00135026,0.001266248,0.001311204,0.001394175,0.001381032,0.001355014,0.001274452,0.001276094,0.001350438,0.001385181,0.00135976,0.001394069,0.001250541
3209.00148,0.001379242,0.001328695,0.001329323,0.001241223,0.001293446,0.001226471,0.001422425,0.001247755,0.001383817,0.001424258,0.001344329,0.001347666,0.001296918,0.001308053,0.001345039,0.001275101,0.001235079,0.001377074,0.001459071,0.001407488,0.001371224,0.001395448,0.001407633,0.001263632,0.001311702,0.001415756,0.001354926,0.001356028,0.001273303,0.001318364,0.001405374,0.001388185,0.001362049,0.001282048,0.001282345,0.001360851,0.00139222,0.001366432,0.001403883,0.001256903
3210.929967,0.001387588,0.001335363,0.001338622,0.001247498,0.00129929,0.001232101,0.001429368,0.001254723,0.001391107,0.001431178,0.001352433,0.001353602,0.001305376,0.001314241,0.001351464,0.001281661,0.001240879,0.001384065,0.001467584,0.001415121,0.001381392,0.00140279,0.001414619,0.001270829,0.001319221,0.001426888,0.001361123,0.001361513,0.001280169,0.001325333,0.001416736,0.001395253,0.00136879,0.001289655,0.001288953,0.001371081,0.001398815,0.001373191,0.001413736,0.001263134
3212.858453,0.001396002,0.001342455,0.001347933,0.001253848,0.001305486,0.001238077,0.001436516,0.001262128,0.001398565,0.001438714,0.001360463,0.001359766,0.001314038,0.001320459,0.001358084,0.001288192,0.001246803,0.001391144,0.001476275,0.00142285,0.001391985,0.001410091,0.001421876,0.001278347,0.001326743,0.001438422,0.00136738,0.001367321,0.001287118,0.001332395,0.001428126,0.001402642,0.0013756,0.001297279,0.001295959,0.001381553,0.00140593,0.001380043,0.001423887,0.001269701
3214.78694,0.00140439,0.001349472,0.00135705,0.001260013,0.001311626,0.001243896,0.001443459,0.001269282,0.001405689,0.001446018,0.001368503,0.001365534,0.00132237,0.001326456,0.001364703,0.00129447,0.001252589,0.001398348,0.001484671,0.001430807,0.001402599,0.001416928,0.001428841,0.00128571,0.001334218,0.001449806,0.001373688,0.001372769,0.001294024,0.001339068,0.00143893,0.001409455,0.001381995,0.001304645,0.001302383,0.001391765,0.001413527,0.001386691,0.001433782,0.001276148
3216.715426,0.001413006,0.001356268,0.001366259,0.001266452,0.001317706,0.001249738,0.001450466,0.001276159,0.001413051,0.00145349,0.001376707,0.001371358,0.001330575,0.001332729,0.001371216,0.001300949,0.001258587,0.001405436,0.00149294,0.001439041,0.001413038,0.001423603,0.001435838,0.001293006,0.001341768,0.001461089,0.001380105,0.001378213,0.001300814,0.001345796,0.001449813,0.001416297,0.001388459,0.001312137,0.001309004,0.001402147,0.001420759,0.001393493,0.001443669,0.001282221
3218.643912,0.001421441,0.00136295,0.001375455,0.001272567,0.001323861,0.001255493,0.001457598,0.001282751,0.00142017,0.001460929,0.001384515,0.001377366,0.001338977,0.001338899,0.001377499,0.001307262,0.001264357,0.001412179,0.001501071,0.001446889,0.001423407,0.001430317,0.001442842,0.001299805,0.001349372,0.001472245,0.001386004,0.001383899,0.001307533,0.001352655,0.001460972,0.001423392,0.001394994,0.001319609,0.001315574,0.001412621,0.001427438,0.001400133,0.001453574,0.001288467
3220.572399,0.00142995,0.001369693,0.001384676,0.001278774,0.001329827,0.001261233,0.001464936,0.001289466,0.001427117,0.001467898,0.001392357,0.001383255,0.001347431,0.001344791,0.001383782,0.001313465,0.001270177,0.001418954,0.001509373,0.001454001,0.001434274,0.001437098,0.001450041,0.001306755,0.001357052,0.001483282,0.001391841,0.001389356,0.001314087,0.001359587,0.00147209,0.001430465,0.001401598,0.001326978,0.001322003,0.001422873,0.001434219,0.001406447,0.001463451,0.001294883
3222.500885,0.001438612,0.001376433,0.00139389,0.001285132,0.001335535,0.001266895,0.001471783,0.001296367,0.001434227,0.001475008,0.001400323,0.001388717,0.001355732,0.001350444,0.001390104,0.001319688,0.001276071,0.001426109,0.001517984,0.001461433,0.001445066,0.001443765,0.001457119,0.001314128,0.001364268,0.001494247,0.001397586,0.001394504,0.001320675,0.001366405,0.001483067,0.001437186,0.001408374,0.001334194,0.001328493,0.001433271,0.001441171,0.001412741,0.001473219,0.001301065
3224.429372,0.001446897,0.001383156,0.001402802,0.001290939,0.001341331,0.001272352,0.001478432,0.001303151,0.001441241,0.001482192,0.001408174,0.001394252,0.001363847,0.001356331,0.001396458,0.001325826,0.001282028,0.001433291,0.001526038,0.00146938,0.001455313,0.00145041,0.001464009,0.001321432,0.001371493,0.001505228,0.001403601,0.001399722,0.001327452,0.001373206,0.001494048,0.001443722,0.00141493,0.001341306,0.001334735,0.00144357,0.001447868,0.001419313,0.001482948,0.001307152
3226.357858,0.001455131,0.001389967,0.001411828,0.001297049,0.001347268,0.001277782,0.001485102,0.001310057,0.001448518,0.0014891,0.00141613,0.001400162,0.001371948,0.001362492,0.001402855,0.001331901,0.001287929,0.001440254,0.001533917,0.001476717,0.001465699,0.001457298,0.001471053,0.001328462,0.001378926,0.001516102,0.001409831,0.001405181,0.00133404,0.001380194,0.00150516,0.001450408,0.001421153,0.00134847,0.001341049,0.001453732,0.001454456,0.001425824,0.00149263,0.001313227
3228.286345,0.001463239,0.001396567,0.001420639,0.001303201,0.001353182,0.001283218,0.001491677,0.001316972,0.001455485,0.001495804,0.00142375,0.001405796,0.001380131,0.001368391,0.001408913,0.00133802,0.001293623,0.00144688,0.001541881,0.001483916,0.001475816,0.001463844,0.001477693,0.001335533,0.001386289,0.001526652,0.001415747,0.001410549,0.001340637,0.001386649,0.001515832,0.00145705,0.001427501,0.001355577,0.001347205,0.001463805,0.001461258,0.001432161,0.00150191,0.001319219
3230.214831,0.001471353,0.001403305,0.00142962,0.001309205,0.001359267,0.001288869,0.001498745,0.001323848,0.001462315,0.001502916,0.001431547,0.001411671,0.001388621,0.001374545,0.001415214,0.001344269,0.00129935,0.001453709,0.001549706,0.001492004,0.00148597,0.001470213,0.001484497,0.001343102,0.001393616,0.001537646,0.001421809,0.001415873,0.001347414,0.001393018,0.001526523,0.001464165,0.001434423,0.001362816,0.001353548,0.001474036,0.00146826,0.00143869,0.00151139,0.001325513
3232.143318,0.001479396,0.001409852,0.001438651,0.001315318,0.001364931,0.001294416,0.001505417,0.001330411,0.001468981,0.001509833,0.001439276,0.001417153,0.001396842,0.001380235,0.001421344,0.001350124,0.001304832,0.00146067,0.001557608,0.001499806,0.001496474,0.001476631,0.001491074,0.001350304,0.001400644,0.001548668,0.001427424,0.001420707,0.001353868,0.001399512,0.001536935,0.001470509,0.001440771,0.001369818,0.001359768,0.00148422,0.001474975,0.001445171,0.001521074,0.001331521
3234.071804,0.001487656,0.001416525,0.001447563,0.001321539,0.001370966,0.001300185,0.001512432,0.001337228,0.001475871,0.001516695,0.001447047,0.001422695,0.001405039,0.001386004,0.001427474,0.001356106,0.001310693,0.001467596,0.001566087,0.001507307,0.001507063,0.00148336,0.001497586,0.001357383,0.001408163,0.001559658,0.001433217,0.001425796,0.001360298,0.0014062,0.001547658,0.001477089,0.00144706,0.001376845,0.001366247,0.001494567,0.001481655,0.001451555,0.001531062,0.001337676
3236.000291,0.001495703,0.001423197,0.001456491,0.001327706,0.001377283,0.001306061,0.001519195,0.001344032,0.001482825,0.001523442,0.00145497,0.001428431,0.001413403,0.001392043,0.001433698,0.001361955,0.001316542,0.001474074,0.001574235,0.001514695,0.001517442,0.001489813,0.001503993,0.001364295,0.001415303,0.001570337,0.001439336,0.001430994,0.001366604,0.001412798,0.001558632,0.001484114,0.001453531,0.001384082,0.001372857,0.00150497,0.001488042,0.001457732,0.001540722,0.001344112
3237.928777,0.001503825,0.001429791,0.001465711,0.001333784,0.001383241,0.001311842,0.001525654,0.001350945,0.001489758,0.001530001,0.001462945,0.001433833,0.001421823,0.001398065,0.001439971,0.001367929,0.001322513,0.001480698,0.001582219,0.001521973,0.001527986,0.001496085,0.001510501,0.001371293,0.001422539,0.001581231,0.001445451,0.00143621,0.001373282,0.00141946,0.001568967,0.001490702,0.001460002,0.001391561,0.001379297,0.001515306,0.001494651,0.001464541,0.001550345,0.001350316
3239.857264,0.001512167,0.001436504,0.00147494,0.001339866,0.001389214,0.001317665,0.001532295,0.001358068,0.001496876,0.001536848,0.001470595,0.001439563,0.001430405,0.001404184,0.001446301,0.001374349,0.001328412,0.001487552,0.001590265,0.001529556,0.001538313,0.001502791,0.001517228,0.001378635,0.001430403,0.001592574,0.00145147,0.001441698,0.00138005,0.001426362,0.00157964,0.001497462,0.001466501,0.001399112,0.001385901,0.001525658,0.001501305,0.001471094,0.00156006,0.001356628
3241.78575,0.001519925,0.001443086,0.001483777,0.001346276,0.001395172,0.001323076,0.001538568,0.001364976,0.001503909,0.001543858,0.00147783,0.001445354,0.001438924,0.001409947,0.001452379,0.001380724,0.001333881,0.00149402,0.001598145,0.001537118,0.001548234,0.00150951,0.001523783,0.001385883,0.001437891,0.001603497,0.001457352,0.001446881,0.00138637,0.00143299,0.001590683,0.001503939,0.001472643,0.001406295,0.001392232,0.001535855,0.001507745,0.001477112,0.001569532,0.001362916
3243.714236,0.001528122,0.001449936,0.001492682,0.001352824,0.001401322,0.001328629,0.00154527,0.001372195,0.001510934,0.001551024,0.001485714,0.001451119,0.001447473,0.001415991,0.001458989,0.001387113,0.001340009,0.001500886,0.00160623,0.001544634,0.001558664,0.001516199,0.00153065,0.001393358,0.001445384,0.001614336,0.001463268,0.001452022,0.001392904,0.001439685,0.00160164,0.001510623,0.001479283,0.001413581,0.001398754,0.001546536,0.001514645,0.001483763,0.00157943,0.001369127
3245.642723,0.001536353,0.001456604,0.00150122,0.001358952,0.001407415,0.001334663,0.001552234,0.001379341,0.001517764,0.001557871,0.001493667,0.001456923,0.001456113,0.001422123,0.00146552,0.001393177,0.001346324,0.001507624,0.001613937,0.001552168,0.001569037,0.001522613,0.001537314,0.001400796,0.001452815,0.001625256,0.001469082,0.001457112,0.001399376,0.00144635,0.001612258,0.001517318,0.00148587,0.001420996,0.001405294,0.001557213,0.001521494,0.001490355,0.001589277,0.001375374
3247.571209,0.001544154,0.001463469,0.001510363,0.001365266,0.001413716,0.001340839,0.001559456,0.001386584,0.001525094,0.00156499,0.001501366,0.001462988,0.001465046,0.001428319,0.001471882,0.001399294,0.001352709,0.001514501,0.001622,0.001560193,0.001579247,0.001529128,0.001544218,0.00140837,0.001460424,0.001636744,0.001475206,0.001462513,0.001406149,0.001453232,0.00162306,0.001524262,0.001492486,0.001428733,0.001412249,0.00156773,0.001528384,0.001496794,0.001599356,0.001382033
3249.499696,0.001551943,0.001470348,0.001519715,0.001371799,0.001419886,0.001346792,0.001566174,0.001393595,0.001532069,0.001572026,0.0015089,0.001468767,0.001473803,0.001434325,0.001478206,0.001405272,0.001358897,0.001521586,0.001629933,0.001568434,0.001589605,0.001535424,0.001550927,0.001415676,0.001467823,0.001647846,0.001481157,0.001467763,0.001413034,0.001460384,0.001633953,0.001530946,0.001499312,0.001436576,0.001419151,0.001578312,0.001534592,0.001502975,0.001609206,0.001388781
3251.428182,0.001560089,0.00147707,0.001528727,0.00137858,0.001426009,0.001352854,0.001572861,0.001400817,0.001538993,0.001578564,0.001516814,0.001474485,0.001482435,0.001440443,0.001484686,0.001411647,0.001365017,0.001528469,0.001637429,0.00157677,0.001600137,0.001541978,0.001557506,0.001423184,0.001475572,0.001658988,0.00148732,0.001472897,0.001419738,0.001467508,0.001644755,0.001537407,0.001505822,0.001444317,0.001425539,0.001589162,0.001540886,0.001509582,0.001619074,0.00139552
3253.356669,0.001568247,0.001483815,0.001537959,0.001385264,0.001432382,0.001359131,0.001579518,0.001408466,0.001546122,0.001585211,0.001524481,0.001480304,0.001491051,0.00144666,0.001491296,0.001418281,0.001371281,0.001535314,0.001645109,0.001584531,0.001610269,0.001548963,0.001564042,0.001431091,0.001483552,0.001670527,0.001493176,0.001478021,0.00142627,0.001474232,0.001655608,0.001544293,0.001512168,0.001452307,0.001432176,0.001600068,0.001547767,0.001516304,0.001628934,0.001402051
3255.285155,0.001575952,0.001490477,0.001546984,0.001391647,0.001438661,0.001365114,0.001585907,0.001415891,0.001552948,0.001592293,0.001531764,0.001485979,0.001499774,0.001452755,0.001497681,0.00142457,0.001377519,0.00154222,0.001653097,0.001591822,0.001620601,0.001555401,0.001570584,0.001438709,0.001491233,0.00168181,0.001498762,0.001482976,0.00143288,0.00148115,0.001666176,0.001551117,0.00151866,0.001460168,0.001438781,0.001610576,0.001554544,0.001522856,0.001638526,0.001408349
3257.213642,0.001583832,0.001497133,0.00155585,0.001397932,0.001444785,0.001370995,0.001592645,0.001423316,0.001560007,0.001599658,0.001539711,0.001491715,0.00150871,0.001459102,0.001504204,0.001430867,0.001383992,0.001549253,0.001661103,0.001599538,0.001630904,0.001561711,0.001577354,0.001446248,0.001498794,0.001693249,0.001504695,0.001487888,0.001439711,0.001488364,0.001676487,0.001557965,0.001525258,0.00146764,0.001445475,0.001621381,0.001561185,0.001529364,0.001648406,0.001414918
3259.142128,0.001591758,0.00150373,0.001564419,0.00140419,0.001450839,0.001377086,0.001599534,0.00143048,0.001566785,0.001606388,0.001547133,0.001497364,0.001517445,0.001465116,0.0015103,0.00143683,0.001390322,0.001555884,0.001668742,0.001606932,0.001640372,0.001568098,0.001583632,0.001453523,0.001505825,0.001704173,0.001510371,0.001492771,0.001446132,0.001495224,0.001686851,0.00156444,0.001531501,0.001475144,0.001452301,0.001632184,0.001567636,0.001535489,0.001658097,0.001421548
3261.070615,0.001599827,0.001510745,0.001573363,0.001410692,0.001457319,0.001383473,0.001606583,0.00143773,0.001573692,0.001613155,0.001554357,0.001503491,0.00152624,0.001471433,0.001516477,0.001442964,0.001396765,0.001562675,0.001676998,0.001614489,0.001650229,0.001574715,0.001590424,0.001460995,0.001513553,0.001715424,0.001516397,0.001498073,0.001452607,0.001502494,0.00169765,0.001571002,0.0015377,0.001482955,0.001459395,0.001642669,0.001574474,0.0015418,0.00166817,0.00142819
3262.999101,0.001607517,0.001517442,0.001582172,0.001417003,0.001463532,0.001389555,0.00161274,0.001444895,0.001580317,0.001620197,0.001561788,0.001509244,0.001534868,0.00147751,0.001522792,0.001449052,0.00140322,0.001569318,0.001685156,0.001622117,0.001660054,0.001580986,0.001596805,0.001468497,0.001521409,0.001726847,0.001522204,0.001503031,0.001459196,0.001509569,0.001707875,0.001577563,0.0015441,0.001490749,0.001466159,0.001653039,0.001580863,0.001547824,0.001677862,0.001434484
3264.927588,0.001615004,0.001524217,0.001590913,0.001423446,0.001469513,0.001395086,0.001618995,0.001451956,0.001587054,0.001626881,0.001569003,0.001514809,0.001543403,0.001483329,0.001529119,0.001455205,0.001409498,0.00157579,0.001692721,0.001629746,0.001669944,0.0015871,0.001602842,0.001475794,0.001528939,0.001737643,0.001528029,0.001507855,0.001465844,0.001516274,0.001717947,0.001583896,0.001550765,0.001498604,0.001472453,0.001663483,0.001587293,0.001554013,0.001687506,0.001440747
3266.856074,0.001622497,0.001530711,0.001599547,0.001429692,0.001475202,0.00140062,0.001625212,0.001458779,0.001593709,0.001633075,0.001575882,0.001520281,0.00155164,0.001489123,0.001535316,0.001461167,0.001415176,0.001582466,0.001699928,0.001637178,0.001679469,0.001593056,0.001608964,0.001482802,0.001536175,0.00174795,0.001533898,0.001512329,0.001471969,0.001522691,0.001728165,0.001589833,0.001556571,0.001506104,0.001478882,0.001673613,0.001593706,0.001560071,0.001697019,0.001446988
3268.784561,0.001629694,0.001536552,0.001607649,0.001435678,0.001480799,0.001406339,0.001631174,0.001465588,0.001599961,0.001639296,0.001582949,0.00152521,0.001559601,0.001494464,0.001541255,0.001466769,0.001420728,0.001588799,0.001707203,0.001643882,0.001688765,0.001598751,0.001614976,0.001489839,0.00154304,0.001758475,0.001539484,0.001516816,0.001477899,0.001529116,0.001737914,0.001596368,0.001561847,0.001513205,0.001485403,0.001683699,0.001599885,0.00156601,0.001705995,0.001453226
3270.713047,0.00163714,0.00154248,0.001615813,0.001441414,0.001486597,0.001411711,0.001636874,0.001472368,0.001606381,0.001645536,0.001590428,0.001530478,0.001567419,0.001499869,0.001547037,0.001472517,0.001426566,0.00159465,0.001714212,0.001650788,0.001698048,0.001604483,0.001620988,0.001496861,0.001549853,0.001769174,0.001544724,0.001521687,0.001484091,0.001535588,0.001747437,0.001602917,0.001567538,0.001520188,0.001491821,0.001693604,0.001605942,0.001571954,0.001715201,0.001459192
3272.641533,0.001644252,0.00154835,0.001623714,0.001446908,0.001491958,0.001416861,0.001642381,0.001478716,0.001612313,0.001651608,0.001597358,0.001535851,0.001575074,0.001505114,0.001552452,0.001477888,0.001432073,0.001600536,0.001720867,0.001657756,0.001706803,0.00161007,0.001626616,0.00150312,0.001556505,0.001779201,0.001549631,0.00152608,0.001489819,0.001541537,0.001756728,0.00160823,0.001573148,0.001526857,0.001497792,0.00170267,0.001611354,0.001577536,0.00172387,0.001464821
3274.57002,0.001650804,0.001554095,0.001631735,0.001452513,0.001496963,0.001422069,0.0016485,0.001484757,0.001618029,0.001657519,0.001603764,0.001540905,0.001582572,0.001510153,0.00155784,0.001482935,0.001437342,0.001606526,0.001727988,0.001664206,0.001715957,0.001615629,0.001632299,0.001509408,0.001563128,0.001788907,0.001554822,0.001530487,0.001495348,0.001547347,0.001765995,0.001613727,0.001578848,0.001533415,0.001503177,0.001711708,0.001617052,0.001582789,0.00173216,0.001470524
3276.498506,0.001657406,0.001559118,0.001639337,0.001457574,0.001501304,0.001426881,0.001653726,0.001490373,0.001623342,0.001662908,0.001610053,0.001545345,0.001589434,0.001514738,0.001562518,0.001487864,0.001442113,0.001611991,0.001734642,0.00167026,0.00172463,0.001620728,0.001637333,0.001515946,0.001568953,0.001797961,0.001559529,0.001534796,0.001500563,0.001552659,0.001774764,0.001618989,0.001584211,0.001539683,0.001508158,0.001720441,0.00162274,0.001587577,0.001739973,0.001475557
3278.426993,0.001664375,0.001564404,0.001646753,0.001462499,0.001505843,0.001431293,0.001658818,0.001496456,0.00162878,0.001668544,0.001616422,0.00154953,0.001596308,0.0015194,0.001567303,0.001492986,0.001446762,0.001617341,0.001740619,0.001676299,0.001732523,0.00162592,0.001642443,0.001521982,0.001574712,0.001806819,0.001564073,0.001538825,0.001505722,0.001557998,0.001783143,0.001624483,0.001589108,0.001545648,0.001513391,0.001729068,0.001628131,0.001592853,0.001747846,0.001480516
3280.355479,0.001670958,0.001569446,0.001653889,0.001467176,0.001510404,0.001435436,0.001663542,0.001502,0.001634184,0.001673271,0.001622254,0.001553529,0.001602787,0.001523889,0.001572038,0.001497664,0.00145139,0.00162215,0.001746112,0.001681882,0.001739565,0.001630646,0.001647247,0.001527459,0.00158017,0.001815443,0.001568363,0.001542556,0.001510523,0.001563032,0.001791261,0.001629565,0.001593762,0.001551066,0.00151834,0.001737411,0.001632872,0.001597678,0.001755727,0.001485045
3282.283966,0.001676933,0.001574156,0.001660716,0.00147167,0.001514544,0.001439736,0.001668173,0.001507,0.001639176,0.001677565,0.001628115,0.001557556,0.001608952,0.00152793,0.001576218,0.001502286,0.001455981,0.001626943,0.001752236,0.001686998,0.001747129,0.001635159,0.001652003,0.001533231,0.001585384,0.001823709,0.001572636,0.001546568,0.001515014,0.001567685,0.001799258,0.001634101,0.001598541,0.001556279,0.001522854,0.001745107,0.001637733,0.001602426,0.001763271,0.001489523
3284.212452,0.001682844,0.001578899,0.00166766,0.001475874,0.0015186,0.001443864,0.001672737,0.001511905,0.001643511,0.001682805,0.001633829,0.001561526,0.00161521,0.001531767,0.001580482,0.001506754,0.001460131,0.001632015,0.001757865,0.001691588,0.001755472,0.001639707,0.001656796,0.00153858,0.001590768,0.001831421,0.001577036,0.001550267,0.001519497,0.001572261,0.001807035,0.001638335,0.001602823,0.001561506,0.001527087,0.001752474,0.001642189,0.001606981,0.001770186,0.001494144
3286.140939,0.001689184,0.001583073,0.001674308,0.001479866,0.001522198,0.00144765,0.001677077,0.001516419,0.001647753,0.00168785,0.001639295,0.001565358,0.001621302,0.001535396,0.001584417,0.001510435,0.001463768,0.001636777,0.001762465,0.00169591,0.001763244,0.001643752,0.001660721,0.001543519,0.001595576,0.001839096,0.001581092,0.001553649,0.001523646,0.001576684,0.001815024,0.001642207,0.001606798,0.001566355,0.001531174,0.001759755,0.001645985,0.001610939,0.001776515,0.001498153
3288.069425,0.001695434,0.001587416,0.001681002,0.001483656,0.001525467,0.001451023,0.001681685,0.001520893,0.00165253,0.001692323,0.001644927,0.001569123,0.001626965,0.001539184,0.001588114,0.001514279,0.001467361,0.001641302,0.001767629,0.001700374,0.001770864,0.00164779,0.001665043,0.001548619,0.0016001,0.001846579,0.001584922,0.001556934,0.001527616,0.001581109,0.001822944,0.001646896,0.001610917,0.001570934,0.001535336,0.001767,0.001650644,0.001615008,0.001783069,0.001502315
3289.997912,0.001700862,0.001591477,0.001687089,0.001487085,0.00152863,0.001454266,0.001685417,0.001525124,0.001656728,0.001696009,0.001650223,0.0015725,0.001632153,0.001542494,0.001591439,0.001518138,0.001470918,0.001645362,0.001772791,0.001704598,0.001777994,0.001651311,0.001669265,0.001553106,0.00160443,0.001852944,0.001588486,0.001559862,0.001531582,0.001584959,0.001830005,0.001651215,0.001614783,0.001575076,0.001539173,0.001773634,0.001655279,0.001619082,0.001789298,0.001506175
3291.926398,0.001706407,0.001595571,0.001693469,0.001490882,0.001532014,0.001457866,0.001689632,0.00152965,0.001660952,0.001699914,0.001655921,0.001575858,0.001637503,0.001545616,0.001594934,0.001522233,0.001474537,0.001649412,0.001777715,0.001708787,0.001784783,0.001655129,0.001673513,0.001557295,0.001608815,0.001860037,0.001592257,0.001563325,0.00153571,0.001588737,0.00183727,0.001655253,0.00161901,0.001579004,0.001542758,0.0017801,0.001659564,0.001623449,0.00179551,0.00150995
3293.854885,0.001712188,0.00159924,0.001699884,0.001494031,0.001535108,0.001460808,0.001693641,0.001533781,0.001664875,0.001704214,0.001661175,0.001578926,0.001642492,0.001548785,0.001598306,0.001526119,0.001477752,0.001653116,0.001781898,0.001712614,0.00179107,0.001658811,0.001677431,0.001561393,0.001612637,0.001867353,0.001595569,0.001566258,0.001539438,0.001592286,0.001844208,0.001658573,0.001623107,0.001582801,0.001545959,0.001786386,0.001663211,0.001626722,0.001801434,0.001513442
3295.783371,0.001717977,0.001602448,0.001705958,0.001497069,0.001538005,0.001463707,0.001697394,0.001537915,0.001668766,0.001708306,0.001666275,0.001582289,0.001647556,0.001551841,0.001601512,0.001529663,0.001481223,0.001656735,0.001786618,0.001716599,0.001797446,0.001662352,0.001680974,0.001565883,0.001616592,0.001873976,0.001598679,0.001568928,0.001542982,0.001595873,0.001851206,0.001662193,0.001627057,0.001586594,0.001549493,0.001792884,0.001667145,0.0016301,0.001807211,0.001516977
3297.711858,0.001723065,0.001605864,0.001711861,0.001500251,0.001540593,0.001466581,0.001700852,0.001541502,0.001672497,0.001711984,0.001671289,0.001585043,0.00165233,0.001554429,0.001604504,0.001533122,0.001484317,0.001660195,0.001791439,0.001720275,0.001803737,0.001665884,0.001684538,0.001570203,0.001620388,0.001879529,0.001601821,0.001571507,0.001545959,0.001599072,0.001857747,0.001666034,0.001630257,0.00159013,0.001552825,0.001798837,0.001671143,0.001633932,0.001812787,0.001520566
3299.640344,0.001728244,0.001609467,0.001717147,0.001503365,0.001543234,0.001469364,0.0017042,0.001544836,0.001676061,0.001715607,0.001676151,0.001587454,0.001657087,0.001557056,0.001607216,0.001536445,0.001487124,0.001663788,0.001795709,0.001723642,0.001810335,0.001669076,0.00168834,0.001573995,0.00162372,0.001885399,0.001605314,0.0015745,0.001549108,0.001602084,0.00186423,0.00166919,0.001633506,0.001593502,0.001555851,0.001804603,0.00167495,0.001637803,0.001818499,0.001523434
3301.56883,0.001733937,0.001613083,0.001723027,0.001506239,0.001546271,0.00147243,0.001708114,0.00154887,0.00167994,0.00171968,0.001681309,0.001590735,0.001662483,0.001560113,0.001610463,0.001539969,0.001490251,0.001667436,0.001799983,0.001727438,0.001817481,0.001672527,0.001692166,0.001577589,0.001627411,0.001892135,0.001608886,0.001577763,0.001552814,0.001605569,0.001871836,0.001672933,0.001637495,0.001597159,0.001558883,0.001810744,0.001678867,0.0016417,0.001824474,0.001526252
3303.497317,0.001739422,0.001616623,0.001729179,0.001508771,0.001548958,0.001475279,0.001711792,0.001552453,0.001683625,0.001723802,0.001686216,0.001593976,0.001667369,0.001563277,0.00161366,0.001543593,0.001492963,0.001670967,0.001803716,0.001731459,0.001824472,0.001675765,0.00169549,0.001581617,0.001631015,0.001898361,0.001611988,0.001580792,0.00155606,0.001608713,0.001879094,0.001676367,0.001641144,0.001600636,0.001561693,0.001816157,0.001682329,0.001644781,0.001830361,0.00152942
3305.425803,0.001745084,0.001620345,0.001735407,0.001512136,0.001551565,0.001478249,0.00171591,0.001556397,0.001687708,0.001727756,0.001691483,0.001596936,0.001671921,0.001566649,0.001616636,0.001547066,0.001495677,0.001675077,0.001807741,0.001735558,0.001831525,0.001679414,0.001699443,0.00158596,0.001634994,0.001904591,0.001615321,0.001584177,0.001559745,0.001612006,0.001886192,0.001680003,0.001644698,0.001603584,0.001564884,0.001822218,0.001686391,0.001648279,0.001836423,0.001532989
3307.35429,0.001750328,0.001623668,0.001741523,0.00151519,0.001554003,0.00148089,0.001719421,0.001560053,0.00169116,0.001731043,0.001696529,0.001599335,0.001676341,0.001569327,0.001619152,0.001550042,0.00149821,0.001678912,0.001811608,0.001738602,0.001837889,0.001682856,0.001703238,0.001589518,0.001638446,0.001910456,0.001618508,0.001586527,0.001563231,0.00161496,0.001893178,0.001683497,0.001648197,0.001606474,0.001567939,0.001828199,0.001690287,0.001651745,0.001841556,0.001536044
3309.282776,0.001755877,0.001627507,0.001747679,0.001517962,0.00155659,0.001483563,0.001723205,0.001563507,0.001694797,0.001734829,0.001701883,0.001602369,0.001680995,0.001572168,0.001622007,0.001553448,0.00150128,0.001683081,0.00181564,0.001742098,0.001844971,0.001686019,0.00170689,0.001593632,0.001641694,0.001917093,0.001622119,0.001589025,0.001566162,0.001617846,0.001900292,0.001686956,0.001652252,0.001609926,0.001571457,0.001834154,0.001694005,0.001655392,0.001847152,0.001539243
3311.211263,0.001761234,0.001631007,0.001753776,0.00152093,0.001559126,0.001486261,0.001727315,0.001567005,0.001698901,0.001739193,0.001707214,0.00160553,0.00168561,0.001575315,0.001625404,0.001556937,0.001504572,0.001686974,0.001820158,0.001745997,0.001851912,0.00168926,0.001710545,0.001597733,0.001645347,0.001923407,0.001625772,0.001592011,0.001569102,0.001621042,0.001906781,0.001690713,0.001655839,0.001612969,0.001574505,0.001840634,0.001697617,0.00165912,0.001853085,0.001542597
3313.139749,0.001766653,0.001634229,0.001759834,0.001524281,0.001561605,0.00148893,0.001731351,0.001570716,0.001702486,0.001743174,0.001712371,0.00160838,0.001690663,0.001578567,0.001628554,0.001560479,0.001507574,0.001690671,0.001824628,0.001749473,0.001859002,0.001692557,0.001714518,0.001601507,0.001649128,0.001929369,0.001629343,0.001595354,0.001572754,0.001624488,0.001913549,0.001694566,0.001659299,0.001615828,0.001576967,0.001846846,0.001701559,0.001662861,0.001859159,0.001545811
3315.068236,0.001772651,0.001638057,0.001766243,0.001527565,0.001564166,0.001491686,0.001735355,0.00157509,0.001705951,0.001747061,0.001717663,0.001611427,0.001696103,0.001582067,0.001631482,0.001564365,0.001510607,0.001694565,0.001828506,0.001753412,0.00186683,0.001696271,0.001718391,0.001605486,0.001652835,0.00193576,0.001632752,0.001598641,0.001576548,0.00162787,0.001921506,0.001698398,0.001663125,0.001618939,0.001580064,0.001852818,0.001705684,0.001666693,0.001865653,0.001549378
3316.996722,0.001778753,0.001641968,0.001772669,0.001530449,0.001566912,0.001494503,0.001739141,0.001579449,0.00171024,0.001751151,0.001723022,0.001614632,0.001701438,0.001585447,0.001634498,0.001567946,0.00151367,0.001698509,0.001832914,0.001757335,0.001874198,0.001700237,0.001722054,0.001609645,0.001656586,0.001942528,0.001636286,0.001601645,0.001579963,0.001631145,0.00192949,0.001701971,0.001667066,0.001622087,0.001583584,0.001858946,0.001709547,0.001670635,0.001871921,0.001552825
3318.925209,0.001785267,0.001646305,0.001779408,0.001533919,0.001569943,0.00149779,0.001743041,0.001583845,0.00171503,0.001755228,0.001728971,0.00161837,0.001707266,0.001589036,0.001638071,0.001571426,0.001516879,0.001703151,0.001838042,0.001761481,0.001881944,0.001704128,0.00172637,0.001614188,0.001660732,0.001950197,0.001640406,0.001604864,0.00158372,0.00163505,0.001937763,0.001706226,0.001671423,0.001625657,0.001587344,0.001866163,0.001714046,0.001675165,0.001878291,0.001556421
3320.853695,0.001791126,0.001650523,0.001786051,0.001537444,0.001573122,0.001500842,0.001746645,0.001587776,0.001719167,0.001759119,0.001734225,0.001621773,0.001712933,0.001592626,0.001641876,0.001574865,0.001520087,0.001707542,0.001842852,0.001765732,0.001889193,0.001707273,0.001730098,0.001618716,0.001664675,0.001957149,0.001644093,0.001607539,0.001587153,0.001639013,0.001946203,0.00171056,0.001675276,0.001629147,0.001590569,0.00187319,0.001718454,0.001679565,0.001884353,0.001559935
3322.782182,0.001797301,0.001654922,0.001793352,0.001541269,0.001576732,0.001504166,0.001751373,0.001592256,0.001723932,0.001763911,0.001739994,0.001625283,0.001718458,0.001596597,0.001645749,0.001578946,0.001523821,0.001711953,0.001848256,0.001770252,0.001896884,0.001710974,0.001734289,0.001623574,0.001669118,0.00196483,0.001648054,0.001610956,0.001591136,0.001643052,0.001955299,0.001714904,0.001679626,0.001632766,0.001594105,0.001879977,0.001723151,0.001684155,0.001891474,0.00156399
3324.710668,0.001803668,0.001658915,0.001800318,0.001545154,0.00157979,0.001507502,0.001755727,0.00159705,0.00172852,0.001768902,0.001746131,0.001628784,0.001723651,0.001600363,0.001649282,0.001583259,0.00152747,0.001716287,0.001853422,0.001774766,0.001904865,0.001715156,0.001738585,0.001627932,0.001673366,0.00197241,0.001652052,0.001614356,0.001595456,0.00164673,0.00196384,0.001718629,0.001684202,0.001636328,0.001597728,0.001886962,0.001727603,0.001688318,0.001898585,0.001568129
3326.639155,0.001810273,0.001663393,0.001806569,0.00154916,0.001582922,0.001510552,0.001759896,0.001601622,0.001733053,0.001773601,0.001751906,0.0016325,0.001728961,0.00160438,0.00165317,0.001587607,0.001531029,0.001720954,0.001858495,0.001778884,0.001913106,0.00171931,0.001742778,0.001632532,0.00167764,0.001979734,0.001656297,0.001618076,0.001599347,0.001650688,0.001971732,0.001722519,0.001688915,0.001639833,0.001601497,0.001893966,0.001732384,0.001692728,0.00190549,0.001571946
3328.567641,0.001816811,0.001668044,0.001813041,0.001552894,0.001585993,0.001513666,0.001764088,0.001605973,0.001737473,0.001778119,0.001757551,0.001636192,0.001734516,0.001608547,0.001656923,0.001591724,0.001534323,0.001725382,0.00186299,0.001782833,0.001921042,0.00172316,0.001746921,0.001637307,0.001681967,0.001987355,0.001660095,0.001621603,0.001603043,0.001654781,0.001979276,0.001727064,0.001693244,0.00164333,0.001605333,0.001900743,0.00173735,0.001697128,0.00191224,0.001576149
3330.496127,0.001822577,0.001671949,0.001819231,0.001556116,0.00158882,0.001516761,0.001768159,0.001610169,0.0017418,0.001782398,0.00176297,0.001639719,0.001740013,0.001612267,0.001660458,0.001595433,0.001537726,0.001729721,0.001867442,0.0017874,0.001928178,0.001726733,0.001751026,0.001641882,0.001685967,0.001994929,0.001663523,0.001624475,0.00160696,0.001658546,0.001986616,0.001731753,0.001697074,0.001646595,0.001608731,0.001907212,0.001741591,0.001701342,0.001918481,0.001580347
3332.424614,0.001828676,0.001676153,0.001825583,0.001559832,0.00159196,0.001520089,0.00177291,0.001614795,0.001746697,0.001786548,0.001768893,0.001643386,0.001745286,0.001616177,0.001664685,0.001599209,0.001541354,0.001734438,0.001872356,0.00179225,0.001935716,0.001730517,0.00175566,0.001646426,0.001690142,0.002002565,0.00166781,0.001627912,0.001611032,0.001662506,0.001994453,0.001736034,0.001701178,0.001650013,0.001612506,0.001913515,0.001745733,0.001705544,0.001925117,0.001584466
3334.3531,0.00183421,0.001680021,0.0018321,0.001563808,0.001594891,0.001523159,0.001777056,0.001619463,0.001750861,0.001790366,0.00177439,0.001646602,0.001750304,0.001620013,0.001668463,0.00160293,0.001544498,0.001738326,0.001877381,0.00179583,0.001942449,0.00173407,0.001759859,0.00165043,0.001694057,0.002008767,0.001671961,0.001631095,0.001614759,0.001666161,0.002002302,0.001739481,0.001705165,0.001653499,0.001616102,0.001919391,0.001749817,0.001709155,0.001930986,0.001588269
3336.281587,0.001839754,0.00168397,0.001838661,0.001567676,0.001597812,0.001525981,0.001781224,0.001624306,0.00175491,0.001794086,0.001779643,0.001649986,0.001755625,0.001623994,0.001671846,0.001606842,0.001547994,0.001741942,0.001881887,0.001799412,0.001949443,0.001737863,0.001763789,0.001654916,0.001698231,0.002014979,0.001676002,0.001634702,0.001618814,0.001669777,0.002010151,0.001743924,0.001709464,0.001656706,0.001619439,0.001925621,0.001754326,0.00171347,0.001936993,0.001591961
3338.210073,0.001845422,0.001687677,0.001843904,0.001570942,0.00160018,0.001528618,0.001784889,0.001628488,0.0017586,0.001797549,0.001784499,0.001653062,0.001760316,0.001627592,0.00167497,0.001610461,0.001551324,0.001745569,0.001884766,0.001803571,0.001956259,0.001741192,0.001766812,0.001659027,0.001701831,0.002020413,0.001679343,0.001637728,0.001622446,0.001672987,0.002016929,0.001747881,0.001713128,0.001659296,0.001622538,0.001931302,0.001758264,0.001717467,0.001942879,0.001595803
3340.13856,0.001850942,0.001691543,0.00184883,0.00157433,0.00160253,0.001531445,0.001789161,0.00163248,0.001762537,0.001801493,0.001789123,0.001656371,0.001764447,0.001630998,0.001678264,0.001614013,0.00155459,0.001750044,0.00188861,0.001807438,0.001962567,0.001744757,0.001770403,0.00166287,0.001705331,0.002025554,0.00168227,0.001640361,0.001626037,0.00167639,0.002023432,0.001751323,0.001716863,0.001662066,0.001625841,0.001936427,0.001762403,0.001721165,0.001948437,0.001599724
3342.067046,0.001855964,0.00169528,0.001854395,0.001577754,0.001604841,0.001533989,0.00179319,0.001636386,0.001766359,0.001805054,0.001793839,0.001659545,0.001768133,0.001634226,0.001681243,0.001617145,0.001557368,0.001753637,0.001891791,0.001810497,0.001968443,0.001748174,0.001774092,0.001666933,0.001708571,0.002030403,0.001685221,0.00164314,0.001629736,0.001679709,0.002029338,0.00175485,0.001720416,0.001664929,0.001628843,0.00194071,0.001766282,0.001724263,0.001953129,0.001603204
3343.995533,0.001860459,0.00169891,0.001859516,0.001581078,0.001607216,0.001536049,0.001796069,0.001640336,0.001770245,0.001808267,0.001798609,0.001662439,0.001772081,0.001637521,0.00168403,0.001620331,0.001559783,0.001756493,0.001894802,0.001813368,0.001973884,0.001750849,0.001777187,0.001671334,0.001711561,0.002034535,0.001688477,0.001646106,0.001633128,0.001682715,0.002035068,0.001758301,0.001723964,0.001667455,0.001631805,0.001944446,0.001769427,0.00172747,0.001957166,0.001606814
3345.924019,0.001864845,0.00170274,0.001864278,0.001584117,0.001609482,0.001538239,0.001799,0.001644585,0.001773915,0.001811305,0.001803231,0.001665141,0.001775921,0.001640673,0.001686946,0.001623736,0.001562115,0.001759772,0.001898106,0.001816442,0.00197922,0.001753607,0.001780633,0.00167517,0.001714688,0.002038982,0.001691681,0.001648734,0.001636239,0.00168558,0.002040792,0.001761456,0.00172796,0.001669563,0.001635165,0.001948492,0.001773108,0.001731224,0.001961591,0.001610628
3347.852506,0.001868706,0.001706234,0.001868908,0.001587098,0.001611495,0.001540324,0.001801745,0.001648516,0.001776488,0.001813497,0.001807342,0.001667464,0.001779118,0.001643339,0.001689474,0.00162656,0.001564288,0.001762919,0.001899912,0.001819427,0.001983639,0.001756444,0.001783886,0.001677963,0.001717437,0.00204266,0.001694489,0.001650679,0.001639233,0.001688222,0.002045971,0.001764264,0.001731066,0.00167138,0.001637935,0.001952195,0.001776857,0.001734036,0.001965453,0.00161407
3349.780992,0.00187299,0.001709947,0.001873647,0.001590134,0.001613717,0.001542446,0.001804503,0.00165232,0.001779823,0.001815921,0.001811745,0.001670356,0.001782385,0.001646239,0.001692124,0.001629491,0.001566766,0.001766197,0.001901969,0.001822046,0.001988453,0.001759706,0.001787159,0.001681122,0.001720622,0.002046409,0.001697491,0.001653519,0.001642654,0.001691044,0.002051085,0.001767689,0.001734151,0.001673216,0.001640619,0.001955871,0.001779614,0.001736758,0.001969311,0.001617447
3351.709479,0.001876969,0.001712852,0.001877516,0.001592373,0.001615359,0.001544362,0.001806918,0.001655536,0.0017826,0.001818244,0.001815843,0.001672873,0.001785417,0.001648983,0.001694356,0.001632306,0.001568901,0.001768609,0.001904163,0.001824075,0.001993386,0.001762052,0.001789805,0.001684148,0.001723305,0.00204951,0.001700104,0.001656323,0.001645629,0.001693293,0.002055102,0.001770215,0.001737415,0.001674689,0.001643123,0.001959021,0.00178162,0.001739409,0.001973082,0.001620524
3353.637965,0.00188085,0.001716106,0.001881558,0.001595216,0.001617191,0.00154646,0.001809683,0.001659354,0.001785383,0.001820931,0.001819669,0.001675423,0.001788755,0.001652181,0.001696598,0.001635286,0.00157167,0.001771277,0.001906684,0.001826537,0.001998366,0.001764344,0.001792695,0.001687737,0.001726173,0.002052257,0.00170299,0.001658789,0.001648753,0.001695708,0.002060072,0.001772978,0.001740726,0.001676449,0.001645726,0.00196234,0.001784406,0.001742328,0.001976887,0.001623952
3355.566452,0.001885085,0.001719562,0.001885732,0.00159796,0.001619077,0.001548678,0.001812229,0.001663369,0.001788516,0.00182356,0.001823308,0.00167772,0.001791577,0.00165491,0.001698436,0.001638001,0.00157407,0.001773621,0.001908255,0.001828994,0.00200352,0.001767092,0.0017955,0.001691482,0.00172887,0.002054976,0.001705782,0.001660612,0.001651647,0.001697911,0.002064973,0.001775645,0.001743262,0.001678173,0.001648535,0.001964993,0.001786683,0.001745249,0.001979743,0.001627291
3357.494938,0.001889039,0.001722384,0.001889772,0.001600728,0.001620917,0.001550553,0.001815206,0.001667071,0.001791162,0.001825736,0.001827123,0.001679816,0.001794477,0.001657115,0.001700451,0.001640514,0.001576054,0.001776105,0.001909879,0.001831287,0.002008685,0.001769238,0.001798327,0.001694699,0.001730984,0.002057194,0.001708237,0.001662648,0.001654284,0.001700231,0.002069702,0.001778101,0.001745924,0.001679641,0.001651474,0.001967259,0.00178971,0.001748441,0.001982385,0.00163045
3359.423424,0.001892217,0.001724676,0.001894052,0.001603604,0.001622421,0.001552352,0.001817449,0.001670379,0.001793564,0.001827744,0.001830783,0.001681601,0.001797419,0.001659524,0.00170302,0.001643087,0.001578172,0.001778592,0.001911699,0.001833083,0.00201292,0.001770781,0.001800517,0.001697743,0.001733029,0.002058645,0.001710541,0.001664962,0.001657108,0.001702513,0.002074677,0.001781009,0.00174899,0.001681036,0.001653816,0.001969948,0.001793139,0.001750928,0.001985727,0.001633629
3361.351911,0.001895208,0.00172701,0.001897417,0.001605925,0.001623907,0.001554339,0.001819209,0.001673144,0.00179583,0.001829679,0.00183419,0.001683272,0.001799998,0.00166215,0.001705241,0.001645663,0.001579829,0.001780411,0.001913114,0.00183451,0.00201687,0.001772734,0.001802369,0.001700707,0.001735126,0.002060103,0.001712758,0.001667259,0.001659921,0.001704211,0.002078649,0.001783705,0.001751686,0.001682511,0.00165586,0.001972165,0.001795266,0.001752701,0.00198868,0.001637001
3363.280397,0.001898875,0.001730115,0.00190055,0.001608424,0.001625305,0.001556354,0.001821551,0.001676553,0.00179848,0.001831764,0.001837893,0.001685557,0.001802779,0.00166469,0.001707346,0.001648335,0.0015818,0.001782587,0.001914167,0.001836098,0.002021314,0.001775081,0.001805276,0.001703737,0.001737868,0.002062114,0.001714681,0.001669821,0.001662869,0.001706159,0.002082548,0.001785868,0.00175444,0.001684005,0.001658459,0.001974711,0.001797238,0.001755106,0.00199146,0.001640481
3365.208884,0.001902244,0.001732815,0.001903931,0.001610685,0.001626212,0.00155788,0.001823251,0.001680088,0.001800988,0.001833119,0.001840988,0.001687617,0.001805025,0.001666662,0.001708933,0.001650962,0.00158374,0.001784281,0.001914312,0.001837881,0.002024447,0.001776616,0.001807368,0.001706824,0.001740094,0.002063693,0.001716422,0.001671651,0.001665144,0.001707661,0.00208619,0.001787132,0.001757016,0.001684941,0.001660509,0.001977018,0.00179893,0.001757209,0.001993874,0.001643085
3367.13737,0.001905451,0.001735631,0.001907187,0.001613296,0.001627711,0.001559329,0.001825583,0.001683285,0.001803296,0.00183433,0.001844032,0.001689657,0.001807587,0.001669226,0.00171048,0.001653858,0.001585724,0.001786238,0.001915322,0.001840085,0.002027975,0.001778433,0.001809247,0.001709912,0.001742168,0.002065632,0.001718847,0.001673236,0.001667449,0.001709049,0.002090569,0.00178962,0.001759833,0.001685793,0.001662407,0.001978962,0.001800609,0.00175964,0.001996073,0.001645639
3369.065857,0.001908301,0.001738128,0.001909927,0.001615663,0.001628764,0.001560879,0.001826934,0.001686016,0.001804935,0.001835305,0.00184705,0.001690886,0.001810002,0.001671303,0.001711894,0.001655948,0.001587339,0.001787929,0.001916486,0.001841324,0.002032233,0.001780294,0.001810604,0.00171216,0.001744122,0.00206672,0.001721177,0.001674498,0.001669768,0.001710123,0.002094507,0.001791918,0.001762085,0.001686503,0.001664412,0.001980324,0.001801879,0.001761998,0.001997981,0.001648268
3370.994343,0.001911661,0.001740669,0.001913365,0.001617847,0.001630163,0.001562489,0.001828346,0.001688746,0.001806946,0.001836438,0.001850522,0.001692593,0.001812093,0.001672892,0.001713445,0.001658003,0.001588845,0.001789832,0.001917694,0.001842741,0.002036613,0.001781924,0.001811954,0.001714328,0.001746054,0.00206777,0.001723022,0.001676461,0.001672131,0.001711526,0.002097975,0.00179351,0.001764026,0.00168761,0.001666478,0.001981936,0.001803982,0.001764016,0.002000254,0.001651433
3372.92283,0.001914903,0.001742962,0.001916565,0.001619714,0.001631463,0.001563909,0.001830037,0.001691182,0.001808829,0.001837509,0.001853793,0.001694213,0.001813764,0.001674559,0.001714546,0.001660082,0.001590197,0.001791289,0.001917715,0.001844209,0.002040235,0.001782905,0.001813613,0.001716433,0.001747476,0.002069086,0.001724058,0.001678125,0.00167446,0.001713094,0.002100966,0.001794912,0.001765862,0.001688553,0.001668006,0.001983845,0.00180573,0.00176551,0.002002241,0.001654547
3374.851316,0.001917129,0.001744784,0.001919041,0.001621294,0.00163224,0.001565028,0.001831556,0.00169416,0.00181016,0.001837489,0.001856382,0.001694898,0.001815228,0.001676601,0.001715521,0.001661978,0.001591527,0.001792609,0.001917826,0.001844975,0.002043474,0.001784148,0.001815193,0.001718989,0.001748701,0.002070449,0.001725812,0.001679464,0.001676466,0.001714318,0.002103502,0.001796369,0.001768008,0.001689213,0.001669508,0.001985491,0.001806851,0.001767004,0.002004469,0.001656957
3376.779803,0.001919178,0.001746622,0.001921704,0.001623066,0.001632883,0.001566033,0.001832496,0.001696914,0.001811249,0.001837618,0.001858902,0.001695483,0.00181703,0.001678629,0.001716882,0.001663853,0.001592863,0.001794225,0.001918181,0.001845813,0.002046767,0.001785502,0.001816277,0.001721358,0.001750021,0.002071174,0.001727218,0.001680431,0.001677974,0.001715394,0.002106363,0.001797641,0.001769711,0.001690119,0.001671112,0.001987185,0.001808038,0.001768119,0.002006454,0.001659174
3378.708289,0.001921008,0.001748043,0.001923919,0.001624266,0.001633181,0.00156708,0.001832681,0.001698539,0.001812081,0.001838546,0.0018611,0.001696167,0.00181897,0.001679702,0.001717841,0.00166518,0.001593736,0.001794665,0.001918062,0.001846783,0.002049334,0.001785703,0.001816999,0.001723036,0.001750722,0.002070952,0.001727708,0.001681062,0.001679321,0.001716011,0.002109186,0.001798024,0.001770752,0.00169055,0.00167255,0.001988283,0.001808744,0.001768975,0.00200703,0.00166117
3380.636776,0.001923153,0.0017492,0.001926125,0.001625453,0.001633805,0.001567793,0.001834101,0.001700733,0.001813367,0.001839194,0.001863094,0.00169778,0.001820451,0.001680774,0.001718794,0.001666587,0.001594492,0.001795432,0.001918662,0.001847619,0.002052566,0.001786403,0.001818439,0.00172516,0.001752055,0.002071642,0.001728909,0.001682533,0.001681048,0.001716513,0.002112188,0.001799186,0.001772231,0.001690898,0.001674231,0.001989221,0.001810514,0.001770534,0.002008033,0.001662951
3382.565262,0.001924855,0.001749998,0.001927668,0.001626725,0.001633802,0.001568073,0.001834408,0.00170243,0.001814188,0.001839238,0.001864221,0.001698544,0.001821121,0.001681676,0.00171905,0.00166769,0.001594682,0.001796038,0.001918294,0.001847445,0.002055528,0.00178688,0.001818779,0.001726646,0.001753124,0.002072013,0.001729613,0.00168273,0.001682059,0.001716547,0.002114864,0.001799765,0.00177295,0.001691061,0.001675026,0.001989782,0.001811448,0.001771629,0.002009113,0.001664259
3384.493749,0.001926751,0.00175163,0.001929455,0.001627886,0.001634169,0.001568737,0.001834495,0.001703989,0.001815096,0.001839297,0.001865608,0.001698766,0.001822583,0.001682537,0.001719327,0.001669092,0.001595572,0.001796657,0.001918016,0.001847537,0.002058344,0.001787479,0.001819166,0.001727839,0.001754049,0.002073221,0.001730347,0.001683503,0.001683292,0.001717055,0.002118005,0.001799959,0.00177436,0.001691287,0.001676045,0.001990981,0.001811393,0.001772692,0.002010424,0.001665939
3386.422235,0.001928466,0.001752248,0.001930905,0.0016283,0.001634252,0.001569245,0.001834681,0.001704977,0.001815225,0.0018388,0.001867159,0.001698573,0.001823743,0.001682926,0.001719527,0.001669906,0.00159647,0.001796635,0.001917076,0.001847526,0.00206065,0.001788104,0.001819378,0.001728706,0.001754696,0.002073544,0.001730373,0.001684141,0.001684299,0.001717497,0.002119948,0.001799872,0.001775246,0.001691298,0.001676598,0.001992313,0.001811544,0.001772573,0.002011307,0.001667139
3388.350721,0.001929609,0.001752683,0.001932112,0.001628941,0.001633813,0.001569452,0.001834848,0.001705697,0.001815326,0.001838631,0.001868628,0.001698522,0.001824699,0.00168358,0.001719652,0.001670078,0.001596708,0.00179665,0.001916863,0.001847434,0.002062887,0.001788308,0.001819714,0.001729913,0.001755086,0.002072852,0.001730537,0.001683952,0.001684948,0.00171758,0.002122166,0.001800244,0.001775083,0.001691045,0.001676807,0.001993014,0.00181225,0.001772678,0.002012062,0.001668378
3390.279208,0.001930719,0.00175355,0.00193396,0.001629868,0.001633319,0.001569513,0.001834618,0.00170696,0.001815851,0.001838891,0.001870096,0.001698562,0.001825558,0.00168403,0.001719724,0.001670859,0.00159662,0.001797172,0.001916591,0.001847463,0.002065483,0.001787958,0.001820117,0.001730798,0.001755424,0.002072682,0.001731035,0.001684172,0.001685653,0.001717374,0.002124751,0.00180085,0.00177565,0.001690844,0.001677344,0.001993447,0.001812268,0.001773193,0.00201279,0.001669859
3392.207694,0.001931597,0.001753836,0.001935449,0.001630462,0.001632677,0.00156961,0.001834235,0.001707892,0.001816017,0.001838576,0.001870963,0.001698121,0.001825822,0.001683973,0.001719647,0.001672028,0.001596285,0.001797281,0.001915833,0.001847224,0.002067689,0.001787607,0.001819723,0.001730993,0.00175552,0.002072463,0.001730965,0.001684221,0.001686107,0.00171702,0.002126346,0.001800547,0.001776342,0.001690725,0.001677267,0.001993996,0.001811821,0.00177328,0.002013191,0.001670509
3394.136181,0.00193263,0.001754581,0.001936576,0.001630971,0.001632343,0.001569644,0.001834652,0.001708725,0.001816025,0.001837266,0.001871668,0.001698207,0.001826333,0.001684334,0.001719645,0.0016728,0.001596329,0.00179718,0.001915947,0.001846859,0.002069868,0.001787863,0.001819439,0.001731874,0.001755868,0.002072834,0.001730669,0.001684014,0.001686698,0.001716815,0.002128212,0.001800467,0.001776514,0.001690628,0.001677438,0.00199493,0.001812124,0.001773648,0.002013389,0.001670827
3396.064667,0.001933318,0.001754306,0.001937105,0.001631019,0.001631853,0.001569641,0.001834203,0.001709211,0.001815462,0.001836068,0.001872196,0.001697728,0.001826782,0.001684169,0.001718618,0.001672696,0.001596421,0.001796244,0.001914516,0.00184567,0.002071649,0.001786947,0.001818328,0.001732315,0.00175556,0.002072299,0.001729992,0.001683181,0.001686764,0.001716042,0.002129244,0.001799984,0.001776072,0.001689902,0.001677017,0.001995014,0.001811443,0.001773241,0.002013069,0.001670766
3397.993154,0.001934097,0.001754232,0.001938324,0.001631271,0.001631846,0.001569614,0.001833679,0.001709755,0.001815279,0.001835785,0.001872843,0.001697274,0.001827486,0.001684421,0.001717789,0.001673009,0.001596469,0.001796145,0.001913465,0.00184498,0.002073814,0.001786359,0.001818064,0.001732267,0.001755451,0.002071957,0.001729889,0.00168326,0.001687043,0.001715622,0.002131037,0.001799428,0.001775829,0.001689412,0.001676493,0.001995443,0.001810823,0.001773049,0.002013861,0.001671233
3399.92164,0.001934217,0.001754088,0.001938841,0.001631165,0.001630918,0.001568783,0.001831919,0.001709702,0.001814407,0.001834474,0.001873086,0.001695981,0.001827488,0.001684224,0.001717312,0.001673069,0.00159533,0.001795568,0.00191221,0.001844616,0.002074807,0.001785812,0.00181749,0.001732063,0.001755073,0.002071514,0.001729215,0.001682861,0.001687059,0.001714939,0.002132273,0.001797772,0.001775109,0.001688981,0.001676472,0.001995659,0.001810367,0.001772268,0.002014247,0.00167149
3401.850127,0.001934577,0.00175336,0.001939234,0.001631298,0.001629555,0.001568207,0.001831002,0.001709882,0.001813618,0.001833038,0.001873477,0.0016946,0.0018275,0.001683489,0.001716636,0.001673232,0.00159454,0.00179476,0.00191061,0.00184419,0.002075403,0.001785085,0.001816423,0.00173213,0.001754811,0.00207144,0.001728589,0.001682331,0.001686921,0.001714461,0.002132874,0.001796581,0.001774958,0.001688336,0.001676369,0.001995626,0.001809402,0.001771592,0.002013977,0.00167154
3403.778613,0.001935051,0.001752367,0.001939966,0.001631249,0.001628115,0.001567774,0.001830633,0.001710248,0.00181229,0.001831413,0.001873794,0.001693472,0.001827306,0.001682599,0.001715036,0.001673365,0.001594002,0.00179412,0.001908065,0.001842881,0.002076072,0.001784107,0.001815098,0.001731768,0.001754107,0.002070713,0.001727655,0.001681659,0.00168636,0.001713608,0.002133579,0.0017956,0.001774826,0.001687284,0.001675937,0.00199546,0.001807583,0.001770776,0.002013392,0.00167143
3405.7071,0.001934768,0.001751708,0.001939418,0.001630534,0.001626615,0.00156733,0.001829376,0.001709831,0.001810798,0.001829747,0.001873652,0.001691684,0.001826651,0.00168176,0.001713589,0.001672911,0.001592886,0.001793145,0.001905657,0.001841109,0.002076807,0.001782447,0.001813455,0.001731322,0.001752554,0.002068741,0.001726231,0.001680625,0.001685598,0.001711917,0.002134275,0.001793892,0.001773914,0.001685932,0.001675251,0.00199456,0.00180613,0.001769747,0.002012572,0.001671197
3407.635586,0.001934769,0.001751255,0.00193863,0.001629672,0.001625331,0.001566446,0.001827877,0.001708825,0.001809903,0.001828062,0.001872919,0.001690183,0.001826018,0.001680895,0.001712617,0.00167261,0.00159235,0.00179189,0.001903462,0.001839555,0.00207799,0.00178109,0.00181232,0.001730731,0.001751753,0.002067428,0.001724729,0.001679849,0.00168529,0.001710424,0.002134864,0.001792817,0.001772708,0.001684653,0.001674038,0.00199407,0.00180484,0.001768652,0.002011359,0.00167097
3409.564073,0.001934335,0.001749812,0.001937771,0.001628667,0.001623369,0.001564981,0.001825482,0.001707814,0.001807893,0.001825323,0.001871846,0.001688516,0.001824974,0.001679445,0.001710846,0.001672403,0.001591445,0.001789669,0.001900057,0.001836831,0.002078064,0.001779472,0.001810225,0.001729831,0.001750718,0.002065647,0.001723265,0.001678271,0.001683997,0.001708702,0.002134592,0.001791377,0.001770996,0.001683072,0.001672513,0.001993146,0.001803227,0.001766796,0.002010255,0.001669964
3411.492559,0.001933821,0.001748586,0.001937715,0.001627747,0.00162162,0.001563876,0.001823369,0.001707367,0.001806056,0.001823183,0.001871584,0.001687129,0.001824319,0.001678304,0.001709136,0.001672422,0.001590219,0.001788319,0.001897997,0.001833951,0.002078449,0.001777882,0.001808504,0.00172908,0.00174952,0.00206405,0.001722384,0.001677067,0.001682798,0.00170687,0.002134293,0.001789503,0.00176926,0.001681687,0.001671304,0.001991854,0.001802055,0.001765614,0.002009722,0.00166928
3413.421046,0.001932465,0.001746641,0.001936974,0.001626336,0.001619268,0.001562495,0.001820784,0.001706192,0.001803681,0.001821142,0.001871144,0.001684998,0.001823138,0.001676392,0.001706895,0.001671361,0.001588228,0.001786412,0.001895033,0.001831234,0.002078214,0.001775446,0.001806634,0.001727478,0.001747766,0.002061707,0.001720169,0.001675132,0.001681557,0.001704392,0.002132919,0.001786214,0.001766981,0.001679904,0.001669443,0.001990507,0.001799318,0.001763592,0.002007247,0.001668288
3415.349532,0.001931253,0.001745088,0.001935479,0.001625374,0.001617025,0.001561141,0.001819025,0.00170481,0.001801471,0.001818398,0.001870249,0.001682392,0.001821746,0.001674739,0.001704865,0.001669985,0.001586233,0.001784146,0.001892147,0.001828618,0.002077598,0.001773277,0.001804384,0.001726231,0.001745951,0.002059257,0.001717778,0.001673253,0.001680111,0.001702287,0.002132662,0.001783296,0.00176546,0.001677853,0.001667388,0.001988846,0.001796437,0.001761394,0.002004488,0.001666969
3417.278018,0.001930643,0.001743219,0.00193398,0.001623811,0.00161494,0.001559209,0.001816376,0.00170294,0.001799283,0.001815188,0.001868647,0.001679797,0.001820057,0.001672815,0.001702452,0.001668901,0.001584621,0.001781671,0.00188897,0.001825421,0.002076861,0.001771136,0.001801491,0.001724338,0.001744005,0.002056483,0.001715235,0.00167129,0.001678481,0.001699928,0.002131722,0.001780759,0.001763656,0.001675529,0.001665197,0.001986323,0.001793643,0.001758914,0.002001924,0.001665293
3419.206505,0.00192932,0.00174033,0.001932211,0.001621871,0.001612677,0.001557396,0.001813551,0.001701443,0.001796804,0.001812087,0.001867368,0.001677277,0.001818161,0.00167012,0.001699737,0.001667856,0.001583066,0.001778807,0.001885355,0.001821922,0.00207552,0.001768171,0.001798263,0.001722133,0.00174168,0.002052937,0.001712835,0.001669331,0.001676742,0.001696915,0.00212955,0.001778238,0.00176087,0.001672974,0.001663266,0.001983975,0.001791166,0.001756358,0.001999863,0.001663358
3421.134991,0.00192762,0.001737444,0.00193026,0.001620069,0.001610106,0.001555755,0.001810714,0.001699802,0.001793976,0.001807633,0.001865576,0.001674314,0.001816146,0.001667419,0.00169706,0.001666355,0.001581345,0.001775816,0.00188178,0.001818341,0.002074153,0.001765447,0.001795403,0.001719842,0.001739112,0.002049571,0.001710422,0.001667462,0.001675019,0.001693794,0.002127861,0.001775292,0.001757503,0.001670464,0.001661229,0.001981514,0.001788315,0.001753795,0.001997387,0.001661396
3423.063478,0.001925234,0.001734382,0.001927654,0.001617767,0.001606922,0.00155345,0.001806479,0.001697085,0.001790549,0.001802797,0.001862658,0.001670714,0.001813671,0.001664422,0.001693949,0.001664192,0.001578716,0.001772367,0.001877144,0.001814577,0.00207237,0.001762636,0.001792433,0.001717014,0.001736228,0.002046111,0.001707467,0.001664516,0.001672778,0.001690636,0.002125436,0.001771361,0.001754097,0.001667817,0.001658663,0.001978366,0.001784382,0.00175075,0.001993833,0.001659229
3424.991964,0.001922618,0.00173174,0.001925197,0.001615245,0.001603716,0.001551109,0.001803291,0.001694516,0.001787167,0.001799441,0.001860104,0.001667516,0.001811126,0.001661773,0.001691008,0.001662418,0.001575776,0.001769318,0.001872815,0.001811275,0.002070153,0.00175955,0.001789255,0.001714724,0.001733671,0.002042432,0.001704474,0.001661698,0.001670635,0.00168756,0.002122852,0.001768249,0.001751379,0.001665132,0.001655841,0.001975623,0.001780477,0.001747935,0.001990172,0.001657072
3426.920451,0.001920129,0.001728347,0.001921998,0.001612347,0.001599948,0.001548454,0.001799432,0.001691278,0.001782675,0.001795732,0.001857734,0.001663742,0.001808042,0.001658585,0.001687351,0.001660617,0.001572874,0.001765715,0.001867901,0.001807813,0.002067428,0.001755726,0.001785184,0.001711731,0.001730586,0.002038027,0.001700485,0.00165835,0.001667639,0.001683676,0.002119546,0.001764629,0.001748116,0.001661908,0.001652168,0.001972169,0.001776351,0.001744117,0.001985796,0.001654135
3428.848937,0.001917489,0.001724829,0.001918715,0.001609894,0.001596725,0.001546031,0.001795587,0.001688352,0.001778798,0.001791347,0.0018557,0.001660157,0.001804609,0.001655163,0.001683608,0.001658745,0.001570212,0.001762395,0.00186398,0.001804109,0.002065376,0.001752126,0.001781484,0.001708301,0.001727467,0.002034216,0.001697014,0.001655827,0.001664277,0.001679904,0.002116843,0.001760789,0.001744784,0.001658884,0.001648794,0.001968666,0.001773444,0.001740434,0.001982424,0.001651479
3430.777424,0.001914131,0.001721164,0.001915655,0.001606568,0.001593246,0.001543216,0.00179144,0.001684962,0.001774928,0.001786134,0.001852857,0.001656255,0.001800767,0.001651168,0.001679289,0.001656264,0.001567013,0.001758371,0.00185964,0.001798884,0.002062587,0.001748284,0.001777099,0.001704638,0.00172386,0.002029327,0.001693174,0.001652873,0.001661119,0.00167578,0.002113708,0.001756132,0.00174087,0.001655616,0.001645552,0.00196461,0.001769546,0.001736357,0.001978429,0.001648584
3432.70591,0.00191129,0.001717486,0.001912246,0.001602867,0.001589383,0.001540382,0.00178729,0.001681232,0.001770606,0.001782015,0.001849643,0.001652241,0.001797307,0.001647076,0.0016751,0.001653853,0.001563972,0.001754154,0.001854544,0.001793694,0.002058735,0.001744403,0.001772613,0.00170141,0.001720275,0.002023978,0.00168893,0.001649242,0.001658119,0.001671664,0.002110653,0.001751436,0.001737101,0.001652139,0.001642422,0.001960186,0.001764939,0.00173256,0.001974257,0.001645297
3434.634397,0.001908274,0.001713097,0.00190827,0.001599382,0.001585239,0.001537479,0.001782918,0.001677445,0.001766031,0.001777904,0.001845542,0.001647897,0.001793419,0.00164301,0.001670907,0.001651091,0.001560769,0.001750053,0.001848832,0.00178959,0.002054776,0.001740115,0.001768219,0.001697846,0.001716474,0.002018897,0.00168452,0.001645887,0.001654885,0.001667376,0.002107064,0.001746587,0.001732805,0.001648749,0.001638602,0.001956077,0.001760623,0.001728751,0.00196947,0.00164185
3436.562883,0.001904253,0.001708505,0.0019039,0.001596102,0.001580863,0.001533999,0.001778222,0.001673373,0.001760921,0.001772676,0.001841232,0.001643159,0.00178944,0.001638578,0.001666443,0.001647606,0.001556811,0.001745201,0.001842596,0.001784886,0.002050923,0.001735119,0.001763751,0.001693484,0.001712012,0.002013623,0.001680203,0.001641916,0.001651015,0.001662668,0.002101983,0.001741189,0.001727683,0.001644704,0.001634128,0.001951499,0.001755977,0.00172433,0.001963892,0.001638039
3438.49137,0.001900458,0.001703893,0.001899294,0.001592614,0.001576694,0.001530497,0.001773571,0.001669572,0.001756006,0.001767302,0.001837558,0.0016388,0.001785298,0.001634154,0.001662065,0.001644269,0.001552728,0.001740543,0.001837697,0.001779109,0.002046495,0.001730821,0.00175932,0.001689114,0.001707804,0.002008339,0.001676108,0.001638362,0.001647294,0.001657998,0.002097155,0.001736274,0.001722917,0.001640335,0.001629541,0.001946718,0.001750599,0.001719621,0.001958788,0.001634187
3440.419856,0.001896304,0.00169851,0.001894017,0.001588299,0.0015721,0.001526655,0.001767898,0.001664857,0.001751017,0.001760914,0.001833423,0.001633727,0.001780321,0.001629256,0.001656908,0.001641013,0.001548492,0.001735689,0.001832529,0.001772708,0.00204167,0.001726571,0.001753763,0.001684427,0.001703312,0.002001903,0.001671211,0.00163429,0.001643293,0.00165286,0.002092003,0.001730856,0.00171797,0.001636108,0.001624619,0.001941465,0.001744411,0.001713876,0.001952952,0.001629617
3442.348343,0.001891841,0.001694226,0.001889235,0.001584068,0.001567772,0.001522876,0.00176314,0.001659874,0.001746072,0.001755023,0.001829206,0.001629012,0.001775719,0.00162422,0.001651957,0.001637898,0.00154474,0.001730747,0.001826798,0.001766703,0.002037558,0.001722005,0.001748398,0.001679598,0.00169871,0.001995758,0.001666184,0.001629744,0.001639013,0.001647828,0.002086914,0.001725695,0.001712824,0.001632155,0.001620241,0.001935911,0.001739416,0.001708857,0.001947174,0.001624871
3444.276829,0.001886884,0.001688578,0.00188375,0.001579021,0.001562634,0.001518856,0.001757437,0.001654642,0.001740234,0.001748985,0.001824061,0.001623685,0.001770476,0.001618672,0.001646616,0.001633906,0.001540611,0.001724979,0.001819834,0.001760117,0.002031812,0.001716448,0.00174242,0.001674545,0.001693214,0.001989468,0.001660166,0.001624717,0.001634408,0.001642369,0.002080522,0.001719803,0.001706859,0.001627574,0.001615282,0.001930128,0.001734172,0.001703419,0.001940242,0.001619912
3446.205315,0.00188203,0.001682712,0.00187784,0.001574548,0.001557557,0.001514819,0.001751418,0.0016492,0.001734349,0.001742707,0.001818815,0.001618025,0.001765169,0.001613477,0.001641461,0.001630275,0.001536131,0.001719758,0.001813289,0.00175376,0.002025295,0.001710991,0.001736769,0.001669734,0.001688078,0.001983438,0.001654691,0.001620074,0.001629724,0.001637067,0.002074187,0.001714136,0.001701319,0.001622836,0.001610124,0.001924374,0.001728529,0.00169793,0.001933745,0.001615123
3448.133802,0.001876892,0.001677558,0.001872326,0.001569966,0.001552619,0.001510618,0.001745113,0.001643265,0.001728075,0.001736766,0.00181319,0.001612389,0.001759494,0.001607876,0.0016357,0.00162649,0.001531203,0.001714119,0.0018072,0.001747863,0.002019396,0.001705591,0.001730699,0.001664308,0.001682887,0.001976821,0.00164935,0.00161568,0.001624998,0.001631164,0.002067772,0.001708066,0.001695599,0.001617844,0.001604862,0.001918012,0.001722002,0.001692324,0.001927343,0.001610019
3450.062288,0.001871564,0.00167177,0.001866697,0.00156496,0.00154709,0.001506364,0.001738879,0.001637364,0.001721912,0.001730877,0.00180797,0.001606543,0.001753825,0.001601912,0.001629605,0.0016221,0.001526272,0.001707816,0.001800692,0.001741278,0.002013881,0.001699879,0.001724446,0.001659002,0.00167722,0.001969499,0.001643562,0.001610598,0.001619957,0.001625239,0.002061024,0.001701246,0.001689825,0.001612576,0.001599541,0.001911846,0.001715351,0.001686401,0.001920539,0.001604521
3451.990775,0.001865954,0.001665529,0.001860251,0.001559937,0.001541507,0.001502009,0.001733066,0.001631279,0.001715859,0.001724435,0.001802794,0.001600797,0.001747897,0.001595919,0.001623763,0.001617603,0.001521334,0.00170182,0.001793671,0.001734329,0.00200724,0.001693933,0.001718828,0.001653042,0.001671722,0.001962012,0.00163769,0.0016056,0.001614691,0.001619709,0.002054157,0.00169461,0.001683746,0.001607391,0.001593995,0.001905346,0.001709077,0.001680489,0.001913793,0.001598747
3453.919261,0.001859683,0.00165895,0.001853274,0.001554305,0.001535831,0.001497072,0.001725962,0.001624847,0.001709318,0.001717771,0.001796969,0.001594612,0.001741239,0.001589448,0.001617726,0.001612597,0.001515926,0.001695538,0.001786112,0.00172794,0.0019999,0.001687791,0.001712672,0.001646173,0.00166557,0.001954285,0.001631312,0.001600663,0.001609527,0.001613393,0.002046736,0.001687754,0.001676773,0.001602093,0.001587968,0.001898151,0.001702431,0.001674184,0.001905948,0.001592628
3455.847748,0.001854278,0.001652822,0.001846557,0.001549058,0.00153017,0.001492065,0.001719356,0.001618645,0.001703001,0.001711292,0.001791186,0.001588724,0.001735079,0.001583481,0.001612196,0.00160802,0.001510648,0.001689746,0.001779496,0.001721706,0.001993222,0.001682183,0.001706752,0.00163996,0.001659619,0.001947158,0.001625045,0.001595493,0.001604181,0.001607111,0.002039827,0.001681423,0.001670171,0.001597157,0.001581924,0.001891359,0.001695737,0.001668124,0.001898406,0.001586824
3457.776234,0.001848433,0.001645874,0.00183942,0.001543192,0.001524187,0.001486994,0.001713088,0.00161199,0.001695796,0.001703633,0.001784419,0.001582263,0.001728898,0.001576932,0.00160564,0.001603343,0.001504868,0.001683234,0.001773114,0.001714383,0.001986071,0.00167618,0.001700057,0.001633718,0.001653623,0.001939297,0.001618593,0.001589768,0.00159843,0.001600629,0.002031705,0.001674558,0.001663659,0.001591409,0.001575629,0.001884141,0.001688447,0.001661183,0.001890905,0.001580759
3459.704721,0.001841928,0.001639384,0.001833231,0.001537476,0.001518462,0.001482034,0.001706998,0.001605755,0.001688795,0.001696482,0.001778413,0.001575649,0.001722925,0.001570194,0.0015991,0.001598711,0.001499315,0.001676654,0.001766058,0.001706656,0.001978847,0.001670341,0.001693692,0.001627598,0.001647941,0.001931573,0.001612715,0.001584293,0.001592691,0.001594388,0.002023977,0.001667397,0.001657344,0.001585367,0.001569777,0.001877124,0.001682299,0.00165448,0.001883519,0.001574833
3461.633207,0.001835256,0.001632613,0.001826345,0.001531602,0.001512153,0.001476917,0.001699505,0.001598649,0.001681742,0.001689224,0.001772117,0.00156897,0.001716082,0.001563461,0.001592271,0.001593478,0.001493789,0.001669667,0.001757727,0.001698718,0.001970754,0.001663738,0.001686574,0.001620887,0.001641641,0.001922928,0.001606046,0.001578707,0.001586515,0.001587587,0.002016105,0.001659267,0.001649783,0.001579619,0.001563366,0.001869299,0.001675698,0.001647713,0.001875316,0.001568283
3463.561694,0.001828673,0.001625552,0.001818503,0.00152607,0.001506085,0.001471969,0.001692129,0.00159183,0.001674654,0.001681794,0.00176568,0.001562522,0.001709427,0.001556898,0.001585755,0.001588325,0.001488129,0.001662798,0.001750299,0.001691468,0.001963372,0.001657102,0.001679015,0.001614153,0.001634995,0.00191427,0.001599318,0.001572862,0.001580737,0.001580746,0.002007965,0.001651731,0.001642636,0.0015739,0.001557047,0.001861516,0.001668286,0.001640693,0.001866895,0.001561815
3465.49018,0.001822121,0.001618825,0.001810965,0.001520662,0.001500035,0.001466494,0.001685135,0.00158547,0.001667261,0.001674706,0.001758953,0.001556113,0.001702755,0.001550142,0.001579387,0.00158335,0.001482187,0.001655897,0.001742552,0.001684147,0.001955889,0.001650897,0.001672025,0.001607077,0.001628129,0.001906246,0.001592442,0.001566614,0.001574755,0.001573962,0.00200033,0.001644484,0.001635927,0.001568136,0.001550494,0.001853813,0.001661039,0.001633344,0.001858307,0.001555534
3467.418667,0.001815402,0.001611495,0.001803575,0.001514043,0.001493434,0.001460729,0.001677555,0.00157789,0.001659852,0.001666672,0.001751254,0.001549073,0.001695421,0.001543039,0.001571975,0.001577678,0.001476227,0.001648407,0.001733963,0.001676321,0.001947724,0.001644062,0.001664668,0.001600099,0.001620573,0.001897618,0.00158489,0.001560665,0.001568524,0.0015666,0.001991986,0.001636674,0.001628569,0.001562089,0.001543427,0.001845617,0.001654029,0.001626066,0.001849956,0.001548691
3469.347153,0.001808568,0.001603854,0.001796619,0.001507734,0.001487036,0.001455193,0.0016703,0.001570146,0.001652272,0.00165852,0.001744043,0.001542038,0.001688324,0.001535932,0.001564999,0.001572163,0.001470406,0.001641226,0.001725619,0.001668119,0.001939787,0.001637063,0.001657571,0.001593499,0.001613847,0.001888841,0.001577764,0.001554997,0.001562159,0.001559382,0.001982648,0.001629079,0.001621114,0.001556123,0.001536648,0.001837579,0.001646478,0.001619298,0.001842168,0.001542035
3471.27564,0.001801098,0.001595708,0.001789207,0.001501578,0.001480343,0.001449356,0.001662507,0.001562483,0.001643679,0.001650526,0.001736863,0.001534643,0.001680686,0.001528349,0.001557642,0.001566504,0.001464058,0.001633531,0.001717188,0.001658967,0.001930833,0.001629839,0.001650268,0.001586458,0.00160714,0.001879733,0.001570272,0.0015487,0.001555464,0.00155208,0.001972736,0.001620695,0.00161314,0.00154973,0.00152971,0.001829019,0.001638065,0.001611769,0.001833576,0.001535259
3473.204126,0.001793844,0.001588458,0.001781486,0.00149501,0.00147398,0.001443625,0.001654987,0.001554941,0.001635887,0.001642847,0.001730341,0.001527235,0.001673213,0.001521063,0.001550369,0.001560919,0.001457661,0.001626407,0.00170933,0.001650456,0.001921845,0.001623191,0.001642856,0.001579215,0.001600406,0.001870877,0.001563295,0.001542505,0.001549298,0.001544795,0.001963737,0.001612794,0.001605684,0.001543262,0.001522961,0.001820773,0.001630497,0.001604591,0.001825001,0.001528495
3475.132612,0.00178664,0.001580852,0.001772847,0.00148805,0.001467085,0.001437631,0.001646294,0.001546742,0.001627869,0.001634523,0.001723222,0.001519697,0.001665761,0.001513389,0.001542918,0.001555053,0.001451036,0.001618729,0.00169997,0.001642216,0.001912611,0.001615963,0.001634423,0.001571145,0.001593375,0.001861548,0.001556086,0.001535948,0.001542532,0.001536998,0.001954874,0.001604046,0.001597483,0.001536594,0.001515698,0.00181193,0.00162209,0.001597044,0.001815385,0.00152114
3477.061099,0.001779379,0.001572854,0.001764721,0.001481672,0.001460175,0.001431963,0.001638063,0.001538988,0.001619841,0.001625768,0.001715417,0.001512699,0.001658685,0.001505763,0.001535325,0.001549278,0.001444969,0.001610678,0.001690918,0.001633658,0.001904139,0.001608385,0.001626719,0.001563458,0.00158602,0.001852729,0.001548665,0.001529456,0.001535703,0.001529653,0.001946766,0.001595784,0.001589439,0.001529763,0.001508786,0.001803379,0.001613775,0.001589342,0.001806026,0.001513792
3478.989585,0.001771571,0.001564857,0.001756807,0.001474713,0.001453067,0.001425875,0.001630261,0.001531303,0.001611548,0.001617229,0.001707053,0.001505173,0.001651134,0.001497974,0.001527576,0.001543079,0.00143847,0.00160251,0.001682096,0.001624248,0.001895361,0.001600893,0.001619223,0.001555311,0.001578244,0.001843292,0.001540859,0.001522472,0.001528568,0.001521903,0.001937404,0.00158778,0.001581583,0.001523046,0.001501299,0.001794774,0.001605546,0.001581133,0.001796769,0.001506303
3480.918072,0.001763831,0.001556868,0.001748649,0.001467584,0.001445934,0.001419617,0.001621972,0.001523401,0.001603452,0.001608824,0.001698803,0.001497066,0.001643143,0.001490117,0.001520017,0.00153666,0.001431606,0.00159435,0.001673305,0.00161491,0.001886738,0.001593585,0.001610958,0.001547048,0.00157037,0.00183325,0.00153307,0.001515394,0.001521469,0.001513652,0.00192748,0.001578965,0.00157359,0.00151627,0.001493532,0.001785607,0.001597235,0.001572793,0.001787684,0.001498863
3482.846558,0.001755851,0.001548757,0.001740582,0.001460897,0.001438892,0.001413339,0.001613206,0.001515293,0.001594976,0.001600071,0.001691171,0.001489282,0.001635108,0.001482142,0.001512686,0.001530597,0.001424695,0.001586512,0.001664482,0.001605961,0.00187807,0.001586217,0.00160266,0.001538776,0.001562757,0.001823145,0.001525359,0.001508022,0.001514497,0.00150537,0.001917779,0.001570299,0.001565398,0.001509294,0.001486075,0.001776302,0.001588765,0.001564885,0.001778342,0.001491673
3484.775045,0.001747197,0.001540052,0.001731827,0.00145358,0.001431083,0.00140673,0.001603885,0.001506424,0.001585539,0.001590683,0.001683174,0.001481322,0.001626871,0.001473756,0.00150456,0.001524282,0.0014176,0.001578049,0.0016548,0.001596853,0.001867951,0.001578537,0.001593768,0.001530454,0.001554691,0.001812931,0.001516928,0.001500721,0.001507023,0.001496656,0.001906895,0.001561292,0.001556403,0.001501788,0.001478036,0.001766667,0.00157957,0.001556403,0.001768182,0.001483927
3486.703531,0.001738919,0.001531677,0.001723441,0.001446532,0.00142369,0.001400742,0.001595814,0.00149756,0.001576987,0.001581501,0.001675089,0.001473592,0.001618749,0.001465822,0.001496584,0.001518068,0.001410936,0.001569762,0.00164519,0.00158791,0.00185809,0.00157119,0.001585336,0.001522485,0.001546695,0.001803599,0.001508771,0.00149408,0.001499629,0.001488428,0.001897357,0.001552901,0.001547804,0.001494404,0.001470257,0.001757462,0.001570821,0.001547807,0.001759156,0.0014761
3488.632018,0.001730187,0.001522549,0.001714332,0.001438836,0.001416152,0.001394126,0.001586965,0.001488432,0.0015678,0.001572051,0.00166667,0.001465098,0.00161002,0.001457426,0.001488152,0.001511237,0.001403346,0.001560904,0.001634513,0.001578284,0.001847964,0.001562814,0.001576548,0.001513697,0.001538492,0.001793173,0.001500165,0.001486428,0.001491707,0.001479811,0.001887865,0.001543655,0.001538957,0.001487094,0.00146202,0.001747287,0.001561768,0.001538737,0.001749102,0.001467811
3490.560504,0.001721676,0.001513626,0.001704993,0.00143113,0.001408448,0.001387241,0.001577937,0.001480089,0.001558635,0.001562648,0.00165834,0.001456553,0.001601566,0.001448979,0.001479685,0.001504404,0.001395905,0.001552258,0.001624973,0.001568885,0.001838352,0.001554378,0.001568021,0.001505149,0.001530247,0.001782628,0.001491784,0.001479098,0.001484005,0.001471491,0.001877677,0.001534152,0.001530269,0.001479849,0.001453595,0.001737345,0.001552993,0.001530184,0.001738764,0.001459578
3492.488991,0.001712952,0.0015046,0.001695513,0.001423525,0.001400339,0.001380328,0.001568444,0.001471328,0.001549285,0.001553073,0.001649332,0.00144802,0.001592767,0.001440256,0.001471111,0.001497665,0.001388639,0.001543534,0.001615821,0.001558965,0.001828109,0.001545639,0.00155911,0.001496211,0.001521706,0.001771651,0.001483336,0.001471414,0.001476103,0.001462909,0.001866875,0.00152475,0.001521044,0.00147236,0.001444945,0.001727658,0.001543364,0.001521553,0.001728387,0.001451179
3494.417477,0.001704599,0.001495424,0.001686603,0.001415882,0.001392512,0.001373607,0.001559426,0.00146201,0.001540032,0.001543373,0.001640715,0.001439473,0.001584236,0.001431989,0.001462833,0.001491118,0.001381399,0.001534837,0.00160592,0.001548876,0.001817669,0.001537057,0.001549935,0.001487537,0.001513569,0.001761058,0.001474781,0.001463395,0.001468258,0.001453915,0.001856622,0.001515328,0.001511988,0.001464604,0.001437078,0.001717804,0.00153359,0.001512757,0.001717992,0.001443064
3496.345964,0.001696169,0.001486336,0.001678038,0.001408114,0.0013845,0.001366726,0.001550651,0.001452697,0.001530642,0.001533762,0.001632021,0.001430925,0.001575413,0.001423466,0.001454405,0.001484045,0.001373763,0.001525861,0.001595148,0.001538775,0.001806916,0.00152886,0.001541076,0.001478304,0.001505407,0.001750654,0.001465882,0.001455203,0.001460292,0.001445054,0.001846142,0.001505371,0.001502926,0.001456745,0.001428941,0.001707571,0.001523931,0.001503663,0.001707615,0.001434756
3498.27445,0.001686875,0.001477296,0.001668396,0.001399911,0.001375938,0.00135927,0.001540437,0.001443169,0.001520752,0.001524037,0.001623079,0.001422119,0.001566194,0.00141423,0.001445303,0.00147635,0.00136558,0.001516123,0.001584589,0.001527903,0.001795725,0.001520183,0.001531844,0.001468685,0.001496279,0.001739667,0.001456688,0.001447237,0.001452173,0.001436169,0.001834779,0.001495046,0.001493384,0.001448695,0.00141996,0.001697068,0.001514171,0.001494491,0.001696789,0.001425733
3500.202937,0.00167774,0.001468447,0.001658969,0.001391925,0.001367724,0.001352152,0.001530521,0.001433788,0.001511265,0.001514033,0.001614242,0.001413308,0.0015576,0.001405474,0.001436386,0.001469105,0.001357569,0.001506876,0.001574746,0.001517435,0.001785656,0.001511675,0.001522703,0.001459714,0.001487081,0.001729181,0.001448009,0.001439664,0.001444274,0.001427268,0.001823735,0.001485533,0.001484218,0.001440696,0.001411544,0.001686993,0.001504866,0.001485494,0.001686365,0.001417067
3502.131423,0.001667894,0.00145849,0.001649159,0.001383443,0.001358993,0.001344782,0.001520216,0.001424145,0.001501127,0.001503536,0.001604358,0.001404197,0.001548294,0.001396158,0.001426712,0.001461573,0.001349177,0.001497203,0.001563874,0.001507069,0.001775374,0.001502536,0.001512998,0.001450169,0.001477997,0.001717877,0.001438728,0.001431427,0.001435798,0.00141769,0.001812461,0.001475607,0.001474167,0.001432241,0.001402301,0.001676345,0.001494998,0.001475466,0.001675609,0.001408397
3504.059909,0.001658015,0.001448347,0.001639116,0.001374961,0.001350401,0.001336908,0.001510361,0.001414548,0.001491021,0.001493238,0.001594983,0.001395068,0.001538714,0.0013869,0.001417268,0.001454189,0.001341121,0.001487568,0.001553257,0.001496613,0.001764871,0.001493663,0.001503274,0.001440426,0.001468996,0.001706535,0.001429135,0.001423315,0.00142737,0.001408283,0.001801529,0.001465715,0.001464033,0.001424018,0.001392784,0.001666107,0.001485206,0.001465439,0.001665069,0.00139962
3505.988396,0.001648083,0.001437895,0.001628823,0.001366384,0.001341557,0.001328903,0.001500329,0.001404348,0.001480453,0.001482751,0.001585199,0.001385279,0.001529059,0.001377458,0.001407762,0.001446645,0.001332748,0.001477663,0.001541836,0.001485237,0.001753178,0.001484603,0.001493215,0.00143011,0.001459301,0.001695039,0.001419376,0.001414169,0.001418629,0.001398652,0.001789642,0.001455197,0.001453961,0.001415923,0.001383269,0.001655163,0.001474346,0.001455587,0.001653853,0.001390413
3507.916882,0.001638721,0.001428155,0.001618917,0.001357772,0.001332891,0.001321506,0.001490202,0.001394213,0.001470286,0.001472326,0.001575637,0.001375998,0.001520077,0.001368005,0.001398365,0.001439013,0.001324461,0.001467966,0.001530881,0.001473892,0.001741671,0.001475052,0.001483501,0.001420534,0.001449812,0.001684269,0.00141027,0.001405349,0.001410216,0.001389226,0.001778282,0.001444923,0.001444381,0.001407392,0.001374439,0.001643938,0.001463775,0.00144647,0.001642567,0.001381559
3509.845369,0.001628934,0.001418125,0.001608873,0.001348779,0.00132383,0.001313585,0.001479886,0.001383607,0.001459919,0.001461616,0.001565487,0.001366464,0.001510246,0.001358287,0.001389028,0.001430847,0.001315815,0.001457917,0.001519929,0.001463013,0.001729912,0.001465444,0.001473454,0.001410478,0.001440255,0.001672781,0.001400644,0.00139661,0.001401535,0.00137958,0.001766663,0.00143435,0.001434208,0.001398827,0.001365467,0.001632685,0.001453634,0.00143651,0.001631268,0.00137228
3511.773855,0.001618551,0.001407738,0.001598317,0.001339848,0.001314364,0.00130534,0.001469087,0.001373405,0.001449218,0.001450978,0.001554965,0.001356423,0.001499633,0.001348519,0.00137943,0.001422843,0.00130721,0.0014476,0.001508725,0.001452013,0.001717963,0.001456007,0.00146309,0.001400077,0.001430672,0.0016608,0.001390446,0.001387634,0.00139276,0.001369681,0.001754543,0.001423312,0.001423697,0.001390333,0.001355936,0.001621361,0.001443357,0.001426274,0.001619794,0.001362819
3513.702342,0.001608807,0.00139781,0.001587651,0.001331101,0.001305154,0.001297173,0.001458163,0.001363765,0.001438658,0.001440147,0.001545277,0.001346631,0.001489385,0.001338912,0.001369647,0.001415167,0.001299053,0.001437985,0.001497877,0.001441,0.001706803,0.001446386,0.001453028,0.001389907,0.001421167,0.001649566,0.001380445,0.001378602,0.001384008,0.001360067,0.001742693,0.001412609,0.001413392,0.001381677,0.001346244,0.001610606,0.001432797,0.00141643,0.001608191,0.00135359
3515.630828,0.001598545,0.00138702,0.001576353,0.001321975,0.0012956,0.001288686,0.001446838,0.001353304,0.001427303,0.001428504,0.001534672,0.001336696,0.001479385,0.001328926,0.001359085,0.001406695,0.001289884,0.001427657,0.001486064,0.001429516,0.001694458,0.001436237,0.001442493,0.001379184,0.001411125,0.001637525,0.001369948,0.001369233,0.001374629,0.001349986,0.001730214,0.00140122,0.001402399,0.001372764,0.001335899,0.001599179,0.001421501,0.001405588,0.001596354,0.001343761
3517.559315,0.001587825,0.001376337,0.001565573,0.001313049,0.001286285,0.001280419,0.001435826,0.001342832,0.001416404,0.001417488,0.001524093,0.001326994,0.001469714,0.001319108,0.001348996,0.001398303,0.001280626,0.001417066,0.001474582,0.001417835,0.001681848,0.001426296,0.001432336,0.001368713,0.001401146,0.001625926,0.001359472,0.001360436,0.001365406,0.001339839,0.001718236,0.001390169,0.001391867,0.001363947,0.001326137,0.00158768,0.001410743,0.001394741,0.001585186,0.001334065
3519.487801,0.001576287,0.00136507,0.001554217,0.001303506,0.00127636,0.001271838,0.001424321,0.001331805,0.001405367,0.001406437,0.001513236,0.001316424,0.001458776,0.001308747,0.001338892,0.001389501,0.001271334,0.001406217,0.001462399,0.001405511,0.00166967,0.001415793,0.001421403,0.001357824,0.001390487,0.001613825,0.001348594,0.001350452,0.001356001,0.001329458,0.001705544,0.001378911,0.001380574,0.001354848,0.001316203,0.001575836,0.001399753,0.001383466,0.001573276,0.001323823
3521.416288,0.00156507,0.001354087,0.001543136,0.001294117,0.001266623,0.001263582,0.001413621,0.001321178,0.001394532,0.001395165,0.001502648,0.00130617,0.001448013,0.001298447,0.001328699,0.001380915,0.001262507,0.001395463,0.001450257,0.001393401,0.001658063,0.001405733,0.001410362,0.001347074,0.001380131,0.001601766,0.001337942,0.001340528,0.001347067,0.00131959,0.001693438,0.001367518,0.001369263,0.001345349,0.00130622,0.001564311,0.001388999,0.001372828,0.001561074,0.001313803
3523.344774,0.001553772,0.001343133,0.001532437,0.00128459,0.001256768,0.001254795,0.001402452,0.001310153,0.001382931,0.001383411,0.00149169,0.001295933,0.001437266,0.001287638,0.001318406,0.001372291,0.001253245,0.001384404,0.001438099,0.001381344,0.001645281,0.001395531,0.001399323,0.001335394,0.001369751,0.001589464,0.001326902,0.001330459,0.001337374,0.001309411,0.00168071,0.001355768,0.001357956,0.001335485,0.001295888,0.001552358,0.001377564,0.001362017,0.001548534,0.001303917
3525.273261,0.001542263,0.001332039,0.001520861,0.001275096,0.001246664,0.001245702,0.001390719,0.001298903,0.001371028,0.001371224,0.001480268,0.001285548,0.001426598,0.0012771,0.00130816,0.001363783,0.00124352,0.001373414,0.001425876,0.001368733,0.001632257,0.001384879,0.001388268,0.001323989,0.001359214,0.001576818,0.001316153,0.001320237,0.001327492,0.001298741,0.001667445,0.001344478,0.001346359,0.001325878,0.001285482,0.001539994,0.001365921,0.001350809,0.001536292,0.001294038
3527.201747,0.001530845,0.001320624,0.001508902,0.001265202,0.001236404,0.001236388,0.001378946,0.001287614,0.001359537,0.001358867,0.001468899,0.001274946,0.0014157,0.001266682,0.001297474,0.001355145,0.001233743,0.001362256,0.001413516,0.001356096,0.001619558,0.001374062,0.001377052,0.001312897,0.001348537,0.001564315,0.0013055,0.001310132,0.001317395,0.00128774,0.001654739,0.001332763,0.001334881,0.001316415,0.001274797,0.001527835,0.001354229,0.001339527,0.001523947,0.001283785
3529.130234,0.001518833,0.001308247,0.001496823,0.001254556,0.001225654,0.001226482,0.001366371,0.00127581,0.00134737,0.001346332,0.001457165,0.001263442,0.001404186,0.001255404,0.001286197,0.001345606,0.001223618,0.001350692,0.001400831,0.0013435,0.001606224,0.001362975,0.001365413,0.00130132,0.001337452,0.001551721,0.001294075,0.001299677,0.001306785,0.001276492,0.00164147,0.00132011,0.001322987,0.001306466,0.001263485,0.001515216,0.001342413,0.001327884,0.001511315,0.001272823
3531.05872,0.001507041,0.001296027,0.001484792,0.001244593,0.001215128,0.001216844,0.001353923,0.001264244,0.001335088,0.001334171,0.001445536,0.001252051,0.001393114,0.001244406,0.00127497,0.001336054,0.001213624,0.001339403,0.001388123,0.001330752,0.001592806,0.001352155,0.001353952,0.001289803,0.001326524,0.001539213,0.001282667,0.001289372,0.0012969,0.001265658,0.001628076,0.001308075,0.001310957,0.001296586,0.001252828,0.001502853,0.001330698,0.001316231,0.00149857,0.001261931
3532.987206,0.001494847,0.001283603,0.001472377,0.001234294,0.001204208,0.001207251,0.001341274,0.001252036,0.001322553,0.001321738,0.001433348,0.001240509,0.00138164,0.001233156,0.001263397,0.001326501,0.001203134,0.001327577,0.001374587,0.001317498,0.001578563,0.001340711,0.001341844,0.001277492,0.001315143,0.001525805,0.001270736,0.001278444,0.001286409,0.001254319,0.001613995,0.001295707,0.001298644,0.001286739,0.001241835,0.001490106,0.001317899,0.001304173,0.001485055,0.001250723
3534.915693,0.001482632,0.001271797,0.001460027,0.001223957,0.001193525,0.001198019,0.00132923,0.001240158,0.001310346,0.001309065,0.001421297,0.001229391,0.001370322,0.00122196,0.001252313,0.001317223,0.001192843,0.001316031,0.001361838,0.001304345,0.001564534,0.001329307,0.001329947,0.001265514,0.001303825,0.001512734,0.001258883,0.001267734,0.001275865,0.001242908,0.001600475,0.001283564,0.001286583,0.00127669,0.001230914,0.001477346,0.001305789,0.001292663,0.001472327,0.001239971
3536.844179,0.00147008,0.001259227,0.001447265,0.001213341,0.001182293,0.001187828,0.001316317,0.001228079,0.001297652,0.001296161,0.001408724,0.001217873,0.001357977,0.00121025,0.001240742,0.001307018,0.001182262,0.001303655,0.001348447,0.001290869,0.001550177,0.001317705,0.001317464,0.001252945,0.001292002,0.001499162,0.001246437,0.001256192,0.001264994,0.00123105,0.001586395,0.001270581,0.001273944,0.001265981,0.00121963,0.001464147,0.00129325,0.001280342,0.001458945,0.001228776
3538.772666,0.001457409,0.00124629,0.001434754,0.001202656,0.001170875,0.001177434,0.001303501,0.001215953,0.001284895,0.001283468,0.001396137,0.001206319,0.001345655,0.001198649,0.001229077,0.00129682,0.001171758,0.001291099,0.001334663,0.001277444,0.001535957,0.001306139,0.00130504,0.001240447,0.001280262,0.001485683,0.001234259,0.001244534,0.001254273,0.001219348,0.001571955,0.001257455,0.001261357,0.001255119,0.001207955,0.00145078,0.001280732,0.001268016,0.001445643,0.001217245
3540.701152,0.001444299,0.001233638,0.001422083,0.001191736,0.001159613,0.001167151,0.001291036,0.001203662,0.001272003,0.001270414,0.001383606,0.001194615,0.001333906,0.001186961,0.001217301,0.001286682,0.00116096,0.001278768,0.001320707,0.001264011,0.001521763,0.001294225,0.001292799,0.001227665,0.001268303,0.001471947,0.001222195,0.001232827,0.001243423,0.001207615,0.00155735,0.001244364,0.001248558,0.001244273,0.001196098,0.00143723,0.001268222,0.001255613,0.001432144,0.00120561
3542.629639,0.001430792,0.001220594,0.001409022,0.00118046,0.001148248,0.001156818,0.001277943,0.001190995,0.001259016,0.00125673,0.001371013,0.001182559,0.00132203,0.001174849,0.001205191,0.001276323,0.001149704,0.00126618,0.001306462,0.001249765,0.001507671,0.001281975,0.001280247,0.001214498,0.001255913,0.001457925,0.001209762,0.001221027,0.001232231,0.001195614,0.001542996,0.001231132,0.001235683,0.001233243,0.001184046,0.001423493,0.001255174,0.001242467,0.001418524,0.001193976
3544.558125,0.001417797,0.001207442,0.001396119,0.001169222,0.001136892,0.001146992,0.001264834,0.001178431,0.001246172,0.001243269,0.00135824,0.001170809,0.001309931,0.001162761,0.00119314,0.001266501,0.001138734,0.001253779,0.0012926,0.00123527,0.00149338,0.001270032,0.001267739,0.001201737,0.001243695,0.0014446,0.00119736,0.001209532,0.001221257,0.00118363,0.001528861,0.001218263,0.001223249,0.00122221,0.001172347,0.001409904,0.001242318,0.001229625,0.001405234,0.001182426
3546.486612,0.001403978,0.001193658,0.001382562,0.001157324,0.001124819,0.001136352,0.001250654,0.00116528,0.001232341,0.001229635,0.001344641,0.001158339,0.001296692,0.001150089,0.001180537,0.001255842,0.001127395,0.001240662,0.001278275,0.001220903,0.001477736,0.001257629,0.001254488,0.001188293,0.001230941,0.001430166,0.001184044,0.00119717,0.001209564,0.001170923,0.001513262,0.001204605,0.001209766,0.001210765,0.001160197,0.001395583,0.001228636,0.001216796,0.001390739,0.001170097
3548.415098,0.001389899,0.00118023,0.00136889,0.001145826,0.001112726,0.001125326,0.001236492,0.001152187,0.001218458,0.001215694,0.001331285,0.001145917,0.001283839,0.001137682,0.001168008,0.001244677,0.001116281,0.001227694,0.001264186,0.001206542,0.001462462,0.00124511,0.001241268,0.001174506,0.001218223,0.001415703,0.001170918,0.001184956,0.001198,0.001158429,0.001498229,0.001190752,0.001195965,0.001199403,0.001147677,0.00138135,0.001215066,0.001203874,0.001376455,0.001157944
3550.343585,0.001375595,0.001166672,0.001354857,0.001134081,0.001100502,0.001114083,0.001222347,0.001138745,0.001204471,0.001201363,0.001317282,0.00113338,0.001270707,0.001125073,0.001155213,0.001233298,0.001104558,0.001214551,0.001249259,0.001191726,0.001446933,0.001232185,0.001227644,0.001160294,0.001205123,0.001401035,0.00115769,0.001172294,0.001186221,0.001145544,0.001483045,0.001176477,0.001181994,0.001187841,0.001134681,0.00136694,0.001201086,0.001190142,0.001361648,0.001145494
3552.272071,0.001361292,0.001153089,0.001340992,0.001121982,0.001088569,0.00110299,0.001208385,0.001125267,0.001190587,0.001187169,0.001303381,0.00112077,0.001257416,0.001112555,0.001142801,0.001222473,0.001092788,0.00120129,0.001234351,0.001176955,0.001431209,0.001219459,0.00121418,0.001146693,0.001192117,0.001386605,0.001144295,0.001159891,0.001174183,0.001132675,0.001467682,0.001162799,0.001168229,0.001176173,0.001122129,0.00135277,0.00118729,0.001176633,0.001346852,0.00113289
3554.200558,0.00134712,0.001139083,0.001326775,0.001109521,0.001075978,0.001091514,0.00119415,0.00111141,0.001176273,0.001173307,0.001289334,0.001107924,0.001244114,0.001099463,0.001129847,0.001211331,0.001080992,0.001187592,0.001219469,0.001162183,0.001414753,0.001206381,0.001200446,0.001132544,0.001178906,0.001371855,0.001130528,0.0011472,0.001161473,0.001119911,0.001451639,0.001148711,0.001154233,0.00116469,0.00110966,0.001337975,0.001173485,0.001162821,0.001331772,0.001119865
3556.129044,0.001332767,0.001124869,0.001312622,0.001097056,0.001063057,0.001079725,0.001179667,0.001097705,0.001161978,0.001159326,0.001275378,0.001095123,0.001230543,0.001086067,0.001116676,0.001199465,0.001069066,0.001173807,0.001204605,0.001147219,0.001398479,0.001193118,0.001186463,0.001118359,0.001165626,0.001356448,0.001116615,0.001133889,0.00114904,0.001106758,0.001435064,0.001134341,0.00114032,0.001152788,0.00109665,0.001322747,0.001159459,0.001149012,0.001316735,0.001106671
3558.057531,0.001318115,0.001110744,0.001298461,0.001085066,0.001050455,0.001068072,0.001165203,0.001084117,0.001147657,0.001144614,0.001261586,0.001082193,0.001216812,0.001073017,0.001103822,0.001187429,0.001057379,0.001160128,0.001189828,0.001131827,0.001382722,0.001179901,0.001172557,0.001104537,0.00115222,0.001341399,0.001102911,0.001120403,0.001136958,0.001093413,0.001419044,0.001120233,0.001126485,0.001140636,0.001083278,0.001307949,0.001145494,0.001135167,0.001301926,0.001093634
3559.986017,0.001303188,0.001096397,0.001283645,0.00107259,0.00103758,0.00105636,0.001150756,0.001070059,0.001133046,0.001129702,0.001247355,0.001068783,0.001202767,0.001059594,0.001090565,0.00117537,0.001045047,0.001145961,0.001174375,0.001116223,0.001366189,0.001166414,0.001158303,0.001090079,0.001138408,0.001325966,0.001089034,0.001106633,0.001124232,0.001079891,0.001402709,0.001105615,0.001112072,0.001128428,0.001069909,0.001292608,0.001131227,0.001121097,0.001286507,0.001080297
3561.914503,0.00128821,0.001082234,0.001269102,0.001059846,0.001024903,0.0010449,0.001136648,0.001056206,0.001118828,0.001114886,0.001233098,0.001055697,0.001189012,0.001046364,0.00107752,0.001163785,0.001032447,0.001132143,0.001159022,0.001100756,0.001349502,0.001153173,0.00114427,0.001075481,0.001124999,0.001310252,0.001075245,0.001093577,0.001111573,0.001066538,0.001385991,0.001090974,0.001097769,0.001115765,0.001056736,0.001277125,0.001117262,0.001107264,0.001271471,0.001067139
3563.84299,0.0012728,0.001067538,0.001254255,0.001046655,0.001011855,0.001033178,0.001121764,0.001042005,0.001104217,0.001099429,0.001218118,0.001042264,0.001175018,0.001032989,0.001063786,0.001151836,0.001019975,0.001118025,0.001143163,0.001084661,0.001332318,0.001139515,0.001130002,0.001060187,0.001110851,0.001294372,0.00106101,0.001080154,0.001098653,0.00105268,0.001368858,0.001075669,0.001083164,0.001102306,0.001042971,0.001261135,0.001102579,0.00109275,0.001255747,0.001053724
3565.771476,0.001257826,0.001053049,0.001239629,0.001033899,0.000999129,0.001021766,0.001106949,0.001028128,0.001089814,0.001083811,0.001203687,0.001029201,0.001161197,0.001019821,0.001050123,0.0011403,0.001008146,0.001103834,0.001127507,0.001068403,0.001315674,0.001125873,0.001116117,0.001045564,0.001096668,0.00127901,0.00104694,0.001066764,0.00108621,0.001038872,0.001352544,0.001061356,0.001068817,0.001088915,0.001029732,0.0012455,0.001087803,0.001079001,0.00124025,0.001040411
3567.699963,0.001242023,0.001037872,0.001224158,0.001021055,0.000985831,0.001009504,0.001091296,0.00101341,0.001074568,0.001068625,0.001188277,0.001015727,0.001146595,0.001006,0.001036232,0.001127935,0.000995437,0.00108927,0.001111523,0.00105276,0.001298214,0.001111616,0.001101528,0.001030577,0.00108266,0.001262847,0.001032626,0.001052876,0.001072812,0.001025124,0.001335154,0.001046968,0.001054032,0.001076378,0.001016162,0.00122969,0.001072888,0.001064277,0.001224208,0.00102655
3569.628449,0.001225672,0.001022572,0.001208363,0.001007261,0.000972104,0.00099662,0.001075497,0.000998256,0.001059105,0.001054418,0.001172555,0.001001614,0.001131632,0.000991719,0.001022008,0.001114525,0.00098219,0.001074758,0.001095697,0.001037625,0.001279998,0.001097345,0.001086445,0.001015142,0.001068356,0.001246495,0.001017974,0.001038391,0.001058927,0.00101127,0.001316754,0.001031644,0.00103878,0.001064341,0.001001967,0.001213301,0.001058176,0.00104879,0.001207472,0.001012501
3571.556936,0.001209635,0.00100737,0.001192867,0.000993548,0.000958505,0.00098402,0.001060274,0.00098353,0.001044008,0.001039833,0.001157435,0.000987506,0.001116773,0.000977577,0.001007801,0.001101244,0.00096923,0.001060286,0.001080218,0.001021874,0.001262079,0.001083159,0.001071467,0.000999959,0.00105362,0.001230489,0.001003193,0.001023772,0.001045567,0.000997227,0.001298479,0.00101597,0.001023377,0.001051844,0.000987846,0.001196794,0.001043601,0.001033886,0.00119096,0.00099827
3573.485422,0.001193271,0.000992017,0.001177224,0.000980348,0.000944718,0.000971288,0.001044834,0.00096881,0.001028709,0.001024567,0.001141768,0.000973474,0.001101676,0.00096343,0.00099376,0.001088193,0.000955983,0.00104544,0.001064355,0.001005638,0.001244107,0.001068676,0.00105654,0.000984669,0.001038949,0.001213965,0.000988413,0.001009236,0.00103201,0.000983176,0.001280439,0.001000505,0.001008237,0.001038874,0.000973865,0.001180158,0.001028476,0.001019016,0.001174395,0.000983774
3575.413909,0.00117688,0.000977101,0.001161657,0.000966838,0.000931141,0.000958512,0.001029415,0.000953952,0.001013332,0.001009236,0.001126028,0.00095951,0.001086757,0.000949307,0.000979951,0.00107525,0.000943012,0.001030793,0.001048412,0.000989396,0.001226006,0.001054155,0.001041633,0.000969308,0.001024436,0.001197261,0.000973562,0.000994915,0.001018441,0.000969146,0.001263054,0.000985465,0.000993396,0.001025567,0.00096002,0.00116371,0.001013311,0.001004107,0.001158036,0.000969665
3577.342395,0.001160075,0.000961542,0.001145343,0.000952679,0.000917185,0.000945359,0.001013731,0.000938457,0.000997639,0.000993616,0.001109857,0.000945138,0.001071459,0.000934687,0.000965446,0.00106146,0.00092991,0.001015978,0.001032082,0.000973347,0.001207232,0.001039249,0.001026164,0.00095352,0.001009378,0.001180065,0.000958268,0.000979941,0.001004405,0.000954591,0.001244921,0.000969764,0.000977832,0.001011823,0.000945443,0.001146763,0.000997904,0.000988711,0.001141359,0.000955178
3579.270882,0.001143437,0.000946124,0.001129374,0.000938774,0.000903264,0.000932172,0.000998288,0.000923321,0.000982359,0.00097817,0.001094115,0.000931232,0.001056147,0.000920356,0.000950995,0.001047818,0.000916437,0.001001266,0.001016076,0.000957542,0.001188676,0.001024742,0.0010112,0.000938041,0.000994458,0.001163199,0.000943194,0.000965123,0.000990538,0.000940116,0.001226664,0.00095446,0.000962299,0.000998317,0.000930808,0.001129896,0.000982806,0.000973611,0.001124759,0.000940613
3581.199368,0.001126602,0.000930295,0.001113415,0.000924858,0.000889038,0.000918467,0.000982296,0.000907792,0.000966662,0.000962487,0.0010779,0.000916964,0.00104041,0.00090575,0.000936265,0.001034341,0.000902282,0.000986219,0.00099992,0.000941124,0.001169556,0.001009954,0.000995861,0.000922113,0.000979203,0.001146173,0.000928053,0.000950035,0.000976178,0.000925477,0.001208103,0.000938756,0.000946717,0.000984729,0.00091616,0.001112964,0.000967439,0.000957994,0.001107658,0.000925665
3583.127855,0.001109686,0.000914569,0.001097442,0.000911037,0.000875183,0.000905157,0.000966648,0.000892429,0.000951223,0.000947072,0.001061711,0.000902635,0.001025222,0.000891135,0.000921779,0.001020966,0.000888615,0.000971244,0.000983914,0.00092491,0.001150555,0.000995471,0.000980572,0.000906386,0.000964352,0.001129241,0.000913232,0.000935128,0.000962113,0.000911052,0.001189347,0.000923037,0.00093159,0.000970899,0.000901833,0.001096193,0.000952123,0.000942821,0.001090771,0.000911225
3585.056341,0.001093133,0.000899135,0.001081506,0.000897289,0.000861767,0.000892581,0.000951335,0.000877692,0.000936053,0.000931307,0.001045984,0.000888554,0.001010274,0.000876847,0.000907475,0.001007605,0.000875536,0.000956108,0.000967759,0.000908369,0.00113225,0.000981165,0.000965621,0.000890829,0.000949689,0.001112221,0.000898427,0.000920588,0.000948681,0.000896762,0.001170644,0.000907703,0.000916515,0.000956636,0.000887405,0.001079532,0.000936901,0.000928109,0.001074189,0.000897216
3586.984828,0.001076266,0.000883433,0.001065245,0.000883467,0.0008481,0.000879715,0.000935467,0.000862461,0.000920538,0.000915209,0.001030107,0.000874113,0.000994651,0.00086246,0.000892957,0.000994086,0.000862066,0.000940722,0.000951639,0.000891496,0.001113532,0.000966437,0.00095041,0.000875159,0.000934716,0.001094823,0.000883451,0.000905791,0.000934569,0.000882254,0.001152229,0.000892314,0.000901089,0.000942253,0.000872621,0.001062189,0.00092129,0.000912974,0.001057276,0.000882521
3588.913314,0.001058354,0.000867229,0.001048378,0.000869119,0.000833392,0.000865563,0.000918939,0.000846146,0.000904233,0.000899847,0.001013619,0.000859065,0.000978583,0.00084731,0.000877726,0.00097951,0.000847948,0.000925106,0.000935576,0.00087545,0.001093729,0.000951134,0.000934502,0.000859179,0.00091946,0.001077163,0.000867777,0.000890183,0.000919391,0.000867425,0.001133294,0.000876147,0.000884965,0.000928918,0.00085783,0.001044228,0.000905388,0.000896929,0.001039734,0.000867055
3590.8418,0.001040271,0.000850522,0.001031386,0.000854626,0.000818118,0.000850876,0.000902335,0.000829686,0.000887528,0.000884441,0.000996569,0.000843814,0.000962177,0.000831797,0.000862,0.000964215,0.000833519,0.000909382,0.000919049,0.000859513,0.001073927,0.000935622,0.00091829,0.000842892,0.000903744,0.001059315,0.000851787,0.000874264,0.000904081,0.000852427,0.001113543,0.000859514,0.000868583,0.00091571,0.000842868,0.001026545,0.000889476,0.000880447,0.001022061,0.000851466
3592.770287,0.001023354,0.00083476,0.00101529,0.000840607,0.00080419,0.000837508,0.000886568,0.000814278,0.000871944,0.000868753,0.000980386,0.00082936,0.000946608,0.000817208,0.000847409,0.000950214,0.00081971,0.000894237,0.000902819,0.000843341,0.001055053,0.000920943,0.000903102,0.000827376,0.00088848,0.001042158,0.00083668,0.000859258,0.000889703,0.000837638,0.001094358,0.000843913,0.000853297,0.000901692,0.000828248,0.001009575,0.000873849,0.000864995,0.001005094,0.000836788
3594.698773,0.001006221,0.00081887,0.00099876,0.000826132,0.000790133,0.000824152,0.000870433,0.000798709,0.000856268,0.000852951,0.000963656,0.00081464,0.000930924,0.000802431,0.000832638,0.000936257,0.000805839,0.000878722,0.000886471,0.000827208,0.001035666,0.000905702,0.00088747,0.00081147,0.000873048,0.001024463,0.000821462,0.000843761,0.000874953,0.000822712,0.001075034,0.000827775,0.000837574,0.000887524,0.000813381,0.000992158,0.000857976,0.000849115,0.000987671,0.000822022
3596.62726,0.000988688,0.000802823,0.000982146,0.000811686,0.000775829,0.000810366,0.000854624,0.000783043,0.000840245,0.000837585,0.000946881,0.000799737,0.000914776,0.000787566,0.000817563,0.000922075,0.000791959,0.000863381,0.000870438,0.000811238,0.00101644,0.000890154,0.000871565,0.00079563,0.000857651,0.001006378,0.000806233,0.00082788,0.000860158,0.000808006,0.001055855,0.000811736,0.000821625,0.000873521,0.000798505,0.00097469,0.00084233,0.000833306,0.000970406,0.00080703
3598.555746,0.000971176,0.00078664,0.000965408,0.000797396,0.000761469,0.000796381,0.000838637,0.000767396,0.00082391,0.00082196,0.000930364,0.000784805,0.000898574,0.000772526,0.000802398,0.00090739,0.000777727,0.000847765,0.000854069,0.000795026,0.000997326,0.00087482,0.000855685,0.000779775,0.000842234,0.000988423,0.000790699,0.000812144,0.000845286,0.000793059,0.001036517,0.000795593,0.000805901,0.000859264,0.000783429,0.000957157,0.000826276,0.000817469,0.000952906,0.000791932
3600.484233,0.000953367,0.000770453,0.000948516,0.000783029,0.000746786,0.000782557,0.000822208,0.000751849,0.000807681,0.000805775,0.000913471,0.000769912,0.000882158,0.000757239,0.00078728,0.000892297,0.000763226,0.000831762,0.000837745,0.000778676,0.000977874,0.000859473,0.000839598,0.000763634,0.000826601,0.000970757,0.000775064,0.000796582,0.000830263,0.000778006,0.001017337,0.000779147,0.00078991,0.000844892,0.000768296,0.000939373,0.000809909,0.000801748,0.000935063,0.000776752
3602.412719,0.000935103,0.000754221,0.000931106,0.000768045,0.000731919,0.000768514,0.000805726,0.000735775,0.000791142,0.000789733,0.000896124,0.000754622,0.000865424,0.000741918,0.00077174,0.00087705,0.000748751,0.00081548,0.000821265,0.000761937,0.000957938,0.000843538,0.000823345,0.000747475,0.000810742,0.000952762,0.00075922,0.000780649,0.000815025,0.000762709,0.000997811,0.000762743,0.000773266,0.000830516,0.000753248,0.000921119,0.00079349,0.000785918,0.000916912,0.000761199
3604.341206,0.000917146,0.000737874,0.000913701,0.000753139,0.000717202,0.000754438,0.000789158,0.000719667,0.000774459,0.000773564,0.000878806,0.000739146,0.000848943,0.000726772,0.000756024,0.00086192,0.000734522,0.000799089,0.000804151,0.000745105,0.000938618,0.000827705,0.00080729,0.000731512,0.000795029,0.000934614,0.000743373,0.000764578,0.000799864,0.000747332,0.000978286,0.00074612,0.000756876,0.000815784,0.00073795,0.000903009,0.000777129,0.000769649,0.000898894,0.000745872
3606.269692,0.000899496,0.00072233,0.000897312,0.000738629,0.00070327,0.000741429,0.000773086,0.000704458,0.000758339,0.000757019,0.000862396,0.000724194,0.000832983,0.000712055,0.00074113,0.000847613,0.000720999,0.000783155,0.00078737,0.000728282,0.000920355,0.000812459,0.000791593,0.000715878,0.000779552,0.000917139,0.000728006,0.000749071,0.000785513,0.000732169,0.000959676,0.000730067,0.000741532,0.000800281,0.00072297,0.000885653,0.000760977,0.000754278,0.000881656,0.000731312
3608.198179,0.000881541,0.00070646,0.000880316,0.000723687,0.000688881,0.000728259,0.000756845,0.000688893,0.000741687,0.000740121,0.000845646,0.000708815,0.000816776,0.000696969,0.000725806,0.000832639,0.000707138,0.00076673,0.000770318,0.000711114,0.000901374,0.000796625,0.000775361,0.000699988,0.000763539,0.000899153,0.000712197,0.000733505,0.000770692,0.000716666,0.000940496,0.000713872,0.000725796,0.000784428,0.00070781,0.000867874,0.000744394,0.000738619,0.000863835,0.000716342
3610.126665,0.000863607,0.000690194,0.000862896,0.000708668,0.000673834,0.000714271,0.00074049,0.000672945,0.000724796,0.000723416,0.00082824,0.00069335,0.000800108,0.000681568,0.000710131,0.000816996,0.000692646,0.00075023,0.000753274,0.000694651,0.000881887,0.000780349,0.000758877,0.000684127,0.000747533,0.000880846,0.000696171,0.000717435,0.000755173,0.000701119,0.000921226,0.000697356,0.000709254,0.000769253,0.000692281,0.000849775,0.000727519,0.000722554,0.000845875,0.000701029
3612.055152,0.000845286,0.00067362,0.000845394,0.000693212,0.000658623,0.000699799,0.000723566,0.000656601,0.000707602,0.000706855,0.000810391,0.000677548,0.000783108,0.00066587,0.00069397,0.000801425,0.000677667,0.000733423,0.00073608,0.00067828,0.000862208,0.000763557,0.000742017,0.000667884,0.000731317,0.000862408,0.000679871,0.00070061,0.00073919,0.000685226,0.00090159,0.000680363,0.000692401,0.00075435,0.000676545,0.000831599,0.000710241,0.0007063,0.000827832,0.000685214
3613.983638,0.000827033,0.00065702,0.000828293,0.000678237,0.000643532,0.000685176,0.000706473,0.000640446,0.000690796,0.000690651,0.000793311,0.000661688,0.000766676,0.000650301,0.000677887,0.000786183,0.000662713,0.000716839,0.000719069,0.000661718,0.000843118,0.000747314,0.000725311,0.000651893,0.000715406,0.000843924,0.00066382,0.000684092,0.000723345,0.000669426,0.00088183,0.000663669,0.000676014,0.000739846,0.000660992,0.000813766,0.000693445,0.000689764,0.000809828,0.000669591
3615.912125,0.000808743,0.000640399,0.000811177,0.000663483,0.000628354,0.000670174,0.000689456,0.0006244,0.000674159,0.000674509,0.000776356,0.000645788,0.000750308,0.000634515,0.000661756,0.000770636,0.000647866,0.000700492,0.000701989,0.000644931,0.000824045,0.000731264,0.00070858,0.000635951,0.000699712,0.000825255,0.000647905,0.0006676,0.00070736,0.000653402,0.000862127,0.000647011,0.000659658,0.000725339,0.000645565,0.00079601,0.00067648,0.000672856,0.000791783,0.000654543
3617.840611,0.00079082,0.000624149,0.000794357,0.000648823,0.000613937,0.000656337,0.000672617,0.000608861,0.000657709,0.000657677,0.000759189,0.000629833,0.000734303,0.000618939,0.000645683,0.000755372,0.000633525,0.000683801,0.000685007,0.000627878,0.000805126,0.000715131,0.000692109,0.000620351,0.000684088,0.000806681,0.000632071,0.000651321,0.000691836,0.000637295,0.000842728,0.000630668,0.000643873,0.000709945,0.000630427,0.000778521,0.000659223,0.000656482,0.000774016,0.000639689
3619.769097,0.000772733,0.000607875,0.000777443,0.000634008,0.000599406,0.000642205,0.000655324,0.000592903,0.00064105,0.000641191,0.000741935,0.000613701,0.000718034,0.00060309,0.000629655,0.000739792,0.000618764,0.000666992,0.000668096,0.000611696,0.000786133,0.0006985,0.000675267,0.000604755,0.000668323,0.000787725,0.000615815,0.000634475,0.000675988,0.000621279,0.000822942,0.000614222,0.000627617,0.000695382,0.000614962,0.000760732,0.00064213,0.000639849,0.00075604,0.000624148
3621.697584,0.000753849,0.000590708,0.000759415,0.000618452,0.000583799,0.000626379,0.000637298,0.000575872,0.000623423,0.000624966,0.00072389,0.000596868,0.000700941,0.000586439,0.000612649,0.000723135,0.000602972,0.000649952,0.000650365,0.00059564,0.000766305,0.000681032,0.000657404,0.000588365,0.000651986,0.000768159,0.000598962,0.000616825,0.000658681,0.000604859,0.000802517,0.000596719,0.000610185,0.000681283,0.000598833,0.000742211,0.000624623,0.000622349,0.000737261,0.000607903
3623.62607,0.000735112,0.000573975,0.000741785,0.000603097,0.000568576,0.000611306,0.000619801,0.000559522,0.000606027,0.000607998,0.000706288,0.000580089,0.000684221,0.000570236,0.000595787,0.000706886,0.000587473,0.000632878,0.000632656,0.000578919,0.000746819,0.000664061,0.00063998,0.000572345,0.000635819,0.000749169,0.000582417,0.000599714,0.000641746,0.000588289,0.000782826,0.000579485,0.000593118,0.000666236,0.000582942,0.000724171,0.000606915,0.000605315,0.000718812,0.000592145
3625.554557,0.000716546,0.000557823,0.000724614,0.000587654,0.000553711,0.00059699,0.000602582,0.000543867,0.000588804,0.000589909,0.000689,0.000563342,0.000667739,0.000554484,0.000579264,0.000690975,0.000572419,0.000615315,0.00061488,0.000561286,0.000728202,0.000647272,0.000622997,0.000556468,0.000619649,0.000730679,0.000566002,0.000582933,0.000625634,0.00057156,0.00076336,0.000562336,0.000576513,0.000649644,0.000566962,0.00070648,0.000589004,0.00058858,0.00070067,0.000576929
3627.483043,0.000698761,0.000542609,0.000708367,0.000572984,0.000539938,0.00058436,0.000586009,0.000529507,0.000572314,0.000570871,0.000672563,0.000547381,0.000652306,0.000539776,0.000563575,0.000676216,0.00055835,0.000597871,0.000597367,0.000542885,0.000710752,0.000630988,0.000606754,0.00054131,0.000603875,0.000712737,0.000550164,0.000567137,0.000610738,0.000555375,0.000744851,0.000546363,0.000561224,0.00063137,0.000551416,0.000689376,0.000571595,0.000573428,0.000683244,0.00056235
3629.41153,0.000679631,0.000525998,0.000690345,0.000557547,0.000524487,0.000569944,0.000568029,0.000513555,0.000554487,0.000553153,0.000654343,0.000530595,0.000635483,0.000523659,0.000546883,0.000659755,0.00054291,0.000579865,0.00057903,0.000525614,0.000691427,0.000613137,0.000588882,0.000525132,0.000587084,0.000693606,0.000533043,0.000549432,0.000594105,0.000538509,0.000724812,0.000529014,0.000544221,0.000615411,0.000535475,0.000671087,0.00055344,0.000556398,0.000664393,0.000546307
3631.340016,0.000659403,0.000507839,0.000670607,0.000541019,0.000507143,0.000552815,0.00054881,0.000495837,0.000535257,0.000536691,0.000634015,0.000512511,0.000616898,0.000506122,0.000528892,0.000641227,0.000525969,0.000561301,0.000559873,0.000509332,0.000670995,0.000594103,0.000569575,0.000508017,0.00056947,0.000673726,0.000514905,0.000530362,0.000575744,0.000521137,0.000703504,0.000509832,0.000525331,0.000601392,0.000518955,0.000651797,0.000534619,0.000537164,0.000644331,0.000529254
3633.268503,0.000640036,0.000490754,0.000652087,0.000525151,0.00049093,0.000536997,0.00053032,0.000479256,0.000516786,0.000519134,0.000614757,0.000494899,0.000599016,0.0004894,0.000511576,0.000623722,0.000509934,0.00054282,0.000541,0.000492212,0.000651757,0.000575731,0.000550971,0.000491735,0.000552406,0.000654376,0.000497246,0.000512286,0.000558385,0.000504053,0.000683469,0.00049173,0.000507172,0.000585746,0.000502674,0.000633051,0.000515965,0.000519376,0.000625093,0.000512815
3635.196989,0.000620676,0.000473757,0.000633458,0.000509245,0.000474724,0.000521535,0.000511707,0.000462868,0.000498267,0.000500926,0.000595689,0.000477376,0.00058139,0.000472618,0.00049416,0.000606408,0.00049409,0.000524048,0.000521924,0.000474531,0.000632436,0.000557072,0.000532282,0.000475413,0.000535148,0.000635025,0.000479432,0.000493993,0.000541048,0.000486665,0.000663397,0.000473538,0.000488981,0.000569659,0.000486142,0.000614278,0.000496958,0.000501544,0.000605971,0.000496421
3637.125476,0.00060117,0.000456819,0.000614835,0.000493432,0.000458541,0.000506146,0.000493145,0.000446707,0.000479737,0.000482523,0.000576759,0.000459984,0.000563927,0.000455989,0.000476809,0.000589077,0.000478156,0.000505509,0.000502846,0.000456849,0.000613509,0.000538525,0.000513817,0.000459434,0.000517951,0.000615877,0.000461693,0.000475968,0.00052389,0.000469396,0.000643522,0.000455481,0.000471063,0.000553191,0.00046965,0.000595704,0.000478047,0.000483595,0.000586859,0.000480211
3639.053962,0.000581427,0.000439895,0.000596204,0.000477423,0.000442352,0.000490657,0.000474373,0.000430603,0.000461098,0.00046413,0.000557687,0.000442411,0.000546386,0.000439289,0.00045927,0.000571436,0.000462101,0.000486771,0.000483535,0.00043921,0.000594528,0.000519701,0.000495269,0.000443274,0.000500838,0.000596574,0.000443851,0.000457749,0.000506644,0.000452071,0.000623529,0.000437295,0.000453068,0.000536574,0.000453125,0.000577067,0.00045898,0.00046557,0.000567521,0.000463821
3640.982449,0.000562171,0.000423099,0.000577827,0.000461492,0.000426338,0.000475374,0.000455791,0.00041477,0.000442754,0.000445786,0.00053868,0.000424802,0.00052913,0.000422782,0.000441803,0.000553989,0.000446204,0.000468068,0.000464389,0.000421561,0.000575575,0.000500986,0.000476745,0.000427122,0.000484043,0.000577534,0.000426223,0.000439615,0.000489609,0.000434872,0.000603772,0.000419305,0.000435369,0.000520263,0.000436857,0.000558699,0.000440111,0.000447696,0.000548562,0.000447728
3642.910935,0.000542845,0.000406222,0.000559457,0.000445476,0.000410196,0.000459915,0.000437193,0.000398832,0.000424271,0.00042704,0.000519571,0.000406866,0.000511741,0.000406093,0.000424263,0.000536514,0.000430037,0.000449206,0.000445267,0.000403661,0.000556544,0.000482118,0.000458043,0.000411115,0.000466971,0.000558568,0.00040831,0.000421353,0.000472489,0.000417362,0.000584127,0.000401337,0.000417492,0.00050359,0.000420535,0.000540197,0.000421166,0.000429588,0.000529654,0.000431568
3644.839422,0.000523568,0.000389452,0.000541251,0.000429591,0.000394365,0.000444426,0.0004188,0.000383287,0.000406009,0.000407929,0.000500727,0.000389065,0.000494784,0.000389531,0.00040676,0.000519464,0.000414086,0.000430306,0.000426285,0.000385283,0.000538022,0.00046352,0.000439734,0.00039554,0.000449875,0.000540047,0.000390659,0.000403387,0.00045576,0.000399931,0.000564799,0.000383418,0.000399749,0.000486148,0.000404162,0.00052201,0.00040219,0.000411855,0.00051118,0.000415677
3646.767908,0.000505044,0.00037351,0.000523993,0.000414412,0.000379752,0.000430301,0.000401047,0.000368935,0.000388589,0.000388133,0.000483087,0.000372072,0.000478766,0.00037376,0.000389965,0.000503224,0.000398918,0.000411809,0.000407625,0.000366433,0.000520458,0.000445699,0.00042223,0.000380743,0.000433451,0.00052215,0.000373809,0.000386317,0.000440059,0.000383077,0.00054632,0.000366687,0.00038316,0.000467773,0.000388235,0.000504729,0.00038357,0.000395322,0.000493578,0.000400556
3648.696394,0.000486199,0.000357311,0.000506376,0.000399014,0.000364754,0.000416047,0.000382837,0.000354315,0.000370892,0.000368867,0.000464869,0.000354818,0.0004624,0.000357619,0.000372926,0.000486321,0.000383323,0.000393257,0.000388885,0.000348401,0.000502458,0.000427389,0.000404322,0.000365579,0.00041686,0.000504001,0.000356634,0.000368701,0.000423701,0.000366103,0.000527508,0.00034987,0.000366319,0.000450373,0.000372338,0.000487212,0.000364941,0.000378261,0.00047562,0.000384964
3650.624881,0.000466185,0.000339994,0.000487285,0.000382837,0.000348011,0.000399508,0.000363591,0.00033799,0.000352131,0.000351454,0.000444758,0.000336768,0.000444718,0.000340401,0.000354999,0.000467899,0.000366369,0.000374489,0.000369825,0.00033196,0.000483176,0.00040807,0.000385263,0.000349259,0.000399576,0.000484843,0.000338296,0.00034979,0.000405729,0.000348675,0.000507635,0.000331892,0.000347851,0.000435219,0.0003559,0.000468692,0.00034593,0.000359547,0.000456425,0.000367983
3652.553367,0.000446058,0.000322377,0.000467668,0.000366332,0.000330545,0.000381581,0.000344181,0.000320966,0.000333101,0.000334811,0.000424342,0.000318525,0.000426509,0.000322701,0.000336858,0.000448665,0.000349106,0.000355702,0.000350737,0.00031591,0.000463766,0.00038849,0.00036587,0.000332592,0.000382193,0.000465649,0.000319801,0.000330635,0.000387467,0.000331181,0.000487569,0.000313396,0.000328827,0.000420775,0.0003392,0.000449944,0.000327069,0.000340065,0.000437054,0.000350871
3654.481854,0.000427568,0.000306262,0.00044988,0.000350908,0.000315119,0.000365981,0.000326306,0.000306113,0.000315795,0.000317149,0.000406074,0.000301471,0.000410123,0.00030652,0.000320012,0.000431419,0.000333445,0.000337692,0.00033269,0.000298858,0.000446397,0.000370432,0.000348121,0.000317561,0.000365828,0.000448167,0.000302864,0.000313305,0.000371216,0.000314557,0.000469108,0.000296475,0.000311899,0.000404398,0.000323382,0.000432719,0.00030931,0.000322716,0.00041954,0.000335338
3656.41034,0.000409008,0.000290293,0.000432229,0.000335544,0.000299877,0.000350563,0.00030857,0.000291329,0.000298656,0.000299841,0.00038762,0.000284756,0.00039381,0.000290589,0.000303254,0.000414289,0.000317603,0.000319785,0.000314818,0.000282278,0.000428915,0.000352475,0.00033048,0.000302635,0.000349388,0.000430664,0.000285746,0.000296037,0.000354706,0.000297992,0.000450803,0.000279947,0.000295228,0.000388173,0.000307745,0.000415649,0.000291463,0.000305633,0.000402067,0.000319525
3658.338827,0.000390145,0.000273943,0.000413909,0.000319808,0.000283692,0.000333894,0.000290628,0.000275794,0.000281128,0.000283831,0.00036845,0.000267934,0.000376841,0.000274148,0.000286234,0.000396313,0.000301228,0.000301994,0.000297104,0.000266943,0.000410887,0.000334187,0.000312544,0.000287298,0.000332801,0.000413088,0.000268536,0.000278285,0.000337508,0.000281518,0.000432395,0.000262934,0.000277949,0.00037363,0.000292029,0.000398361,0.000273805,0.000287751,0.00038428,0.000303445
3660.267313,0.000372252,0.000258424,0.00039645,0.000304815,0.000268434,0.000318341,0.000273574,0.000261262,0.000264483,0.000267746,0.000350552,0.000251775,0.000360779,0.000258508,0.000269952,0.000379083,0.00028559,0.000284883,0.000280082,0.000251661,0.000394069,0.000316657,0.000295486,0.000272734,0.000316893,0.000396286,0.000252323,0.000261545,0.000321354,0.000265722,0.000414713,0.00024681,0.000261584,0.000358532,0.000276849,0.000381818,0.000256981,0.000271074,0.000367345,0.000288001
3662.1958,0.000354947,0.000243421,0.000379599,0.000290135,0.000253736,0.000303182,0.000257142,0.000247114,0.000248467,0.000252149,0.000333105,0.000236187,0.000345335,0.000243383,0.000254182,0.000362089,0.000270522,0.000268263,0.000263647,0.000236789,0.000377923,0.000299649,0.000278995,0.000258493,0.00030146,0.000380043,0.000236614,0.000245413,0.000305754,0.000250361,0.000397573,0.000231333,0.00024581,0.000343743,0.000262151,0.000365664,0.00024064,0.000254906,0.000350984,0.000273037
3664.124286,0.000338241,0.00022925,0.000363645,0.00027594,0.000239972,0.000288884,0.000241651,0.000233837,0.000233431,0.00023709,0.000316437,0.000221492,0.000330811,0.000229048,0.000239286,0.00034622,0.000256272,0.000252418,0.000248,0.000222342,0.000362519,0.000283659,0.000263383,0.000245023,0.000286709,0.000364618,0.00022177,0.000230071,0.000291055,0.000235691,0.000381532,0.000216782,0.000231011,0.000329221,0.000248036,0.000350317,0.00022515,0.000239546,0.000335503,0.000258932
3666.052773,0.000322278,0.000215776,0.000348409,0.000262365,0.00022696,0.000275311,0.000226974,0.000221413,0.000219166,0.000222341,0.000300809,0.000207455,0.000316904,0.000215436,0.000225029,0.000331159,0.000242523,0.000237324,0.000233071,0.00020826,0.000347855,0.000268461,0.000248603,0.000232249,0.000272564,0.000349823,0.000207688,0.000215629,0.000277076,0.000221685,0.000366269,0.00020289,0.000217102,0.000314474,0.000234362,0.000335805,0.000210469,0.000225083,0.000320843,0.00024533
3667.981259,0.000307791,0.000203665,0.000334619,0.000249783,0.000215523,0.000263476,0.00021366,0.000210535,0.000206334,0.00020743,0.000287105,0.000194485,0.000304284,0.000203213,0.000212076,0.000317422,0.000230088,0.000223276,0.000219381,0.000194068,0.000334768,0.000254424,0.000235377,0.000220701,0.000259456,0.000336383,0.00019502,0.000202767,0.000264723,0.00020863,0.000352421,0.000190517,0.000204941,0.000298826,0.000221732,0.000322596,0.000196894,0.000212629,0.000307638,0.000233127
3669.909746,0.000293671,0.000191989,0.000321239,0.000237594,0.000204396,0.000252041,0.000200679,0.00019957,0.000193937,0.000193737,0.000273617,0.000182119,0.000292012,0.000191459,0.000199712,0.000303743,0.00021777,0.000209842,0.000206049,0.000181079,0.000321989,0.000240785,0.000222385,0.000209404,0.000246684,0.000323183,0.000182587,0.000190128,0.000252138,0.00019602,0.000338639,0.000178945,0.000193105,0.000284417,0.000209779,0.000309681,0.000183759,0.00020059,0.000294582,0.00022103
3671.838232,0.000279345,0.000179675,0.000307075,0.000224821,0.000191889,0.000238625,0.000187515,0.000187434,0.000181031,0.000182191,0.000258944,0.000169634,0.000279038,0.000179041,0.00018686,0.000288868,0.000204788,0.000196657,0.000192964,0.000169966,0.00030854,0.000227086,0.000208827,0.000197495,0.000233867,0.000309662,0.000169881,0.000177015,0.000238497,0.000183434,0.000324542,0.000166403,0.000180305,0.000272869,0.000197633,0.000296231,0.000170936,0.000187055,0.000281061,0.000208359
3673.766719,0.000266677,0.000169175,0.000294833,0.000213321,0.000181695,0.000227747,0.000176232,0.000177608,0.000170017,0.000170021,0.000246717,0.000158718,0.00026793,0.000168406,0.00017553,0.000276241,0.000193711,0.000184627,0.000181331,0.000158387,0.000296875,0.000215031,0.000197189,0.000187196,0.000222302,0.000297541,0.000159113,0.000165897,0.000227105,0.000171985,0.000312455,0.000155693,0.000169702,0.000259779,0.000186567,0.00028437,0.000159543,0.000176026,0.000269282,0.000197298
3675.695205,0.000254546,0.000159326,0.00028332,0.000202805,0.000172249,0.000217604,0.000165346,0.000168091,0.000159674,0.000159247,0.000235092,0.00014858,0.000257226,0.000158488,0.000165067,0.000264287,0.000182976,0.000173498,0.00017021,0.000148089,0.000285637,0.000203369,0.000186087,0.00017732,0.000211124,0.000285888,0.000148779,0.000155134,0.000215773,0.000161304,0.000300551,0.000146143,0.000159734,0.000247861,0.000176355,0.000273209,0.000148771,0.000165894,0.000257935,0.000186391
3677.623691,0.000241855,0.000148539,0.000270454,0.000191482,0.000160891,0.000204733,0.000153818,0.000156903,0.000148482,0.000151039,0.000221905,0.000137827,0.000245207,0.000147495,0.000154006,0.000250767,0.00017111,0.000162602,0.000159275,0.000139855,0.000273387,0.000191154,0.000174162,0.000166524,0.000199705,0.000273749,0.000137677,0.000143405,0.000203194,0.000150598,0.000287831,0.000135264,0.000148338,0.000239402,0.000165725,0.000261322,0.00013804,0.000153947,0.000245797,0.000174642
3679.552178,0.00023021,0.000138701,0.000258549,0.000180752,0.000150583,0.000193024,0.000143475,0.000146963,0.00013844,0.000142656,0.000210106,0.000128003,0.000234282,0.00013743,0.000143729,0.000238398,0.000160193,0.000152416,0.000149494,0.000131761,0.000262328,0.000180037,0.000163361,0.000156724,0.000189285,0.000262523,0.000127718,0.000132989,0.000191859,0.000140732,0.000276259,0.000125255,0.000138131,0.000230344,0.000155766,0.00025037,0.000128312,0.000143284,0.000234743,0.000163972
3681.480664,0.000219589,0.000129728,0.000247864,0.000171,0.000141558,0.00018271,0.000134123,0.000138126,0.000129422,0.000134352,0.000199577,0.000119218,0.000224523,0.000128436,0.000134439,0.000227399,0.000150353,0.00014301,0.000140606,0.00012386,0.000252366,0.000169945,0.000153598,0.000147882,0.000179653,0.00025229,0.000118976,0.000123704,0.000181456,0.000131728,0.000265612,0.000116655,0.000129227,0.000220743,0.000146713,0.00024033,0.000119457,0.000133901,0.000224814,0.000154341
3683.409151,0.000209824,0.000121494,0.000237818,0.000161819,0.000133231,0.000173022,0.000125507,0.000129817,0.000121024,0.000126604,0.000189781,0.000110947,0.000215394,0.000120041,0.000125812,0.000217019,0.000141285,0.000134307,0.000132457,0.000116294,0.000242925,0.000160562,0.000144577,0.000139575,0.000170544,0.000242665,0.000111061,0.000115188,0.000171685,0.000123383,0.000255722,0.000108635,0.000120893,0.000211488,0.000138184,0.000230997,0.000111256,0.000125155,0.000215576,0.000145431
3685.337637,0.000201457,0.000114779,0.000229348,0.000153821,0.000126472,0.000165413,0.000118192,0.000123071,0.000114193,0.000118488,0.000181852,0.000103664,0.000207658,0.000113009,0.00011836,0.000208126,0.000133671,0.00012654,0.000125273,0.000108509,0.000234911,0.000152489,0.000137079,0.000132639,0.000162581,0.000234282,0.000104346,0.000108216,0.000163639,0.000115977,0.000247392,0.000101904,0.000114018,0.000201477,0.000130583,0.000223011,0.000104128,0.000118231,0.000207647,0.000137989
3687.266124,0.000194004,0.000109173,0.000222225,0.000146987,0.000121242,0.00015966,0.000111954,0.000117655,0.000108664,0.000110294,0.000175493,9.76E-05,0.000201328,0.000107371,0.000112049,0.000200655,0.000127358,0.000119673,0.000118827,0.000100865,0.000228048,0.000145529,0.000130813,0.000126834,0.000155637,0.000226897,9.86E-05,0.000102183,0.000157052,0.000109472,0.000240045,9.66E-05,0.000108756,0.000191109,0.000123958,0.000216027,9.79E-05,0.000112884,0.000200757,0.000131549
3689.19461,0.000186276,0.000103053,0.000214613,0.000140216,0.000115377,0.000152749,0.000105408,0.000111455,0.000102565,0.000104231,0.000168152,9.17E-05,0.000194373,0.000101355,0.00010563,0.000192701,0.00012042,0.000113147,0.000112582,9.52E-05,0.000220461,0.000138404,0.000123996,0.00012051,0.000148689,0.000219224,9.24E-05,9.56E-05,0.00014951,0.000103283,0.000232025,9.09E-05,0.000102817,0.000183637,0.000117636,0.00020884,9.19E-05,0.000106609,0.000193433,0.000124468
3691.123097,0.000178088,9.61E-05,0.000205939,0.000132906,0.000108169,0.000143989,9.84E-05,0.000104224,9.57E-05,9.99E-05,0.000159575,8.52E-05,0.000186342,9.44E-05,9.86E-05,0.00018382,0.000112582,0.000106582,0.000106381,9.10E-05,0.000212122,0.000130894,0.000116494,0.000113692,0.000141552,0.000211048,8.58E-05,8.86E-05,0.000141028,9.70E-05,0.000223391,8.44E-05,9.56E-05,0.000178667,0.000111072,0.000200986,8.58E-05,9.88E-05,0.000185513,0.000116858
3693.051583,0.000170839,9.01E-05,0.00019808,0.000126375,0.00010197,0.000136621,9.23E-05,9.81E-05,8.99E-05,9.54E-05,0.000152199,7.95E-05,0.000179408,8.84E-05,9.24E-05,0.000175883,0.000105816,0.000100719,0.00010086,8.66E-05,0.000204815,0.000124287,0.000110051,0.000107907,0.000135199,0.000203613,8.02E-05,8.26E-05,0.000133774,9.14E-05,0.000215616,7.88E-05,8.96E-05,0.000173415,0.000105233,0.000193936,8.05E-05,9.23E-05,0.000178549,0.000110397
3694.98007,0.000164352,8.51E-05,0.000191255,0.000120598,9.67E-05,0.000130449,8.69E-05,9.28E-05,8.50E-05,9.10E-05,0.000145838,7.45E-05,0.000173267,8.33E-05,8.71E-05,0.000168908,0.000100051,9.55E-05,9.59E-05,8.24E-05,0.000198234,0.000118301,0.000104422,0.00010279,0.000129425,0.000196975,7.53E-05,7.73E-05,0.000127452,8.64E-05,0.000208682,7.40E-05,8.45E-05,0.000168017,0.000100151,0.000187809,7.58E-05,8.68E-05,0.000172362,0.000104872
3696.908556,0.000158242,8.06E-05,0.000185137,0.000115244,9.20E-05,0.000124853,8.21E-05,8.81E-05,8.04E-05,8.66E-05,0.000140138,7.01E-05,0.000167746,7.87E-05,8.23E-05,0.00016251,9.51E-05,9.07E-05,9.13E-05,7.83E-05,0.000192231,0.000112756,9.94E-05,9.81E-05,0.000124095,0.00019087,7.09E-05,7.25E-05,0.000121765,8.19E-05,0.000202534,6.96E-05,8.00E-05,0.000162369,9.54E-05,0.000182171,7.14E-05,8.20E-05,0.000166702,9.98E-05
3698.837043,0.000152703,7.66E-05,0.000179631,0.000110483,8.78E-05,0.000119912,7.78E-05,8.40E-05,7.64E-05,8.23E-05,0.000134941,6.62E-05,0.000162705,7.46E-05,7.79E-05,0.000156646,9.05E-05,8.63E-05,8.71E-05,7.42E-05,0.000186688,0.000107764,9.48E-05,9.38E-05,0.000119255,0.000185124,6.72E-05,6.85E-05,0.000116599,7.76E-05,0.000196786,6.58E-05,7.60E-05,0.000156533,9.09E-05,0.000176815,6.73E-05,7.78E-05,0.000161515,9.52E-05
3700.765529,0.000147541,7.29E-05,0.000174323,0.000106067,8.41E-05,0.000115321,7.37E-05,8.02E-05,7.27E-05,7.80E-05,0.000130153,6.25E-05,0.000157794,7.08E-05,7.40E-05,0.000151259,8.61E-05,8.21E-05,8.31E-05,7.03E-05,0.000181415,0.000103105,9.06E-05,8.98E-05,0.000114659,0.0001796,6.36E-05,6.47E-05,0.00011163,7.35E-05,0.000191096,6.23E-05,7.24E-05,0.000150818,8.67E-05,0.000171692,6.36E-05,7.39E-05,0.000156578,9.09E-05
3702.694016,0.000142473,6.93E-05,0.000169004,0.000101715,8.05E-05,0.000110696,6.97E-05,7.63E-05,6.90E-05,7.46E-05,0.000125224,5.90E-05,0.000153018,6.73E-05,7.04E-05,0.000146001,8.18E-05,7.82E-05,7.93E-05,6.72E-05,0.000176173,9.86E-05,8.65E-05,8.57E-05,0.000110115,0.000174302,6.00E-05,6.09E-05,0.000106571,6.98E-05,0.000185514,5.89E-05,6.87E-05,0.00014596,8.28E-05,0.000166741,6.00E-05,7.01E-05,0.000151671,8.65E-05
3704.622502,0.000137393,6.56E-05,0.000163502,9.71E-05,7.63E-05,0.000105581,6.59E-05,7.20E-05,6.52E-05,7.14E-05,0.000119979,5.53E-05,0.000147961,6.35E-05,6.65E-05,0.00014032,7.74E-05,7.41E-05,7.55E-05,6.42E-05,0.000170648,9.41E-05,8.20E-05,8.16E-05,0.000105524,0.000169037,5.63E-05,5.71E-05,0.000101695,6.62E-05,0.000179974,5.51E-05,6.47E-05,0.000141617,7.88E-05,0.000161518,5.64E-05,6.60E-05,0.000146491,8.20E-05
3706.550988,0.00013293,6.26E-05,0.000158819,9.30E-05,7.29E-05,0.000101886,6.28E-05,6.90E-05,6.20E-05,6.76E-05,0.000115883,5.22E-05,0.000143676,6.06E-05,6.32E-05,0.000135436,7.39E-05,7.04E-05,7.20E-05,6.07E-05,0.000166253,9.02E-05,7.86E-05,7.82E-05,0.000101563,0.00016455,5.34E-05,5.42E-05,9.80E-05,6.30E-05,0.000175407,5.21E-05,6.17E-05,0.000136346,7.51E-05,0.000156949,5.32E-05,6.30E-05,0.0001421,7.85E-05
3708.479475,0.000128816,6.02E-05,0.000154598,8.95E-05,7.02E-05,9.91E-05,6.03E-05,6.68E-05,5.92E-05,6.35E-05,0.000112294,4.97E-05,0.000139803,5.82E-05,6.05E-05,0.000131362,7.10E-05,6.69E-05,6.87E-05,5.71E-05,0.000162455,8.66E-05,7.55E-05,7.54E-05,9.80E-05,0.000160627,5.08E-05,5.17E-05,9.48E-05,6.02E-05,0.000171437,4.95E-05,5.91E-05,0.000130666,7.18E-05,0.000152827,5.04E-05,6.08E-05,0.000138318,7.54E-05
3710.407961,0.000125296,5.82E-05,0.000150755,8.64E-05,6.80E-05,9.70E-05,5.81E-05,6.49E-05,5.67E-05,5.96E-05,0.000109121,4.76E-05,0.000136326,5.63E-05,5.84E-05,0.000127884,6.86E-05,6.37E-05,6.57E-05,5.35E-05,0.000159006,8.34E-05,7.28E-05,7.29E-05,9.46E-05,0.000157019,4.85E-05,4.96E-05,9.21E-05,5.76E-05,0.00016782,4.73E-05,5.69E-05,0.000124949,6.89E-05,0.000149025,4.78E-05,5.91E-05,0.000134904,7.28E-05
3712.336448,0.000121425,5.56E-05,0.00014634,8.30E-05,6.51E-05,9.41E-05,5.54E-05,6.21E-05,5.36E-05,5.70E-05,0.000104805,4.53E-05,0.000132071,5.38E-05,5.60E-05,0.000123681,6.56E-05,6.05E-05,6.26E-05,5.10E-05,0.000155021,7.98E-05,6.95E-05,6.99E-05,9.10E-05,0.000152991,4.57E-05,4.69E-05,8.87E-05,5.50E-05,0.00016349,4.48E-05,5.41E-05,0.000121039,6.61E-05,0.000144753,4.51E-05,5.65E-05,0.000130821,6.95E-05
3714.264934,0.000116915,5.21E-05,0.000141054,7.89E-05,6.08E-05,8.92E-05,5.19E-05,5.80E-05,4.99E-05,5.53E-05,9.95E-05,4.22E-05,0.000126967,5.03E-05,5.25E-05,0.00011841,6.17E-05,5.72E-05,5.93E-05,4.94E-05,0.000149962,7.56E-05,6.55E-05,6.63E-05,8.70E-05,0.000148371,4.23E-05,4.34E-05,8.43E-05,5.19E-05,0.000158287,4.12E-05,5.02E-05,0.000118923,6.28E-05,0.000139958,4.23E-05,5.24E-05,0.000125987,6.53E-05
3716.193421,0.00011329,4.94E-05,0.000137123,7.58E-05,5.80E-05,8.53E-05,4.92E-05,5.52E-05,4.75E-05,5.33E-05,9.61E-05,3.97E-05,0.000123688,4.76E-05,4.97E-05,0.000114428,5.87E-05,5.47E-05,5.69E-05,4.76E-05,0.000145813,7.25E-05,6.26E-05,6.36E-05,8.39E-05,0.000144426,4.00E-05,4.09E-05,8.09E-05,4.94E-05,0.000154128,3.88E-05,4.76E-05,0.000116174,6.02E-05,0.000136464,4.01E-05,4.93E-05,0.000122405,6.23E-05
3718.121907,0.000109814,4.69E-05,0.000133814,7.32E-05,5.59E-05,8.19E-05,4.67E-05,5.28E-05,4.57E-05,5.13E-05,9.36E-05,3.75E-05,0.000121114,4.53E-05,4.72E-05,0.000111028,5.61E-05,5.26E-05,5.48E-05,4.58E-05,0.000141986,7.00E-05,6.01E-05,6.12E-05,8.14E-05,0.000140595,3.82E-05,3.87E-05,7.76E-05,4.71E-05,0.00015032,3.70E-05,4.56E-05,0.000113292,5.78E-05,0.000133391,3.82E-05,4.67E-05,0.00011938,5.99E-05
3720.050394,0.000106727,4.47E-05,0.000130959,7.09E-05,5.43E-05,7.88E-05,4.45E-05,5.07E-05,4.43E-05,4.93E-05,9.14E-05,3.54E-05,0.000118692,4.33E-05,4.49E-05,0.000107963,5.37E-05,5.07E-05,5.29E-05,4.40E-05,0.00013844,6.77E-05,5.80E-05,5.91E-05,7.91E-05,0.000136868,3.67E-05,3.66E-05,7.46E-05,4.49E-05,0.000146685,3.56E-05,4.40E-05,0.000110203,5.56E-05,0.000130585,3.65E-05,4.45E-05,0.000116576,5.78E-05
3721.97888,0.000103929,4.26E-05,0.000128105,6.89E-05,5.25E-05,7.61E-05,4.23E-05,4.86E-05,4.28E-05,4.76E-05,8.92E-05,3.36E-05,0.000116123,4.12E-05,4.27E-05,0.000105079,5.13E-05,4.88E-05,5.10E-05,4.24E-05,0.000135043,6.54E-05,5.58E-05,5.69E-05,7.67E-05,0.000133335,3.50E-05,3.47E-05,7.18E-05,4.28E-05,0.00014301,3.43E-05,4.23E-05,0.000107428,5.34E-05,0.00012777,3.48E-05,4.22E-05,0.000113773,5.55E-05
3723.907367,0.000101232,4.07E-05,0.00012518,6.67E-05,5.07E-05,7.33E-05,4.03E-05,4.65E-05,4.11E-05,4.59E-05,8.68E-05,3.19E-05,0.000113494,3.93E-05,4.07E-05,0.000102346,4.90E-05,4.71E-05,4.92E-05,4.09E-05,0.00013201,6.32E-05,5.38E-05,5.48E-05,7.45E-05,0.000130067,3.36E-05,3.29E-05,6.91E-05,4.09E-05,0.00013951,3.28E-05,4.07E-05,0.000104835,5.13E-05,0.000124927,3.33E-05,4.02E-05,0.00011116,5.34E-05
3725.835853,9.85E-05,3.91E-05,0.000122623,6.47E-05,4.92E-05,7.11E-05,3.84E-05,4.47E-05,3.97E-05,4.42E-05,8.47E-05,3.04E-05,0.000111097,3.77E-05,3.89E-05,9.98E-05,4.70E-05,4.55E-05,4.75E-05,3.95E-05,0.000129216,6.12E-05,5.19E-05,5.30E-05,7.24E-05,0.000126875,3.21E-05,3.13E-05,6.66E-05,3.92E-05,0.000136334,3.16E-05,3.94E-05,0.000102349,4.96E-05,0.000122334,3.17E-05,3.86E-05,0.00010874,5.15E-05
3727.76434,9.55E-05,3.70E-05,0.000119467,6.23E-05,4.70E-05,6.82E-05,3.64E-05,4.24E-05,3.78E-05,4.30E-05,8.19E-05,2.85E-05,0.000108241,3.56E-05,3.69E-05,9.65E-05,4.48E-05,4.35E-05,4.56E-05,3.82E-05,0.000125815,5.89E-05,4.96E-05,5.08E-05,7.00E-05,0.000123638,3.03E-05,2.95E-05,6.41E-05,3.74E-05,0.000132879,2.99E-05,3.74E-05,0.000100611,4.75E-05,0.000119274,3.00E-05,3.63E-05,0.000105856,4.93E-05
3729.692826,9.33E-05,3.58E-05,0.000117082,6.05E-05,4.58E-05,6.68E-05,3.52E-05,4.14E-05,3.66E-05,4.10E-05,8.00E-05,2.73E-05,0.000106156,3.44E-05,3.56E-05,9.44E-05,4.35E-05,4.18E-05,4.40E-05,3.64E-05,0.000123494,5.72E-05,4.82E-05,4.93E-05,6.82E-05,0.000121291,2.93E-05,2.85E-05,6.27E-05,3.59E-05,0.000130355,2.88E-05,3.62E-05,9.74E-05,4.59E-05,0.000116828,2.87E-05,3.52E-05,0.000103629,4.80E-05
3731.621312,9.14E-05,3.50E-05,0.00011488,5.91E-05,4.51E-05,6.61E-05,3.42E-05,4.08E-05,3.56E-05,3.86E-05,7.84E-05,2.65E-05,0.000104113,3.37E-05,3.46E-05,9.27E-05,4.25E-05,4.01E-05,4.24E-05,3.42E-05,0.000121601,5.57E-05,4.70E-05,4.82E-05,6.64E-05,0.000119091,2.84E-05,2.77E-05,6.14E-05,3.47E-05,0.000128137,2.79E-05,3.53E-05,9.34E-05,4.44E-05,0.000114617,2.74E-05,3.47E-05,0.000101602,4.67E-05
3733.549799,8.92E-05,3.39E-05,0.000112362,5.73E-05,4.37E-05,6.51E-05,3.31E-05,4.00E-05,3.42E-05,3.64E-05,7.66E-05,2.56E-05,0.000101841,3.26E-05,3.34E-05,9.06E-05,4.14E-05,3.84E-05,4.08E-05,3.21E-05,0.000119581,5.38E-05,4.55E-05,4.68E-05,6.44E-05,0.000116784,2.72E-05,2.67E-05,6.00E-05,3.34E-05,0.000125799,2.68E-05,3.42E-05,8.97E-05,4.29E-05,0.000112174,2.61E-05,3.39E-05,9.94E-05,4.52E-05
3735.478285,8.68E-05,3.27E-05,0.000109734,5.53E-05,4.22E-05,6.37E-05,3.18E-05,3.87E-05,3.25E-05,3.46E-05,7.43E-05,2.46E-05,9.94E-05,3.13E-05,3.23E-05,8.82E-05,4.00E-05,3.66E-05,3.91E-05,3.05E-05,0.000117308,5.18E-05,4.37E-05,4.52E-05,6.23E-05,0.000114367,2.57E-05,2.54E-05,5.84E-05,3.20E-05,0.000123238,2.56E-05,3.28E-05,8.67E-05,4.14E-05,0.000109426,2.47E-05,3.30E-05,9.68E-05,4.35E-05
3737.406772,8.39E-05,3.09E-05,0.000106181,5.29E-05,3.97E-05,6.10E-05,2.99E-05,3.64E-05,3.01E-05,3.38E-05,7.09E-05,2.30E-05,9.60E-05,2.95E-05,3.06E-05,8.52E-05,3.79E-05,3.46E-05,3.71E-05,2.96E-05,0.000114153,4.93E-05,4.12E-05,4.31E-05,5.98E-05,0.000111492,2.38E-05,2.35E-05,5.59E-05,3.05E-05,0.000119999,2.36E-05,3.05E-05,8.53E-05,3.95E-05,0.000106194,2.31E-05,3.10E-05,9.36E-05,4.10E-05
3739.335258,8.08E-05,2.87E-05,0.00010233,5.03E-05,3.66E-05,5.75E-05,2.79E-05,3.38E-05,2.76E-05,3.31E-05,6.72E-05,2.12E-05,9.23E-05,2.75E-05,2.86E-05,8.16E-05,3.56E-05,3.24E-05,3.49E-05,2.88E-05,0.000110837,4.67E-05,3.86E-05,4.08E-05,5.71E-05,0.000108469,2.17E-05,2.14E-05,5.32E-05,2.87E-05,0.000116678,2.12E-05,2.78E-05,8.39E-05,3.73E-05,0.000102809,2.14E-05,2.85E-05,9.03E-05,3.85E-05
3741.263745,7.92E-05,2.80E-05,0.000100196,4.85E-05,3.55E-05,5.65E-05,2.74E-05,3.33E-05,2.66E-05,3.06E-05,6.58E-05,2.03E-05,9.04E-05,2.68E-05,2.76E-05,7.98E-05,3.49E-05,3.07E-05,3.34E-05,2.63E-05,0.000109201,4.54E-05,3.77E-05,4.01E-05,5.55E-05,0.00010685,2.11E-05,2.11E-05,5.25E-05,2.76E-05,0.000115043,2.00E-05,2.69E-05,7.99E-05,3.59E-05,0.00010059,2.06E-05,2.80E-05,8.86E-05,3.77E-05
3743.192231,7.91E-05,2.91E-05,0.000100243,4.85E-05,3.73E-05,5.93E-05,2.83E-05,3.52E-05,2.75E-05,2.70E-05,6.71E-05,2.10E-05,9.08E-05,2.80E-05,2.83E-05,8.06E-05,3.60E-05,2.99E-05,3.30E-05,2.31E-05,0.000109476,4.56E-05,3.85E-05,4.07E-05,5.50E-05,0.000106508,2.19E-05,2.24E-05,5.38E-05,2.76E-05,0.000115069,2.14E-05,2.85E-05,7.39E-05,3.59E-05,0.000100177,2.06E-05,3.03E-05,8.85E-05,3.86E-05
3745.120718,7.70E-05,2.82E-05,9.80E-05,4.72E-05,3.61E-05,5.83E-05,2.70E-05,3.40E-05,2.62E-05,2.62E-05,6.50E-05,2.02E-05,8.85E-05,2.71E-05,2.75E-05,7.86E-05,3.45E-05,2.86E-05,3.16E-05,2.25E-05,0.000107223,4.39E-05,3.69E-05,3.91E-05,5.32E-05,0.000104141,2.07E-05,2.12E-05,5.20E-05,2.66E-05,0.000112581,2.08E-05,2.72E-05,7.24E-05,3.48E-05,9.80E-05,1.95E-05,2.94E-05,8.62E-05,3.70E-05
3747.049204,7.42E-05,2.61E-05,9.44E-05,4.47E-05,3.29E-05,5.46E-05,2.51E-05,3.12E-05,2.38E-05,2.61E-05,6.15E-05,1.83E-05,8.50E-05,2.48E-05,2.54E-05,7.51E-05,3.22E-05,2.69E-05,2.99E-05,2.23E-05,0.000103782,4.14E-05,3.44E-05,3.68E-05,5.10E-05,0.000101147,1.88E-05,1.91E-05,4.92E-05,2.49E-05,0.00010918,1.82E-05,2.44E-05,7.23E-05,3.27E-05,9.48E-05,1.79E-05,2.64E-05,8.31E-05,3.46E-05
3748.977691,7.30E-05,2.59E-05,9.31E-05,4.40E-05,3.27E-05,5.46E-05,2.49E-05,3.13E-05,2.36E-05,2.40E-05,6.11E-05,1.80E-05,8.41E-05,2.46E-05,2.49E-05,7.44E-05,3.19E-05,2.60E-05,2.91E-05,2.04E-05,0.000102631,4.06E-05,3.40E-05,3.65E-05,4.99E-05,9.97E-05,1.87E-05,1.91E-05,4.89E-05,2.42E-05,0.000107937,1.80E-05,2.44E-05,6.88E-05,3.19E-05,9.33E-05,1.74E-05,2.66E-05,8.21E-05,3.44E-05
3750.906177,7.12E-05,2.55E-05,9.15E-05,4.32E-05,3.22E-05,5.41E-05,2.41E-05,3.08E-05,2.29E-05,2.29E-05,5.99E-05,1.76E-05,8.26E-05,2.41E-05,2.43E-05,7.30E-05,3.11E-05,2.50E-05,2.81E-05,1.95E-05,0.000100984,3.94E-05,3.30E-05,3.56E-05,4.86E-05,9.79E-05,1.81E-05,1.85E-05,4.78E-05,2.35E-05,0.000106116,1.79E-05,2.39E-05,6.67E-05,3.12E-05,9.17E-05,1.67E-05,2.65E-05,8.04E-05,3.34E-05
3752.834664,6.85E-05,2.34E-05,8.81E-05,4.11E-05,2.94E-05,5.05E-05,2.19E-05,2.81E-05,2.08E-05,2.34E-05,5.65E-05,1.60E-05,7.94E-05,2.20E-05,2.26E-05,6.95E-05,2.85E-05,2.35E-05,2.64E-05,1.99E-05,9.76E-05,3.71E-05,3.06E-05,3.32E-05,4.64E-05,9.50E-05,1.60E-05,1.62E-05,4.47E-05,2.21E-05,0.00010251,1.61E-05,2.14E-05,6.71E-05,2.96E-05,8.87E-05,1.53E-05,2.38E-05,7.72E-05,3.09E-05
3754.76315,6.57E-05,2.12E-05,8.45E-05,3.86E-05,2.64E-05,4.65E-05,1.98E-05,2.53E-05,1.86E-05,2.36E-05,5.32E-05,1.42E-05,7.60E-05,1.98E-05,2.06E-05,6.58E-05,2.59E-05,2.20E-05,2.46E-05,2.02E-05,9.41E-05,3.46E-05,2.81E-05,3.07E-05,4.41E-05,9.20E-05,1.40E-05,1.40E-05,4.17E-05,2.05E-05,9.89E-05,1.38E-05,1.88E-05,6.75E-05,2.77E-05,8.54E-05,1.38E-05,2.08E-05,7.43E-05,2.82E-05
3756.691637,6.39E-05,2.00E-05,8.22E-05,3.70E-05,2.51E-05,4.45E-05,1.87E-05,2.41E-05,1.76E-05,2.28E-05,5.15E-05,1.32E-05,7.39E-05,1.86E-05,1.94E-05,6.38E-05,2.46E-05,2.09E-05,2.34E-05,1.95E-05,9.18E-05,3.31E-05,2.68E-05,2.94E-05,4.27E-05,8.99E-05,1.32E-05,1.30E-05,4.01E-05,1.94E-05,9.67E-05,1.26E-05,1.75E-05,6.61E-05,2.64E-05,8.33E-05,1.30E-05,1.95E-05,7.24E-05,2.68E-05
3758.620123,6.24E-05,1.95E-05,8.06E-05,3.62E-05,2.45E-05,4.38E-05,1.81E-05,2.36E-05,1.70E-05,2.17E-05,5.03E-05,1.26E-05,7.26E-05,1.80E-05,1.87E-05,6.26E-05,2.37E-05,2.01E-05,2.26E-05,1.85E-05,9.01E-05,3.20E-05,2.59E-05,2.86E-05,4.16E-05,8.82E-05,1.26E-05,1.26E-05,3.90E-05,1.87E-05,9.49E-05,1.23E-05,1.71E-05,6.41E-05,2.58E-05,8.18E-05,1.25E-05,1.91E-05,7.10E-05,2.59E-05
3760.548609,6.05E-05,1.84E-05,7.85E-05,3.49E-05,2.31E-05,4.22E-05,1.70E-05,2.23E-05,1.59E-05,2.13E-05,4.85E-05,1.18E-05,7.07E-05,1.69E-05,1.76E-05,6.05E-05,2.24E-05,1.91E-05,2.15E-05,1.81E-05,8.79E-05,3.06E-05,2.46E-05,2.74E-05,4.02E-05,8.59E-05,1.16E-05,1.15E-05,3.73E-05,1.77E-05,9.24E-05,1.14E-05,1.59E-05,6.33E-05,2.48E-05,7.98E-05,1.17E-05,1.77E-05,6.90E-05,2.45E-05
3762.477096,5.90E-05,1.74E-05,7.64E-05,3.36E-05,2.17E-05,4.05E-05,1.59E-05,2.10E-05,1.48E-05,2.07E-05,4.68E-05,1.09E-05,6.88E-05,1.59E-05,1.66E-05,5.87E-05,2.11E-05,1.81E-05,2.05E-05,1.75E-05,8.58E-05,2.93E-05,2.34E-05,2.62E-05,3.87E-05,8.38E-05,1.07E-05,1.06E-05,3.59E-05,1.67E-05,9.02E-05,1.06E-05,1.47E-05,6.20E-05,2.36E-05,7.78E-05,1.08E-05,1.65E-05,6.72E-05,2.32E-05
3764.405582,5.76E-05,1.68E-05,7.49E-05,3.26E-05,2.11E-05,3.95E-05,1.53E-05,2.05E-05,1.42E-05,1.97E-05,4.56E-05,1.04E-05,6.75E-05,1.53E-05,1.60E-05,5.74E-05,2.03E-05,1.73E-05,1.98E-05,1.67E-05,8.43E-05,2.83E-05,2.25E-05,2.54E-05,3.76E-05,8.22E-05,1.04E-05,1.01E-05,3.49E-05,1.61E-05,8.86E-05,1.02E-05,1.43E-05,6.02E-05,2.27E-05,7.64E-05,1.02E-05,1.61E-05,6.59E-05,2.24E-05
3766.334069,5.62E-05,1.62E-05,7.35E-05,3.17E-05,2.04E-05,3.86E-05,1.47E-05,1.99E-05,1.38E-05,1.89E-05,4.44E-05,9.93E-06,6.61E-05,1.48E-05,1.54E-05,5.61E-05,1.95E-05,1.65E-05,1.91E-05,1.60E-05,8.27E-05,2.72E-05,2.18E-05,2.45E-05,3.65E-05,8.07E-05,9.91E-06,9.63E-06,3.39E-05,1.54E-05,8.70E-05,9.67E-06,1.38E-05,5.87E-05,2.19E-05,7.49E-05,9.75E-06,1.55E-05,6.45E-05,2.17E-05
3768.262555,5.48E-05,1.56E-05,7.20E-05,3.08E-05,1.98E-05,3.77E-05,1.40E-05,1.93E-05,1.33E-05,1.79E-05,4.34E-05,9.45E-06,6.47E-05,1.43E-05,1.47E-05,5.48E-05,1.87E-05,1.58E-05,1.83E-05,1.52E-05,8.11E-05,2.63E-05,2.10E-05,2.38E-05,3.55E-05,7.91E-05,9.36E-06,9.23E-06,3.29E-05,1.47E-05,8.53E-05,9.20E-06,1.33E-05,5.70E-05,2.11E-05,7.34E-05,9.24E-06,1.49E-05,6.32E-05,2.09E-05
3770.191042,5.34E-05,1.48E-05,7.04E-05,2.99E-05,1.89E-05,3.66E-05,1.32E-05,1.84E-05,1.24E-05,1.72E-05,4.21E-05,8.92E-06,6.32E-05,1.35E-05,1.39E-05,5.33E-05,1.77E-05,1.50E-05,1.74E-05,1.46E-05,7.93E-05,2.52E-05,2.00E-05,2.28E-05,3.43E-05,7.73E-05,8.58E-06,8.51E-06,3.15E-05,1.39E-05,8.33E-05,8.68E-06,1.25E-05,5.56E-05,2.03E-05,7.17E-05,8.55E-06,1.42E-05,6.15E-05,1.97E-05
3772.119528,5.17E-05,1.36E-05,6.83E-05,2.86E-05,1.75E-05,3.47E-05,1.22E-05,1.70E-05,1.13E-05,1.71E-05,4.01E-05,8.07E-06,6.12E-05,1.23E-05,1.29E-05,5.13E-05,1.64E-05,1.40E-05,1.63E-05,1.45E-05,7.70E-05,2.37E-05,1.87E-05,2.15E-05,3.30E-05,7.52E-05,7.63E-06,7.38E-06,2.99E-05,1.30E-05,8.09E-05,7.64E-06,1.13E-05,5.50E-05,1.93E-05,6.97E-05,7.75E-06,1.27E-05,5.96E-05,1.84E-05
3774.048015,5.04E-05,1.27E-05,6.65E-05,2.77E-05,1.65E-05,3.34E-05,1.14E-05,1.61E-05,1.06E-05,1.67E-05,3.88E-05,7.46E-06,5.97E-05,1.14E-05,1.22E-05,4.98E-05,1.55E-05,1.32E-05,1.53E-05,1.42E-05,7.53E-05,2.26E-05,1.77E-05,2.05E-05,3.19E-05,7.36E-05,7.12E-06,6.70E-06,2.89E-05,1.23E-05,7.92E-05,6.94E-06,1.05E-05,5.40E-05,1.85E-05,6.81E-05,7.21E-06,1.18E-05,5.82E-05,1.75E-05
3775.976501,4.90E-05,1.20E-05,6.49E-05,2.68E-05,1.58E-05,3.25E-05,1.08E-05,1.55E-05,1.00E-05,1.59E-05,3.78E-05,6.97E-06,5.84E-05,1.08E-05,1.16E-05,4.87E-05,1.49E-05,1.25E-05,1.46E-05,1.34E-05,7.36E-05,2.17E-05,1.70E-05,1.98E-05,3.09E-05,7.21E-05,6.71E-06,6.28E-06,2.81E-05,1.18E-05,7.76E-05,6.55E-06,9.94E-06,5.25E-05,1.77E-05,6.67E-05,6.68E-06,1.13E-05,5.70E-05,1.68E-05
3777.904988,4.78E-05,1.16E-05,6.39E-05,2.61E-05,1.53E-05,3.19E-05,1.04E-05,1.51E-05,9.63E-06,1.50E-05,3.72E-05,6.62E-06,5.74E-05,1.05E-05,1.10E-05,4.78E-05,1.43E-05,1.20E-05,1.42E-05,1.25E-05,7.22E-05,2.11E-05,1.65E-05,1.94E-05,3.01E-05,7.08E-05,6.45E-06,6.09E-06,2.73E-05,1.13E-05,7.63E-05,6.35E-06,9.72E-06,5.07E-05,1.70E-05,6.54E-05,6.29E-06,1.10E-05,5.58E-05,1.62E-05
3779.833474,4.66E-05,1.10E-05,6.26E-05,2.53E-05,1.46E-05,3.10E-05,9.89E-06,1.45E-05,9.07E-06,1.43E-05,3.59E-05,6.18E-06,5.61E-05,1.00E-05,1.03E-05,4.67E-05,1.34E-05,1.13E-05,1.34E-05,1.20E-05,7.07E-05,2.02E-05,1.58E-05,1.86E-05,2.91E-05,6.92E-05,6.01E-06,5.59E-06,2.62E-05,1.07E-05,7.47E-05,5.98E-06,9.26E-06,4.93E-05,1.63E-05,6.39E-05,5.88E-06,1.05E-05,5.44E-05,1.52E-05
3781.761961,4.52E-05,1.00E-05,6.09E-05,2.42E-05,1.36E-05,2.94E-05,9.09E-06,1.34E-05,8.22E-06,1.40E-05,3.43E-05,5.54E-06,5.46E-05,9.16E-06,9.46E-06,4.52E-05,1.25E-05,1.05E-05,1.25E-05,1.17E-05,6.90E-05,1.90E-05,1.47E-05,1.74E-05,2.79E-05,6.74E-05,5.32E-06,4.84E-06,2.49E-05,9.96E-06,7.27E-05,5.20E-06,8.33E-06,4.86E-05,1.55E-05,6.22E-05,5.38E-06,9.61E-06,5.29E-05,1.41E-05
3783.690447,4.40E-05,9.53E-06,5.96E-05,2.36E-05,1.31E-05,2.87E-05,8.60E-06,1.30E-05,7.87E-06,1.36E-05,3.37E-05,5.30E-06,5.35E-05,8.72E-06,9.10E-06,4.43E-05,1.19E-05,9.97E-06,1.19E-05,1.13E-05,6.78E-05,1.83E-05,1.41E-05,1.67E-05,2.71E-05,6.61E-05,5.01E-06,4.56E-06,2.43E-05,9.55E-06,7.13E-05,4.91E-06,7.88E-06,4.75E-05,1.51E-05,6.10E-05,5.09E-06,9.22E-06,5.18E-05,1.35E-05
3785.618934,4.29E-05,9.02E-06,5.82E-05,2.29E-05,1.26E-05,2.78E-05,8.04E-06,1.25E-05,7.47E-06,1.33E-05,3.30E-05,4.98E-06,5.23E-05,8.12E-06,8.63E-06,4.31E-05,1.13E-05,9.40E-06,1.15E-05,1.10E-05,6.65E-05,1.76E-05,1.34E-05,1.61E-05,2.63E-05,6.48E-05,4.68E-06,4.22E-06,2.35E-05,9.12E-06,6.98E-05,4.53E-06,7.43E-06,4.66E-05,1.45E-05,5.96E-05,4.74E-06,8.61E-06,5.05E-05,1.28E-05
3787.54742,4.18E-05,8.27E-06,5.66E-05,2.19E-05,1.17E-05,2.67E-05,7.39E-06,1.18E-05,6.89E-06,1.30E-05,3.19E-05,4.41E-06,5.10E-05,7.46E-06,8.01E-06,4.17E-05,1.06E-05,8.77E-06,1.09E-05,1.07E-05,6.49E-05,1.68E-05,1.26E-05,1.53E-05,2.53E-05,6.33E-05,4.15E-06,3.78E-06,2.26E-05,8.54E-06,6.82E-05,4.00E-06,6.79E-06,4.57E-05,1.38E-05,5.82E-05,4.30E-06,7.87E-06,4.92E-05,1.21E-05
3789.475906,4.09E-05,7.60E-06,5.52E-05,2.12E-05,1.11E-05,2.59E-05,6.95E-06,1.13E-05,6.45E-06,1.26E-05,3.07E-05,4.01E-06,4.98E-05,7.08E-06,7.40E-06,4.05E-05,9.85E-06,8.25E-06,1.02E-05,1.04E-05,6.34E-05,1.60E-05,1.20E-05,1.47E-05,2.45E-05,6.18E-05,3.69E-06,3.43E-06,2.19E-05,8.02E-06,6.67E-05,3.61E-06,6.25E-06,4.47E-05,1.32E-05,5.69E-05,3.91E-06,7.36E-06,4.80E-05,1.14E-05
3791.404393,4.00E-05,7.07E-06,5.41E-05,2.06E-05,1.06E-05,2.50E-05,6.65E-06,1.08E-05,6.01E-06,1.21E-05,2.99E-05,3.75E-06,4.87E-05,6.68E-06,6.91E-06,3.96E-05,9.24E-06,7.78E-06,9.77E-06,1.01E-05,6.23E-05,1.54E-05,1.14E-05,1.42E-05,2.37E-05,6.05E-05,3.43E-06,3.12E-06,2.11E-05,7.58E-06,6.53E-05,3.28E-06,5.86E-06,4.35E-05,1.26E-05,5.57E-05,3.62E-06,6.96E-06,4.70E-05,1.09E-05
3793.332879,3.90E-05,6.67E-06,5.29E-05,1.99E-05,9.95E-06,2.44E-05,6.23E-06,1.04E-05,5.57E-06,1.13E-05,2.95E-05,3.46E-06,4.77E-05,6.18E-06,6.48E-06,3.87E-05,8.90E-06,7.31E-06,9.26E-06,9.43E-06,6.11E-05,1.48E-05,1.10E-05,1.37E-05,2.30E-05,5.93E-05,3.20E-06,2.79E-06,2.04E-05,7.03E-06,6.41E-05,2.99E-06,5.57E-06,4.19E-05,1.20E-05,5.46E-05,3.35E-06,6.75E-06,4.61E-05,1.04E-05
3795.261366,3.82E-05,6.70E-06,5.21E-05,1.97E-05,9.89E-06,2.44E-05,5.95E-06,1.04E-05,5.54E-06,1.07E-05,2.93E-05,3.56E-06,4.72E-05,6.11E-06,6.37E-06,3.82E-05,8.87E-06,6.99E-06,8.84E-06,8.70E-06,6.03E-05,1.44E-05,1.08E-05,1.34E-05,2.25E-05,5.83E-05,3.27E-06,2.85E-06,2.01E-05,6.73E-06,6.32E-05,3.09E-06,5.74E-06,4.04E-05,1.16E-05,5.38E-05,3.20E-06,6.99E-06,4.54E-05,1.02E-05
3797.189852,3.74E-05,6.41E-06,5.12E-05,1.91E-05,9.62E-06,2.39E-05,5.68E-06,1.01E-05,5.35E-06,1.02E-05,2.85E-05,3.38E-06,4.63E-05,5.91E-06,6.13E-06,3.74E-05,8.54E-06,6.51E-06,8.41E-06,8.20E-06,5.92E-05,1.38E-05,1.04E-05,1.31E-05,2.18E-05,5.72E-05,3.28E-06,2.85E-06,1.96E-05,6.40E-06,6.21E-05,2.97E-06,5.51E-06,3.93E-05,1.12E-05,5.27E-05,3.03E-06,6.74E-06,4.45E-05,9.92E-06
3799.118339,3.71E-05,6.50E-06,5.08E-05,1.86E-05,9.95E-06,2.40E-05,5.96E-06,1.05E-05,5.65E-06,8.87E-06,2.86E-05,3.29E-06,4.57E-05,6.04E-06,6.00E-06,3.71E-05,8.76E-06,6.13E-06,8.29E-06,6.98E-06,5.87E-05,1.37E-05,1.05E-05,1.32E-05,2.15E-05,5.65E-05,3.61E-06,3.30E-06,1.98E-05,6.19E-06,6.15E-05,3.09E-06,5.80E-06,3.68E-05,1.09E-05,5.20E-05,3.07E-06,7.15E-06,4.40E-05,1.01E-05
3801.046825,3.70E-05,7.18E-06,5.10E-05,1.89E-05,1.11E-05,2.54E-05,6.37E-06,1.14E-05,6.33E-06,7.84E-06,2.93E-05,3.87E-06,4.59E-05,6.77E-06,6.55E-06,3.76E-05,9.13E-06,6.13E-06,8.34E-06,6.10E-06,5.87E-05,1.41E-05,1.09E-05,1.34E-05,2.14E-05,5.60E-05,4.00E-06,3.87E-06,2.02E-05,6.35E-06,6.13E-05,4.17E-06,6.76E-06,3.46E-05,1.12E-05,5.16E-05,3.28E-06,8.40E-06,4.38E-05,1.03E-05
3802.975312,3.53E-05,5.91E-06,4.88E-05,1.76E-05,9.38E-06,2.32E-05,5.16E-06,9.58E-06,5.04E-06,8.78E-06,2.70E-05,3.00E-06,4.38E-05,5.52E-06,5.58E-06,3.55E-05,7.71E-06,5.45E-06,7.48E-06,6.84E-06,5.64E-05,1.28E-05,9.42E-06,1.21E-05,2.02E-05,5.40E-05,2.96E-06,2.69E-06,1.83E-05,5.64E-06,5.89E-05,3.07E-06,5.21E-06,3.56E-05,1.03E-05,4.98E-05,2.63E-06,6.60E-06,4.19E-05,8.84E-06
3804.903798,3.42E-05,5.30E-06,4.74E-05,1.67E-05,8.47E-06,2.19E-05,4.70E-06,8.88E-06,4.44E-06,8.34E-06,2.60E-05,2.44E-06,4.26E-05,4.88E-06,4.89E-06,3.41E-05,7.15E-06,4.88E-06,7.00E-06,6.44E-06,5.50E-05,1.20E-05,8.80E-06,1.14E-05,1.94E-05,5.29E-05,2.77E-06,2.40E-06,1.76E-05,5.11E-06,5.75E-05,2.39E-06,4.53E-06,3.49E-05,9.59E-06,4.85E-05,2.35E-06,5.77E-06,4.09E-05,8.30E-06
3806.832285,3.38E-05,5.70E-06,4.71E-05,1.69E-05,8.94E-06,2.24E-05,4.84E-06,9.23E-06,4.68E-06,7.84E-06,2.61E-05,2.87E-06,4.22E-05,5.25E-06,5.18E-06,3.40E-05,7.11E-06,4.93E-06,6.87E-06,6.08E-06,5.45E-05,1.20E-05,8.86E-06,1.12E-05,1.91E-05,5.22E-05,3.00E-06,2.50E-06,1.75E-05,5.12E-06,5.68E-05,3.05E-06,4.94E-06,3.37E-05,9.67E-06,4.78E-05,2.44E-06,6.39E-06,4.05E-05,8.30E-06
3808.760771,3.24E-05,4.71E-06,4.51E-05,1.59E-05,7.39E-06,2.04E-05,3.83E-06,7.79E-06,3.65E-06,8.74E-06,2.44E-05,2.20E-06,4.04E-05,4.15E-06,4.28E-06,3.23E-05,5.92E-06,4.54E-06,6.16E-06,6.83E-06,5.25E-05,1.08E-05,7.57E-06,1.00E-05,1.82E-05,5.04E-05,2.06E-06,1.45E-06,1.60E-05,4.59E-06,5.48E-05,2.06E-06,3.69E-06,3.47E-05,8.87E-06,4.62E-05,1.89E-06,4.93E-06,3.88E-05,7.10E-06
3810.689258,3.11E-05,3.96E-06,4.34E-05,1.49E-05,6.18E-06,1.89E-05,3.07E-06,6.75E-06,2.93E-06,8.72E-06,2.32E-05,1.61E-06,3.90E-05,3.35E-06,3.49E-06,3.08E-05,5.10E-06,4.00E-06,5.48E-06,6.86E-06,5.08E-05,9.92E-06,6.65E-06,9.21E-06,1.74E-05,4.89E-05,1.44E-06,9.04E-07,1.50E-05,4.01E-06,5.31E-05,1.39E-06,2.78E-06,3.44E-05,8.22E-06,4.48E-05,1.43E-06,3.90E-06,3.73E-05,6.22E-06
3812.617744,3.03E-05,3.91E-06,4.25E-05,1.42E-05,5.82E-06,1.84E-05,2.98E-06,6.66E-06,2.81E-06,7.77E-06,2.26E-05,1.45E-06,3.82E-05,3.16E-06,3.22E-06,3.01E-05,4.96E-06,3.58E-06,5.13E-06,6.01E-06,4.98E-05,9.54E-06,6.45E-06,8.97E-06,1.68E-05,4.80E-05,1.52E-06,1.07E-06,1.48E-05,3.63E-06,5.21E-05,1.15E-06,2.65E-06,3.26E-05,7.73E-06,4.38E-05,1.30E-06,3.69E-06,3.67E-05,6.12E-06
3814.546231,3.07E-05,5.04E-06,4.32E-05,1.47E-05,7.37E-06,2.01E-05,3.89E-06,8.25E-06,3.88E-06,5.94E-06,2.39E-05,2.17E-06,3.89E-05,4.11E-06,4.08E-06,3.11E-05,5.95E-06,3.73E-06,5.46E-06,4.46E-06,5.02E-05,1.02E-05,7.42E-06,9.73E-06,1.69E-05,4.80E-05,2.59E-06,2.36E-06,1.60E-05,3.94E-06,5.24E-05,2.38E-06,4.18E-06,2.96E-05,7.94E-06,4.39E-05,1.77E-06,5.42E-06,3.71E-05,7.03E-06
3816.474717,3.00E-05,5.09E-06,4.27E-05,1.47E-05,7.65E-06,2.03E-05,3.78E-06,8.06E-06,3.84E-06,5.79E-06,2.34E-05,2.35E-06,3.83E-05,4.20E-06,4.20E-06,3.06E-05,5.71E-06,3.72E-06,5.18E-06,4.49E-06,4.92E-05,9.84E-06,7.18E-06,9.40E-06,1.65E-05,4.72E-05,2.49E-06,2.27E-06,1.54E-05,3.85E-06,5.13E-05,2.79E-06,4.30E-06,2.90E-05,7.86E-06,4.32E-05,1.67E-06,5.63E-06,3.64E-05,6.61E-06
3818.403203,2.87E-05,3.98E-06,4.09E-05,1.34E-05,6.11E-06,1.83E-05,2.98E-06,6.60E-06,2.82E-06,6.00E-06,2.16E-05,1.55E-06,3.66E-05,3.26E-06,3.14E-06,2.87E-05,4.65E-06,3.09E-06,4.46E-06,4.71E-06,4.73E-05,8.76E-06,6.13E-06,8.35E-06,1.55E-05,4.57E-05,1.81E-06,1.49E-06,1.41E-05,3.16E-06,4.95E-05,1.58E-06,3.02E-06,2.90E-05,6.94E-06,4.16E-05,1.15E-06,4.10E-06,3.49E-05,5.71E-06
3820.33169,2.86E-05,4.38E-06,4.07E-05,1.35E-05,6.68E-06,1.91E-05,3.35E-06,7.24E-06,3.31E-06,5.27E-06,2.19E-05,1.89E-06,3.65E-05,3.75E-06,3.48E-06,2.88E-05,4.96E-06,2.99E-06,4.52E-06,4.10E-06,4.71E-05,8.94E-06,6.47E-06,8.63E-06,1.53E-05,4.52E-05,2.32E-06,2.05E-06,1.43E-05,3.26E-06,4.92E-05,2.30E-06,3.70E-06,2.73E-05,7.03E-06,4.13E-05,1.34E-06,4.88E-06,3.47E-05,5.98E-06
3822.260176,2.74E-05,3.88E-06,3.93E-05,1.30E-05,5.82E-06,1.80E-05,2.68E-06,6.34E-06,2.79E-06,6.05E-06,2.06E-05,1.70E-06,3.51E-05,3.16E-06,3.13E-06,2.78E-05,4.19E-06,2.64E-06,4.02E-06,4.76E-06,4.57E-05,8.11E-06,5.61E-06,7.88E-06,1.46E-05,4.38E-05,1.69E-06,1.30E-06,1.31E-05,2.95E-06,4.77E-05,2.04E-06,3.09E-06,2.79E-05,6.64E-06,4.00E-05,1.04E-06,3.98E-06,3.33E-05,5.11E-06
3824.188663,2.59E-05,2.86E-06,3.74E-05,1.18E-05,4.17E-06,1.56E-05,1.69E-06,4.82E-06,1.75E-06,6.53E-06,1.89E-05,9.52E-07,3.32E-05,2.06E-06,2.19E-06,2.59E-05,2.93E-06,1.99E-06,3.23E-06,5.09E-06,4.38E-05,6.91E-06,4.44E-06,6.64E-06,1.36E-05,4.22E-05,6.93E-07,3.50E-07,1.19E-05,2.25E-06,4.58E-05,1.02E-06,1.79E-06,2.83E-05,5.73E-06,3.84E-05,5.43E-07,2.45E-06,3.17E-05,4.04E-06
3826.117149,2.52E-05,2.63E-06,3.64E-05,1.13E-05,3.83E-06,1.51E-05,1.52E-06,4.50E-06,1.53E-06,6.27E-06,1.83E-05,8.15E-07,3.25E-05,1.86E-06,1.98E-06,2.51E-05,2.49E-06,1.76E-06,2.92E-06,4.90E-06,4.27E-05,6.37E-06,4.07E-06,6.18E-06,1.30E-05,4.12E-05,4.73E-07,2.27E-07,1.15E-05,2.02E-06,4.47E-05,9.02E-07,1.45E-06,2.77E-05,5.39E-06,3.76E-05,4.20E-07,2.22E-06,3.10E-05,3.62E-06
3828.045636,2.46E-05,2.34E-06,3.56E-05,1.10E-05,3.47E-06,1.46E-05,1.39E-06,4.33E-06,1.38E-06,6.07E-06,1.76E-05,6.68E-07,3.18E-05,1.62E-06,1.81E-06,2.43E-05,2.33E-06,1.63E-06,2.66E-06,4.80E-06,4.16E-05,5.91E-06,3.74E-06,5.91E-06,1.25E-05,4.02E-05,3.95E-07,1.67E-07,1.10E-05,1.79E-06,4.37E-05,7.59E-07,1.13E-06,2.72E-05,5.14E-06,3.68E-05,3.18E-07,1.93E-06,3.01E-05,3.28E-06
3829.974122,2.42E-05,2.28E-06,3.51E-05,1.08E-05,3.50E-06,1.44E-05,1.39E-06,4.42E-06,1.46E-06,5.56E-06,1.72E-05,7.05E-07,3.13E-05,1.71E-06,1.79E-06,2.40E-05,2.41E-06,1.54E-06,2.51E-06,4.40E-06,4.09E-05,5.75E-06,3.75E-06,5.83E-06,1.23E-05,3.95E-05,6.08E-07,4.40E-07,1.08E-05,1.62E-06,4.30E-05,9.59E-07,1.27E-06,2.62E-05,4.95E-06,3.61E-05,3.40E-07,2.07E-06,2.96E-05,3.23E-06
3831.902609,2.37E-05,2.24E-06,3.44E-05,1.04E-05,3.43E-06,1.41E-05,1.35E-06,4.36E-06,1.41E-06,5.13E-06,1.69E-05,8.08E-07,3.06E-05,1.72E-06,1.66E-06,2.36E-05,2.27E-06,1.37E-06,2.31E-06,4.08E-06,4.02E-05,5.48E-06,3.66E-06,5.64E-06,1.19E-05,3.88E-05,7.25E-07,4.97E-07,1.05E-05,1.49E-06,4.22E-05,9.35E-07,1.49E-06,2.51E-05,4.69E-06,3.52E-05,3.06E-07,2.04E-06,2.92E-05,3.12E-06
3833.831095,2.31E-05,2.11E-06,3.37E-05,9.81E-06,3.15E-06,1.40E-05,1.35E-06,4.22E-06,1.30E-06,4.52E-06,1.67E-05,7.37E-07,3.00E-05,1.55E-06,1.42E-06,2.31E-05,2.11E-06,1.10E-06,2.04E-06,3.49E-06,3.94E-05,5.19E-06,3.49E-06,5.50E-06,1.15E-05,3.80E-05,7.99E-07,6.09E-07,1.03E-05,1.27E-06,4.14E-05,8.10E-07,1.65E-06,2.37E-05,4.29E-06,3.44E-05,2.79E-07,1.88E-06,2.87E-05,2.93E-06
3835.759582,2.31E-05,2.58E-06,3.39E-05,9.93E-06,3.99E-06,1.51E-05,1.94E-06,5.13E-06,2.00E-06,3.22E-06,1.75E-05,1.16E-06,3.05E-05,2.25E-06,1.85E-06,2.35E-05,2.78E-06,1.10E-06,2.26E-06,2.37E-06,3.93E-05,5.56E-06,4.09E-06,5.93E-06,1.15E-05,3.78E-05,1.49E-06,1.57E-06,1.11E-05,1.44E-06,4.14E-05,1.61E-06,2.54E-06,2.13E-05,4.36E-06,3.43E-05,6.90E-07,2.95E-06,2.88E-05,3.40E-06
3837.688068,2.30E-05,3.10E-06,3.41E-05,1.04E-05,4.85E-06,1.62E-05,2.28E-06,5.82E-06,2.61E-06,2.74E-06,1.78E-05,1.67E-06,3.07E-05,2.83E-06,2.37E-06,2.39E-05,3.29E-06,1.26E-06,2.42E-06,2.24E-06,3.91E-05,5.87E-06,4.50E-06,6.13E-06,1.15E-05,3.75E-05,1.88E-06,2.11E-06,1.13E-05,1.67E-06,4.12E-05,2.55E-06,3.28E-06,2.01E-05,4.77E-06,3.42E-05,1.05E-06,4.10E-06,2.86E-05,3.62E-06
3839.616555,2.16E-05,2.18E-06,3.23E-05,9.51E-06,3.41E-06,1.41E-05,1.36E-06,4.30E-06,1.57E-06,3.84E-06,1.59E-05,1.02E-06,2.89E-05,1.66E-06,1.47E-06,2.21E-05,2.10E-06,8.41E-07,1.75E-06,3.32E-06,3.74E-05,4.79E-06,3.31E-06,5.03E-06,1.05E-05,3.59E-05,9.66E-07,1.10E-06,9.68E-06,1.14E-06,3.93E-05,1.64E-06,2.09E-06,2.14E-05,4.17E-06,3.26E-05,4.80E-07,2.70E-06,2.71E-05,2.48E-06
3841.545041,2.05E-05,1.29E-06,3.06E-05,8.62E-06,2.22E-06,1.22E-05,7.00E-07,3.23E-06,7.66E-07,4.47E-06,1.46E-05,5.14E-07,2.74E-05,8.00E-07,6.85E-07,2.05E-05,1.04E-06,4.12E-07,1.33E-06,3.73E-06,3.59E-05,3.87E-06,2.42E-06,4.14E-06,9.68E-06,3.45E-05,4.31E-07,4.46E-07,8.67E-06,7.37E-07,3.78E-05,7.87E-07,1.02E-06,2.19E-05,3.52E-06,3.11E-05,5.87E-08,1.39E-06,2.58E-05,1.69E-06
3843.473528,2.00E-05,8.72E-07,2.97E-05,8.43E-06,1.96E-06,1.16E-05,4.92E-07,2.92E-06,6.58E-07,4.82E-06,1.41E-05,5.19E-07,2.65E-05,7.00E-07,6.09E-07,1.98E-05,6.65E-07,3.33E-07,1.19E-06,3.83E-06,3.50E-05,3.47E-06,2.07E-06,3.76E-06,9.24E-06,3.37E-05,3.58E-07,3.84E-07,8.32E-06,6.85E-07,3.68E-05,7.89E-07,6.92E-07,2.17E-05,3.38E-06,3.03E-05,1.56E-07,1.07E-06,2.50E-05,1.35E-06
3845.402014,1.90E-05,1.23E-07,2.85E-05,7.81E-06,1.10E-06,1.05E-05,0,2.09E-06,1.48E-07,5.12E-06,1.30E-05,1.13E-07,2.53E-05,1.87E-07,1.63E-07,1.88E-05,1.06E-07,9.02E-08,7.16E-07,3.94E-06,3.38E-05,2.79E-06,1.35E-06,3.05E-06,8.52E-06,3.26E-05,0,0,7.36E-06,3.11E-07,3.54E-05,2.60E-07,1.04E-07,2.18E-05,2.91E-06,2.92E-05,1.82E-08,2.70E-07,2.40E-05,8.09E-07
3847.3305,1.85E-05,0,2.77E-05,7.37E-06,8.47E-07,1.01E-05,0,1.85E-06,0,5.02E-06,1.25E-05,0,2.46E-05,0,0,1.82E-05,0,0,4.94E-07,3.90E-06,3.30E-05,2.59E-06,1.13E-06,2.77E-06,8.15E-06,3.19E-05,0,0,7.00E-06,7.94E-08,3.46E-05,0,0,2.13E-05,2.69E-06,2.85E-05,0,0,2.34E-05,6.02E-07
3849.258987,1.87E-05,4.39E-07,2.76E-05,7.21E-06,1.44E-06,1.05E-05,6.60E-07,2.52E-06,5.17E-07,4.00E-06,1.31E-05,2.43E-07,2.47E-05,3.30E-07,2.30E-07,1.82E-05,7.04E-07,1.68E-09,7.18E-07,3.08E-06,3.30E-05,2.92E-06,1.65E-06,3.32E-06,8.27E-06,3.18E-05,5.54E-07,7.30E-07,7.78E-06,1.94E-07,3.46E-05,1.64E-07,6.29E-07,1.93E-05,2.56E-06,2.84E-05,1.64E-07,5.70E-07,2.35E-05,1.19E-06
3851.187473,2.02E-05,2.26E-06,2.95E-05,8.30E-06,4.07E-06,1.36E-05,2.43E-06,5.35E-06,2.50E-06,1.24E-06,1.57E-05,1.53E-06,2.67E-05,2.24E-06,1.56E-06,2.05E-05,2.98E-06,4.65E-07,1.63E-06,8.92E-07,3.47E-05,4.50E-06,3.73E-06,5.33E-06,9.28E-06,3.28E-05,2.50E-06,3.01E-06,1.04E-05,1.05E-06,3.64E-05,2.17E-06,3.35E-06,1.48E-05,3.21E-06,2.96E-05,1.00E-06,3.66E-06,2.49E-05,3.24E-06
3853.11596,2.12E-05,4.03E-06,3.13E-05,9.96E-06,6.60E-06,1.71E-05,3.71E-06,7.70E-06,4.15E-06,0,1.81E-05,2.98E-06,2.84E-05,4.22E-06,3.10E-06,2.26E-05,4.56E-06,1.19E-06,2.37E-06,0,3.60E-05,5.92E-06,5.37E-06,6.82E-06,1.01E-05,3.34E-05,3.96E-06,4.51E-06,1.20E-05,1.97E-06,3.75E-05,4.45E-06,5.69E-06,1.23E-05,4.40E-06,3.07E-05,1.84E-06,6.58E-06,2.60E-05,4.56E-06
3855.044446,1.94E-05,2.58E-06,2.91E-05,9.02E-06,4.65E-06,1.46E-05,2.25E-06,5.49E-06,2.63E-06,2.26E-06,1.56E-05,2.10E-06,2.61E-05,2.92E-06,2.17E-06,2.03E-05,2.70E-06,8.70E-07,1.62E-06,1.84E-06,3.36E-05,4.57E-06,3.57E-06,5.10E-06,9.01E-06,3.15E-05,2.48E-06,2.59E-06,9.53E-06,1.41E-06,3.50E-05,3.19E-06,3.70E-06,1.54E-05,3.82E-06,2.89E-05,1.21E-06,4.46E-06,2.39E-05,2.87E-06
3856.972933,1.71E-05,3.93E-07,2.58E-05,6.90E-06,1.47E-06,1.01E-05,3.05E-07,2.39E-06,4.93E-07,4.54E-06,1.21E-05,3.30E-07,2.30E-05,5.76E-07,3.34E-07,1.70E-05,4.19E-07,1.78E-07,5.40E-07,3.60E-06,3.06E-05,2.69E-06,1.14E-06,2.89E-06,7.49E-06,2.92E-05,5.52E-07,3.72E-07,6.88E-06,3.53E-07,3.20E-05,6.83E-07,6.86E-07,1.86E-05,2.40E-06,2.63E-05,2.33E-07,1.08E-06,2.13E-05,7.78E-07
3858.901419,1.64E-05,0,2.47E-05,6.35E-06,8.68E-07,9.04E-06,0,1.83E-06,1.29E-07,4.65E-06,1.15E-05,3.80E-08,2.21E-05,6.24E-08,5.43E-08,1.62E-05,6.63E-08,5.34E-08,3.62E-07,3.63E-06,2.97E-05,2.31E-06,7.30E-07,2.41E-06,7.08E-06,2.84E-05,2.41E-07,7.89E-08,6.57E-06,9.26E-08,3.10E-05,9.11E-08,3.44E-08,1.85E-05,2.06E-06,2.53E-05,1.18E-07,5.19E-07,2.05E-05,2.89E-07
3860.829906,1.63E-05,8.48E-08,2.44E-05,6.31E-06,1.18E-06,9.17E-06,2.33E-07,1.88E-06,3.11E-07,4.11E-06,1.17E-05,2.73E-07,2.18E-05,2.52E-07,2.53E-07,1.62E-05,2.29E-07,1.39E-08,5.11E-07,3.30E-06,2.92E-05,2.32E-06,9.48E-07,2.54E-06,6.95E-06,2.80E-05,4.12E-07,2.90E-07,6.75E-06,1.61E-07,3.05E-05,2.48E-07,3.27E-07,1.73E-05,2.20E-06,2.48E-05,2.92E-07,8.31E-07,2.03E-05,3.79E-07
3862.758392,1.62E-05,4.09E-07,2.42E-05,6.17E-06,1.51E-06,9.58E-06,4.77E-07,2.18E-06,6.54E-07,3.50E-06,1.20E-05,3.75E-07,2.16E-05,5.27E-07,4.00E-07,1.63E-05,5.02E-07,0,5.67E-07,2.82E-06,2.88E-05,2.47E-06,1.23E-06,2.76E-06,6.89E-06,2.76E-05,7.12E-07,5.73E-07,6.96E-06,2.56E-07,3.03E-05,6.33E-07,8.52E-07,1.60E-05,2.34E-06,2.44E-05,4.15E-07,1.25E-06,2.02E-05,7.64E-07
3864.686879,1.59E-05,6.11E-07,2.40E-05,6.23E-06,1.73E-06,9.91E-06,5.58E-07,2.42E-06,8.12E-07,3.41E-06,1.19E-05,4.80E-07,2.13E-05,7.13E-07,5.86E-07,1.61E-05,7.26E-07,1.29E-07,5.46E-07,2.76E-06,2.85E-05,2.53E-06,1.33E-06,2.64E-06,6.83E-06,2.70E-05,8.62E-07,6.91E-07,6.90E-06,3.25E-07,2.99E-05,1.01E-06,1.05E-06,1.57E-05,2.45E-06,2.41E-05,3.81E-07,1.50E-06,1.99E-05,9.39E-07
3866.615365,1.55E-05,3.62E-07,2.35E-05,5.89E-06,1.42E-06,9.35E-06,5.03E-07,2.13E-06,5.81E-07,3.49E-06,1.13E-05,3.51E-07,2.08E-05,5.70E-07,4.49E-07,1.54E-05,7.62E-07,1.15E-07,5.11E-07,2.69E-06,2.79E-05,2.31E-06,1.15E-06,2.42E-06,6.63E-06,2.65E-05,8.12E-07,6.73E-07,6.77E-06,2.41E-07,2.92E-05,6.81E-07,8.09E-07,1.56E-05,2.21E-06,2.35E-05,2.63E-07,1.09E-06,1.93E-05,9.24E-07
3868.543852,1.56E-05,1.05E-06,2.38E-05,6.20E-06,2.25E-06,1.04E-05,1.13E-06,3.01E-06,1.22E-06,2.63E-06,1.21E-05,8.04E-07,2.12E-05,1.21E-06,9.55E-07,1.60E-05,1.55E-06,3.45E-07,8.43E-07,1.84E-06,2.81E-05,2.90E-06,1.77E-06,3.00E-06,6.90E-06,2.65E-05,1.46E-06,1.29E-06,7.59E-06,5.04E-07,2.94E-05,1.38E-06,1.77E-06,1.41E-05,2.37E-06,2.37E-05,5.55E-07,2.08E-06,1.95E-05,1.53E-06
3870.472338,1.51E-05,1.29E-06,2.33E-05,6.35E-06,2.43E-06,1.06E-05,1.19E-06,2.99E-06,1.38E-06,2.77E-06,1.19E-05,9.02E-07,2.09E-05,1.27E-06,1.07E-06,1.57E-05,1.53E-06,5.10E-07,8.22E-07,2.09E-06,2.76E-05,2.90E-06,1.73E-06,2.88E-06,6.72E-06,2.59E-05,1.39E-06,1.16E-06,7.47E-06,5.66E-07,2.87E-05,1.69E-06,1.86E-06,1.40E-05,2.35E-06,2.33E-05,5.52E-07,2.31E-06,1.91E-05,1.39E-06
3872.400825,1.41E-05,5.49E-07,2.19E-05,5.45E-06,1.28E-06,8.97E-06,5.61E-07,1.78E-06,6.82E-07,3.47E-06,1.07E-05,3.14E-07,1.94E-05,4.30E-07,4.41E-07,1.42E-05,6.04E-07,2.61E-07,3.90E-07,2.67E-06,2.61E-05,2.10E-06,8.86E-07,2.09E-06,6.02E-06,2.48E-05,6.23E-07,4.52E-07,6.35E-06,1.72E-07,2.73E-05,7.65E-07,6.44E-07,1.49E-05,1.79E-06,2.21E-05,2.38E-07,1.09E-06,1.80E-05,7.92E-07
3874.329311,1.36E-05,3.76E-07,2.11E-05,5.10E-06,9.87E-07,8.49E-06,3.04E-07,1.38E-06,3.76E-07,3.59E-06,9.97E-06,2.90E-07,1.87E-05,2.33E-07,2.57E-07,1.35E-05,2.69E-07,1.29E-07,2.33E-07,2.76E-06,2.51E-05,1.82E-06,5.57E-07,1.81E-06,5.74E-06,2.40E-05,3.27E-07,2.91E-07,5.81E-06,4.77E-08,2.63E-05,5.89E-07,2.65E-07,1.49E-05,1.61E-06,2.13E-05,1.76E-07,7.37E-07,1.74E-05,5.56E-07
3876.257797,1.31E-05,1.05E-07,2.02E-05,4.73E-06,5.42E-07,7.53E-06,0,8.87E-07,0,3.79E-06,9.14E-06,1.20E-07,1.78E-05,0,0,1.28E-05,0,0,2.43E-09,3.13E-06,2.41E-05,1.47E-06,1.08E-07,1.47E-06,5.41E-06,2.33E-05,0,0,5.33E-06,0,2.53E-05,2.45E-07,0,1.50E-05,1.42E-06,2.06E-05,0,1.78E-07,1.68E-05,2.31E-07
3878.186284,1.31E-05,3.75E-07,2.02E-05,4.78E-06,8.91E-07,7.66E-06,2.96E-07,1.29E-06,3.51E-07,3.42E-06,9.45E-06,2.65E-07,1.78E-05,3.38E-07,2.42E-07,1.29E-05,4.36E-07,1.16E-07,1.54E-07,2.78E-06,2.40E-05,1.73E-06,4.80E-07,1.73E-06,5.56E-06,2.31E-05,3.58E-07,3.71E-07,5.72E-06,2.52E-07,2.51E-05,4.34E-07,4.72E-07,1.43E-05,1.59E-06,2.05E-05,1.70E-07,6.30E-07,1.68E-05,7.28E-07
3880.11477,1.30E-05,7.87E-07,2.02E-05,4.99E-06,1.42E-06,8.24E-06,5.73E-07,1.66E-06,7.79E-07,3.09E-06,9.49E-06,5.90E-07,1.78E-05,7.32E-07,6.17E-07,1.32E-05,7.65E-07,3.12E-07,3.70E-07,2.23E-06,2.38E-05,1.96E-06,8.41E-07,1.89E-06,5.66E-06,2.28E-05,6.20E-07,6.35E-07,6.01E-06,4.12E-07,2.48E-05,9.10E-07,9.23E-07,1.36E-05,1.67E-06,2.04E-05,3.28E-07,1.22E-06,1.67E-05,1.03E-06
3882.043257,1.23E-05,5.38E-07,1.94E-05,4.45E-06,9.51E-07,7.62E-06,3.97E-07,1.14E-06,4.72E-07,3.04E-06,8.60E-06,2.43E-07,1.70E-05,3.20E-07,3.81E-07,1.25E-05,4.61E-07,2.51E-07,2.36E-07,2.12E-06,2.27E-05,1.52E-06,4.68E-07,1.60E-06,5.28E-06,2.20E-05,3.64E-07,2.80E-07,5.55E-06,1.87E-07,2.40E-05,4.78E-07,5.37E-07,1.34E-05,1.24E-06,1.96E-05,1.74E-07,6.00E-07,1.59E-05,7.73E-07
3883.971743,1.25E-05,1.16E-06,1.96E-05,4.77E-06,1.70E-06,8.54E-06,9.23E-07,1.98E-06,9.73E-07,2.46E-06,9.34E-06,5.47E-07,1.73E-05,8.35E-07,8.08E-07,1.29E-05,9.82E-07,4.64E-07,4.94E-07,1.81E-06,2.29E-05,1.90E-06,1.03E-06,2.15E-06,5.51E-06,2.19E-05,8.87E-07,9.14E-07,6.29E-06,4.37E-07,2.42E-05,1.02E-06,1.20E-06,1.23E-05,1.53E-06,1.97E-05,4.45E-07,1.39E-06,1.61E-05,1.39E-06
3885.90023,1.22E-05,1.41E-06,1.94E-05,4.99E-06,1.87E-06,8.69E-06,9.36E-07,2.20E-06,1.06E-06,2.45E-06,9.33E-06,7.37E-07,1.71E-05,1.12E-06,1.05E-06,1.28E-05,9.10E-07,4.90E-07,5.09E-07,2.00E-06,2.26E-05,1.85E-06,1.06E-06,2.09E-06,5.38E-06,2.16E-05,8.86E-07,9.01E-07,6.31E-06,4.57E-07,2.38E-05,1.36E-06,1.32E-06,1.21E-05,1.68E-06,1.93E-05,4.52E-07,1.64E-06,1.58E-05,1.30E-06
3887.828716,1.14E-05,7.39E-07,1.82E-05,4.26E-06,8.00E-07,7.31E-06,4.28E-07,1.16E-06,3.94E-07,2.90E-06,8.18E-06,2.01E-07,1.59E-05,5.17E-07,4.08E-07,1.16E-05,2.83E-07,1.90E-07,2.60E-07,2.41E-06,2.13E-05,1.08E-06,3.85E-07,1.36E-06,4.71E-06,2.06E-05,3.96E-07,1.94E-07,5.32E-06,1.03E-07,2.26E-05,5.69E-07,4.72E-07,1.27E-05,1.30E-06,1.83E-05,1.59E-07,5.13E-07,1.49E-05,4.97E-07
3889.757203,1.15E-05,8.66E-07,1.80E-05,4.20E-06,1.02E-06,7.66E-06,6.45E-07,1.43E-06,6.71E-07,2.52E-06,8.41E-06,4.23E-07,1.59E-05,7.96E-07,4.48E-07,1.17E-05,7.17E-07,2.65E-07,4.07E-07,2.04E-06,2.11E-05,1.20E-06,6.91E-07,1.58E-06,4.57E-06,2.05E-05,6.89E-07,6.12E-07,5.55E-06,2.18E-07,2.24E-05,7.53E-07,9.47E-07,1.20E-05,1.45E-06,1.81E-05,3.40E-07,8.53E-07,1.48E-05,7.42E-07
3891.685689,1.14E-05,9.49E-07,1.79E-05,4.30E-06,1.18E-06,7.82E-06,6.77E-07,1.62E-06,7.82E-07,2.54E-06,8.23E-06,7.01E-07,1.57E-05,1.00E-06,6.63E-07,1.17E-05,8.90E-07,4.40E-07,3.98E-07,1.99E-06,2.08E-05,1.24E-06,7.78E-07,1.60E-06,4.51E-06,2.00E-05,6.80E-07,7.25E-07,5.41E-06,3.14E-07,2.20E-05,1.00E-06,1.24E-06,1.17E-05,1.53E-06,1.79E-05,4.87E-07,1.14E-06,1.45E-05,7.80E-07
3893.614176,1.05E-05,3.74E-07,1.68E-05,3.66E-06,2.93E-07,6.50E-06,1.67E-07,7.94E-07,2.05E-07,3.03E-06,7.15E-06,3.12E-07,1.48E-05,3.58E-07,2.07E-07,1.07E-05,2.34E-07,2.11E-07,1.10E-07,2.42E-06,1.96E-05,6.57E-07,1.83E-07,9.22E-07,4.03E-06,1.91E-05,1.09E-07,1.16E-07,4.42E-06,7.13E-08,2.07E-05,3.24E-07,2.98E-07,1.22E-05,1.13E-06,1.71E-05,1.88E-07,2.70E-07,1.36E-05,1.35E-07
3895.542662,1.00E-05,1.03E-07,1.60E-05,3.17E-06,0,5.89E-06,0,5.22E-07,9.26E-08,2.86E-06,6.83E-06,0,1.41E-05,0,0,1.00E-05,0,0,0,2.44E-06,1.88E-05,4.55E-07,0,7.14E-07,3.72E-06,1.85E-05,5.60E-09,0,4.11E-06,0,2.00E-05,0,1.97E-08,1.19E-05,9.23E-07,1.64E-05,0,0,1.31E-05,0
3897.471149,1.02E-05,4.54E-07,1.61E-05,3.36E-06,6.59E-07,6.56E-06,5.04E-07,1.15E-06,5.23E-07,2.21E-06,7.36E-06,1.49E-07,1.43E-05,3.52E-07,2.43E-07,1.03E-05,4.26E-07,1.47E-07,2.15E-07,1.92E-06,1.90E-05,8.43E-07,4.55E-07,1.12E-06,3.95E-06,1.85E-05,4.95E-07,5.56E-07,4.78E-06,2.10E-07,2.01E-05,3.44E-07,7.27E-07,1.08E-05,1.05E-06,1.63E-05,2.57E-07,6.51E-07,1.33E-05,5.28E-07
3899.399635,1.06E-05,9.12E-07,1.65E-05,3.72E-06,1.35E-06,7.64E-06,1.06E-06,1.94E-06,1.05E-06,1.57E-06,7.85E-06,6.08E-07,1.47E-05,9.83E-07,5.72E-07,1.07E-05,9.74E-07,3.79E-07,5.97E-07,1.31E-06,1.92E-05,1.23E-06,1.09E-06,1.61E-06,4.29E-06,1.85E-05,1.09E-06,1.17E-06,5.52E-06,5.24E-07,2.03E-05,8.79E-07,1.55E-06,9.80E-06,1.33E-06,1.63E-05,6.14E-07,1.38E-06,1.36E-05,9.85E-07
3901.328122,1.08E-05,1.10E-06,1.66E-05,3.91E-06,1.68E-06,8.14E-06,1.27E-06,2.35E-06,1.39E-06,1.42E-06,7.94E-06,8.87E-07,1.47E-05,1.38E-06,7.59E-07,1.08E-05,1.25E-06,5.09E-07,8.17E-07,1.18E-06,1.92E-05,1.39E-06,1.39E-06,1.92E-06,4.39E-06,1.83E-05,1.39E-06,1.46E-06,5.59E-06,7.37E-07,2.03E-05,1.18E-06,1.97E-06,9.28E-06,1.58E-06,1.61E-05,8.15E-07,1.72E-06,1.35E-05,1.15E-06
3903.256608,1.07E-05,1.13E-06,1.63E-05,4.02E-06,1.86E-06,8.04E-06,1.25E-06,2.47E-06,1.46E-06,1.58E-06,7.99E-06,9.64E-07,1.45E-05,1.53E-06,8.78E-07,1.06E-05,1.18E-06,6.00E-07,7.61E-07,1.41E-06,1.89E-05,1.42E-06,1.39E-06,1.94E-06,4.22E-06,1.79E-05,1.30E-06,1.54E-06,5.44E-06,7.18E-07,1.99E-05,1.35E-06,2.00E-06,9.14E-06,1.62E-06,1.59E-05,8.97E-07,1.90E-06,1.32E-05,1.20E-06
3905.185094,1.02E-05,5.93E-07,1.53E-05,3.74E-06,1.27E-06,6.93E-06,6.96E-07,1.84E-06,9.46E-07,2.15E-06,7.32E-06,6.89E-07,1.36E-05,1.08E-06,6.69E-07,9.79E-06,5.88E-07,4.84E-07,5.06E-07,2.03E-06,1.79E-05,9.41E-07,8.72E-07,1.46E-06,3.84E-06,1.70E-05,8.13E-07,1.05E-06,4.83E-06,5.50E-07,1.89E-05,9.87E-07,1.36E-06,9.82E-06,1.38E-06,1.51E-05,7.76E-07,1.37E-06,1.25E-05,6.89E-07
3907.113581,9.40E-06,0,1.41E-05,3.20E-06,3.66E-07,5.55E-06,1.62E-07,1.01E-06,3.73E-07,2.78E-06,6.30E-06,2.80E-07,1.26E-05,4.15E-07,2.89E-07,8.73E-06,5.51E-08,2.39E-07,3.64E-07,2.54E-06,1.69E-05,3.87E-07,2.43E-07,9.90E-07,3.43E-06,1.61E-05,4.54E-07,4.97E-07,4.12E-06,3.60E-07,1.76E-05,1.77E-07,4.67E-07,1.05E-05,1.13E-06,1.42E-05,5.65E-07,5.47E-07,1.16E-05,2.52E-07
3909.042067,9.10E-06,6.25E-09,1.37E-05,3.10E-06,1.52E-07,5.54E-06,2.49E-07,9.27E-07,3.87E-07,2.92E-06,6.00E-06,2.19E-07,1.23E-05,3.61E-07,2.47E-07,8.49E-06,1.04E-07,2.85E-07,4.68E-07,2.65E-06,1.65E-05,4.30E-07,2.03E-07,9.63E-07,3.27E-06,1.58E-05,5.38E-07,5.40E-07,4.06E-06,3.14E-07,1.71E-05,9.04E-09,3.64E-07,1.05E-05,1.20E-06,1.38E-05,5.65E-07,4.15E-07,1.13E-05,3.23E-07
3910.970554,9.00E-06,9.36E-08,1.36E-05,3.23E-06,2.19E-07,5.69E-06,3.82E-07,1.10E-06,4.75E-07,3.04E-06,6.07E-06,2.52E-07,1.21E-05,4.73E-07,2.06E-07,8.45E-06,2.31E-07,4.61E-07,5.70E-07,2.70E-06,1.61E-05,6.61E-07,2.93E-07,9.91E-07,3.35E-06,1.56E-05,5.63E-07,6.89E-07,4.19E-06,3.61E-07,1.68E-05,1.23E-07,5.05E-07,1.05E-05,1.38E-06,1.36E-05,7.52E-07,4.76E-07,1.11E-05,3.55E-07
3912.89904,9.01E-06,1.80E-07,1.35E-05,3.30E-06,4.76E-07,5.70E-06,4.57E-07,1.27E-06,6.14E-07,3.01E-06,6.19E-06,4.15E-07,1.20E-05,5.69E-07,2.82E-07,8.53E-06,4.39E-07,6.59E-07,6.51E-07,2.66E-06,1.57E-05,8.49E-07,4.43E-07,1.15E-06,3.42E-06,1.53E-05,7.12E-07,8.69E-07,4.29E-06,4.84E-07,1.68E-05,2.42E-07,7.26E-07,1.04E-05,1.48E-06,1.34E-05,9.65E-07,7.16E-07,1.09E-05,5.32E-07
3914.827527,8.97E-06,2.20E-07,1.33E-05,3.32E-06,8.24E-07,5.88E-06,6.62E-07,1.47E-06,8.24E-07,2.67E-06,6.42E-06,6.07E-07,1.20E-05,7.39E-07,5.76E-07,8.65E-06,7.35E-07,7.84E-07,7.60E-07,2.44E-06,1.55E-05,1.03E-06,7.33E-07,1.53E-06,3.45E-06,1.50E-05,1.01E-06,1.15E-06,4.48E-06,6.36E-07,1.65E-05,5.30E-07,1.10E-06,9.73E-06,1.56E-06,1.32E-05,1.09E-06,1.00E-06,1.08E-05,8.11E-07
3916.756013,8.75E-06,2.68E-07,1.31E-05,3.30E-06,1.01E-06,6.09E-06,8.73E-07,1.74E-06,1.00E-06,2.40E-06,6.59E-06,6.97E-07,1.18E-05,9.29E-07,8.38E-07,8.69E-06,9.86E-07,6.96E-07,7.85E-07,2.22E-06,1.53E-05,1.13E-06,8.79E-07,1.72E-06,3.41E-06,1.48E-05,1.14E-06,1.31E-06,4.62E-06,7.16E-07,1.62E-05,8.16E-07,1.21E-06,8.86E-06,1.60E-06,1.29E-05,1.17E-06,1.16E-06,1.07E-05,1.08E-06
3918.6845,8.58E-06,3.36E-07,1.28E-05,3.25E-06,9.70E-07,6.14E-06,8.48E-07,1.71E-06,1.01E-06,2.51E-06,6.28E-06,7.15E-07,1.14E-05,1.05E-06,7.64E-07,8.35E-06,9.99E-07,6.61E-07,7.04E-07,2.33E-06,1.50E-05,1.08E-06,7.59E-07,1.55E-06,3.32E-06,1.44E-05,1.09E-06,1.24E-06,4.44E-06,7.33E-07,1.58E-05,8.37E-07,1.06E-06,8.86E-06,1.49E-06,1.25E-05,1.13E-06,1.06E-06,1.05E-05,1.01E-06
3920.612986,8.30E-06,3.09E-07,1.24E-05,3.08E-06,8.64E-07,5.80E-06,7.29E-07,1.43E-06,9.61E-07,2.76E-06,5.90E-06,7.47E-07,1.09E-05,9.53E-07,6.79E-07,7.71E-06,7.54E-07,7.09E-07,6.89E-07,2.40E-06,1.45E-05,1.06E-06,5.96E-07,1.44E-06,3.22E-06,1.38E-05,9.68E-07,1.15E-06,4.38E-06,7.32E-07,1.53E-05,6.80E-07,8.94E-07,9.07E-06,1.36E-06,1.21E-05,1.07E-06,8.68E-07,1.01E-05,8.02E-07
3922.541473,7.99E-06,3.82E-07,1.21E-05,3.06E-06,9.63E-07,5.63E-06,7.94E-07,1.42E-06,1.10E-06,2.78E-06,5.85E-06,8.38E-07,1.06E-05,8.87E-07,8.76E-07,7.70E-06,8.36E-07,7.86E-07,7.59E-07,2.37E-06,1.40E-05,1.18E-06,6.89E-07,1.42E-06,3.20E-06,1.35E-05,1.01E-06,1.14E-06,4.40E-06,7.85E-07,1.50E-05,7.23E-07,1.02E-06,8.81E-06,1.40E-06,1.18E-05,1.13E-06,9.89E-07,9.92E-06,9.44E-07
3924.469959,7.66E-06,3.63E-07,1.18E-05,2.98E-06,9.72E-07,5.34E-06,8.05E-07,1.38E-06,1.04E-06,2.68E-06,5.79E-06,7.95E-07,1.02E-05,9.05E-07,7.74E-07,7.79E-06,1.01E-06,7.45E-07,7.12E-07,2.34E-06,1.37E-05,1.23E-06,7.09E-07,1.33E-06,3.19E-06,1.32E-05,1.01E-06,1.09E-06,4.09E-06,6.45E-07,1.45E-05,7.91E-07,1.06E-06,8.59E-06,1.43E-06,1.15E-05,1.15E-06,1.00E-06,9.59E-06,9.90E-07
3926.398446,7.50E-06,3.22E-07,1.14E-05,2.77E-06,8.59E-07,5.11E-06,7.41E-07,1.23E-06,9.01E-07,2.75E-06,5.69E-06,8.15E-07,9.90E-06,8.79E-07,6.74E-07,7.53E-06,1.01E-06,6.67E-07,6.56E-07,2.31E-06,1.33E-05,1.30E-06,6.45E-07,1.30E-06,3.15E-06,1.28E-05,1.07E-06,1.12E-06,4.01E-06,5.03E-07,1.40E-05,8.71E-07,9.14E-07,8.49E-06,1.40E-06,1.12E-05,1.05E-06,9.68E-07,9.19E-06,1.04E-06
3928.326932,7.69E-06,4.83E-07,1.13E-05,2.74E-06,9.02E-07,5.14E-06,8.72E-07,1.24E-06,9.69E-07,2.80E-06,5.66E-06,9.09E-07,9.79E-06,9.50E-07,7.85E-07,7.32E-06,1.10E-06,7.64E-07,7.10E-07,2.30E-06,1.30E-05,1.36E-06,7.75E-07,1.26E-06,3.20E-06,1.25E-05,1.15E-06,1.32E-06,4.14E-06,6.77E-07,1.37E-05,9.40E-07,9.24E-07,8.31E-06,1.39E-06,1.10E-05,1.04E-06,1.03E-06,9.08E-06,1.24E-06
3930.255419,7.84E-06,7.90E-07,1.13E-05,2.94E-06,1.30E-06,5.53E-06,1.21E-06,1.52E-06,1.26E-06,2.69E-06,5.91E-06,1.15E-06,9.88E-06,1.27E-06,1.05E-06,7.48E-06,1.38E-06,9.77E-07,8.29E-07,2.19E-06,1.28E-05,1.55E-06,1.06E-06,1.46E-06,3.39E-06,1.24E-05,1.28E-06,1.65E-06,4.39E-06,9.77E-07,1.36E-05,1.18E-06,1.25E-06,7.85E-06,1.55E-06,1.09E-05,1.25E-06,1.35E-06,9.04E-06,1.55E-06
3932.183905,7.54E-06,8.89E-07,1.11E-05,2.99E-06,1.40E-06,5.68E-06,1.27E-06,1.51E-06,1.37E-06,2.70E-06,5.81E-06,1.32E-06,9.68E-06,1.35E-06,1.15E-06,7.45E-06,1.50E-06,1.11E-06,9.20E-07,2.20E-06,1.24E-05,1.63E-06,1.12E-06,1.61E-06,3.39E-06,1.21E-05,1.35E-06,1.66E-06,4.49E-06,9.98E-07,1.34E-05,1.34E-06,1.49E-06,7.53E-06,1.68E-06,1.07E-05,1.32E-06,1.42E-06,8.83E-06,1.60E-06
3934.112391,6.91E-06,7.59E-07,1.06E-05,2.69E-06,1.02E-06,4.95E-06,1.05E-06,1.20E-06,1.08E-06,2.75E-06,5.19E-06,1.16E-06,9.09E-06,1.06E-06,8.83E-07,6.91E-06,1.21E-06,1.02E-06,8.77E-07,2.24E-06,1.18E-05,1.43E-06,8.64E-07,1.43E-06,3.13E-06,1.15E-05,1.06E-06,1.36E-06,4.17E-06,7.29E-07,1.26E-05,1.05E-06,1.18E-06,7.52E-06,1.49E-06,1.02E-05,1.10E-06,9.55E-07,8.35E-06,1.25E-06
3936.040878,6.69E-06,7.80E-07,1.02E-05,2.49E-06,9.22E-07,4.71E-06,9.60E-07,1.12E-06,9.64E-07,2.68E-06,4.88E-06,1.06E-06,8.73E-06,9.53E-07,8.98E-07,6.71E-06,1.05E-06,1.07E-06,7.77E-07,2.31E-06,1.12E-05,1.35E-06,7.70E-07,1.35E-06,2.97E-06,1.10E-05,1.02E-06,1.31E-06,3.94E-06,6.99E-07,1.20E-05,9.56E-07,9.45E-07,7.62E-06,1.30E-06,9.78E-06,9.92E-07,8.11E-07,8.03E-06,1.17E-06
3937.969364,6.64E-06,8.29E-07,9.89E-06,2.31E-06,8.66E-07,4.71E-06,9.53E-07,1.09E-06,1.06E-06,2.55E-06,4.86E-06,1.05E-06,8.53E-06,9.21E-07,1.01E-06,6.61E-06,1.01E-06,1.14E-06,8.09E-07,2.23E-06,1.08E-05,1.30E-06,8.40E-07,1.34E-06,2.84E-06,1.08E-05,1.14E-06,1.38E-06,3.88E-06,7.25E-07,1.17E-05,1.05E-06,1.03E-06,7.45E-06,1.27E-06,9.59E-06,1.04E-06,9.18E-07,7.88E-06,1.28E-06
3939.897851,6.54E-06,9.94E-07,9.72E-06,2.24E-06,9.84E-07,4.61E-06,1.14E-06,1.19E-06,1.24E-06,2.46E-06,4.88E-06,1.18E-06,8.44E-06,9.52E-07,1.10E-06,6.56E-06,1.13E-06,1.13E-06,1.01E-06,2.07E-06,1.06E-05,1.32E-06,9.78E-07,1.47E-06,2.82E-06,1.05E-05,1.23E-06,1.51E-06,3.96E-06,8.10E-07,1.16E-05,1.18E-06,1.25E-06,7.10E-06,1.30E-06,9.57E-06,1.20E-06,1.05E-06,7.82E-06,1.40E-06
3941.826337,6.55E-06,1.19E-06,9.67E-06,2.29E-06,1.22E-06,4.78E-06,1.31E-06,1.37E-06,1.41E-06,2.34E-06,4.89E-06,1.29E-06,8.34E-06,1.10E-06,1.21E-06,6.55E-06,1.37E-06,1.16E-06,1.08E-06,2.00E-06,1.03E-05,1.41E-06,1.06E-06,1.53E-06,2.84E-06,1.04E-05,1.32E-06,1.64E-06,4.06E-06,9.76E-07,1.13E-05,1.29E-06,1.41E-06,6.81E-06,1.34E-06,9.36E-06,1.33E-06,1.11E-06,7.68E-06,1.50E-06
3943.754824,6.25E-06,1.10E-06,9.28E-06,2.11E-06,1.05E-06,4.61E-06,1.21E-06,1.35E-06,1.30E-06,2.31E-06,4.63E-06,1.19E-06,7.94E-06,1.05E-06,1.12E-06,6.12E-06,1.30E-06,1.10E-06,9.73E-07,1.92E-06,9.93E-06,1.21E-06,9.00E-07,1.38E-06,2.66E-06,1.00E-05,1.15E-06,1.48E-06,3.86E-06,8.47E-07,1.08E-05,1.10E-06,1.28E-06,6.55E-06,1.20E-06,8.84E-06,1.25E-06,8.99E-07,7.26E-06,1.36E-06
3945.68331,6.02E-06,1.08E-06,8.91E-06,2.11E-06,9.29E-07,4.50E-06,1.25E-06,1.30E-06,1.21E-06,2.31E-06,4.50E-06,1.23E-06,7.72E-06,1.05E-06,1.08E-06,5.87E-06,1.37E-06,1.16E-06,1.04E-06,2.01E-06,9.74E-06,1.14E-06,9.13E-07,1.36E-06,2.60E-06,9.65E-06,1.16E-06,1.45E-06,3.74E-06,8.30E-07,1.04E-05,1.00E-06,1.31E-06,6.41E-06,1.15E-06,8.57E-06,1.24E-06,9.30E-07,7.05E-06,1.37E-06
3947.611797,5.93E-06,1.22E-06,8.76E-06,2.26E-06,1.08E-06,4.62E-06,1.34E-06,1.51E-06,1.31E-06,2.14E-06,4.62E-06,1.36E-06,7.69E-06,1.20E-06,1.14E-06,5.83E-06,1.60E-06,1.27E-06,1.22E-06,1.97E-06,9.72E-06,1.32E-06,1.11E-06,1.50E-06,2.66E-06,9.43E-06,1.35E-06,1.62E-06,3.74E-06,9.36E-07,1.02E-05,1.20E-06,1.55E-06,6.04E-06,1.35E-06,8.43E-06,1.32E-06,1.20E-06,7.01E-06,1.55E-06
3949.540283,5.55E-06,1.26E-06,8.42E-06,2.15E-06,1.03E-06,4.37E-06,1.28E-06,1.50E-06,1.32E-06,2.10E-06,4.42E-06,1.29E-06,7.37E-06,1.09E-06,1.08E-06,5.49E-06,1.43E-06,1.22E-06,1.23E-06,1.90E-06,9.31E-06,1.24E-06,1.09E-06,1.50E-06,2.57E-06,9.06E-06,1.41E-06,1.52E-06,3.44E-06,9.06E-07,9.95E-06,1.21E-06,1.52E-06,5.89E-06,1.39E-06,8.09E-06,1.25E-06,1.13E-06,6.77E-06,1.50E-06
3951.46877,5.48E-06,1.24E-06,8.09E-06,2.03E-06,8.67E-07,3.98E-06,1.30E-06,1.42E-06,1.28E-06,2.15E-06,4.21E-06,1.17E-06,6.99E-06,1.05E-06,1.03E-06,5.25E-06,1.13E-06,1.21E-06,1.22E-06,2.00E-06,8.85E-06,1.17E-06,1.06E-06,1.47E-06,2.44E-06,8.77E-06,1.45E-06,1.48E-06,3.21E-06,9.37E-07,9.62E-06,1.08E-06,1.45E-06,5.96E-06,1.38E-06,7.75E-06,1.30E-06,1.01E-06,6.49E-06,1.47E-06
3953.397256,5.75E-06,1.24E-06,7.84E-06,2.03E-06,9.34E-07,4.02E-06,1.41E-06,1.56E-06,1.36E-06,2.25E-06,4.25E-06,1.21E-06,6.84E-06,1.24E-06,1.13E-06,5.25E-06,1.06E-06,1.27E-06,1.24E-06,2.10E-06,8.72E-06,1.18E-06,1.12E-06,1.62E-06,2.38E-06,8.52E-06,1.54E-06,1.70E-06,3.24E-06,1.05E-06,9.36E-06,1.09E-06,1.52E-06,5.99E-06,1.44E-06,7.58E-06,1.53E-06,1.07E-06,6.26E-06,1.53E-06
3955.325743,5.68E-06,1.17E-06,7.51E-06,1.97E-06,9.12E-07,4.08E-06,1.36E-06,1.51E-06,1.36E-06,2.12E-06,4.03E-06,1.22E-06,6.63E-06,1.25E-06,1.05E-06,5.10E-06,1.13E-06,1.19E-06,1.09E-06,2.05E-06,8.44E-06,9.85E-07,1.05E-06,1.59E-06,2.19E-06,8.16E-06,1.53E-06,1.75E-06,3.09E-06,1.05E-06,9.00E-06,9.70E-07,1.47E-06,5.84E-06,1.36E-06,7.30E-06,1.50E-06,9.68E-07,5.97E-06,1.33E-06
3957.254229,5.27E-06,1.02E-06,7.11E-06,1.76E-06,7.01E-07,3.82E-06,1.18E-06,1.43E-06,1.23E-06,1.88E-06,3.60E-06,1.11E-06,6.22E-06,1.01E-06,8.08E-07,4.66E-06,1.08E-06,1.05E-06,9.94E-07,1.85E-06,7.85E-06,7.68E-07,9.21E-07,1.40E-06,1.96E-06,7.70E-06,1.31E-06,1.55E-06,2.84E-06,9.32E-07,8.54E-06,7.71E-07,1.28E-06,5.30E-06,1.30E-06,6.79E-06,1.33E-06,8.63E-07,5.65E-06,1.05E-06
3959.182716,5.01E-06,9.54E-07,6.77E-06,1.66E-06,5.75E-07,3.67E-06,1.15E-06,1.43E-06,1.18E-06,1.83E-06,3.52E-06,9.69E-07,5.94E-06,8.80E-07,7.50E-07,4.31E-06,9.36E-07,1.10E-06,1.03E-06,1.87E-06,7.39E-06,6.73E-07,9.07E-07,1.38E-06,1.86E-06,7.34E-06,1.32E-06,1.46E-06,2.77E-06,9.10E-07,8.18E-06,7.09E-07,1.16E-06,4.99E-06,1.34E-06,6.45E-06,1.29E-06,9.15E-07,5.47E-06,1.03E-06
3961.111202,4.94E-06,8.95E-07,6.45E-06,1.76E-06,5.20E-07,3.71E-06,1.25E-06,1.56E-06,1.26E-06,1.70E-06,3.67E-06,8.83E-07,5.74E-06,1.01E-06,8.19E-07,4.19E-06,8.66E-07,1.15E-06,1.15E-06,1.94E-06,7.19E-06,7.34E-07,9.69E-07,1.47E-06,1.80E-06,7.17E-06,1.49E-06,1.53E-06,2.73E-06,9.63E-07,7.96E-06,8.64E-07,1.22E-06,4.86E-06,1.45E-06,6.26E-06,1.35E-06,1.03E-06,5.27E-06,1.17E-06
3963.039688,4.69E-06,7.20E-07,6.00E-06,1.74E-06,4.92E-07,3.54E-06,1.18E-06,1.56E-06,1.23E-06,1.63E-06,3.40E-06,8.44E-07,5.41E-06,1.00E-06,7.26E-07,3.93E-06,7.86E-07,1.06E-06,1.20E-06,1.99E-06,6.87E-06,6.75E-07,9.09E-07,1.44E-06,1.78E-06,6.82E-06,1.34E-06,1.48E-06,2.53E-06,9.53E-07,7.65E-06,8.51E-07,1.18E-06,4.76E-06,1.47E-06,5.96E-06,1.38E-06,9.29E-07,4.89E-06,1.03E-06
3964.968175,4.56E-06,7.48E-07,5.79E-06,1.84E-06,7.15E-07,3.44E-06,1.10E-06,1.52E-06,1.26E-06,1.67E-06,3.23E-06,9.18E-07,5.18E-06,1.09E-06,7.65E-07,3.81E-06,8.91E-07,1.09E-06,1.23E-06,2.02E-06,6.61E-06,6.31E-07,9.14E-07,1.49E-06,1.83E-06,6.46E-06,1.29E-06,1.52E-06,2.60E-06,1.01E-06,7.30E-06,8.06E-07,1.29E-06,4.63E-06,1.47E-06,5.72E-06,1.44E-06,1.02E-06,4.71E-06,9.64E-07
3966.896661,4.66E-06,8.13E-07,5.73E-06,1.96E-06,9.78E-07,3.52E-06,1.13E-06,1.59E-06,1.37E-06,1.76E-06,3.24E-06,1.05E-06,5.09E-06,1.28E-06,9.19E-07,3.96E-06,1.12E-06,1.20E-06,1.34E-06,1.91E-06,6.46E-06,7.21E-07,1.02E-06,1.63E-06,1.87E-06,6.25E-06,1.46E-06,1.69E-06,2.74E-06,1.07E-06,7.04E-06,9.76E-07,1.53E-06,4.46E-06,1.58E-06,5.60E-06,1.58E-06,1.25E-06,4.68E-06,1.19E-06
3968.825148,4.36E-06,5.81E-07,5.32E-06,1.77E-06,9.15E-07,3.30E-06,1.05E-06,1.48E-06,1.20E-06,1.62E-06,2.81E-06,1.01E-06,4.85E-06,1.16E-06,7.88E-07,3.68E-06,1.06E-06,1.13E-06,1.20E-06,1.75E-06,6.04E-06,6.16E-07,9.34E-07,1.52E-06,1.68E-06,5.91E-06,1.35E-06,1.62E-06,2.42E-06,1.00E-06,6.67E-06,8.38E-07,1.34E-06,4.18E-06,1.49E-06,5.22E-06,1.50E-06,1.11E-06,4.36E-06,1.15E-06
3970.753634,4.02E-06,5.05E-07,5.01E-06,1.76E-06,9.07E-07,3.07E-06,1.08E-06,1.55E-06,1.10E-06,1.50E-06,2.54E-06,9.65E-07,4.67E-06,1.08E-06,7.53E-07,3.39E-06,9.44E-07,1.10E-06,1.16E-06,1.77E-06,5.66E-06,6.47E-07,9.33E-07,1.48E-06,1.48E-06,5.57E-06,1.26E-06,1.49E-06,2.15E-06,1.02E-06,6.27E-06,7.30E-07,1.19E-06,3.91E-06,1.38E-06,4.78E-06,1.37E-06,1.01E-06,4.05E-06,1.09E-06
3972.682121,4.00E-06,5.54E-07,4.92E-06,1.91E-06,1.02E-06,3.00E-06,1.21E-06,1.69E-06,1.20E-06,1.58E-06,2.65E-06,1.02E-06,4.61E-06,1.18E-06,9.00E-07,3.50E-06,9.52E-07,1.21E-06,1.37E-06,1.89E-06,5.53E-06,8.25E-07,1.10E-06,1.55E-06,1.52E-06,5.31E-06,1.40E-06,1.58E-06,2.22E-06,1.11E-06,6.01E-06,8.65E-07,1.31E-06,3.89E-06,1.53E-06,4.62E-06,1.41E-06,1.03E-06,3.91E-06,1.18E-06
3974.610607,3.80E-06,4.43E-07,4.68E-06,1.90E-06,1.01E-06,2.89E-06,1.17E-06,1.62E-06,1.20E-06,1.56E-06,2.65E-06,1.07E-06,4.38E-06,1.20E-06,9.66E-07,3.44E-06,9.44E-07,1.22E-06,1.38E-06,1.89E-06,5.23E-06,8.66E-07,1.12E-06,1.49E-06,1.53E-06,4.94E-06,1.40E-06,1.58E-06,2.31E-06,1.07E-06,5.77E-06,9.00E-07,1.29E-06,3.58E-06,1.59E-06,4.45E-06,1.48E-06,1.07E-06,3.71E-06,1.18E-06
3976.539094,3.43E-06,2.89E-07,4.18E-06,1.71E-06,8.99E-07,2.64E-06,1.03E-06,1.45E-06,1.07E-06,1.56E-06,2.43E-06,1.00E-06,3.94E-06,9.94E-07,8.80E-07,3.09E-06,9.41E-07,1.12E-06,1.21E-06,1.81E-06,4.73E-06,8.07E-07,9.36E-07,1.31E-06,1.42E-06,4.58E-06,1.26E-06,1.43E-06,2.10E-06,9.62E-07,5.24E-06,8.22E-07,1.11E-06,3.34E-06,1.45E-06,4.01E-06,1.35E-06,1.01E-06,3.42E-06,1.05E-06
3978.46758,3.18E-06,2.37E-07,3.77E-06,1.60E-06,8.94E-07,2.51E-06,1.01E-06,1.37E-06,1.11E-06,1.44E-06,2.40E-06,9.64E-07,3.67E-06,8.77E-07,8.31E-07,2.83E-06,1.03E-06,1.03E-06,1.09E-06,1.63E-06,4.47E-06,8.47E-07,8.50E-07,1.13E-06,1.36E-06,4.28E-06,1.17E-06,1.38E-06,1.86E-06,9.18E-07,4.75E-06,7.83E-07,9.98E-07,3.25E-06,1.36E-06,3.69E-06,1.17E-06,1.02E-06,3.15E-06,9.50E-07
3980.396067,2.99E-06,2.47E-07,3.61E-06,1.54E-06,1.00E-06,2.46E-06,1.00E-06,1.32E-06,1.19E-06,1.42E-06,2.34E-06,9.58E-07,3.49E-06,9.23E-07,8.01E-07,2.76E-06,9.93E-07,9.90E-07,1.01E-06,1.51E-06,4.21E-06,9.58E-07,8.77E-07,1.09E-06,1.38E-06,3.87E-06,1.14E-06,1.36E-06,1.74E-06,9.44E-07,4.55E-06,8.34E-07,1.01E-06,3.05E-06,1.25E-06,3.53E-06,1.12E-06,1.05E-06,2.94E-06,9.75E-07
3982.324553,2.66E-06,2.27E-07,3.36E-06,1.40E-06,8.87E-07,2.28E-06,9.01E-07,1.09E-06,1.04E-06,1.40E-06,2.02E-06,8.47E-07,3.10E-06,8.16E-07,6.07E-07,2.52E-06,8.82E-07,8.64E-07,8.98E-07,1.39E-06,3.76E-06,9.28E-07,7.81E-07,1.02E-06,1.22E-06,3.47E-06,1.07E-06,1.32E-06,1.52E-06,8.74E-07,4.22E-06,7.70E-07,9.74E-07,2.78E-06,9.92E-07,3.27E-06,9.89E-07,8.46E-07,2.61E-06,8.70E-07
3984.25304,2.29E-06,2.37E-07,2.98E-06,1.36E-06,7.05E-07,2.19E-06,8.41E-07,9.76E-07,9.06E-07,1.31E-06,1.76E-06,7.84E-07,2.76E-06,7.12E-07,5.37E-07,2.13E-06,9.44E-07,7.95E-07,8.47E-07,1.32E-06,3.40E-06,8.88E-07,6.85E-07,8.91E-07,1.05E-06,3.21E-06,1.02E-06,1.23E-06,1.37E-06,7.83E-07,3.73E-06,6.69E-07,9.65E-07,2.52E-06,8.81E-07,3.04E-06,8.54E-07,7.01E-07,2.26E-06,8.44E-07
3986.181526,2.11E-06,1.60E-07,2.63E-06,1.25E-06,7.20E-07,1.95E-06,7.65E-07,8.59E-07,7.93E-07,1.24E-06,1.53E-06,7.06E-07,2.50E-06,6.30E-07,5.29E-07,1.95E-06,9.21E-07,7.42E-07,8.28E-07,1.23E-06,3.06E-06,7.81E-07,6.40E-07,8.05E-07,1.01E-06,2.94E-06,8.72E-07,1.07E-06,1.26E-06,6.96E-07,3.24E-06,6.13E-07,8.80E-07,2.28E-06,8.99E-07,2.72E-06,8.00E-07,6.08E-07,2.03E-06,8.52E-07
3988.110013,1.91E-06,4.25E-08,2.38E-06,1.15E-06,7.66E-07,1.62E-06,6.76E-07,7.71E-07,7.38E-07,1.07E-06,1.32E-06,6.62E-07,2.27E-06,6.44E-07,5.32E-07,1.86E-06,7.92E-07,6.87E-07,7.63E-07,1.05E-06,2.66E-06,6.77E-07,6.01E-07,8.29E-07,9.81E-07,2.52E-06,7.61E-07,9.53E-07,1.18E-06,6.02E-07,2.88E-06,6.11E-07,7.81E-07,1.93E-06,9.28E-07,2.39E-06,7.52E-07,6.09E-07,1.83E-06,8.14E-07
3990.038499,1.67E-06,8.52E-09,2.14E-06,1.08E-06,7.51E-07,1.28E-06,6.27E-07,6.82E-07,6.83E-07,9.61E-07,1.15E-06,6.15E-07,2.01E-06,6.35E-07,5.58E-07,1.64E-06,6.46E-07,6.50E-07,6.65E-07,9.04E-07,2.09E-06,6.79E-07,5.12E-07,7.34E-07,9.32E-07,2.07E-06,6.50E-07,8.46E-07,1.13E-06,5.36E-07,2.58E-06,5.43E-07,7.78E-07,1.65E-06,8.61E-07,2.18E-06,6.97E-07,5.51E-07,1.60E-06,8.08E-07
3991.966985,1.38E-06,1.72E-08,1.76E-06,9.20E-07,7.19E-07,8.47E-07,5.78E-07,4.84E-07,5.47E-07,8.13E-07,9.75E-07,4.51E-07,1.61E-06,4.67E-07,5.55E-07,1.33E-06,5.20E-07,4.89E-07,5.75E-07,7.40E-07,1.67E-06,6.63E-07,4.22E-07,5.23E-07,7.48E-07,1.67E-06,3.97E-07,7.28E-07,1.01E-06,4.19E-07,2.14E-06,4.27E-07,6.99E-07,1.34E-06,7.80E-07,1.88E-06,5.74E-07,3.75E-07,1.34E-06,6.48E-07
3993.895472,1.14E-06,5.46E-08,1.38E-06,7.61E-07,6.02E-07,7.73E-07,5.06E-07,3.74E-07,4.69E-07,7.48E-07,7.38E-07,3.73E-07,1.33E-06,3.54E-07,5.02E-07,1.09E-06,4.64E-07,4.50E-07,5.41E-07,6.83E-07,1.47E-06,5.93E-07,4.10E-07,5.05E-07,5.86E-07,1.31E-06,3.64E-07,5.84E-07,8.54E-07,3.27E-07,1.68E-06,4.41E-07,5.83E-07,1.15E-06,7.10E-07,1.49E-06,4.53E-07,2.65E-07,1.11E-06,5.72E-07
3995.823958,9.25E-07,9.94E-08,1.13E-06,5.81E-07,4.99E-07,8.79E-07,3.87E-07,3.27E-07,4.23E-07,6.35E-07,6.83E-07,3.30E-07,1.08E-06,3.58E-07,3.30E-07,9.64E-07,3.47E-07,4.90E-07,5.18E-07,5.21E-07,1.12E-06,4.53E-07,3.23E-07,4.29E-07,4.67E-07,1.07E-06,3.41E-07,3.96E-07,7.26E-07,2.79E-07,1.34E-06,4.02E-07,4.80E-07,1.02E-06,5.06E-07,1.12E-06,4.10E-07,1.32E-07,8.13E-07,4.67E-07
3997.752445,5.67E-07,1.13E-07,9.26E-07,4.10E-07,4.21E-07,6.64E-07,2.11E-07,3.04E-07,3.66E-07,4.65E-07,5.73E-07,1.81E-07,7.08E-07,3.24E-07,2.18E-07,7.20E-07,2.19E-07,3.76E-07,3.99E-07,2.90E-07,7.49E-07,3.05E-07,1.67E-07,2.63E-07,2.95E-07,7.61E-07,1.67E-07,2.37E-07,5.37E-07,2.24E-07,9.72E-07,2.26E-07,3.21E-07,7.29E-07,3.14E-07,7.99E-07,3.49E-07,9.91E-08,5.54E-07,2.63E-07
3999.680931,2.77E-07,8.59E-08,5.61E-07,2.13E-07,2.13E-07,3.02E-07,8.54E-08,1.36E-07,1.93E-07,2.83E-07,2.75E-07,6.38E-08,3.82E-07,1.67E-07,1.31E-07,3.82E-07,1.21E-07,1.71E-07,1.74E-07,1.88E-07,4.33E-07,1.47E-07,8.08E-08,1.63E-07,1.42E-07,3.52E-07,9.85E-08,1.33E-07,2.78E-07,1.48E-07,4.77E-07,8.99E-08,1.09E-07,3.97E-07,1.78E-07,4.27E-07,1.98E-07,1.50E-07,3.56E-07,1.60E-07
4001.609418,-2.78E-07,-2.12E-07,-2.11E-07,-3.77E-07,-2.64E-07,-4.35E-07,-7.92E-08,-3.63E-07,-1.82E-07,-1.41E-07,-3.38E-07,-1.38E-07,-3.17E-07,-2.19E-07,-1.92E-07,-3.12E-07,-2.58E-07,-1.34E-07,-1.78E-07,-1.46E-07,-2.59E-07,-2.26E-07,-2.49E-07,-2.61E-07,-2.52E-07,-1.30E-07,-1.47E-07,-7.29E-08,-3.65E-07,-2.77E-07,-1.91E-07,-6.90E-08,-1.78E-07,-2.31E-07,-3.60E-07,-1.90E-07,-1.36E-07,-3.16E-07,-2.22E-07,-3.37E-07
