qseqid,sseqid,pident,length,mismatch,gapopen,qstart,qend,sstart,send,evalue,bitscore
ASV1676,GCA_050012015.bact.0,98.168,273,5,0,1,273,489,761,2.39e-136,477
ASV1955,GCA_050012015.bact.0,97.436,273,7,0,1,273,489,761,5.17e-133,466
ASV505,GCA_050012015.bact.0,98.901,273,3,0,1,273,489,761,1.10e-139,488
ASV972,GCA_050012015.bact.0,97.802,273,6,0,1,273,489,761,1.11e-134,472
ASV1904,GCA_050012015.bact.0,98.901,273,3,0,1,273,489,761,1.10e-139,488
ASV1035,GCA_049522315.bact.0,98.535,273,4,0,1,273,254,526,5.13e-138,483
ASV463,GCA_049522315.bact.0,97.802,273,6,0,1,273,254,526,1.11e-134,472
ASV980,GCA_049522315.bact.0,97.802,273,6,0,1,273,254,526,1.11e-134,472
ASV559,GCA_049522315.bact.0,98.535,273,4,0,1,273,254,526,5.13e-138,483
ASV546,GCA_050012015.bact.0,98.901,273,3,0,1,273,489,761,1.10e-139,488
ASV1970,GCA_050012015.bact.0,98.535,273,4,0,1,273,489,761,5.13e-138,483
ASV1302,GCA_050012015.bact.0,97.436,273,7,0,1,273,489,761,5.17e-133,466
ASV884,GCA_050012015.bact.0,97.802,273,6,0,1,273,489,761,1.11e-134,472
ASV1476,GCA_050012015.bact.0,97.436,273,7,0,1,273,489,761,5.17e-133,466
ASV2848,GCA_050012015.bact.0,97.802,273,6,0,1,273,489,761,1.11e-134,472
ASV2111,GCA_050012015.bact.0,98.168,273,5,0,1,273,489,761,2.39e-136,477
ASV627,GCA_050012015.bact.0,98.901,273,3,0,1,273,489,761,1.10e-139,488
ASV753,GCA_050012015.bact.0,95.971,273,11,0,1,273,489,761,2.42e-126,444
ASV263,GCA_050012015.bact.0,98.168,273,5,0,1,273,489,761,2.39e-136,477
ASV2946,GCA_049522315.bact.0,96.337,273,10,0,1,273,254,526,5.21e-128,449
ASV1386,GCA_050012015.bact.0,97.802,273,6,0,1,273,489,761,1.11e-134,472
ASV3556,GCA_050012015.bact.0,97.802,273,6,0,1,273,489,761,1.11e-134,472
ASV558,GCA_050012015.bact.0,97.070,273,8,0,1,273,489,761,2.41e-131,460
ASV345,GCA_050012015.bact.0,96.337,273,10,0,1,273,489,761,5.35e-128,449
ASV2641,GCA_049522315.bact.0,95.971,273,11,0,1,273,254,526,2.42e-126,444
ASV2270,GCA_049522315.bact.0,95.971,273,11,0,1,273,254,526,2.49e-126,444
ASV2931,GCA_049522315.bact.0,95.971,273,11,0,1,273,254,526,2.42e-126,444
ASV1141,GCA_049522315.bact.0,95.238,273,13,0,1,273,254,526,5.24e-123,433
ASV1208,GCA_050012015.bact.0,98.901,273,3,0,1,273,489,761,1.10e-139,488
ASV873,GCA_050012015.bact.0,97.802,273,6,0,1,273,489,761,1.11e-134,472
ASV1505,GCA_050012015.bact.0,98.168,273,5,0,1,273,489,761,2.39e-136,477
ASV1092,GCA_049522315.bact.0,97.436,273,7,0,1,273,254,526,5.17e-133,466
ASV621,GCA_050012015.bact.0,95.971,273,11,0,1,273,489,761,2.42e-126,444
ASV318,GCA_050012015.bact.0,95.238,273,13,0,1,273,489,761,5.24e-123,433
ASV918,GCA_050012015.bact.0,94.872,273,14,0,1,273,489,761,2.44e-121,427
ASV1245,GCA_050012015.bact.0,95.971,273,11,0,1,273,489,761,2.42e-126,444
ASV118,GCA_050012015.bact.0,95.238,273,13,0,1,273,489,761,5.24e-123,433
ASV293,GCA_050012015.bact.0,95.238,273,13,0,1,273,489,761,5.24e-123,433
ASV127,GCA_050012015.bact.0,94.872,273,14,0,1,273,489,761,2.44e-121,427
ASV243,GCA_050012015.bact.0,94.872,273,14,0,1,273,489,761,2.44e-121,427
ASV4416,GCA_049522315.bact.0,90.809,272,25,0,2,273,255,526,1.94e-102,364
ASV145,GCA_050012015.bact.0,94.872,273,14,0,1,273,489,761,2.44e-121,427
ASV349,GCA_050012015.bact.0,94.872,273,14,0,1,273,489,761,2.44e-121,427
ASV90,GCA_050012015.bact.0,96.703,273,9,0,1,273,489,761,1.12e-129,455
ASV365,GCA_050012015.bact.0,93.431,274,16,2,1,273,489,761,1.14e-114,405
ASV1368,GCA_050012015.bact.0,92.701,274,18,2,1,273,489,761,2.47e-111,394
ASV3098,GCA_050012015.bact.0,87.591,274,32,2,1,273,489,761,5.66e-88,316
ASV5021,GCA_050012015.bact.0,88.686,274,29,2,1,273,489,761,5.47e-93,333
ASV408,GCA_049514855.bact.1,91.209,273,24,0,1,273,173,445,1.16e-104,372
ASV725,GCA_049514855.bact.1,91.575,273,23,0,1,273,173,445,2.56e-106,377
ASV4388,GCA_049514855.bact.1,94.139,273,16,0,1,273,173,445,5.28e-118,416
ASV5415,GCA_049514855.bact.1,89.179,268,29,0,6,273,178,445,1.56e-93,335
ASV5644,GCA_049514855.bact.1,88.060,268,32,0,4,271,178,445,1.52e-88,318
ASV4981,GCA_049519735.bact.0,87.179,273,35,0,1,273,546,818,2.56e-86,311
ASV5123,GCA_049514855.bact.1,87.912,273,33,0,1,273,173,445,1.18e-89,322
ASV1888,GCA_049514855.bact.1,91.575,273,23,0,1,273,173,445,2.49e-106,377
ASV3811,GCA_049514855.bact.1,91.241,274,22,2,1,273,173,445,1.16e-104,372
ASV4108,GCA_049514855.bact.1,90.511,274,24,2,1,273,173,445,2.51e-101,361
ASV3569,GCA_049514855.bact.1,94.526,274,13,2,1,273,173,445,1.14e-119,422
ASV1139,GCA_049514855.bact.1,94.872,273,14,0,1,273,173,445,2.44e-121,427
ASV3874,GCA_049514855.bact.1,92.336,274,19,2,1,273,173,445,1.18e-109,388
ASV5523,GCA_049514855.bact.1,89.179,268,29,0,6,273,178,445,1.52e-93,335
ASV4806,GCA_049514855.bact.1,93.773,273,17,0,1,273,173,445,2.53e-116,411
ASV5202,GCA_050010435.arch.0,91.941,273,22,0,1,273,538,810,5.51e-108,383
ASV3249,GCA_049514855.bact.1,91.241,274,22,2,1,273,173,445,1.16e-104,372
ASV3387,GCA_049514855.bact.1,90.876,274,23,2,1,273,173,445,5.54e-103,366
ASV5776,GCA_049514855.bact.1,91.120,259,21,2,16,273,188,445,5.43e-98,350
ASV1720,GCA_049514855.bact.1,95.255,274,11,2,1,273,173,445,5.24e-123,433
ASV5513,GCA_049514855.bact.1,89.259,270,25,4,4,271,178,445,1.55e-93,335
ASV5267,GCA_049514855.bact.1,87.273,275,31,4,1,273,173,445,2.63e-86,311
ASV5488,GCA_049514855.bact.1,86.131,274,36,2,1,273,173,445,2.65e-81,294
ASV143,GCA_049514855.bact.1,98.168,273,5,0,1,273,173,445,2.39e-136,477
ASV4246,GCA_049514855.bact.1,96.703,273,9,0,1,273,173,445,1.15e-129,455
ASV1381,GCA_049514855.bact.1,98.168,273,5,0,1,273,173,445,2.39e-136,477
ASV788,GCA_049514855.bact.1,98.901,273,3,0,1,273,173,445,1.10e-139,488
ASV449,GCA_049514855.bact.1,98.901,273,3,0,1,273,173,445,1.10e-139,488
ASV2663,GCA_049514855.bact.1,95.238,273,13,0,1,273,173,445,5.24e-123,433
ASV1249,GCA_049514855.bact.1,98.168,273,5,0,1,273,173,445,2.39e-136,477
ASV726,GCA_049514855.bact.1,98.168,273,5,0,1,273,173,445,2.39e-136,477
ASV281,GCA_049514855.bact.1,99.267,273,2,0,1,273,173,445,2.37e-141,494
ASV1763,GCA_049514855.bact.1,97.070,273,8,0,1,273,173,445,2.41e-131,460
ASV1525,GCA_049514855.bact.1,95.971,273,11,0,1,273,173,445,2.42e-126,444
ASV2020,GCA_049514855.bact.1,95.604,273,12,0,1,273,173,445,1.13e-124,438
ASV2557,GCA_049514855.bact.1,95.238,273,13,0,1,273,173,445,5.24e-123,433
ASV1850,GCA_049514855.bact.1,95.238,273,13,0,1,273,173,445,5.24e-123,433
ASV1975,GCA_049514855.bact.1,95.604,273,12,0,1,273,173,445,1.13e-124,438
ASV2190,GCA_049514855.bact.1,96.703,273,9,0,1,273,173,445,1.12e-129,455
ASV733,GCA_049514855.bact.1,96.703,273,9,0,1,273,173,445,1.15e-129,455
ASV1051,GCA_049514855.bact.1,97.436,273,7,0,1,273,173,445,5.17e-133,466
ASV1301,GCA_049514855.bact.1,97.802,273,6,0,1,273,173,445,1.11e-134,472
ASV2983,GCA_049514855.bact.1,97.436,273,7,0,1,273,173,445,5.17e-133,466
ASV346,GCA_049514855.bact.1,99.634,273,1,0,1,273,173,445,5.10e-143,499
ASV670,GCA_049514855.bact.1,100.000,273,0,0,1,273,173,445,1.10e-144,505
ASV1213,GCA_049514855.bact.1,98.881,268,3,0,6,273,178,445,6.64e-137,479
ASV4014,GCA_049514855.bact.1,96.715,274,7,2,1,273,173,445,1.15e-129,455
ASV2893,GCA_049514855.bact.1,98.507,268,4,0,6,273,178,445,3.09e-135,473
ASV236,GCA_049514855.bact.1,99.634,273,1,0,1,273,173,445,5.10e-143,499
ASV5362,GCA_049514855.bact.1,88.321,274,30,2,1,273,173,445,2.55e-91,327
ASV5454,GCA_049514855.bact.1,87.226,274,33,2,1,273,173,445,2.56e-86,311
ASV4113,GCA_049514855.bact.1,90.476,273,26,0,1,273,173,445,2.51e-101,361
ASV4263,GCA_049514855.bact.1,90.842,273,25,0,1,273,173,445,5.54e-103,366
ASV4567,GCA_049508735.arch.0,88.764,267,22,8,11,273,491,753,4.38e-89,320
ASV4180,GCA_049514855.bact.1,88.060,268,32,0,6,273,178,445,1.53e-88,318
ASV331,GCA_049514855.bact.1,93.407,273,18,0,1,273,173,445,1.14e-114,405
ASV1435,GCA_049514855.bact.1,93.407,273,18,0,1,273,173,445,1.14e-114,405
ASV1529,GCA_049514855.bact.1,93.773,273,17,0,1,273,173,445,2.46e-116,411
ASV1050,GCA_049514855.bact.1,94.872,273,14,0,1,273,173,445,2.44e-121,427
ASV1999,GCA_049514855.bact.1,94.505,273,15,0,1,273,173,445,1.17e-119,422
ASV1591,GCA_049514855.bact.1,93.773,273,17,0,1,273,173,445,2.46e-116,411
ASV1021,GCA_049514855.bact.1,92.674,273,20,0,1,273,173,445,2.47e-111,394
ASV2255,GCA_049514855.bact.1,91.941,273,22,0,1,273,173,445,5.36e-108,383
ASV2705,GCA_049514855.bact.1,93.040,273,19,0,1,273,173,445,5.32e-113,399
ASV1416,GCA_049514855.bact.1,91.941,273,22,0,1,273,173,445,5.36e-108,383
ASV456,GCA_049514855.bact.1,94.872,273,14,0,1,273,173,445,2.44e-121,427
ASV1909,GCA_049514855.bact.1,94.505,273,15,0,1,273,173,445,1.17e-119,422
ASV534,GCA_049514855.bact.1,94.139,273,16,0,1,273,173,445,5.28e-118,416
ASV1670,GCA_049514855.bact.1,94.139,273,16,0,1,273,173,445,5.28e-118,416
ASV863,GCA_049514855.bact.1,94.139,273,16,0,1,273,173,445,5.28e-118,416
ASV2498,GCA_049514855.bact.1,92.674,273,20,0,1,273,173,445,2.47e-111,394
ASV1341,GCA_049514855.bact.1,93.040,273,19,0,1,273,173,445,5.32e-113,399
ASV5243,GCA_049514855.bact.1,90.875,263,24,0,2,264,174,436,4.30e-99,353
ASV2307,GCA_049514855.bact.1,90.476,273,26,0,1,273,173,445,2.51e-101,361
ASV1125,GCA_049514855.bact.1,95.255,274,11,2,1,273,173,445,5.24e-123,433
ASV2116,GCA_049514855.bact.1,94.161,274,14,2,1,273,173,445,5.28e-118,416
ASV2115,GCA_049514855.bact.1,87.636,275,30,4,1,273,173,445,5.51e-88,316
ASV1564,GCA_049514855.bact.1,92.308,273,21,0,1,273,173,445,1.15e-109,388
ASV2690,GCA_049514855.bact.1,91.209,273,24,0,1,273,173,445,1.16e-104,372
ASV2105,GCA_049514855.bact.1,94.872,273,14,0,1,273,173,445,2.44e-121,427
ASV2324,GCA_049514855.bact.1,95.238,273,13,0,1,273,173,445,5.24e-123,433
ASV2833,GCA_049514855.bact.1,94.139,273,16,0,1,273,173,445,5.28e-118,416
ASV2218,GCA_049514855.bact.1,94.139,273,16,0,1,273,173,445,5.28e-118,416
ASV1571,GCA_049514855.bact.1,94.505,273,15,0,1,273,173,445,1.14e-119,422
ASV2904,GCA_049514855.bact.1,94.139,273,16,0,1,273,173,445,5.28e-118,416
ASV1331,GCA_049514855.bact.1,94.139,273,16,0,1,273,173,445,5.28e-118,416
ASV4749,GCA_050012015.bact.0,96.198,263,10,0,11,273,499,761,1.94e-122,431
ASV4654,GCA_050012015.bact.0,92.776,263,19,0,11,273,499,761,1.98e-107,381
ASV4472,GCA_049512775.bact.0,89.416,274,27,2,1,273,189,461,2.53e-96,344
ASV5416,GCA_050012015.bact.0,89.734,263,27,0,11,273,499,761,4.23e-94,337
ASV5008,GCA_049514855.bact.1,92.015,263,21,0,11,273,183,445,4.17e-104,370
ASV5273,GCA_049514855.bact.1,90.074,272,19,5,6,273,178,445,7.03e-97,346
ASV4803,GCA_050012015.bact.0,90.494,263,25,0,11,273,499,761,1.95e-97,348
ASV1377,GCA_049508685.bact.0,80.797,276,47,6,1,273,487,759,2.68e-56,211
ASV5126,GCA_050011315.bact.0,81.588,277,43,8,1,273,531,803,1.24e-59,222
ASV5018,GCA_049513575.bact.0,81.387,274,49,2,1,273,532,804,1.24e-59,222
ASV4711,GCA_050008735.bact.0,84.173,278,34,9,1,273,256,528,2.62e-71,261
ASV4858,GCA_049516635.arch.0,79.348,276,51,6,1,273,514,786,1.29e-49,189
ASV5552,GCA_050008795.bact.0,89.011,273,30,0,1,273,530,802,1.21e-94,339
ASV882,GCA_050010195.bact.0,98.901,273,3,0,1,273,531,803,1.10e-139,488
ASV5405,GCA_050010195.bact.0,91.941,273,22,0,1,273,531,803,5.36e-108,383
ASV5244,GCA_050010195.bact.0,91.606,274,21,2,1,273,531,803,2.56e-106,377
ASV4623,GCA_050013395.bact.0,95.238,273,13,0,1,273,531,803,5.24e-123,433
ASV4797,GCA_049510215.arch.0,92.075,265,19,2,10,273,530,793,1.19e-104,372
ASV5495,GCA_049508735.arch.0,85.606,264,36,2,11,273,491,753,9.61e-76,276
ASV4363,GCA_050012855.arch.0,82.671,277,40,8,1,273,539,811,1.23e-64,239
ASV3849,GCA_049509755.bact.0,83.942,274,42,2,1,273,36,308,2.62e-71,261
ASV1554,GCA_050010475.bact.0,81.588,277,43,8,1,273,520,792,1.24e-59,222
ASV5569,GCA_049513315.arch.0,81.295,278,42,8,1,273,538,810,5.91e-58,217
ASV5593,GCA_049514555.arch.0,80.534,262,47,4,14,273,529,788,2.08e-52,198
ASV4566,GCA_050008795.bact.0,85.348,273,36,3,3,273,532,802,7.23e-77,279
ASV1444,GCA_049513315.arch.0,87.925,265,26,5,12,273,549,810,3.32e-85,307
ASV4663,GCA_049513315.arch.0,88.278,273,32,0,1,273,538,810,2.55e-91,327
ASV1073,GCA_049513315.arch.0,87.591,274,32,2,1,273,538,810,5.51e-88,316
ASV4507,GCA_049513315.arch.0,86.081,273,38,0,1,273,538,810,2.65e-81,294
ASV4672,GCA_049513315.arch.0,86.081,273,38,0,1,273,538,810,2.65e-81,294
ASV2600,GCA_050015855.arch.0,91.213,239,17,3,1,237,502,738,1.18e-89,322
ASV5695,GCA_049513315.arch.0,89.394,264,28,0,8,271,547,810,5.43e-93,333
ASV5650,GCA_050015855.arch.0,91.053,190,17,0,14,203,515,704,3.39e-70,257
ASV5778,GCA_050015855.arch.0,94.118,187,11,0,14,200,515,701,1.55e-78,285
ASV5290,GCA_049513315.arch.0,85.660,265,34,4,11,273,548,810,9.35e-76,276
ASV5116,GCA_050015855.arch.0,87.665,227,28,0,11,237,512,738,2.02e-72,265
ASV4170,GCA_049513315.arch.0,88.645,273,31,0,1,273,538,810,5.47e-93,333
ASV3886,GCA_049513315.arch.0,87.912,273,33,0,1,273,538,810,1.22e-89,322
ASV4382,GCA_049513315.arch.0,91.209,273,24,0,1,273,538,810,1.19e-104,372
ASV1889,GCA_050015855.arch.0,95.781,237,10,0,1,237,502,738,5.36e-108,383
ASV932,GCA_049513315.arch.0,92.674,273,20,0,1,273,538,810,2.54e-111,394
ASV524,GCA_049513315.arch.0,92.674,273,20,0,1,273,538,810,2.47e-111,394
ASV360,GCA_050015855.arch.0,94.937,237,12,0,1,237,502,738,1.16e-104,372
ASV1515,GCA_050015855.arch.0,94.937,237,12,0,1,237,502,738,1.16e-104,372
ASV818,GCA_050015855.arch.0,94.093,237,14,0,1,237,502,738,2.51e-101,361
ASV1366,GCA_050015855.arch.0,94.515,237,13,0,1,237,502,738,5.40e-103,366
ASV1348,GCA_050015855.arch.0,97.046,237,7,0,1,237,502,738,5.32e-113,399
ASV988,GCA_050015855.arch.0,97.890,237,5,0,1,237,502,738,2.46e-116,411
ASV1405,GCA_050015855.arch.0,100.000,237,0,0,1,237,502,738,1.13e-124,438
ASV399,GCA_049513315.arch.0,91.941,273,22,0,1,273,538,810,5.36e-108,383
ASV2839,GCA_049513315.arch.0,96.337,273,10,0,1,273,538,810,5.21e-128,449
ASV881,GCA_049513315.arch.0,96.703,273,9,0,1,273,538,810,1.12e-129,455
ASV3229,GCA_049513315.arch.0,98.901,273,3,0,1,273,538,810,1.10e-139,488
ASV4424,GCA_049513315.arch.0,91.575,273,23,0,1,273,538,810,2.49e-106,377
ASV5562,GCA_049513315.arch.0,87.925,265,28,4,11,273,548,810,9.48e-86,309
ASV5075,GCA_050011695.arch.0,87.956,274,29,3,1,272,504,775,4.24e-89,320
ASV5608,GCA_049513315.arch.0,87.500,264,31,2,11,273,548,810,4.29e-84,303
ASV5009,GCA_050015855.arch.0,89.868,227,23,0,11,237,512,738,9.29e-81,292
ASV3315,GCA_049513315.arch.0,93.040,273,19,0,1,273,538,810,5.32e-113,399
ASV4223,GCA_049513315.arch.0,93.773,273,17,0,1,273,538,810,2.53e-116,411
ASV1829,GCA_049513315.arch.0,93.773,273,17,0,1,273,538,810,2.46e-116,411
ASV5268,GCA_049513315.arch.0,87.273,275,31,4,1,273,538,810,2.63e-86,311
ASV1111,GCA_049523215.bact.0,79.323,266,51,4,10,273,535,798,5.83e-48,183
ASV936,GCA_049514555.arch.0,79.554,269,43,11,11,273,526,788,2.16e-47,182
ASV2052,GCA_049514555.arch.0,79.478,268,45,10,11,273,526,788,2.10e-47,182
ASV4155,GCA_049513315.arch.0,84.058,276,38,6,1,273,538,810,2.69e-71,261
ASV4788,GCA_050011635.arch.0,83.774,265,39,4,11,273,54,316,2.04e-67,248
ASV5136,GCA_049514555.arch.0,84.926,272,31,9,7,273,522,788,5.63e-73,267
ASV5607,GCA_049508735.arch.0,86.496,274,35,2,1,273,481,753,5.55e-83,300
ASV5609,GCA_050015635.arch.0,86.973,261,32,2,14,273,551,810,9.29e-81,292
ASV5677,GCA_049509055.bact.0,86.022,279,27,11,1,273,534,806,1.20e-79,289
ASV4081,GCA_049509875.arch.0,90.110,273,27,0,1,273,479,751,1.20e-99,355
ASV4915,GCA_050015635.arch.0,88.645,273,31,0,1,273,538,810,5.62e-93,333
ASV4916,GCA_049509875.arch.0,89.051,274,28,2,1,273,479,751,1.18e-94,339
ASV5297,GCA_049509875.arch.0,89.781,274,26,2,1,273,479,751,5.43e-98,350
ASV4677,GCA_050015635.arch.0,89.051,274,28,2,1,273,538,810,1.18e-94,339
ASV4608,GCA_050012035.bact.0,91.636,275,19,4,1,273,211,483,2.49e-106,377
ASV4600,GCA_050012035.bact.0,88.686,274,29,2,1,273,211,483,5.62e-93,333
ASV4136,GCA_050012035.bact.0,89.051,274,28,2,1,273,211,483,1.21e-94,339
ASV4820,GCA_049511835.bact.0,93.407,273,18,0,1,273,547,819,1.14e-114,405
ASV2203,GCA_050010435.arch.0,92.336,274,19,2,1,273,538,810,1.18e-109,388
ASV288,GCA_050010435.arch.0,93.407,273,18,0,1,273,538,810,1.17e-114,405
ASV5555,GCA_050010435.arch.0,90.876,274,23,2,1,273,538,810,5.40e-103,366
ASV3207,GCA_049511835.bact.0,93.066,274,17,2,1,273,547,819,5.47e-113,399
ASV4766,GCA_050012855.arch.0,91.971,274,20,2,1,273,539,811,5.51e-108,383
ASV3374,GCA_050012035.bact.0,90.476,273,26,0,1,273,211,483,2.51e-101,361
ASV5760,GCA_049517655.bact.0,90.146,274,25,2,1,273,548,820,1.17e-99,355
ASV4463,GCA_049517655.bact.0,94.182,275,12,4,1,273,548,820,5.28e-118,416
ASV5181,GCA_049517655.bact.0,91.571,261,20,2,12,271,561,820,9.21e-101,359
ASV4575,GCA_049517655.bact.0,90.076,262,26,0,12,273,559,820,3.36e-95,340
ASV5755,GCA_049517655.bact.0,86.641,262,35,0,12,273,559,820,3.34e-80,291
ASV4491,GCA_050012035.bact.0,91.636,275,19,4,1,273,211,483,2.49e-106,377
ASV557,GCA_050012035.bact.0,95.604,273,12,0,1,273,211,483,1.13e-124,438
ASV790,GCA_050012035.bact.0,95.604,273,12,0,1,273,211,483,1.16e-124,438
ASV140,GCA_050012035.bact.0,96.337,273,10,0,1,273,211,483,5.21e-128,449
ASV439,GCA_050012035.bact.0,95.971,273,11,0,1,273,211,483,2.49e-126,444
ASV302,GCA_050012035.bact.0,97.436,273,7,0,1,273,211,483,5.17e-133,466
ASV2179,GCA_050012035.bact.0,95.971,273,11,0,1,273,211,483,2.42e-126,444
ASV1357,GCA_050012035.bact.0,96.703,273,9,0,1,273,211,483,1.12e-129,455
ASV4232,GCA_050012035.bact.0,95.238,273,13,0,1,273,211,483,5.24e-123,433
ASV3727,GCA_050012035.bact.0,95.000,260,13,0,14,273,224,483,9.08e-116,409
ASV5373,GCA_050010435.arch.0,91.923,260,21,0,14,273,551,810,1.94e-102,364
ASV5779,GCA_050010435.arch.0,92.308,260,20,0,14,273,551,810,4.17e-104,370
ASV5068,GCA_050012035.bact.0,87.313,268,34,0,6,273,216,483,3.32e-85,307
ASV5037,GCA_050012035.bact.0,90.385,260,25,0,14,273,224,483,9.09e-96,342
ASV5164,GCA_050012035.bact.0,89.773,264,23,3,12,273,222,483,1.52e-93,335
ASV120,GCA_050012035.bact.0,97.802,273,6,0,1,273,211,483,1.11e-134,472
ASV375,GCA_050012035.bact.0,96.703,273,9,0,1,273,211,483,1.12e-129,455
ASV890,GCA_050012035.bact.0,96.337,273,10,0,1,273,211,483,5.21e-128,449
ASV691,GCA_050012035.bact.0,97.436,273,7,0,1,273,211,483,5.17e-133,466
ASV2193,GCA_050012035.bact.0,97.070,273,8,0,1,273,211,483,2.41e-131,460
ASV2975,GCA_050012035.bact.0,95.238,273,13,0,1,273,211,483,5.24e-123,433
ASV3283,GCA_050012035.bact.0,95.604,273,12,0,1,273,211,483,1.13e-124,438
ASV1309,GCA_050012035.bact.0,95.971,273,11,0,1,273,211,483,2.42e-126,444
ASV1491,GCA_050012035.bact.0,95.604,273,12,0,1,273,211,483,1.16e-124,438
ASV2096,GCA_050012035.bact.0,96.703,273,9,0,1,273,211,483,1.12e-129,455
ASV895,GCA_050012035.bact.0,96.337,273,10,0,1,273,211,483,5.21e-128,449
ASV3577,GCA_050012035.bact.0,96.703,273,9,0,1,273,211,483,1.12e-129,455
ASV1107,GCA_050012035.bact.0,97.070,273,8,0,1,273,211,483,2.41e-131,460
ASV2121,GCA_050012035.bact.0,96.703,273,9,0,1,273,211,483,1.12e-129,455
ASV3068,GCA_049511835.bact.0,96.703,273,9,0,1,273,547,819,1.12e-129,455
ASV1024,GCA_049511835.bact.0,99.267,273,2,0,1,273,547,819,2.37e-141,494
ASV821,GCA_049511835.bact.0,99.267,273,2,0,1,273,547,819,2.37e-141,494
ASV489,GCA_049511835.bact.0,98.901,273,3,0,1,273,547,819,1.10e-139,488
ASV743,GCA_049511835.bact.0,99.634,273,1,0,1,273,547,819,5.10e-143,499
ASV1077,GCA_050010435.arch.0,98.901,273,3,0,1,273,538,810,1.10e-139,488
ASV1425,GCA_050010435.arch.0,99.634,273,1,0,1,273,538,810,5.10e-143,499
ASV848,GCA_050010435.arch.0,97.802,273,6,0,1,273,538,810,1.11e-134,472
ASV1142,GCA_050010435.arch.0,98.535,273,4,0,1,273,538,810,5.13e-138,483
ASV947,GCA_050010435.arch.0,99.267,273,2,0,1,273,538,810,2.37e-141,494
ASV525,GCA_049511835.bact.0,99.267,273,2,0,1,273,547,819,2.37e-141,494
ASV755,GCA_049511835.bact.0,98.901,273,3,0,1,273,547,819,1.10e-139,488
ASV1265,GCA_049511835.bact.0,98.901,273,3,0,1,273,547,819,1.10e-139,488
ASV3736,GCA_049511835.bact.0,96.350,274,8,2,1,273,547,819,5.21e-128,449
ASV3799,GCA_050015635.arch.0,98.901,273,3,0,1,273,538,810,1.10e-139,488
ASV4446,GCA_050015635.arch.0,99.267,273,2,0,1,273,538,810,2.44e-141,494
ASV1808,GCA_049509875.arch.0,97.802,273,6,0,1,273,479,751,1.11e-134,472
ASV3984,GCA_049509875.arch.0,97.436,273,7,0,1,273,479,751,5.17e-133,466
ASV409,GCA_049509875.arch.0,95.971,273,11,0,1,273,479,751,2.49e-126,444
ASV1330,GCA_049509875.arch.0,95.238,273,13,0,1,273,479,751,5.24e-123,433
ASV1824,GCA_049509875.arch.0,95.238,273,13,0,1,273,479,751,5.24e-123,433
ASV883,GCA_050015635.arch.0,96.703,273,9,0,1,273,538,810,1.12e-129,455
ASV3651,GCA_049509875.arch.0,96.703,273,9,0,1,273,479,751,1.12e-129,455
ASV902,GCA_049509875.arch.0,97.070,273,8,0,1,273,479,751,2.41e-131,460
ASV2124,GCA_049509875.arch.0,97.436,273,7,0,1,273,479,751,5.17e-133,466
ASV2563,GCA_049509875.arch.0,96.337,273,10,0,1,273,479,751,5.21e-128,449
ASV1017,GCA_049509875.arch.0,97.802,273,6,0,1,273,479,751,1.11e-134,472
ASV2735,GCA_050015635.arch.0,93.407,273,18,0,1,273,538,810,1.14e-114,405
ASV3808,GCA_050015635.arch.0,93.773,273,17,0,1,273,538,810,2.53e-116,411
ASV2458,GCA_050015635.arch.0,94.872,273,14,0,1,273,538,810,2.44e-121,427
ASV3350,GCA_050015635.arch.0,95.238,273,13,0,1,273,538,810,5.24e-123,433
ASV2153,GCA_050015635.arch.0,94.872,273,14,0,1,273,538,810,2.44e-121,427
ASV1719,GCA_050015635.arch.0,95.238,273,13,0,1,273,538,810,5.24e-123,433
ASV2393,GCA_050015635.arch.0,95.604,273,12,0,1,273,538,810,1.13e-124,438
ASV4923,GCA_050015635.arch.0,94.161,274,14,2,1,273,538,810,5.28e-118,416
ASV4391,GCA_050015635.arch.0,93.773,273,17,0,1,273,538,810,2.46e-116,411
ASV1956,GCA_050015635.arch.0,91.209,273,24,0,1,273,538,810,1.16e-104,372
ASV3754,GCA_049517655.bact.0,95.604,273,12,0,1,273,548,820,1.13e-124,438
ASV1771,GCA_049517655.bact.0,94.505,273,15,0,1,273,548,820,1.14e-119,422
ASV933,GCA_049517655.bact.0,94.505,273,15,0,1,273,548,820,1.17e-119,422
ASV4532,GCA_049517655.bact.0,93.066,274,17,2,1,273,548,820,5.47e-113,399
ASV1754,GCA_049509875.arch.0,93.091,275,15,4,1,273,479,751,5.32e-113,399
ASV4265,GCA_049509875.arch.0,92.727,275,16,4,1,273,479,751,2.47e-111,394
ASV3080,GCA_049517655.bact.0,93.407,273,18,0,1,273,548,820,1.14e-114,405
ASV4919,GCA_049517655.bact.0,88.364,275,28,4,1,273,548,820,2.55e-91,327
ASV5790,GCA_049517655.bact.0,86.989,269,33,2,6,273,553,820,1.54e-83,302
ASV4686,GCA_049517655.bact.0,90.876,274,23,2,1,273,548,820,5.54e-103,366
ASV1918,GCA_049517655.bact.0,94.505,273,15,0,1,273,548,820,1.14e-119,422
ASV1374,GCA_049517655.bact.0,98.535,273,4,0,1,273,548,820,5.13e-138,483
ASV1862,GCA_049517655.bact.0,97.802,273,6,0,1,273,548,820,1.11e-134,472
ASV1337,GCA_049517655.bact.0,98.168,273,5,0,1,273,548,820,2.45e-136,477
ASV2637,GCA_049517655.bact.0,98.168,273,5,0,1,273,548,820,2.39e-136,477
ASV1736,GCA_049517655.bact.0,98.168,273,5,0,1,273,548,820,2.39e-136,477
ASV2282,GCA_049517655.bact.0,98.535,273,4,0,1,273,548,820,5.13e-138,483
ASV2478,GCA_049517655.bact.0,98.901,273,3,0,1,273,548,820,1.10e-139,488
ASV3620,GCA_049517655.bact.0,99.267,273,2,0,1,273,548,820,2.37e-141,494
ASV1192,GCA_049517655.bact.0,96.715,274,7,2,1,273,548,820,1.15e-129,455
ASV2782,GCA_049517655.bact.0,98.901,273,3,0,1,273,548,820,1.10e-139,488
ASV1682,GCA_049517655.bact.0,94.505,273,15,0,1,273,548,820,1.14e-119,422
ASV4604,GCA_050015635.arch.0,93.040,273,19,0,1,273,538,810,5.47e-113,399
ASV3868,GCA_050012035.bact.0,97.070,273,8,0,1,273,211,483,2.41e-131,460
ASV1413,GCA_049511835.bact.0,97.802,273,6,0,1,273,547,819,1.11e-134,472
ASV569,GCA_050012035.bact.0,97.436,273,7,0,1,273,211,483,5.17e-133,466
ASV1878,GCA_050012855.arch.0,92.701,274,18,2,1,273,539,811,2.47e-111,394
ASV548,GCA_050012035.bact.0,93.040,273,19,0,1,273,211,483,5.32e-113,399
ASV4998,GCA_050012035.bact.0,89.925,268,27,0,6,273,216,483,7.03e-97,346
ASV3866,GCA_050012035.bact.0,91.241,274,22,2,1,273,211,483,1.19e-104,372
ASV2267,GCA_050012035.bact.0,94.891,274,12,2,1,273,211,483,2.44e-121,427
ASV4364,GCA_050012035.bact.0,93.796,274,15,2,1,273,211,483,2.46e-116,411
ASV728,GCA_050012035.bact.0,93.407,273,18,0,1,273,211,483,1.14e-114,405
ASV602,GCA_050012035.bact.0,93.040,273,19,0,1,273,211,483,5.32e-113,399
ASV4757,GCA_050012035.bact.0,87.912,273,33,0,1,273,211,483,1.18e-89,322
ASV1257,GCA_050012035.bact.0,93.040,273,19,0,1,273,211,483,5.32e-113,399
ASV2230,GCA_050012035.bact.0,93.066,274,17,2,1,273,211,483,5.47e-113,399
ASV2022,GCA_050012035.bact.0,92.701,274,18,2,1,273,211,483,2.47e-111,394
ASV1668,GCA_050012035.bact.0,92.336,274,19,2,1,273,211,483,1.15e-109,388
ASV1876,GCA_050012855.arch.0,99.634,273,1,0,1,273,539,811,5.10e-143,499
ASV2411,GCA_050012855.arch.0,99.267,273,2,0,1,273,539,811,2.37e-141,494
ASV834,GCA_050012035.bact.0,96.337,273,10,0,1,273,211,483,5.21e-128,449
ASV797,GCA_050012035.bact.0,94.872,273,14,0,1,273,211,483,2.44e-121,427
ASV1714,GCA_050012035.bact.0,97.436,273,7,0,1,273,211,483,5.17e-133,466
ASV5367,GCA_049517655.bact.0,85.401,274,38,2,1,273,548,820,5.74e-78,283
ASV4882,GCA_049517655.bact.0,87.179,273,33,2,2,273,549,820,9.48e-86,309
ASV5720,GCA_050012855.arch.0,85.985,264,33,4,12,273,550,811,7.23e-77,279
ASV4685,GCA_049517655.bact.0,87.356,261,31,2,14,273,561,820,2.00e-82,298
ASV506,GCA_049517655.bact.0,86.496,274,35,2,1,273,548,820,5.55e-83,300
ASV149,GCA_049517655.bact.0,86.861,274,34,2,1,273,548,820,1.19e-84,305
ASV1212,GCA_050013395.bact.0,87.405,262,33,0,12,273,542,803,1.54e-83,302
ASV4609,GCA_050010435.arch.0,86.861,274,34,2,1,273,538,810,1.19e-84,305
ASV4088,GCA_050013395.bact.0,88.258,264,27,4,12,273,542,803,7.33e-87,313
ASV5565,GCA_049517655.bact.0,84.249,273,43,0,1,273,548,820,5.63e-73,267
ASV4313,GCA_049517655.bact.0,89.744,273,28,0,1,273,548,820,5.43e-98,350
ASV2729,GCA_049517655.bact.0,86.081,273,38,0,1,273,548,820,2.65e-81,294
ASV5574,GCA_050012855.arch.0,84.307,274,41,2,1,273,539,811,5.78e-73,267
ASV5094,GCA_049518775.arch.0,84.364,275,39,2,1,273,483,755,5.63e-73,267
ASV5226,GCA_050010435.arch.0,86.081,273,38,0,1,273,538,810,2.65e-81,294
ASV5452,GCA_049509875.arch.0,85.057,261,37,2,14,273,492,751,2.08e-72,265
ASV2257,GCA_049517655.bact.0,86.909,275,32,4,1,273,548,820,1.23e-84,305
ASV995,GCA_049517655.bact.0,86.861,274,34,2,1,273,548,820,1.19e-84,305
ASV210,GCA_049517655.bact.0,86.447,273,37,0,1,273,548,820,5.55e-83,300
ASV1796,GCA_049517655.bact.0,87.179,273,35,0,1,273,548,820,2.56e-86,311
ASV1849,GCA_049517655.bact.0,87.179,273,35,0,1,273,548,820,2.56e-86,311
ASV5249,GCA_049517655.bact.0,83.942,274,42,2,1,273,548,820,2.62e-71,261
ASV4952,GCA_050010435.arch.0,82.182,275,45,4,1,273,538,810,5.87e-63,233
ASV4341,GCA_049517655.bact.0,86.029,272,30,8,6,273,553,820,1.60e-78,285
ASV5277,GCA_050014395.arch.0,85.057,261,36,3,14,272,533,792,7.25e-72,263
ASV5496,GCA_049522315.bact.0,85.985,264,35,2,11,273,264,526,2.01e-77,281
ASV4082,GCA_049522315.bact.0,87.692,260,32,0,14,273,267,526,4.41e-84,303
ASV4625,GCA_049514855.bact.1,86.131,274,34,4,2,273,174,445,9.54e-81,292
ASV5728,GCA_049522315.bact.0,84.030,263,42,0,11,273,264,526,4.38e-69,254
ASV2432,GCA_050015635.arch.0,83.824,272,42,2,1,271,540,810,3.36e-70,257
ASV115,GCA_049517655.bact.0,84.249,273,41,2,2,273,549,820,2.08e-72,265
ASV560,GCA_049517655.bact.0,84.559,272,42,0,2,273,549,820,4.35e-74,270
ASV107,GCA_050015635.arch.0,85.294,272,40,0,2,273,539,810,2.01e-77,281
ASV1372,GCA_049517655.bact.0,85.714,273,37,2,2,273,549,820,4.44e-79,287
ASV4057,GCA_050013835.arch.0,83.895,267,34,9,12,273,513,775,7.33e-67,246
ASV4674,GCA_049511835.bact.0,84.838,277,32,8,2,273,548,819,4.47e-74,270
ASV4885,GCA_049513315.arch.0,84.351,262,37,4,14,273,551,810,4.38e-69,254
ASV5528,GCA_050013395.bact.0,81.679,262,44,4,14,273,544,803,2.07e-57,215
ASV5685,GCA_050013835.arch.0,85.606,264,35,3,12,273,513,775,3.46e-75,274
ASV5157,GCA_050012035.bact.0,87.179,273,33,2,2,273,212,483,9.22e-86,309
ASV5254,GCA_050015635.arch.0,85.227,264,35,4,12,273,549,810,1.57e-73,268
ASV4878,GCA_050011115.arch.0,81.784,269,47,2,4,271,542,809,3.50e-60,224
ASV2185,GCA_050012855.arch.0,81.091,275,44,7,1,271,541,811,7.38e-57,213
ASV5440,GCA_049510055.bact.0,80.657,274,42,10,4,271,549,817,1.60e-53,202
ASV1131,GCA_050008795.bact.0,81.439,264,47,2,9,271,540,802,2.05e-57,215
ASV4841,GCA_050011115.arch.0,85.130,269,38,2,6,273,542,809,3.46e-75,274
ASV5255,GCA_050011115.arch.0,85.921,277,31,8,1,273,537,809,1.20e-79,289
ASV1344,GCA_050011115.arch.0,85.448,268,39,0,6,273,542,809,7.23e-77,279
ASV5553,GCA_050011115.arch.0,81.041,269,49,2,6,273,542,809,7.44e-57,213
ASV4683,GCA_050011115.arch.0,83.209,268,45,0,6,273,542,809,7.33e-67,246
ASV4957,GCA_050011115.arch.0,85.926,270,34,4,6,273,542,809,1.55e-78,285
ASV5262,GCA_050015635.arch.0,84.586,266,32,9,12,272,549,810,1.21e-69,255
ASV4054,GCA_049517655.bact.0,84.030,263,32,10,16,273,563,820,2.64e-66,244
ASV5015,GCA_049509875.arch.0,82.510,263,36,10,16,273,494,751,1.24e-59,222
ASV4842,GCA_050011315.bact.0,81.550,271,45,5,6,274,536,803,1.61e-58,219
ASV5374,GCA_050010435.arch.0,85.606,264,35,3,12,274,549,810,3.38e-75,274
ASV1032,GCA_049508735.arch.0,83.636,275,42,3,1,274,481,753,1.22e-69,255
ASV695,GCA_049513575.bact.0,82.246,276,44,5,1,274,532,804,5.73e-63,233
ASV4189,GCA_049513575.bact.0,84.783,276,37,5,1,274,532,804,1.21e-74,272
ASV3318,GCA_049513575.bact.0,84.058,276,39,5,1,274,532,804,2.68e-71,261
ASV5205,GCA_049508565.arch.0,86.447,273,35,2,2,273,505,776,2.00e-82,298
ASV4413,GCA_049521335.bact.0,82.671,277,40,8,1,273,545,817,1.23e-64,239
ASV3780,GCA_050012015.bact.0,78.545,275,55,4,1,273,489,761,2.71e-46,178
ASV5391,GCA_049508565.arch.0,84.000,275,40,4,1,273,504,776,2.69e-71,261
ASV5063,GCA_049508565.arch.0,82.784,273,45,2,2,273,505,776,9.49e-66,243
ASV5338,GCA_049508565.arch.0,83.150,273,44,2,2,273,505,776,2.04e-67,248
ASV389,GCA_049508565.arch.0,81.985,272,49,0,2,273,505,776,2.05e-62,231
ASV5467,GCA_050013795.arch.0,89.431,123,13,0,151,273,667,789,1.27e-39,156
ASV5117,GCA_049508735.arch.0,85.036,274,39,2,1,273,481,753,2.60e-76,278
ASV4804,GCA_050013835.arch.0,83.032,277,38,8,2,273,503,775,9.75e-66,243
ASV4255,GCA_049508565.arch.0,80.882,272,52,0,2,273,505,776,2.07e-57,215
ASV780,GCA_049508565.arch.0,85.662,272,39,0,2,273,505,776,4.32e-79,287
ASV5304,GCA_050013575.bact.0,81.884,276,42,8,2,273,539,810,9.55e-61,226
ASV4983,GCA_049508565.arch.0,90.110,273,27,0,1,273,504,776,1.20e-99,355
ASV4304,GCA_049508565.arch.0,90.476,273,26,0,1,273,504,776,2.51e-101,361
ASV2208,GCA_049508565.arch.0,94.505,273,15,0,1,273,504,776,1.17e-119,422
ASV3102,GCA_049508565.arch.0,93.407,273,18,0,1,273,504,776,1.14e-114,405
ASV4651,GCA_049508565.arch.0,93.773,273,17,0,1,273,504,776,2.53e-116,411
ASV4394,GCA_049508565.arch.0,91.941,273,22,0,1,273,504,776,5.36e-108,383
ASV4393,GCA_050013615.bact.0,83.273,275,42,4,1,273,505,777,5.83e-68,250
ASV4504,GCA_050013575.bact.0,81.818,275,44,6,2,273,539,810,9.55e-61,226
ASV4718,GCA_050010555.bact.0,84.892,278,33,9,1,273,507,780,1.24e-74,272
ASV4516,GCA_050013615.bact.0,81.685,273,50,0,1,273,505,777,2.66e-61,228
ASV4966,GCA_050008755.arch.0,82.418,273,46,2,2,273,495,766,4.41e-64,237
ASV2220,GCA_050013615.bact.0,90.842,273,25,0,1,273,505,777,5.40e-103,366
ASV2466,GCA_050013615.bact.0,89.818,275,24,4,1,273,505,777,5.43e-98,350
ASV1463,GCA_050008755.arch.0,96.691,272,9,0,2,273,495,766,4.03e-129,453
ASV4111,GCA_050008755.arch.0,94.853,272,14,0,2,273,495,766,8.78e-121,425
ASV5393,GCA_050008755.arch.0,88.603,272,31,0,2,273,495,766,1.97e-92,331
ASV5494,GCA_050014055.arch.0,89.706,272,28,0,2,273,503,774,2.01e-97,348
ASV5638,GCA_050013615.bact.0,88.000,275,29,4,1,273,505,777,1.18e-89,322
ASV2343,GCA_050008755.arch.0,92.647,272,20,0,2,273,495,766,9.15e-111,392
ASV4582,GCA_050014055.arch.0,93.407,273,16,2,2,273,503,774,4.11e-114,403
ASV2982,GCA_050014055.arch.0,97.436,273,7,0,1,273,502,774,5.17e-133,466
ASV191,GCA_050014055.arch.0,98.535,273,4,0,1,273,502,774,5.13e-138,483
ASV1292,GCA_050014055.arch.0,98.535,273,4,0,1,273,502,774,5.13e-138,483
ASV2475,GCA_050008755.arch.0,98.535,273,4,0,1,273,494,766,5.13e-138,483
ASV2654,GCA_050008755.arch.0,97.070,273,8,0,1,273,494,766,2.41e-131,460
ASV3101,GCA_050012435.bact.0,78.495,279,50,9,1,274,484,757,3.52e-45,174
ASV5485,GCA_049514855.bact.1,79.104,268,56,0,6,273,178,445,1.62e-48,185
ASV4241,GCA_050013835.arch.0,81.159,276,45,7,2,273,503,775,2.07e-57,215
ASV4897,GCA_050013835.arch.0,80.292,274,51,3,2,273,503,775,4.48e-54,204
ASV3586,GCA_050013835.arch.0,81.387,274,48,3,2,273,503,775,4.57e-59,220
ASV4783,GCA_050011535.arch.0,78.986,276,52,6,1,273,510,782,5.99e-48,183
ASV4713,GCA_049522915.arch.0,80.072,276,47,8,2,273,526,797,2.14e-52,198
ASV3675,GCA_050011695.arch.0,81.752,274,47,3,2,273,503,775,9.82e-61,226
ASV4438,GCA_050011695.arch.0,82.482,274,45,3,2,273,503,775,4.54e-64,237
ASV5497,GCA_050011115.arch.0,82.609,276,40,8,2,273,538,809,4.41e-64,237
ASV1832,GCA_050012415.bact.0,83.273,275,40,6,2,273,500,771,2.04e-67,248
ASV5787,GCA_049510995.arch.0,87.546,273,34,0,1,273,494,766,5.66e-88,316
ASV4861,GCA_049510995.arch.0,89.493,276,23,5,1,273,494,766,2.53e-96,344
ASV1283,GCA_049510995.arch.0,95.604,273,12,0,1,273,494,766,1.16e-124,438
ASV3798,GCA_050010875.arch.0,87.546,273,32,2,2,273,499,770,2.04e-87,315
ASV5434,GCA_050012135.arch.0,85.766,274,37,1,2,275,504,775,1.21e-79,289
ASV5266,GCA_050012415.bact.0,86.131,274,34,4,2,273,500,771,9.54e-81,292
ASV5655,GCA_049521175.arch.0,91.606,274,21,2,1,273,491,763,2.49e-106,377
ASV3319,GCA_049521175.arch.0,98.901,273,3,0,1,273,491,763,1.10e-139,488
ASV2187,GCA_049521175.arch.0,98.901,273,3,0,1,273,491,763,1.10e-139,488
ASV1941,GCA_049521175.arch.0,98.535,273,4,0,1,273,491,763,5.13e-138,483
ASV629,GCA_049521175.arch.0,99.267,273,2,0,1,273,491,763,2.37e-141,494
ASV388,GCA_049521175.arch.0,97.802,273,6,0,1,273,491,763,1.11e-134,472
ASV775,GCA_049521175.arch.0,98.535,273,4,0,1,273,491,763,5.13e-138,483
ASV2034,GCA_049521175.arch.0,94.505,273,15,0,1,273,491,763,1.14e-119,422
ASV945,GCA_049521175.arch.0,94.505,273,15,0,1,273,491,763,1.14e-119,422
ASV3172,GCA_049521175.arch.0,95.238,273,13,0,1,273,491,763,5.24e-123,433
ASV1774,GCA_049521175.arch.0,97.802,273,6,0,1,273,491,763,1.11e-134,472
ASV1703,GCA_049521175.arch.0,98.168,273,5,0,1,273,491,763,2.39e-136,477
ASV2114,GCA_049521175.arch.0,97.436,273,7,0,1,273,491,763,5.17e-133,466
ASV3210,GCA_049521175.arch.0,97.802,273,6,0,1,273,491,763,1.11e-134,472
ASV1614,GCA_049521175.arch.0,96.703,273,9,0,1,273,491,763,1.12e-129,455
ASV2921,GCA_049521175.arch.0,93.066,274,16,3,1,272,491,763,1.91e-112,398
ASV4365,GCA_049521175.arch.0,94.139,273,16,0,1,273,491,763,5.28e-118,416
ASV3341,GCA_049521175.arch.0,97.070,273,8,0,1,273,491,763,2.41e-131,460
ASV2762,GCA_049521175.arch.0,95.255,274,12,1,1,274,491,763,5.27e-123,433
ASV3379,GCA_049521175.arch.0,94.891,274,13,1,1,274,491,763,2.45e-121,427
ASV4321,GCA_049521175.arch.0,94.872,273,14,0,1,273,491,763,2.44e-121,427
ASV5125,GCA_050008755.arch.0,84.559,272,42,0,2,273,495,766,4.35e-74,270
ASV1739,GCA_050014355.arch.0,87.956,274,31,2,1,273,490,762,1.22e-89,322
ASV5177,GCA_050014355.arch.0,87.273,275,31,2,1,273,490,762,2.56e-86,311
ASV5002,GCA_050014355.arch.0,87.912,273,33,0,1,273,490,762,1.18e-89,322
ASV4928,GCA_050014355.arch.0,89.744,273,28,0,1,273,490,762,5.43e-98,350
ASV5124,GCA_050014355.arch.0,97.436,273,7,0,1,273,490,762,5.17e-133,466
ASV5438,GCA_050014355.arch.0,93.407,273,18,0,1,273,490,762,1.17e-114,405
ASV3964,GCA_050014355.arch.0,87.636,275,30,4,1,273,490,762,5.66e-88,316
ASV5749,GCA_049521175.arch.0,86.496,274,35,2,1,273,491,763,5.55e-83,300
ASV4793,GCA_050014355.arch.0,87.636,275,30,4,1,273,490,762,5.51e-88,316
ASV1716,GCA_050014355.arch.0,88.686,274,29,2,1,273,490,762,5.47e-93,333
ASV2905,GCA_050014355.arch.0,89.051,274,28,2,1,273,490,762,1.18e-94,339
ASV4969,GCA_049521175.arch.0,85.036,274,39,2,1,273,491,763,2.60e-76,278
ASV5232,GCA_050010875.arch.0,85.766,274,35,4,2,273,499,770,4.32e-79,287
ASV838,GCA_049521175.arch.0,86.081,273,36,2,2,273,492,763,9.29e-81,292
ASV1613,GCA_050014355.arch.0,87.868,272,33,0,2,273,491,762,4.26e-89,320
ASV1338,GCA_049521175.arch.0,86.081,273,36,2,2,273,492,763,9.29e-81,292
ASV2873,GCA_050014355.arch.0,86.765,272,36,0,2,273,491,762,4.41e-84,303
ASV5499,GCA_050010555.bact.0,84.364,275,38,5,2,273,508,780,2.02e-72,265
ASV4097,GCA_050010555.bact.0,85.448,268,37,2,8,273,513,780,2.60e-76,278
ASV4985,GCA_049521175.arch.0,87.591,274,32,2,1,273,491,763,5.51e-88,316
ASV4584,GCA_050014355.arch.0,85.036,274,39,2,1,273,490,762,2.60e-76,278
ASV3901,GCA_050014355.arch.0,86.131,274,36,2,1,273,490,762,2.65e-81,294
ASV5777,GCA_050010435.arch.0,84.588,279,31,11,1,273,538,810,5.63e-73,267
ASV5782,GCA_049514855.bact.1,88.806,268,30,0,6,273,178,445,7.27e-92,329
ASV4813,GCA_049522315.bact.0,81.227,277,44,8,1,273,254,526,5.75e-58,217
ASV5120,GCA_049516955.bact.0,81.588,277,43,8,1,273,527,799,1.24e-59,222
ASV5240,GCA_049513055.bact.0,82.310,277,41,8,1,273,546,818,5.71e-63,233
ASV4355,GCA_049516955.bact.0,81.851,281,35,15,1,273,527,799,1.24e-59,222
ASV5737,GCA_049516955.bact.0,81.720,279,39,12,1,273,527,799,1.27e-59,222
ASV5321,GCA_049513055.bact.0,83.513,279,34,11,1,273,546,818,5.83e-68,250
ASV5115,GCA_049516635.arch.0,73.571,280,60,12,1,273,514,786,2.89e-21,95.3
ASV5174,GCA_049521295.bact.0,75.465,269,64,2,6,273,530,797,7.71e-32,130
ASV3850,GCA_049519735.bact.0,81.319,273,51,0,1,273,546,818,1.24e-59,222
ASV4862,GCA_049516955.bact.0,80.741,270,48,4,6,273,532,799,3.46e-55,207
ASV1093,GCA_049516955.bact.0,82.721,272,39,7,6,273,532,799,1.59e-63,235
ASV4644,GCA_049513055.bact.0,79.422,277,49,7,1,273,546,818,1.25e-49,189
ASV5687,GCA_049513055.bact.0,80.645,279,42,11,1,273,546,818,1.28e-54,206
ASV4675,GCA_049514515.bact.0,79.211,279,46,12,1,273,546,818,5.83e-48,183
ASV4750,GCA_049513055.bact.0,79.137,278,48,10,1,273,546,818,5.99e-48,183
ASV2964,GCA_049513055.bact.0,82.014,278,40,10,1,273,546,818,2.66e-61,228
ASV5133,GCA_049513055.bact.0,80.505,277,46,8,1,273,546,818,1.24e-54,206
ASV4101,GCA_049518595.bact.0,81.481,270,46,4,6,273,529,796,1.64e-58,219
ASV4935,GCA_049516955.bact.0,81.852,270,45,4,6,273,532,799,3.53e-60,224
ASV4044,GCA_049516955.bact.0,79.348,276,51,6,1,273,527,799,1.25e-49,189
ASV3827,GCA_049514515.bact.0,80.364,275,50,4,1,273,546,818,1.28e-54,206
ASV4723,GCA_049516955.bact.0,79.783,277,48,7,1,273,527,799,2.69e-51,195
ASV5048,GCA_049516955.bact.0,80.443,271,47,6,6,273,532,799,1.65e-53,202
ASV5105,GCA_049516955.bact.0,81.181,271,44,7,6,272,532,799,2.66e-56,211
ASV4244,GCA_049516955.bact.0,80.515,272,45,8,6,273,532,799,1.61e-53,202
ASV4085,GCA_049519735.bact.0,80.292,274,52,2,1,273,546,818,1.24e-54,206
ASV4671,GCA_049519735.bact.0,80.364,275,51,3,1,274,546,818,1.27e-54,206
ASV5235,GCA_050010275.bact.0,81.588,277,43,8,1,273,544,816,1.27e-59,222
ASV4843,GCA_049518775.arch.0,77.256,277,55,8,1,273,483,755,1.27e-39,156
ASV5162,GCA_049520575.arch.0,81.159,276,46,6,1,273,538,810,5.75e-58,217
ASV1943,GCA_049514855.bact.1,80.370,270,49,2,6,273,178,445,1.65e-53,202
ASV4889,GCA_050011775.arch.0,78.229,271,51,8,8,273,534,801,5.87e-43,167
ASV4898,GCA_049523355.arch.0,77.256,277,55,8,1,273,538,810,1.27e-39,156
ASV4791,GCA_049513055.bact.0,79.928,279,44,11,1,273,546,818,2.69e-51,195
ASV5061,GCA_050010875.arch.0,82.353,272,37,10,8,273,504,770,9.55e-61,226
ASV4974,GCA_049516955.bact.0,79.348,276,51,6,1,273,527,799,1.29e-49,189
ASV4810,GCA_049520575.arch.0,81.884,276,44,5,1,273,538,810,2.66e-61,228
ASV5269,GCA_049516955.bact.0,80.866,277,45,8,1,273,527,799,2.68e-56,211
ASV5352,GCA_049512215.bact.0,84.783,276,36,6,1,273,520,792,1.21e-74,272
ASV5381,GCA_049509055.bact.0,80.866,277,45,7,1,273,534,806,2.75e-56,211
ASV3418,GCA_049518595.bact.0,80.505,277,46,8,1,273,524,796,1.24e-54,206
ASV5138,GCA_049519735.bact.0,80.072,276,49,5,1,273,546,818,5.95e-53,200
ASV3666,GCA_049513055.bact.0,80.935,278,43,10,1,273,546,818,2.68e-56,211
ASV4461,GCA_049516955.bact.0,80.727,275,49,4,1,273,527,799,2.75e-56,211
ASV4635,GCA_049512775.bact.0,78.707,263,56,0,11,273,199,461,1.00e-45,176
ASV4863,GCA_050011115.arch.0,80.727,275,47,4,2,273,538,809,9.89e-56,209
ASV4892,GCA_049522315.bact.0,83.146,267,45,0,7,273,260,526,2.71e-66,244
ASV5692,GCA_049523475.arch.0,86.081,273,38,0,1,273,542,814,2.58e-81,294
ASV5721,GCA_049514855.bact.1,83.764,271,38,6,6,273,178,445,1.58e-68,252
ASV5135,GCA_050011695.arch.0,83.083,266,40,5,11,273,512,775,4.54e-64,237
ASV5066,GCA_050010895.bact.0,77.818,275,57,4,1,273,515,787,5.87e-43,167
ASV1246,GCA_050012135.arch.0,76.667,270,59,3,6,273,508,775,7.86e-37,147
ASV4953,GCA_049520575.arch.0,83.942,274,40,4,2,273,539,810,9.42e-71,259
ASV5196,GCA_049521615.bact.0,81.716,268,39,10,11,273,512,774,2.13e-57,215
ASV5100,GCA_049508565.arch.0,79.245,265,52,3,10,272,513,776,2.09e-47,182
ASV4692,GCA_049997795.arch.0,74.532,267,58,10,12,273,482,743,3.61e-25,108
ASV3596,GCA_049512315.arch.0,79.394,165,23,8,117,279,589,744,1.33e-24,106
ASV4583,GCA_049513255.bact.0,77.061,279,52,7,1,273,520,792,6.08e-38,150
ASV4979,GCA_050008795.bact.0,88.235,136,12,4,140,273,669,802,9.83e-41,159
ASV5487,GCA_049513255.bact.0,81.550,271,44,6,6,273,525,792,1.64e-58,219
ASV4930,GCA_049522315.bact.0,84.962,266,34,6,11,273,264,526,2.02e-72,265
ASV5070,GCA_049512455.bact.0,85.714,273,37,2,2,273,534,805,4.44e-79,287
ASV5592,GCA_049518775.arch.0,88.000,275,27,5,2,273,484,755,4.26e-89,320
ASV5624,GCA_049512455.bact.0,85.294,272,40,0,2,273,534,805,2.07e-77,281
ASV5275,GCA_049522915.arch.0,85.401,274,36,4,2,273,526,797,2.01e-77,281
ASV5554,GCA_049508915.arch.0,84.477,277,32,10,2,272,520,791,7.25e-72,263
ASV5678,GCA_049511475.arch.0,85.978,271,38,0,1,271,537,807,3.41e-80,291
ASV5095,GCA_049508735.arch.0,84.559,272,42,0,2,273,482,753,4.35e-74,270
ASV5587,GCA_050012035.bact.0,84.411,263,39,2,12,273,222,483,3.39e-70,257
ASV2706,GCA_049522915.arch.0,82.784,273,45,2,2,273,526,797,9.49e-66,243
ASV4724,GCA_050012015.bact.0,84.249,273,43,0,1,273,489,761,5.78e-73,267
ASV5370,GCA_049521615.bact.0,85.036,274,39,2,1,273,502,774,2.67e-76,278
ASV4777,GCA_050011115.arch.0,81.387,274,47,4,2,273,538,809,4.45e-59,220
ASV5286,GCA_049512455.bact.0,83.212,274,42,4,2,273,534,805,2.04e-67,248
ASV4768,GCA_050011695.arch.0,80.866,277,44,9,2,273,503,775,9.62e-56,209
ASV4821,GCA_050011115.arch.0,80.797,276,45,8,2,273,538,809,9.89e-56,209
ASV3165,GCA_050011115.arch.0,81.022,274,48,2,2,273,538,809,2.13e-57,215
ASV4525,GCA_050011115.arch.0,82.418,273,46,2,2,273,538,809,4.54e-64,237
ASV2286,GCA_049523355.arch.1,81.455,275,45,6,2,273,496,767,4.57e-59,220
ASV4305,GCA_050010475.bact.0,82.784,273,45,2,2,273,521,792,9.49e-66,243
ASV2668,GCA_050010475.bact.0,81.319,273,49,2,2,273,521,792,4.45e-59,220
ASV3603,GCA_050010475.bact.0,82.051,273,47,2,2,273,521,792,2.05e-62,231
ASV5714,GCA_049518595.bact.0,85.714,273,39,0,1,273,524,796,1.23e-79,289
ASV1293,GCA_050008795.bact.0,80.755,265,49,2,10,273,539,802,1.28e-54,206
ASV3371,GCA_050008795.bact.0,81.132,265,48,2,10,273,539,802,2.68e-56,211
ASV3833,GCA_050008795.bact.0,80.377,265,50,2,10,273,539,802,5.95e-53,200
ASV5086,GCA_049522315.bact.0,86.364,264,34,2,11,273,264,526,4.44e-79,287
ASV5649,GCA_049522315.bact.0,87.732,269,29,3,7,273,260,526,2.63e-86,311
ASV5067,GCA_050010875.arch.0,84.249,273,43,0,1,273,498,770,5.63e-73,267
ASV4537,GCA_049523355.arch.0,83.764,271,37,6,7,273,543,810,5.67e-68,250
ASV4996,GCA_049523355.arch.0,84.249,273,32,7,7,273,543,810,1.22e-69,255
ASV4904,GCA_049521175.arch.0,83.942,274,42,2,1,273,491,763,2.69e-71,261
ASV4938,GCA_049511475.arch.0,85.036,274,39,2,1,273,535,807,2.60e-76,278
ASV4510,GCA_049521175.arch.0,84.982,273,41,0,1,273,491,763,2.60e-76,278
ASV3672,GCA_050010875.arch.0,84.307,274,41,2,1,273,498,770,5.63e-73,267
ASV3029,GCA_050010875.arch.0,84.307,274,41,2,1,273,498,770,5.63e-73,267
ASV1717,GCA_050010555.bact.0,85.818,275,36,2,1,273,507,780,1.20e-79,289
ASV2950,GCA_050010555.bact.0,85.455,275,37,2,1,273,507,780,5.59e-78,283
ASV3583,GCA_049515795.arch.0,84.727,275,38,4,1,273,537,809,1.24e-74,272
ASV2421,GCA_049514515.bact.0,83.883,273,44,0,1,273,546,818,2.62e-71,261
ASV3471,GCA_049511475.arch.0,84.615,273,42,0,1,273,535,807,1.24e-74,272
ASV190,GCA_049511475.arch.0,83.516,273,45,0,1,273,535,807,1.22e-69,255
ASV339,GCA_049511475.arch.0,83.150,273,46,0,1,273,535,807,5.67e-68,250
ASV212,GCA_049511475.arch.0,83.150,273,46,0,1,273,535,807,5.67e-68,250
ASV3804,GCA_049513055.bact.0,84.249,273,43,0,1,273,546,818,5.63e-73,267
ASV4571,GCA_049513055.bact.0,83.516,273,45,0,1,273,546,818,1.22e-69,255
ASV3331,GCA_049511475.arch.0,82.510,263,43,3,12,272,546,807,2.65e-61,228
ASV3771,GCA_049513055.bact.0,81.923,260,46,1,14,272,559,818,1.59e-58,219
ASV4073,GCA_049513055.bact.0,81.923,260,46,1,14,272,559,818,1.59e-58,219
ASV3490,GCA_049513055.bact.0,82.308,260,45,1,14,272,559,818,3.52e-60,224
ASV3159,GCA_049513055.bact.0,82.692,260,44,1,14,272,559,818,7.36e-62,230
ASV1242,GCA_050011695.arch.0,79.197,274,55,2,1,272,502,775,1.25e-49,189
ASV1426,GCA_050011695.arch.0,79.562,274,54,2,1,272,502,775,2.68e-51,195
ASV3038,GCA_050011695.arch.0,78.832,274,56,2,1,272,502,775,5.81e-48,183
ASV2335,GCA_050011695.arch.0,78.832,274,56,2,1,272,502,775,5.81e-48,183
ASV3170,GCA_049511475.arch.0,83.883,273,44,0,1,273,535,807,2.69e-71,261
ASV2644,GCA_050010875.arch.0,80.364,275,50,4,1,273,498,770,1.28e-54,206
ASV4280,GCA_050011115.arch.0,84.307,274,41,2,1,273,537,809,5.63e-73,267
ASV2118,GCA_049523355.arch.1,83.755,277,37,8,1,273,495,767,1.22e-69,255
ASV4228,GCA_049514515.bact.0,83.150,273,46,0,1,273,546,818,5.67e-68,250
ASV2580,GCA_049508835.bact.0,81.298,262,49,0,12,273,504,765,7.44e-57,213
ASV1499,GCA_050010875.arch.0,80.657,274,51,2,1,273,498,770,2.68e-56,211
ASV1786,GCA_050010875.arch.0,80.657,274,51,2,1,273,498,770,2.68e-56,211
ASV1041,GCA_050010875.arch.0,80.657,274,51,2,1,273,498,770,2.68e-56,211
ASV3534,GCA_049521175.arch.0,85.870,276,33,5,1,273,491,763,1.20e-79,289
ASV3473,GCA_050010875.arch.0,83.212,274,44,2,1,273,498,770,5.67e-68,250
ASV2341,GCA_049521175.arch.0,86.447,273,37,0,1,273,491,763,5.55e-83,300
ASV1830,GCA_049521175.arch.0,86.447,273,37,0,1,273,491,763,5.55e-83,300
ASV500,GCA_049508835.bact.0,82.463,268,47,0,6,273,498,765,1.59e-63,235
ASV586,GCA_049508835.bact.0,82.784,273,47,0,1,273,493,765,2.64e-66,244
ASV680,GCA_049508835.bact.0,82.463,268,47,0,6,273,498,765,1.59e-63,235
ASV442,GCA_049508835.bact.0,83.582,268,44,0,6,273,498,765,1.58e-68,252
ASV488,GCA_049508835.bact.0,83.209,268,45,0,6,273,498,765,7.33e-67,246
ASV216,GCA_049508835.bact.0,83.209,268,45,0,6,273,498,765,7.33e-67,246
ASV239,GCA_049508835.bact.0,82.836,268,46,0,6,273,498,765,3.41e-65,241
ASV2295,GCA_049511475.arch.0,83.883,273,44,0,1,273,535,807,2.62e-71,261
ASV2174,GCA_049511475.arch.0,84.249,273,43,0,1,273,535,807,5.78e-73,267
ASV4958,GCA_049508835.bact.0,83.150,273,46,0,1,273,493,765,5.80e-68,250
ASV1618,GCA_049523355.arch.1,85.036,274,39,2,1,273,495,767,2.60e-76,278
ASV2725,GCA_049515795.arch.0,83.883,273,44,0,1,273,537,809,2.62e-71,261
ASV4172,GCA_049515795.arch.0,83.883,273,44,0,1,273,537,809,2.62e-71,261
ASV4503,GCA_049523355.arch.1,83.212,274,43,3,1,272,495,767,2.03e-67,248
ASV1684,GCA_050012435.bact.0,83.942,274,42,2,1,272,484,757,2.61e-71,261
ASV1691,GCA_049508835.bact.0,85.448,268,38,1,6,272,498,765,2.59e-76,278
ASV3975,GCA_049508835.bact.0,83.582,268,43,1,6,272,498,765,5.80e-68,250
ASV2818,GCA_049512455.bact.0,83.942,274,41,3,1,272,533,805,9.38e-71,259
ASV5422,GCA_049523355.arch.1,84.249,273,42,1,1,272,495,767,2.02e-72,265
ASV1432,GCA_049523355.arch.1,82.909,275,42,5,1,272,495,767,9.45e-66,243
ASV4137,GCA_049508835.bact.0,84.328,268,41,1,6,272,498,765,2.61e-71,261
ASV2795,GCA_049521775.arch.0,82.759,145,25,0,129,273,665,809,7.71e-32,130
ASV5549,GCA_050010555.bact.0,83.755,277,36,8,2,273,508,780,4.38e-69,254
ASV4550,GCA_050008635.arch.0,83.150,273,46,0,1,273,468,740,5.67e-68,250
ASV5395,GCA_049513255.bact.0,83.636,275,41,4,1,273,520,792,1.25e-69,255
ASV4540,GCA_049513055.bact.0,82.482,274,45,3,1,272,546,818,4.52e-64,237
ASV5648,GCA_049513055.bact.0,85.348,273,40,0,1,273,546,818,5.74e-78,283
ASV4027,GCA_049514515.bact.0,86.447,273,37,0,1,273,546,818,5.70e-83,300
ASV5026,GCA_049514515.bact.0,86.182,275,34,4,1,273,546,818,2.65e-81,294
ASV4548,GCA_049511475.arch.0,82.182,275,44,4,1,272,535,807,2.05e-62,231
ASV3564,GCA_049523355.arch.0,80.515,272,43,9,7,272,543,810,5.77e-53,200
ASV3474,GCA_050008595.arch.0,81.132,265,39,10,14,272,550,809,1.65e-53,202
ASV1132,GCA_049523355.arch.0,81.818,264,39,7,14,272,551,810,7.41e-57,213
ASV3912,GCA_049523355.arch.0,80.228,263,45,5,14,272,551,810,3.57e-50,191
ASV4591,GCA_049523355.arch.0,80.228,263,45,5,14,272,551,810,3.47e-50,191
ASV3815,GCA_050012435.bact.0,82.609,276,42,5,1,272,484,757,1.22e-64,239
ASV5195,GCA_049513575.bact.0,77.007,274,60,3,1,272,532,804,4.55e-39,154
ASV4226,GCA_049523355.arch.1,91.209,273,24,0,1,273,495,767,1.19e-104,372
ASV3882,GCA_049523355.arch.1,90.110,273,27,0,1,273,495,767,1.17e-99,355
ASV35,GCA_049523355.arch.1,93.773,273,17,0,1,273,495,767,2.46e-116,411
ASV2555,GCA_049523355.arch.1,93.407,273,18,0,1,273,495,767,1.14e-114,405
ASV1409,GCA_049523355.arch.1,93.407,273,18,0,1,273,495,767,1.14e-114,405
ASV1770,GCA_049523355.arch.1,93.773,273,17,0,1,273,495,767,2.53e-116,411
ASV2524,GCA_049523355.arch.1,93.040,273,19,0,1,273,495,767,5.32e-113,399
ASV38,GCA_049523355.arch.1,93.407,273,18,0,1,273,495,767,1.14e-114,405
ASV58,GCA_049523355.arch.1,93.407,273,18,0,1,273,495,767,1.14e-114,405
ASV20,GCA_049523355.arch.1,93.773,273,17,0,1,273,495,767,2.46e-116,411
ASV12,GCA_049523355.arch.1,94.139,273,16,0,1,273,495,767,5.28e-118,416
ASV1097,GCA_049523355.arch.1,93.407,273,18,0,1,273,495,767,1.14e-114,405
ASV1402,GCA_049523355.arch.1,93.407,273,18,0,1,273,495,767,1.14e-114,405
ASV1201,GCA_049523355.arch.1,93.773,273,17,0,1,273,495,767,2.46e-116,411
ASV2543,GCA_049523355.arch.1,93.040,273,19,0,1,273,495,767,5.32e-113,399
ASV4627,GCA_049523355.arch.1,92.674,273,20,0,1,273,495,767,2.47e-111,394
ASV3806,GCA_049523355.arch.1,93.773,273,17,0,1,273,495,767,2.46e-116,411
ASV4824,GCA_049523355.arch.1,93.407,273,18,0,1,273,495,767,1.14e-114,405
ASV4997,GCA_049523355.arch.1,91.575,273,23,0,1,273,495,767,2.56e-106,377
ASV1106,GCA_049523355.arch.1,97.070,273,8,0,1,273,495,767,2.41e-131,460
ASV2351,GCA_049523355.arch.1,98.901,273,3,0,1,273,495,767,1.10e-139,488
ASV817,GCA_049523355.arch.1,99.267,273,2,0,1,273,495,767,2.37e-141,494
ASV1535,GCA_049523355.arch.1,98.901,273,3,0,1,273,495,767,1.10e-139,488
ASV1189,GCA_049523355.arch.1,99.267,273,2,0,1,273,495,767,2.37e-141,494
ASV1710,GCA_049523355.arch.1,99.267,273,2,0,1,273,495,767,2.37e-141,494
ASV541,GCA_049523355.arch.1,99.634,273,1,0,1,273,495,767,5.10e-143,499
ASV136,GCA_049523355.arch.1,95.238,273,13,0,1,273,495,767,5.24e-123,433
ASV116,GCA_049523355.arch.1,95.604,273,12,0,1,273,495,767,1.13e-124,438
ASV410,GCA_049523355.arch.1,94.872,273,14,0,1,273,495,767,2.44e-121,427
ASV329,GCA_049523355.arch.1,94.872,273,14,0,1,273,495,767,2.44e-121,427
ASV414,GCA_049523355.arch.1,95.238,273,13,0,1,273,495,767,5.24e-123,433
ASV4771,GCA_049523355.arch.1,91.575,273,23,0,1,273,495,767,2.49e-106,377
ASV2556,GCA_049523355.arch.1,90.876,274,23,2,1,273,495,767,5.40e-103,366
ASV623,GCA_049523355.arch.1,90.511,274,24,2,1,273,495,767,2.51e-101,361
ASV844,GCA_049523355.arch.1,90.511,274,24,2,1,273,495,767,2.51e-101,361
ASV1232,GCA_049523355.arch.1,90.876,274,23,2,1,273,495,767,5.40e-103,366
ASV1744,GCA_049523355.arch.1,89.781,274,26,2,1,273,495,767,5.43e-98,350
ASV3133,GCA_049523355.arch.1,91.606,274,21,2,1,273,495,767,2.49e-106,377
ASV2917,GCA_049523355.arch.1,90.110,273,27,0,1,273,495,767,1.17e-99,355
ASV4079,GCA_049523355.arch.1,90.476,273,26,0,1,273,495,767,2.51e-101,361
ASV784,GCA_049523355.arch.1,90.842,273,25,0,1,273,495,767,5.40e-103,366
ASV3171,GCA_049523355.arch.1,90.110,273,27,0,1,273,495,767,1.17e-99,355
ASV1320,GCA_049523355.arch.1,89.781,274,26,2,1,273,495,767,5.43e-98,350
ASV4628,GCA_049523355.arch.1,91.971,274,20,2,1,273,495,767,5.51e-108,383
ASV2204,GCA_049523355.arch.1,96.703,273,9,0,1,273,495,767,1.12e-129,455
ASV5285,GCA_050011695.arch.0,84.116,277,37,6,1,273,502,775,2.62e-71,261
ASV2415,GCA_049523355.arch.1,91.575,273,23,0,1,273,495,767,2.49e-106,377
ASV3357,GCA_049523355.arch.1,91.209,273,24,0,1,273,495,767,1.16e-104,372
ASV2488,GCA_049523355.arch.1,90.842,273,25,0,1,273,495,767,5.40e-103,366
ASV3205,GCA_049523355.arch.1,90.842,273,25,0,1,273,495,767,5.40e-103,366
ASV1993,GCA_049523355.arch.1,88.727,275,27,4,1,273,495,767,5.47e-93,333
ASV4739,GCA_049523355.arch.1,86.182,275,34,4,1,273,495,767,2.58e-81,294
ASV1700,GCA_049523355.arch.1,89.416,274,27,2,1,273,495,767,2.53e-96,344
ASV324,GCA_049523355.arch.1,91.606,274,21,2,1,273,495,767,2.49e-106,377
ASV482,GCA_049523355.arch.1,91.241,274,22,2,1,273,495,767,1.16e-104,372
ASV1055,GCA_049523355.arch.1,91.241,274,22,2,1,273,495,767,1.16e-104,372
ASV1243,GCA_049523355.arch.1,90.876,274,23,2,1,273,495,767,5.40e-103,366
ASV1506,GCA_049523355.arch.1,88.645,273,31,0,1,273,495,767,5.47e-93,333
ASV825,GCA_049523355.arch.1,91.241,274,22,2,1,273,495,767,1.16e-104,372
ASV690,GCA_049523355.arch.1,90.876,274,23,2,1,273,495,767,5.40e-103,366
ASV1828,GCA_049523355.arch.1,89.011,273,30,0,1,273,495,767,1.18e-94,339
ASV4275,GCA_049523355.arch.1,91.575,273,23,0,1,273,495,767,2.56e-106,377
ASV5038,GCA_049523355.arch.1,86.813,273,36,0,1,273,495,767,1.23e-84,305
ASV4505,GCA_049523355.arch.1,88.321,274,30,2,1,273,495,767,2.62e-91,327
ASV5747,GCA_049523355.arch.0,88.806,268,26,4,7,272,545,810,9.12e-91,326
ASV3118,GCA_049523355.arch.1,86.496,274,35,2,1,273,495,767,5.70e-83,300
ASV777,GCA_049523355.arch.1,85.401,274,38,2,1,273,495,767,5.59e-78,283
ASV3582,GCA_049523355.arch.1,85.766,274,37,2,1,273,495,767,1.20e-79,289
ASV1768,GCA_049523355.arch.1,86.496,274,35,2,1,273,495,767,5.55e-83,300
ASV3451,GCA_049523355.arch.1,85.766,274,37,2,1,273,495,767,1.20e-79,289
ASV4758,GCA_049523355.arch.0,82.784,273,47,0,1,273,538,810,2.64e-66,244
ASV5085,GCA_050012015.bact.0,82.784,273,47,0,1,273,489,761,2.64e-66,244
ASV5390,GCA_050013135.arch.0,81.091,275,48,3,1,273,466,738,5.75e-58,217
ASV4778,GCA_049523355.arch.1,84.672,274,40,2,1,273,495,767,1.24e-74,272
ASV2886,GCA_049521175.arch.0,83.516,273,45,0,1,273,491,763,1.22e-69,255
ASV5064,GCA_049521175.arch.0,82.545,275,43,5,1,272,491,763,4.40e-64,237
ASV4995,GCA_050013575.bact.0,84.000,275,40,4,1,273,538,810,2.62e-71,261
ASV4336,GCA_050012415.bact.0,85.252,278,31,10,1,273,499,771,2.60e-76,278
ASV3412,GCA_049514555.arch.0,86.397,272,37,0,2,273,517,788,2.00e-82,298
ASV5173,GCA_049523355.arch.1,83.577,274,43,2,1,273,495,767,1.22e-69,255
ASV847,GCA_050013575.bact.0,84.000,275,40,3,1,273,538,810,2.62e-71,261
ASV892,GCA_050013575.bact.0,84.000,275,40,3,1,273,538,810,2.62e-71,261
ASV306,GCA_050013575.bact.0,84.000,275,40,3,1,273,538,810,2.62e-71,261
ASV1241,GCA_050013575.bact.0,83.636,275,41,3,1,273,538,810,1.22e-69,255
ASV643,GCA_050013575.bact.0,83.636,275,41,3,1,273,538,810,1.22e-69,255
ASV4177,GCA_049511615.arch.0,80.797,276,45,7,2,273,503,774,9.62e-56,209
ASV4538,GCA_049523355.arch.1,85.455,275,36,4,1,273,495,767,5.59e-78,283
ASV4864,GCA_050013655.arch.0,80.292,274,52,2,1,273,518,790,1.24e-54,206
ASV5101,GCA_049523355.arch.1,86.909,275,32,4,1,273,495,767,1.19e-84,305
ASV1790,GCA_049523355.arch.1,89.416,274,27,2,1,273,495,767,2.53e-96,344
ASV5500,GCA_049523355.arch.1,82.117,274,47,2,1,273,495,767,5.71e-63,233
ASV4512,GCA_049523355.arch.1,85.870,276,33,6,1,273,495,767,1.20e-79,289
ASV4147,GCA_049523355.arch.1,87.226,274,33,2,1,273,495,767,2.63e-86,311
ASV5156,GCA_049523355.arch.1,86.081,273,38,0,1,273,495,767,2.58e-81,294
ASV3234,GCA_049523355.arch.1,85.818,275,35,4,1,273,495,767,1.20e-79,289
ASV2974,GCA_049523355.arch.1,89.818,275,24,4,1,273,495,767,5.43e-98,350
ASV1534,GCA_049523355.arch.1,90.545,275,22,4,1,273,495,767,2.58e-101,361
ASV4385,GCA_049523355.arch.1,89.091,275,26,3,1,273,495,767,1.21e-94,339
ASV3349,GCA_049523355.arch.1,88.686,274,29,2,1,273,495,767,5.47e-93,333
ASV4876,GCA_049523355.arch.1,86.909,275,32,4,1,273,495,767,1.23e-84,305
ASV4279,GCA_049523355.arch.1,89.011,273,30,0,1,273,495,767,1.18e-94,339
ASV4145,GCA_049523355.arch.1,84.672,274,40,2,1,273,495,767,1.21e-74,272
ASV5057,GCA_049522195.bact.0,84.672,274,40,2,1,273,529,801,1.21e-74,272
ASV308,GCA_049523355.arch.1,87.956,274,31,2,1,273,495,767,1.22e-89,322
ASV4351,GCA_050012435.bact.0,84.000,275,41,3,1,273,484,757,2.62e-71,261
ASV5264,GCA_049523355.arch.1,85.921,277,31,8,1,273,495,767,1.23e-79,289
ASV5230,GCA_049523355.arch.1,88.321,274,30,2,1,273,495,767,2.62e-91,327
ASV5147,GCA_049523355.arch.1,85.714,273,39,0,1,273,495,767,1.20e-79,289
ASV5058,GCA_049523355.arch.1,84.982,273,41,0,1,273,495,767,2.67e-76,278
ASV5055,GCA_049523355.arch.1,86.909,275,32,4,1,273,495,767,1.23e-84,305
ASV2503,GCA_049523355.arch.1,87.179,273,35,0,1,273,495,767,2.56e-86,311
ASV2626,GCA_049523355.arch.1,87.681,276,29,5,1,274,495,767,5.64e-88,316
ASV4555,GCA_049523355.arch.1,87.681,276,28,6,1,273,495,767,5.66e-88,316
ASV5437,GCA_049523355.arch.1,84.982,273,41,0,1,273,495,767,2.67e-76,278
ASV4650,GCA_049523355.arch.1,83.883,273,44,0,1,273,495,767,2.62e-71,261
ASV5748,GCA_050010475.bact.0,86.081,273,38,0,1,273,520,792,2.58e-81,294
ASV4581,GCA_049523355.arch.1,88.645,273,31,0,1,273,495,767,5.62e-93,333
ASV5343,GCA_049523355.arch.1,89.011,273,30,0,1,273,495,767,1.21e-94,339
ASV4514,GCA_049523355.arch.1,86.594,276,31,6,1,273,495,767,5.55e-83,300
ASV5258,GCA_049523355.arch.1,83.516,273,44,1,1,272,495,767,4.37e-69,254
ASV3774,GCA_049522915.arch.0,82.734,278,37,11,1,272,525,797,4.40e-64,237
ASV4808,GCA_049512455.bact.0,83.333,276,39,7,1,272,533,805,2.03e-67,248
ASV5302,GCA_050012015.bact.0,84.727,275,37,5,1,272,489,761,4.33e-74,270
ASV5637,GCA_050010475.bact.0,80.657,274,51,2,1,273,520,792,2.68e-56,211
ASV5783,GCA_049508915.arch.0,81.522,276,42,6,2,272,520,791,1.59e-58,219
ASV5031,GCA_050010475.bact.0,83.942,274,41,3,1,272,520,792,9.64e-71,259
ASV4756,GCA_050010475.bact.0,84.307,274,40,3,1,272,520,792,2.07e-72,265
ASV3812,GCA_050010475.bact.0,85.348,273,39,1,1,272,520,792,2.00e-77,281
ASV5764,GCA_050010475.bact.0,82.784,273,44,3,2,272,521,792,3.40e-65,241
ASV955,GCA_050010475.bact.0,83.333,276,39,6,1,272,520,792,2.03e-67,248
ASV905,GCA_049523355.arch.1,84.058,276,38,6,1,273,495,767,2.62e-71,261
ASV4934,GCA_049523355.arch.1,84.783,276,36,6,1,273,495,767,1.21e-74,272
ASV5106,GCA_050010475.bact.0,82.182,275,45,2,1,273,520,792,5.82e-63,233
ASV4390,GCA_049521175.arch.0,83.942,274,41,3,1,272,491,763,9.38e-71,259
ASV4509,GCA_049523355.arch.1,85.348,273,39,1,1,272,495,767,2.00e-77,281
ASV5654,GCA_049523355.arch.1,84.982,273,41,0,1,273,495,767,2.60e-76,278
ASV5000,GCA_049523355.arch.1,84.727,275,38,2,1,273,495,767,1.21e-74,272
ASV5301,GCA_050013135.arch.0,85.091,275,37,4,1,273,466,738,2.60e-76,278
ASV5745,GCA_049513575.bact.0,83.212,274,44,2,1,273,532,804,5.83e-68,250
ASV3613,GCA_049518775.arch.0,93.066,274,17,2,1,273,483,755,5.32e-113,399
ASV5410,GCA_050014955.arch.0,89.744,234,20,3,3,234,503,734,7.15e-82,296
ASV5537,GCA_049512215.bact.0,87.912,273,33,0,1,273,520,792,1.18e-89,322
ASV4561,GCA_049518775.arch.0,89.051,274,28,2,1,273,483,755,1.18e-94,339
ASV5191,GCA_049518775.arch.0,89.338,272,27,2,1,271,485,755,3.24e-95,340
ASV1881,GCA_049518775.arch.0,93.040,273,19,0,1,273,483,755,5.47e-113,399
ASV1550,GCA_049518775.arch.0,94.505,273,15,0,1,273,483,755,1.17e-119,422
ASV2704,GCA_049518775.arch.0,93.431,274,16,2,1,273,483,755,1.17e-114,405
ASV3888,GCA_049518775.arch.0,90.476,273,26,0,1,273,483,755,2.58e-101,361
ASV233,GCA_049518775.arch.0,93.407,273,18,0,1,273,483,755,1.14e-114,405
ASV1853,GCA_049518775.arch.0,93.040,273,19,0,1,273,483,755,5.32e-113,399
ASV3892,GCA_049518775.arch.0,94.505,273,15,0,1,273,483,755,1.14e-119,422
ASV4763,GCA_049518775.arch.0,90.876,274,23,2,1,273,483,755,5.54e-103,366
ASV5540,GCA_049518775.arch.0,93.536,263,17,0,11,273,493,755,9.15e-111,392
ASV184,GCA_049518775.arch.0,97.070,273,8,0,1,273,483,755,2.41e-131,460
ASV371,GCA_049518775.arch.0,95.604,273,12,0,1,273,483,755,1.13e-124,438
ASV751,GCA_049518775.arch.0,95.604,273,12,0,1,273,483,755,1.13e-124,438
ASV386,GCA_049518775.arch.0,95.238,273,13,0,1,273,483,755,5.24e-123,433
ASV1162,GCA_049518775.arch.0,95.238,273,13,0,1,273,483,755,5.24e-123,433
ASV615,GCA_049518775.arch.0,95.604,273,12,0,1,273,483,755,1.13e-124,438
ASV343,GCA_049518775.arch.0,97.070,273,8,0,1,273,483,755,2.41e-131,460
ASV283,GCA_049518775.arch.0,99.267,273,2,0,1,273,483,755,2.37e-141,494
ASV829,GCA_049518775.arch.0,98.535,273,4,0,1,273,483,755,5.13e-138,483
ASV989,GCA_049518775.arch.0,97.802,273,6,0,1,273,483,755,1.11e-134,472
ASV939,GCA_049518775.arch.0,97.436,273,7,0,1,273,483,755,5.17e-133,466
ASV186,GCA_049518775.arch.0,98.901,273,3,0,1,273,483,755,1.10e-139,488
ASV104,GCA_049518775.arch.0,98.535,273,4,0,1,273,483,755,5.13e-138,483
ASV380,GCA_049518775.arch.0,98.535,273,4,0,1,273,483,755,5.13e-138,483
ASV271,GCA_049518775.arch.0,98.901,273,3,0,1,273,483,755,1.10e-139,488
ASV100,GCA_049518775.arch.0,98.901,273,3,0,1,273,483,755,1.10e-139,488
ASV1895,GCA_049518775.arch.0,99.267,273,2,0,1,273,483,755,2.37e-141,494
ASV1686,GCA_049518775.arch.0,98.535,273,4,0,1,273,483,755,5.13e-138,483
ASV3528,GCA_049518775.arch.0,98.901,273,3,0,1,273,483,755,1.10e-139,488
ASV1303,GCA_049518775.arch.0,98.168,273,5,0,1,273,483,755,2.39e-136,477
ASV1031,GCA_049518775.arch.0,97.436,273,7,0,1,273,483,755,5.17e-133,466
ASV653,GCA_049518775.arch.0,97.070,273,8,0,1,273,483,755,2.41e-131,460
ASV1127,GCA_049518775.arch.0,91.575,273,23,0,1,273,483,755,2.49e-106,377
ASV3421,GCA_049518775.arch.0,90.146,274,25,2,1,273,483,755,1.17e-99,355
ASV2157,GCA_049518775.arch.0,92.674,273,20,0,1,273,483,755,2.54e-111,394
ASV1179,GCA_049518775.arch.0,91.971,274,20,2,1,273,483,755,5.51e-108,383
ASV5482,GCA_049518775.arch.0,88.686,274,29,2,1,273,483,755,5.62e-93,333
ASV4142,GCA_049511615.arch.0,94.872,273,14,0,1,273,502,774,2.44e-121,427
ASV4181,GCA_049511615.arch.0,94.139,273,16,0,1,273,502,774,5.28e-118,416
ASV459,GCA_049511615.arch.0,98.168,273,5,0,1,273,502,774,2.39e-136,477
ASV580,GCA_049511615.arch.0,98.535,273,4,0,1,273,502,774,5.13e-138,483
ASV807,GCA_049511615.arch.0,98.168,273,5,0,1,273,502,774,2.39e-136,477
ASV684,GCA_049511615.arch.0,98.535,273,4,0,1,273,502,774,5.13e-138,483
ASV1410,GCA_049511615.arch.0,98.901,273,3,0,1,273,502,774,1.10e-139,488
ASV1896,GCA_049511615.arch.0,96.337,273,10,0,1,273,502,774,5.21e-128,449
ASV3036,GCA_049511615.arch.0,95.604,273,12,0,1,273,502,774,1.13e-124,438
ASV1457,GCA_049511615.arch.0,92.674,273,20,0,1,273,502,774,2.54e-111,394
ASV5280,GCA_049511615.arch.0,91.636,275,19,4,1,273,502,774,2.56e-106,377
ASV5228,GCA_049518775.arch.0,88.727,275,27,4,1,273,483,755,5.47e-93,333
ASV5169,GCA_049518775.arch.0,89.781,274,24,3,1,272,483,754,1.95e-97,348
ASV5703,GCA_049518775.arch.0,86.296,270,35,2,3,271,487,755,9.47e-81,292
ASV2410,GCA_049523355.arch.0,86.296,270,32,5,7,273,543,810,1.20e-79,289
ASV2306,GCA_050011315.bact.0,81.455,275,48,3,1,274,531,803,1.24e-59,222
ASV5431,GCA_050018455.bact.0,80.935,278,43,10,1,273,541,813,2.68e-56,211
ASV4556,GCA_050010895.bact.0,85.348,273,38,2,2,273,516,787,2.01e-77,281
ASV4486,GCA_050010895.bact.0,82.482,274,44,4,2,273,516,787,4.41e-64,237
ASV4395,GCA_049516595.arch.0,82.847,274,43,4,2,273,504,775,9.75e-66,243
ASV5640,GCA_049521775.arch.0,86.813,273,36,0,1,273,537,809,1.19e-84,305
ASV5234,GCA_050010895.bact.0,84.615,273,40,2,2,273,516,787,4.35e-74,270
ASV3454,GCA_050010895.bact.0,86.397,272,37,0,2,273,516,787,2.00e-82,298
ASV139,GCA_050010895.bact.0,83.273,275,40,6,2,273,516,787,2.04e-67,248
ASV5641,GCA_050012435.bact.0,85.036,274,40,1,1,273,484,757,2.67e-76,278
ASV4669,GCA_050012435.bact.0,81.949,277,43,6,1,273,484,757,2.66e-61,228
ASV4825,GCA_050008795.bact.0,80.597,268,42,8,11,273,540,802,2.08e-52,198
ASV5548,GCA_050008635.arch.0,89.377,273,29,0,1,273,468,740,2.60e-96,344
ASV4879,GCA_050010895.bact.0,84.783,276,34,6,2,273,516,787,4.35e-74,270
ASV2122,GCA_050010895.bact.0,83.032,277,39,6,1,273,515,787,2.64e-66,244
ASV355,GCA_050010895.bact.0,83.333,276,40,6,1,273,515,787,5.67e-68,250
ASV5439,GCA_049513575.bact.0,83.273,275,42,4,1,273,532,804,5.67e-68,250
ASV4731,GCA_050010895.bact.0,83.636,275,41,4,1,273,515,787,1.22e-69,255
ASV3140,GCA_050010895.bact.0,82.545,275,44,4,1,273,515,787,1.23e-64,239
ASV5647,GCA_050010895.bact.0,82.182,275,43,5,2,273,516,787,2.05e-62,231
ASV4303,GCA_049513575.bact.0,82.955,264,43,2,11,273,542,804,4.41e-64,237
ASV2996,GCA_050010895.bact.0,83.636,275,41,4,1,273,515,787,1.22e-69,255
ASV4392,GCA_050011115.arch.0,84.477,277,35,7,1,273,537,809,5.63e-73,267
ASV5478,GCA_049508735.arch.0,82.397,267,39,8,11,273,491,753,9.82e-61,226
ASV2091,GCA_049512975.bact.0,79.705,271,45,9,8,273,479,744,4.51e-49,187
ASV4151,GCA_049512975.bact.0,79.705,271,45,9,8,273,479,744,4.51e-49,187
ASV5451,GCA_050013835.arch.0,82.671,277,41,7,1,273,502,775,1.23e-64,239
ASV5091,GCA_049518775.arch.0,93.431,137,7,2,138,273,620,755,1.61e-53,202
ASV5719,GCA_049523475.arch.0,86.182,275,34,4,1,273,542,814,2.58e-81,294
ASV5588,GCA_050010835.arch.0,79.323,266,49,6,11,273,549,811,2.10e-47,182
ASV5330,GCA_049518775.arch.0,81.716,268,39,9,11,273,493,755,2.13e-57,215
ASV3917,GCA_049517655.bact.0,81.041,269,44,7,9,273,555,820,3.46e-55,207
ASV5222,GCA_050010835.arch.0,81.579,266,43,6,11,273,549,811,2.13e-57,215
ASV5716,GCA_050012815.bact.0,81.522,276,45,5,1,273,507,779,1.27e-59,222
ASV5726,GCA_049514855.bact.1,82.246,276,43,5,1,273,173,445,5.71e-63,233
ASV5472,GCA_049508735.arch.0,82.909,275,43,4,1,273,481,753,2.64e-66,244
ASV5756,GCA_049508735.arch.0,83.712,264,41,2,11,273,491,753,2.04e-67,248
ASV5377,GCA_050010835.arch.0,81.132,265,46,3,11,273,549,811,9.89e-56,209
ASV5399,GCA_050010835.arch.0,81.648,267,41,7,11,273,549,811,2.13e-57,215
ASV5400,GCA_049512215.bact.0,83.456,272,31,14,9,273,528,792,3.41e-65,241
ASV5294,GCA_049508735.arch.0,85.401,274,39,1,1,274,481,753,5.61e-78,283
ASV2431,GCA_049513255.bact.0,82.671,277,40,8,1,273,520,792,1.23e-64,239
ASV5166,GCA_049518775.arch.0,85.921,277,31,7,1,273,483,755,1.23e-79,289
ASV4834,GCA_049512455.bact.0,86.594,276,32,5,1,274,533,805,5.57e-83,300
ASV4211,GCA_049513255.bact.0,84.892,278,33,9,1,274,520,792,1.24e-74,272
ASV4586,GCA_049513255.bact.0,84.672,274,40,2,1,273,520,792,1.24e-74,272
ASV5307,GCA_049509755.bact.0,85.185,270,35,4,7,274,42,308,1.24e-74,272
ASV3385,GCA_049513255.bact.0,83.394,277,37,9,2,274,521,792,2.09e-67,248
ASV4270,GCA_049521295.bact.0,81.618,272,43,6,6,274,530,797,1.61e-58,219
ASV4955,GCA_050013135.arch.0,82.545,275,43,5,2,274,467,738,4.52e-64,237
ASV4590,GCA_050013355.arch.0,83.453,278,37,9,1,274,533,805,5.69e-68,250
ASV5679,GCA_049518775.arch.0,87.273,275,31,4,1,273,483,755,2.63e-86,311
ASV4546,GCA_049508795.arch.0,91.228,57,5,0,221,277,731,787,2.88e-16,78.7
ASV4646,GCA_049513315.arch.0,92.857,56,4,0,224,279,754,809,2.24e-17,82.4
ASV4814,GCA_050011495.bact.0,78.339,277,53,7,1,273,491,764,1.26e-44,172
ASV4262,GCA_049521895.bact.0,80.866,277,46,7,1,273,604,877,2.68e-56,211
ASV1222,GCA_050011695.arch.0,78.339,277,53,7,1,273,502,775,1.26e-44,172
ASV2861,GCA_050011695.arch.0,78.339,277,53,7,1,273,502,775,1.26e-44,172
ASV5024,GCA_049508735.arch.0,80.216,278,46,6,1,274,481,753,5.81e-53,200
ASV5096,GCA_050011695.arch.0,79.004,281,45,12,1,274,502,775,7.57e-47,180
ASV1820,GCA_049521895.bact.0,87.226,274,31,4,1,272,606,877,9.37e-86,309
ASV4634,GCA_049521895.bact.0,82.264,265,43,4,10,272,615,877,9.52e-61,226
ASV4784,GCA_049521895.bact.0,82.642,265,42,4,10,272,615,877,2.09e-62,231
ASV4487,GCA_049521895.bact.0,82.246,276,42,6,1,273,606,877,2.05e-62,231
ASV3840,GCA_049521895.bact.0,84.615,273,41,1,1,273,606,877,4.44e-74,270
ASV2574,GCA_049521895.bact.0,83.942,274,41,3,1,273,606,877,9.61e-71,259
ASV4441,GCA_049521895.bact.0,82.609,276,41,6,1,273,606,877,4.41e-64,237
ASV5029,GCA_050011495.bact.0,87.546,273,32,2,1,272,493,764,2.01e-87,315
ASV4551,GCA_049521895.bact.0,87.591,274,30,4,1,272,606,877,1.97e-87,315
ASV5524,GCA_049521895.bact.0,83.942,274,40,4,1,272,606,877,9.57e-71,259
ASV3306,GCA_049521895.bact.0,85.294,272,40,0,1,272,606,877,2.00e-77,281
ASV4614,GCA_049521895.bact.0,88.603,272,31,0,1,272,606,877,2.00e-92,331
ASV3697,GCA_050011495.bact.0,86.029,272,38,0,1,272,493,764,9.43e-81,292
ASV5131,GCA_050011495.bact.0,88.235,272,32,0,1,272,493,764,9.12e-91,326
ASV4606,GCA_050011495.bact.0,86.081,273,36,2,1,272,493,764,9.43e-81,292
ASV1442,GCA_050011495.bact.0,88.603,272,31,0,1,272,493,764,1.96e-92,331
ASV4149,GCA_050011495.bact.0,90.074,272,27,0,1,272,493,764,4.18e-99,353
ASV4001,GCA_050011495.bact.0,90.074,272,27,0,1,272,493,764,4.18e-99,353
ASV3507,GCA_050011495.bact.0,89.338,272,29,0,1,272,493,764,9.06e-96,342
ASV4171,GCA_050011495.bact.0,89.706,272,28,0,1,272,493,764,1.95e-97,348
ASV3206,GCA_050011495.bact.0,89.706,272,28,0,1,272,493,764,1.95e-97,348
ASV1365,GCA_050011495.bact.0,88.603,272,31,0,1,272,493,764,1.96e-92,331
ASV4541,GCA_050011495.bact.0,92.279,272,21,0,1,272,493,764,4.13e-109,387
ASV3784,GCA_050011495.bact.0,89.706,272,28,0,1,272,493,764,1.95e-97,348
ASV4098,GCA_050011495.bact.0,91.912,272,22,0,1,272,493,764,1.96e-107,381
ASV692,GCA_050011495.bact.0,87.132,272,35,0,1,272,493,764,9.19e-86,309
ASV2326,GCA_050011495.bact.0,87.132,272,35,0,1,272,493,764,9.19e-86,309
ASV4480,GCA_050011495.bact.0,89.338,272,29,0,1,272,493,764,9.06e-96,342
ASV5570,GCA_049522315.bact.0,83.083,266,34,9,12,272,267,526,2.09e-62,231
ASV5652,GCA_050011495.bact.0,91.241,274,20,4,1,272,493,764,4.15e-104,370
ASV2603,GCA_050011495.bact.0,97.794,272,6,0,1,272,493,764,3.98e-134,470
ASV4233,GCA_050008735.bact.0,78.388,273,59,0,1,273,256,528,2.71e-46,178
ASV4836,GCA_049521615.bact.0,78.467,274,55,4,2,273,503,774,9.76e-46,176
ASV5032,GCA_049521615.bact.0,77.818,275,55,5,2,273,503,774,2.11e-42,165
ASV4206,GCA_049521615.bact.0,79.636,275,50,6,2,273,503,774,9.69e-51,193
ASV4573,GCA_049519735.bact.0,77.338,278,53,10,1,273,546,818,1.31e-39,156
ASV5176,GCA_049523355.arch.0,78.102,274,58,2,1,273,538,810,1.26e-44,172
ASV5490,GCA_049521615.bact.0,77.372,274,58,4,2,273,503,774,9.83e-41,159
ASV3340,GCA_049521615.bact.0,79.273,275,51,6,2,273,503,774,4.51e-49,187
ASV4712,GCA_049997875.bact.0,72.908,251,59,8,16,262,531,776,2.84e-16,78.7
ASV5043,GCA_049515915.bact.0,78.700,277,51,7,1,273,470,742,2.79e-46,178
ASV4939,GCA_049515915.bact.0,83.212,274,45,1,1,274,470,742,5.69e-68,250
ASV5017,GCA_049515915.bact.0,82.545,275,44,4,1,273,470,742,1.26e-64,239
ASV4431,GCA_049515915.bact.0,81.884,276,44,6,1,273,470,742,2.66e-61,228
ASV5432,GCA_049512455.bact.0,77.978,277,53,7,1,273,533,805,5.87e-43,167
ASV5636,GCA_049515915.bact.0,78.623,276,54,5,1,274,470,742,2.72e-46,178
ASV5203,GCA_049515915.bact.0,85.246,122,17,1,152,273,622,742,3.59e-30,124
ASV5204,GCA_049523135.bact.0,76.952,269,62,0,6,274,483,751,4.68e-39,154
ASV4645,GCA_049523135.bact.0,84.783,276,39,3,1,275,478,751,3.46e-75,274
ASV5084,GCA_049523135.bact.0,93.431,274,18,0,1,274,478,751,3.19e-115,407
ASV1863,GCA_049523135.bact.0,90.545,275,24,2,1,274,478,751,7.01e-102,363
ASV4261,GCA_049523135.bact.0,92.701,274,20,0,1,274,478,751,7.04e-112,396
ASV4283,GCA_049523135.bact.0,91.606,274,23,0,1,274,478,751,6.96e-107,379
ASV2243,GCA_049523135.bact.0,92.701,274,20,0,1,274,478,751,6.91e-112,396
ASV2853,GCA_049523135.bact.0,91.971,274,22,0,1,274,478,751,1.52e-108,385
ASV4649,GCA_049523135.bact.0,95.636,275,10,2,1,274,478,751,3.15e-125,440
ASV2090,GCA_049523135.bact.0,94.526,274,15,0,1,274,478,751,3.17e-120,424
ASV2655,GCA_049523135.bact.0,94.526,274,15,0,1,274,478,751,3.17e-120,424
ASV4910,GCA_050013615.bact.0,72.000,275,71,6,2,273,506,777,1.02e-15,76.8
ASV5345,GCA_050015515.arch.0,81.481,135,23,2,139,272,646,779,1.02e-25,110
ASV4515,GCA_049514435.bact.0,76.642,274,62,2,1,273,544,816,5.92e-38,150
ASV4730,GCA_050013355.arch.0,77.491,271,57,4,6,273,536,805,9.83e-41,159
ASV5436,GCA_049513595.bact.1,91.188,261,23,0,2,262,308,568,1.20e-99,355
ASV2232,GCA_049997795.arch.0,83.212,274,44,2,1,273,471,743,5.67e-68,250
ASV4906,GCA_049997795.arch.0,82.545,275,44,2,1,273,471,743,1.23e-64,239
ASV4308,GCA_049997795.arch.0,84.615,273,42,0,1,273,471,743,1.21e-74,272
ASV5180,GCA_049997795.arch.0,85.971,278,30,9,1,274,471,743,1.23e-79,289
ASV4574,GCA_049997795.arch.0,82.482,274,46,2,1,273,471,743,1.23e-64,239
ASV2490,GCA_049997795.arch.0,82.971,276,41,6,1,273,471,743,2.64e-66,244
ASV5331,GCA_049997795.arch.0,84.420,276,37,6,1,273,471,743,5.74e-73,267
ASV4759,GCA_049997855.bact.0,85.921,277,33,6,1,273,490,764,3.43e-80,291
ASV4554,GCA_049997795.arch.0,83.636,275,43,2,1,275,471,743,3.41e-70,257
ASV903,GCA_049997795.arch.0,87.956,274,32,1,1,274,471,743,1.19e-89,322
ASV2692,GCA_049997795.arch.0,87.956,274,32,1,1,274,471,743,1.19e-89,322
ASV4648,GCA_049997795.arch.0,86.131,274,37,1,1,274,471,743,2.59e-81,294
ASV5492,GCA_049997795.arch.0,85.145,276,35,5,1,273,471,743,2.67e-76,278
ASV4506,GCA_049997795.arch.0,89.781,274,26,2,1,273,471,743,5.43e-98,350
ASV4163,GCA_049997795.arch.0,94.139,273,16,0,1,273,471,743,5.43e-118,416
ASV2242,GCA_049997795.arch.0,91.606,274,22,1,1,274,471,743,2.50e-106,377
ASV2015,GCA_049997795.arch.0,90.545,275,22,4,1,273,471,743,2.58e-101,361
ASV4094,GCA_049997795.arch.0,86.861,274,35,1,1,274,471,743,1.20e-84,305
ASV5332,GCA_049997795.arch.0,84.982,273,41,0,1,273,471,743,2.60e-76,278
ASV5344,GCA_049997855.bact.0,84.390,205,28,4,79,280,548,751,2.14e-52,198
ASV5103,GCA_049997855.bact.0,82.545,275,39,8,4,273,494,764,5.71e-63,233
ASV4340,GCA_050015515.arch.0,74.254,268,64,4,9,274,515,779,3.62e-25,108
ASV5430,GCA_049997795.arch.0,76.364,275,61,4,1,273,471,743,2.83e-36,145
ASV3573,GCA_049997835.bact.0,81.227,277,44,7,1,273,493,765,5.75e-58,217
ASV4617,GCA_050015515.arch.0,80.364,275,50,4,1,273,507,779,1.24e-54,206
ASV4343,GCA_050008535.arch.1,94.253,261,15,0,1,261,509,769,5.32e-113,399
ASV2656,GCA_050015515.arch.0,95.238,273,13,0,1,273,507,779,5.24e-123,433
ASV5446,GCA_050015515.arch.0,92.308,260,20,0,14,273,520,779,4.29e-104,370
ASV4207,GCA_050015515.arch.0,94.118,272,16,0,2,273,508,779,1.95e-117,414
ASV3461,GCA_050015515.arch.0,99.267,273,2,0,1,273,507,779,2.44e-141,494
ASV5656,GCA_050015515.arch.0,89.377,273,29,0,1,273,507,779,2.53e-96,344
ASV2452,GCA_050015515.arch.0,97.436,273,7,0,1,273,507,779,5.17e-133,466
ASV5298,GCA_050015375.arch.0,84.528,265,39,2,1,264,18,281,2.69e-71,261
ASV4805,GCA_050013135.arch.0,82.946,129,15,6,152,277,614,738,1.02e-25,110
ASV4375,GCA_049997795.arch.0,79.856,139,23,4,141,277,608,743,7.94e-22,97.1
ASV748,GCA_049997795.arch.0,80.469,128,20,4,152,277,619,743,1.03e-20,93.5
ASV5044,GCA_049997795.arch.0,78.571,140,24,5,141,278,608,743,4.80e-19,87.9
ASV4324,GCA_050013355.arch.0,80.385,260,50,1,14,272,546,805,7.46e-52,196
ASV4896,GCA_050008595.arch.0,80.228,263,51,1,11,272,547,809,7.46e-52,196
ASV4451,GCA_049509755.bact.0,76.515,264,60,2,11,273,46,308,9.90e-36,143
ASV4539,GCA_049508565.arch.0,75.451,277,60,8,1,273,504,776,2.77e-31,128
ASV4887,GCA_049515535.bact.0,79.061,277,48,10,2,273,516,787,2.16e-47,182
ASV4994,GCA_049523355.arch.1,78.853,279,47,11,1,273,495,767,2.71e-46,178
ASV5154,GCA_049523355.arch.1,76.895,277,56,7,1,273,495,767,5.92e-38,150
ASV4043,GCA_049523215.bact.0,79.496,278,47,9,1,273,526,798,1.29e-49,189
ASV5140,GCA_049512975.bact.0,79.487,273,56,0,1,273,472,744,2.69e-51,195
ASV4740,GCA_050012435.bact.0,83.577,274,44,1,1,273,484,757,1.25e-69,255
ASV5566,GCA_049512975.bact.0,83.150,273,46,0,1,273,472,744,5.83e-68,250
ASV5633,GCA_049508915.arch.0,83.577,274,43,2,1,273,519,791,1.22e-69,255
ASV5375,GCA_049508915.arch.0,79.273,275,53,4,1,273,519,791,1.29e-49,189
ASV4736,GCA_049508915.arch.0,80.657,274,51,2,1,273,519,791,2.68e-56,211
ASV5200,GCA_050013795.arch.0,85.455,275,36,4,1,273,517,789,5.59e-78,283
ASV4773,GCA_050013795.arch.0,81.818,275,46,4,1,273,517,789,2.66e-61,228
ASV5056,GCA_050013795.arch.0,82.246,276,43,6,1,273,517,789,5.87e-63,233
ASV5662,GCA_049508915.arch.0,79.197,274,55,2,1,273,519,791,1.29e-49,189
ASV5027,GCA_050013795.arch.0,81.588,277,43,8,1,273,517,789,1.24e-59,222
ASV2991,GCA_050013475.arch.0,84.477,277,35,8,1,273,519,791,5.78e-73,267
ASV3570,GCA_050013475.arch.0,85.560,277,32,8,1,273,519,791,5.59e-78,283
ASV4552,GCA_049508915.arch.0,86.813,273,36,0,1,273,519,791,1.19e-84,305
ASV981,GCA_050013475.arch.0,86.131,274,36,2,1,273,519,791,2.58e-81,294
ASV2630,GCA_050013475.arch.0,84.420,276,37,6,1,273,519,791,5.63e-73,267
ASV4519,GCA_050013475.arch.0,84.249,273,43,0,1,273,519,791,5.63e-73,267
ASV336,GCA_049508915.arch.0,84.672,274,40,2,1,273,519,791,1.21e-74,272
ASV181,GCA_049508915.arch.0,85.036,274,39,2,1,273,519,791,2.60e-76,278
ASV309,GCA_049508915.arch.0,85.036,274,39,2,1,273,519,791,2.60e-76,278
ASV385,GCA_049508915.arch.0,85.036,274,39,2,1,273,519,791,2.60e-76,278
ASV170,GCA_049508915.arch.0,85.401,274,38,2,1,273,519,791,5.59e-78,283
ASV4378,GCA_050013795.arch.0,90.182,275,23,4,1,273,517,789,1.17e-99,355
ASV1305,GCA_049508915.arch.0,87.365,277,27,7,1,273,519,791,2.63e-86,311
ASV5127,GCA_050013795.arch.0,85.455,275,36,4,1,273,517,789,5.74e-78,283
ASV3779,GCA_049508915.arch.0,84.307,274,41,2,1,273,519,791,5.63e-73,267
ASV1034,GCA_049508915.arch.0,84.615,273,42,0,1,273,519,791,1.21e-74,272
ASV1474,GCA_050013795.arch.0,85.145,276,35,5,1,273,517,789,2.67e-76,278
ASV3602,GCA_050013475.arch.0,85.036,274,39,2,1,273,519,791,2.60e-76,278
ASV2910,GCA_050013475.arch.0,85.036,274,39,2,1,273,519,791,2.67e-76,278
ASV1809,GCA_050013475.arch.0,85.766,274,37,2,1,273,519,791,1.20e-79,289
ASV3151,GCA_049508915.arch.0,84.249,273,43,0,1,273,519,791,5.63e-73,267
ASV4372,GCA_049508915.arch.0,84.249,273,43,0,1,273,519,791,5.63e-73,267
ASV4401,GCA_050013795.arch.0,83.516,273,45,0,1,273,517,789,1.25e-69,255
ASV2297,GCA_049508915.arch.0,83.883,273,44,0,1,273,519,791,2.69e-71,261
ASV2820,GCA_049508915.arch.0,84.615,273,42,0,1,273,519,791,1.21e-74,272
ASV2085,GCA_049508915.arch.0,84.249,273,43,0,1,273,519,791,5.63e-73,267
ASV1953,GCA_050013795.arch.0,83.516,273,45,0,1,273,517,789,1.22e-69,255
ASV5419,GCA_049512975.bact.0,80.714,280,40,9,1,273,472,744,1.24e-54,206
ASV5625,GCA_050013795.arch.0,89.916,119,12,0,68,186,671,789,3.03e-39,154
ASV5586,GCA_050008635.arch.0,82.857,280,34,13,1,273,468,740,1.23e-64,239
ASV2031,GCA_050013795.arch.0,84.615,273,42,0,1,273,517,789,1.24e-74,272
ASV4741,GCA_049508915.arch.0,83.273,275,42,4,1,273,519,791,5.67e-68,250
ASV4681,GCA_050013795.arch.0,85.714,273,39,0,1,273,517,789,1.20e-79,289
ASV4875,GCA_050011635.arch.0,79.348,276,52,5,1,274,44,316,1.28e-49,189
ASV4801,GCA_050013795.arch.0,82.784,273,47,0,1,273,517,789,2.71e-66,244
ASV4327,GCA_050013795.arch.0,87.179,273,35,0,1,273,517,789,2.56e-86,311
ASV4846,GCA_050013795.arch.0,83.883,273,44,0,1,273,517,789,2.62e-71,261
ASV5455,GCA_050013355.arch.0,75.090,277,61,7,1,273,533,805,1.33e-29,122
ASV4638,GCA_050013795.arch.0,85.818,275,35,4,1,273,517,789,1.20e-79,289
ASV1076,GCA_050013795.arch.0,87.319,276,29,6,1,273,517,789,2.56e-86,311
ASV4042,GCA_050013795.arch.0,84.229,279,32,10,1,273,517,789,2.62e-71,261
ASV4655,GCA_050013795.arch.0,86.282,277,30,7,1,273,517,789,2.65e-81,294
ASV1355,GCA_050013795.arch.0,85.455,275,36,4,1,273,517,789,5.59e-78,283
ASV4318,GCA_050013795.arch.0,86.545,275,33,4,1,273,517,789,5.55e-83,300
ASV3500,GCA_050013795.arch.0,89.377,273,29,0,1,273,517,789,2.53e-96,344
ASV1359,GCA_050013795.arch.0,84.364,275,39,4,1,273,517,789,5.63e-73,267
ASV4452,GCA_050013795.arch.0,84.000,275,40,4,1,273,517,789,2.69e-71,261
ASV4377,GCA_049515655.arch.0,77.419,279,51,9,1,273,527,799,1.27e-39,156
ASV5305,GCA_050013795.arch.0,85.091,275,37,4,1,273,517,789,2.67e-76,278
ASV3104,GCA_050013795.arch.0,84.000,275,40,4,1,273,517,789,2.62e-71,261
ASV5533,GCA_050008635.arch.0,82.545,275,44,4,1,273,468,740,1.26e-64,239
ASV3273,GCA_050013795.arch.0,88.686,274,29,2,1,273,517,789,5.47e-93,333
ASV2776,GCA_049508915.arch.0,89.818,275,24,4,1,273,519,791,5.43e-98,350
ASV5388,GCA_049508915.arch.0,90.182,275,23,4,1,273,519,791,1.17e-99,355
ASV4710,GCA_049508915.arch.0,82.182,275,45,4,1,273,519,791,5.87e-63,233
ASV2215,GCA_049508915.arch.0,86.447,273,37,0,1,273,519,791,5.55e-83,300
ASV5041,GCA_049508915.arch.0,79.401,267,39,14,15,273,533,791,3.61e-45,174
ASV4484,GCA_049508915.arch.0,76.157,281,51,15,1,273,519,791,5.96e-33,134
ASV1620,GCA_049508915.arch.0,77.857,280,48,13,1,273,519,791,2.81e-41,161
ASV4839,GCA_049508915.arch.0,85.145,276,35,5,1,273,519,791,2.60e-76,278
ASV4943,GCA_050013795.arch.0,87.546,273,34,0,1,273,517,789,5.51e-88,316
ASV2104,GCA_049508915.arch.0,89.091,275,26,4,1,273,519,791,1.18e-94,339
ASV2428,GCA_049508915.arch.0,88.645,273,31,0,1,273,519,791,5.47e-93,333
ASV3477,GCA_049508915.arch.0,89.744,273,28,0,1,273,519,791,5.58e-98,350
ASV685,GCA_050013795.arch.0,89.377,273,29,0,1,273,517,789,2.53e-96,344
ASV1482,GCA_050013795.arch.0,89.818,275,24,4,1,273,517,789,5.43e-98,350
ASV4699,GCA_050013795.arch.0,91.575,273,23,0,1,273,517,789,2.56e-106,377
ASV3933,GCA_049508915.arch.0,91.575,273,23,0,1,273,519,791,2.56e-106,377
ASV4205,GCA_049508915.arch.0,91.575,273,23,0,1,273,519,791,2.56e-106,377
ASV4691,GCA_049508915.arch.0,91.941,273,22,0,1,273,519,791,5.51e-108,383
ASV2447,GCA_049508915.arch.0,95.971,273,11,0,1,273,519,791,2.49e-126,444
ASV1762,GCA_049508915.arch.0,95.238,273,13,0,1,273,519,791,5.24e-123,433
ASV1115,GCA_049508915.arch.0,95.238,273,13,0,1,273,519,791,5.24e-123,433
ASV1473,GCA_049508915.arch.0,96.337,273,10,0,1,273,519,791,5.21e-128,449
ASV125,GCA_049508915.arch.0,95.604,273,12,0,1,273,519,791,1.13e-124,438
ASV2496,GCA_049508915.arch.0,94.872,273,14,0,1,273,519,791,2.44e-121,427
ASV138,GCA_049508915.arch.0,95.238,273,13,0,1,273,519,791,5.24e-123,433
ASV223,GCA_049508915.arch.0,95.604,273,12,0,1,273,519,791,1.13e-124,438
ASV325,GCA_049508915.arch.0,95.971,273,11,0,1,273,519,791,2.42e-126,444
ASV626,GCA_049508915.arch.0,96.703,273,9,0,1,273,519,791,1.12e-129,455
ASV1835,GCA_050013795.arch.0,94.139,273,16,0,1,273,517,789,5.28e-118,416
ASV1415,GCA_050013795.arch.0,90.842,273,25,0,1,273,517,789,5.40e-103,366
ASV4013,GCA_050013795.arch.0,91.941,273,22,0,1,273,517,789,5.36e-108,383
ASV4307,GCA_050013795.arch.0,91.941,273,22,0,1,273,517,789,5.36e-108,383
ASV5616,GCA_050013795.arch.0,85.714,273,39,0,1,273,517,789,1.20e-79,289
ASV4448,GCA_050013795.arch.0,94.139,273,16,0,1,273,517,789,5.28e-118,416
ASV4682,GCA_050013795.arch.0,94.505,273,15,0,1,273,517,789,1.14e-119,422
ASV366,GCA_050013795.arch.0,98.535,273,4,0,1,273,517,789,5.13e-138,483
ASV3470,GCA_050013795.arch.0,98.901,273,3,0,1,273,517,789,1.13e-139,488
ASV3550,GCA_049508915.arch.0,93.040,273,19,0,1,273,519,791,5.32e-113,399
ASV1423,GCA_050013795.arch.0,93.773,273,17,0,1,273,517,789,2.46e-116,411
ASV992,GCA_050013795.arch.0,93.407,273,18,0,1,273,517,789,1.14e-114,405
ASV1006,GCA_050013795.arch.0,93.040,273,19,0,1,273,517,789,5.32e-113,399
ASV706,GCA_050013795.arch.0,93.407,273,18,0,1,273,517,789,1.14e-114,405
ASV1428,GCA_049508915.arch.0,81.818,275,46,4,1,273,519,791,2.66e-61,228
ASV4564,GCA_050013795.arch.0,90.476,273,26,0,1,273,517,789,2.51e-101,361
ASV5065,GCA_050013795.arch.0,89.011,273,30,0,1,273,517,789,1.18e-94,339
ASV4987,GCA_050013795.arch.0,87.218,266,28,6,11,273,527,789,2.00e-82,298
ASV5237,GCA_050013795.arch.0,86.312,263,36,0,11,273,527,789,4.32e-79,287
ASV5781,GCA_049513695.bact.0,81.159,276,42,9,1,271,503,773,7.58e-57,213
ASV5775,GCA_049508915.arch.0,81.455,275,47,4,1,273,519,791,1.27e-59,222
ASV4780,GCA_050013475.arch.0,88.321,274,30,2,1,273,519,791,2.62e-91,327
ASV4661,GCA_049508915.arch.0,86.861,274,34,2,1,273,519,791,1.19e-84,305
ASV5746,GCA_049508915.arch.0,85.145,276,35,6,1,273,519,791,2.60e-76,278
ASV5698,GCA_049518595.bact.0,85.036,274,37,4,1,272,524,795,9.32e-76,276
ASV5279,GCA_049509755.bact.0,80.657,274,51,2,1,273,36,308,2.68e-56,211
ASV5006,GCA_050013795.arch.0,82.182,275,45,4,1,273,517,789,5.71e-63,233
ASV5612,GCA_050008615.arch.0,94.309,123,7,0,151,273,635,757,1.29e-49,189
ASV5743,GCA_049523215.bact.0,89.051,274,28,2,1,273,526,798,1.18e-94,339
ASV1369,GCA_049523215.bact.0,97.070,273,8,0,1,273,526,798,2.41e-131,460
ASV718,GCA_049523215.bact.0,97.802,273,6,0,1,273,526,798,1.11e-134,472
ASV1893,GCA_049523215.bact.0,99.634,273,1,0,1,273,526,798,5.10e-143,499
ASV4984,GCA_049514575.bact.0,91.513,271,23,0,1,271,548,818,3.20e-105,374
ASV3983,GCA_049521335.bact.0,98.901,273,3,0,1,273,545,817,1.10e-139,488
ASV4860,GCA_049514575.bact.0,91.606,274,21,2,1,273,546,818,2.49e-106,377
ASV3252,GCA_049514575.bact.0,89.091,275,26,4,1,273,546,818,1.18e-94,339
ASV2429,GCA_049514575.bact.0,89.744,273,28,0,1,273,546,818,5.43e-98,350
ASV1121,GCA_049523215.bact.0,85.507,276,34,6,1,273,526,798,5.59e-78,283
ASV1920,GCA_049523215.bact.0,85.091,275,37,4,1,273,526,798,2.60e-76,278
ASV4188,GCA_049523215.bact.0,85.091,275,37,4,1,273,526,798,2.67e-76,278
ASV1761,GCA_049523215.bact.0,85.091,275,37,4,1,273,526,798,2.60e-76,278
ASV2062,GCA_050011775.arch.0,86.861,274,35,1,1,273,528,801,1.19e-84,305
ASV3291,GCA_050011775.arch.0,86.131,274,37,1,1,273,528,801,2.65e-81,294
ASV4193,GCA_050011775.arch.0,86.496,274,36,1,1,273,528,801,5.55e-83,300
ASV3303,GCA_050011775.arch.0,86.496,274,36,1,1,273,528,801,5.55e-83,300
ASV2749,GCA_050011775.arch.0,86.131,274,37,1,1,273,528,801,2.58e-81,294
ASV1737,GCA_050011775.arch.0,86.131,274,37,1,1,273,528,801,2.58e-81,294
ASV3115,GCA_050011775.arch.0,85.766,274,38,1,1,273,528,801,1.20e-79,289
ASV1143,GCA_050011775.arch.0,85.036,274,40,1,1,273,528,801,2.67e-76,278
ASV1507,GCA_050011775.arch.0,89.051,274,29,1,1,273,528,801,1.21e-94,339
ASV1885,GCA_050011775.arch.0,88.686,274,30,1,1,273,528,801,5.47e-93,333
ASV1361,GCA_050011775.arch.0,88.686,274,30,1,1,273,528,801,5.47e-93,333
ASV5179,GCA_050011775.arch.0,85.870,276,34,5,1,273,528,801,1.23e-79,289
ASV5784,GCA_049997795.arch.0,85.057,261,38,1,14,274,484,743,2.07e-72,265
ASV4458,GCA_050011775.arch.0,86.957,276,31,4,1,273,528,801,1.19e-84,305
ASV3824,GCA_050011775.arch.0,86.182,275,35,3,1,273,528,801,2.58e-81,294
ASV4781,GCA_049515655.arch.0,83.333,276,40,5,1,273,527,799,5.67e-68,250
ASV5491,GCA_050018335.bact.0,82.909,275,42,5,1,272,545,817,9.45e-66,243
ASV5053,GCA_050013835.arch.0,84.058,276,39,5,1,273,502,775,2.62e-71,261
ASV5731,GCA_050012435.bact.0,86.545,275,34,3,1,273,484,757,5.55e-83,300
ASV5620,GCA_050011695.arch.0,84.364,275,40,3,1,273,502,775,5.63e-73,267
ASV4922,GCA_050013835.arch.0,89.591,269,28,0,6,274,507,775,9.31e-96,342
ASV4412,GCA_050011695.arch.0,90.511,274,26,0,1,274,502,775,7.14e-102,363
ASV5319,GCA_050011695.arch.0,89.219,269,29,0,6,274,507,775,4.33e-94,337
ASV5097,GCA_050011695.arch.0,88.104,269,32,0,6,274,507,775,4.28e-89,320
ASV3110,GCA_050011695.arch.0,95.402,261,12,0,14,274,515,775,5.30e-118,416
ASV3153,GCA_050011695.arch.0,94.052,269,16,0,6,274,507,775,8.87e-116,409
ASV3796,GCA_050011695.arch.0,95.167,269,13,0,6,274,507,775,8.81e-121,425
ASV510,GCA_050011695.arch.0,94.161,274,16,0,1,274,502,775,1.47e-118,418
ASV1391,GCA_050011695.arch.0,93.066,274,19,0,1,274,502,775,1.48e-113,401
ASV313,GCA_050011695.arch.0,96.691,272,9,0,1,272,504,775,4.09e-129,453
ASV182,GCA_050011695.arch.0,96.324,272,10,0,1,272,504,775,1.87e-127,448
ASV815,GCA_050011695.arch.0,95.588,272,12,0,1,272,504,775,4.04e-124,436
ASV77,GCA_050011695.arch.0,95.956,272,11,0,1,272,504,775,8.68e-126,442
ASV78,GCA_050011695.arch.0,95.588,272,12,0,1,272,504,775,4.04e-124,436
ASV148,GCA_050011695.arch.0,95.588,272,12,0,1,272,504,775,4.04e-124,436
ASV205,GCA_050011695.arch.0,95.221,272,13,0,1,272,504,775,1.88e-122,431
ASV110,GCA_050011695.arch.0,95.221,272,13,0,1,272,504,775,1.88e-122,431
ASV4453,GCA_050011695.arch.0,92.193,269,21,0,6,274,507,775,1.93e-107,381
ASV2581,GCA_049516955.bact.0,92.674,273,20,0,1,273,527,799,2.47e-111,394
ASV5382,GCA_049516955.bact.0,88.806,268,30,0,6,273,532,799,7.27e-92,329
ASV5413,GCA_049516955.bact.0,86.989,269,33,2,6,273,532,799,1.54e-83,302
ASV4568,GCA_049514215.bact.0,86.545,275,33,4,1,273,524,796,5.55e-83,300
ASV4993,GCA_049514215.bact.0,87.273,275,31,3,1,273,524,796,2.56e-86,311
ASV5284,GCA_049514215.bact.0,87.179,273,34,1,1,272,524,796,9.19e-86,309
ASV5732,GCA_050012435.bact.0,85.870,276,34,5,1,273,484,757,1.20e-79,289
ASV5171,GCA_049511615.arch.0,87.546,273,34,0,1,273,502,774,5.66e-88,316
ASV5615,GCA_050012015.bact.0,85.766,274,37,2,1,273,489,761,1.20e-79,289
ASV4725,GCA_050012435.bact.0,89.091,275,27,3,1,273,484,757,1.21e-94,339
ASV5170,GCA_050011695.arch.0,88.043,276,29,4,1,274,502,775,3.31e-90,324
ASV4558,GCA_049513255.bact.0,88.768,276,24,7,1,272,520,792,2.01e-92,331
ASV4580,GCA_049516955.bact.0,90.000,270,23,4,6,273,532,799,7.03e-97,346
ASV4367,GCA_049512975.bact.0,85.818,275,35,4,1,273,472,744,1.20e-79,289
ASV4857,GCA_050012435.bact.0,85.091,275,38,3,1,273,484,757,2.60e-76,278
ASV5172,GCA_049513255.bact.0,83.212,274,44,2,1,273,520,792,5.67e-68,250
ASV2093,GCA_049509055.bact.0,89.051,274,28,2,1,273,534,806,1.18e-94,339
ASV644,GCA_049509055.bact.0,88.686,274,29,2,1,273,534,806,5.47e-93,333
ASV1819,GCA_049509055.bact.0,88.321,274,30,2,1,273,534,806,2.55e-91,327
ASV2171,GCA_050011315.bact.0,86.861,274,34,2,1,273,531,803,1.23e-84,305
ASV1874,GCA_050011315.bact.0,86.861,274,34,2,1,273,531,803,1.19e-84,305
ASV1297,GCA_049509055.bact.0,86.496,274,35,2,1,273,534,806,5.55e-83,300
ASV1324,GCA_049509055.bact.0,86.131,274,36,2,1,273,534,806,2.58e-81,294
ASV1429,GCA_049509055.bact.0,86.131,274,36,2,1,273,534,806,2.58e-81,294
ASV3416,GCA_050010435.arch.0,83.955,268,31,11,11,271,548,810,7.28e-67,246
ASV630,GCA_050011315.bact.0,89.130,276,24,2,1,273,531,803,1.18e-94,339
ASV3742,GCA_049513055.bact.0,86.182,275,34,4,1,273,546,818,2.58e-81,294
ASV4485,GCA_050011315.bact.0,91.575,273,23,0,1,273,531,803,2.49e-106,377
ASV4195,GCA_050011315.bact.0,91.209,273,24,0,1,273,531,803,1.16e-104,372
ASV2011,GCA_050011315.bact.0,91.575,273,23,0,1,273,531,803,2.49e-106,377
ASV3720,GCA_050011315.bact.0,91.209,273,24,0,1,273,531,803,1.16e-104,372
ASV4592,GCA_050011315.bact.0,90.476,273,26,0,1,273,531,803,2.58e-101,361
ASV5584,GCA_050011315.bact.0,87.956,274,31,2,1,273,531,803,1.22e-89,322
ASV1453,GCA_050011315.bact.0,91.941,273,22,0,1,273,531,803,5.36e-108,383
ASV2102,GCA_050011315.bact.0,97.436,273,7,0,1,273,531,803,5.17e-133,466
ASV5424,GCA_050011315.bact.0,93.407,273,18,0,1,273,531,803,1.14e-114,405
ASV1166,GCA_050011315.bact.0,96.337,273,10,0,1,273,531,803,5.35e-128,449
ASV4944,GCA_050011315.bact.0,87.956,274,31,2,1,273,531,803,1.22e-89,322
ASV2336,GCA_050011315.bact.0,86.545,275,33,4,1,273,531,803,5.70e-83,300
ASV3476,GCA_050011315.bact.0,86.182,275,34,4,1,273,531,803,2.58e-81,294
ASV1609,GCA_050011315.bact.0,86.909,275,32,4,1,273,531,803,1.19e-84,305
ASV4811,GCA_049513255.bact.0,89.455,275,25,4,1,273,520,792,2.53e-96,344
ASV3713,GCA_049509055.bact.0,95.604,273,12,0,1,273,534,806,1.13e-124,438
ASV2804,GCA_049509055.bact.0,94.872,273,14,0,1,273,534,806,2.44e-121,427
ASV1726,GCA_049509055.bact.0,95.604,273,12,0,1,273,534,806,1.13e-124,438
ASV2299,GCA_049509055.bact.0,95.971,273,11,0,1,273,534,806,2.42e-126,444
ASV1508,GCA_049509055.bact.0,95.238,273,13,0,1,273,534,806,5.24e-123,433
ASV230,GCA_049509055.bact.0,98.168,273,5,0,1,273,534,806,2.45e-136,477
ASV1585,GCA_049509055.bact.0,98.168,273,5,0,1,273,534,806,2.39e-136,477
ASV1118,GCA_049509055.bact.0,97.070,273,8,0,1,273,534,806,2.41e-131,460
ASV856,GCA_049509055.bact.0,97.802,273,6,0,1,273,534,806,1.14e-134,472
ASV2125,GCA_049509055.bact.0,97.802,273,6,0,1,273,534,806,1.11e-134,472
ASV400,GCA_049509055.bact.0,98.168,273,5,0,1,273,534,806,2.39e-136,477
ASV811,GCA_049509055.bact.0,98.535,273,4,0,1,273,534,806,5.13e-138,483
ASV1779,GCA_049512215.bact.0,98.535,273,4,0,1,273,520,792,5.13e-138,483
ASV1581,GCA_049512215.bact.0,98.168,273,5,0,1,273,520,792,2.39e-136,477
ASV1325,GCA_049512215.bact.0,98.901,273,3,0,1,273,520,792,1.10e-139,488
ASV2123,GCA_049513255.bact.0,98.901,273,3,0,1,273,520,792,1.10e-139,488
ASV1794,GCA_049513255.bact.0,99.267,273,2,0,1,273,520,792,2.44e-141,494
ASV1178,GCA_049513255.bact.0,98.901,273,3,0,1,273,520,792,1.10e-139,488
ASV1364,GCA_049513255.bact.0,99.634,273,1,0,1,273,520,792,5.10e-143,499
ASV1169,GCA_049512215.bact.0,98.901,273,3,0,1,273,520,792,1.10e-139,488
ASV179,GCA_049512215.bact.0,98.535,273,4,0,1,273,520,792,5.13e-138,483
ASV276,GCA_049509055.bact.0,97.436,273,7,0,1,273,534,806,5.17e-133,466
ASV1880,GCA_049509055.bact.0,96.703,273,9,0,1,273,534,806,1.12e-129,455
ASV1633,GCA_049509055.bact.0,96.703,273,9,0,1,273,534,806,1.12e-129,455
ASV2310,GCA_049509055.bact.0,95.971,273,11,0,1,273,534,806,2.42e-126,444
ASV4187,GCA_049509055.bact.0,96.337,273,10,0,1,273,534,806,5.35e-128,449
ASV1096,GCA_049522915.arch.0,98.535,273,4,0,1,273,525,797,5.13e-138,483
ASV1502,GCA_049522915.arch.0,98.901,273,3,0,1,273,525,797,1.10e-139,488
ASV1240,GCA_049512455.bact.0,97.070,273,8,0,1,273,533,805,2.41e-131,460
ASV2842,GCA_049512455.bact.0,97.070,273,8,0,1,273,533,805,2.41e-131,460
ASV3483,GCA_049512455.bact.0,96.703,273,9,0,1,273,533,805,1.12e-129,455
ASV1664,GCA_049512455.bact.0,96.703,273,9,0,1,273,533,805,1.12e-129,455
ASV2882,GCA_049509055.bact.0,95.971,273,11,0,1,273,534,806,2.42e-126,444
ASV5613,GCA_049512455.bact.0,90.942,276,19,6,1,273,533,805,5.40e-103,366
ASV5465,GCA_049512215.bact.0,90.842,273,25,0,1,273,520,792,5.40e-103,366
ASV5617,GCA_049522915.arch.0,85.036,274,39,2,1,273,525,797,2.60e-76,278
ASV5078,GCA_049512215.bact.0,92.045,264,21,0,1,264,520,783,1.16e-104,372
ASV5245,GCA_049512215.bact.0,89.416,274,27,2,1,273,520,792,2.53e-96,344
ASV5626,GCA_049509055.bact.0,90.152,264,22,4,12,273,545,806,3.27e-95,340
ASV3075,GCA_049512215.bact.0,91.575,273,23,0,1,273,520,792,2.56e-106,377
ASV4058,GCA_049512215.bact.0,92.674,273,20,0,1,273,520,792,2.47e-111,394
ASV206,GCA_049513255.bact.0,94.526,274,13,2,1,273,520,792,1.14e-119,422
ASV1237,GCA_049513255.bact.0,94.526,274,13,2,1,273,520,792,1.14e-119,422
ASV4735,GCA_049512215.bact.0,91.273,275,20,4,1,273,520,792,1.19e-104,372
ASV1360,GCA_049512455.bact.0,89.455,275,25,4,1,273,533,805,2.60e-96,344
ASV4937,GCA_049512455.bact.0,88.686,274,29,2,1,273,533,805,5.62e-93,333
ASV471,GCA_049509055.bact.0,94.526,274,13,2,1,273,534,806,1.14e-119,422
ASV4271,GCA_049509055.bact.0,92.336,274,19,2,1,273,534,806,1.15e-109,388
ASV4501,GCA_049509055.bact.0,91.176,272,22,2,1,271,536,806,1.49e-103,368
ASV3875,GCA_049512215.bact.0,89.091,275,26,4,1,273,520,792,1.21e-94,339
ASV5611,GCA_049509055.bact.0,90.146,274,25,2,1,273,534,806,1.20e-99,355
ASV5713,GCA_049522915.arch.0,86.496,274,35,2,1,273,525,797,5.55e-83,300
ASV2486,GCA_049512215.bact.0,89.377,273,29,0,1,273,520,792,2.53e-96,344
ASV1654,GCA_049522915.arch.0,92.701,274,18,2,1,273,525,797,2.54e-111,394
ASV5572,GCA_050011695.arch.0,87.226,274,34,1,1,273,502,775,2.56e-86,311
ASV4059,GCA_050013835.arch.0,86.813,273,34,2,1,272,504,775,4.27e-84,303
ASV4872,GCA_050013835.arch.0,87.778,270,31,2,6,274,507,775,2.03e-87,315
ASV1116,GCA_050013835.arch.0,92.308,273,19,2,1,272,504,775,4.13e-109,387
ASV434,GCA_050013835.arch.0,92.308,273,19,2,1,272,504,775,4.13e-109,387
ASV1441,GCA_050013835.arch.0,93.040,273,17,2,1,272,504,775,1.91e-112,398
ASV1262,GCA_050013835.arch.0,91.575,273,21,2,1,272,504,775,8.93e-106,375
ASV2952,GCA_050013835.arch.0,90.476,273,24,2,1,272,504,775,8.99e-101,359
ASV3145,GCA_050013835.arch.0,90.842,273,23,2,1,272,504,775,1.93e-102,364
ASV5371,GCA_050013835.arch.0,87.226,274,31,4,1,272,504,775,9.19e-86,309
ASV5457,GCA_050013835.arch.0,81.455,275,44,7,1,271,504,775,1.59e-58,219
ASV3665,GCA_050011695.arch.0,89.706,272,28,0,1,272,504,775,1.99e-97,348
ASV4547,GCA_050011695.arch.0,90.335,269,26,0,6,274,507,775,4.30e-99,353
ASV5281,GCA_049509055.bact.0,81.522,276,42,9,1,272,536,806,1.59e-58,219
ASV806,GCA_050011695.arch.0,92.674,273,18,2,1,272,504,775,8.87e-111,392
ASV1728,GCA_050011695.arch.0,90.074,272,27,0,1,272,504,775,4.18e-99,353
ASV1527,GCA_050011695.arch.0,92.308,273,19,2,1,272,504,775,4.21e-109,387
ASV1998,GCA_050011695.arch.0,89.744,273,26,2,1,272,504,775,1.95e-97,348
ASV2530,GCA_050011695.arch.0,92.000,275,20,2,1,274,502,775,1.52e-108,385
ASV4563,GCA_050011695.arch.0,89.416,274,29,0,1,274,502,775,7.06e-97,346
ASV2978,GCA_050013835.arch.0,87.912,273,33,0,2,274,503,775,1.19e-89,322
ASV4667,GCA_050011695.arch.0,88.645,273,31,0,2,274,503,775,5.49e-93,333
ASV2959,GCA_050011695.arch.0,88.278,273,32,0,2,274,503,775,2.56e-91,327
ASV5530,GCA_050013835.arch.0,86.716,271,33,3,3,271,506,775,1.98e-82,298
ASV999,GCA_050011695.arch.0,90.809,272,25,0,1,272,504,775,1.97e-102,364
ASV3944,GCA_050011695.arch.0,91.912,272,22,0,1,272,504,775,1.92e-107,381
ASV4598,GCA_050011695.arch.0,89.416,274,29,0,1,274,502,775,7.06e-97,346
ASV4156,GCA_050011695.arch.0,88.971,272,30,0,1,272,504,775,4.30e-94,337
ASV5071,GCA_050013835.arch.0,85.766,274,39,0,1,274,502,775,3.43e-80,291
ASV5463,GCA_050011695.arch.0,87.956,274,33,0,1,274,502,775,3.31e-90,324
ASV5130,GCA_050013835.arch.0,88.506,261,30,0,14,274,515,775,5.64e-88,316
ASV4690,GCA_050013835.arch.0,90.074,272,27,0,1,272,504,775,4.27e-99,353
ASV5102,GCA_050013835.arch.0,87.546,273,34,0,2,274,503,775,5.64e-88,316
ASV4131,GCA_050013835.arch.0,91.575,273,21,2,1,272,504,775,8.93e-106,375
ASV4183,GCA_050013835.arch.0,91.209,273,22,2,1,272,504,775,4.24e-104,370
ASV1263,GCA_050013835.arch.0,89.377,273,27,2,1,272,504,775,9.24e-96,342
ASV2801,GCA_050013835.arch.0,87.868,272,33,0,1,272,504,775,4.24e-89,320
ASV5007,GCA_050013835.arch.0,86.813,273,34,2,1,272,504,775,4.36e-84,303
ASV553,GCA_050013835.arch.0,93.750,272,17,0,1,272,504,775,8.98e-116,409
ASV4175,GCA_050013835.arch.0,92.279,272,21,0,1,272,504,775,4.13e-109,387
ASV2210,GCA_050011695.arch.0,99.265,272,2,0,1,272,504,775,8.50e-141,492
ASV1965,GCA_050013835.arch.0,99.265,272,2,0,1,272,504,775,8.50e-141,492
ASV2357,GCA_050013835.arch.0,98.897,272,3,0,1,272,504,775,3.95e-139,486
ASV3298,GCA_050013835.arch.0,98.529,272,4,0,1,272,504,775,1.84e-137,481
ASV3001,GCA_050011695.arch.0,98.897,272,3,0,1,272,504,775,3.95e-139,486
ASV607,GCA_050011695.arch.0,98.897,272,3,0,1,272,504,775,3.95e-139,486
ASV1173,GCA_050011695.arch.0,98.897,272,3,0,1,272,504,775,3.95e-139,486
ASV451,GCA_050011695.arch.0,99.265,272,2,0,1,272,504,775,8.50e-141,492
ASV1137,GCA_050011695.arch.0,98.897,272,3,0,1,272,504,775,3.95e-139,486
ASV1569,GCA_050011695.arch.0,98.529,272,4,0,1,272,504,775,1.84e-137,481
ASV575,GCA_050011695.arch.0,98.897,272,3,0,1,272,504,775,3.95e-139,486
ASV1151,GCA_050011695.arch.0,98.897,272,3,0,1,272,504,775,3.95e-139,486
ASV754,GCA_050011695.arch.0,98.897,272,3,0,1,272,504,775,3.95e-139,486
ASV967,GCA_050011695.arch.0,98.162,272,5,0,1,272,504,775,8.56e-136,475
ASV528,GCA_050011695.arch.0,98.529,272,4,0,1,272,504,775,1.84e-137,481
ASV1342,GCA_050011695.arch.0,95.985,274,11,0,1,274,502,775,6.76e-127,446
ASV2937,GCA_050011695.arch.0,99.632,272,1,0,1,272,504,775,1.83e-142,497
ASV487,GCA_050011695.arch.0,95.971,273,9,2,1,272,504,775,8.68e-126,442
ASV495,GCA_050013835.arch.0,93.750,272,17,0,1,272,504,775,8.80e-116,409
ASV1086,GCA_050013835.arch.0,94.853,272,14,0,1,272,504,775,8.74e-121,425
ASV2643,GCA_050013835.arch.0,93.015,272,19,0,1,272,504,775,1.91e-112,398
ASV915,GCA_050013835.arch.0,94.118,272,16,0,1,272,504,775,1.89e-117,414
ASV3215,GCA_050013835.arch.0,93.750,272,17,0,1,272,504,775,8.80e-116,409
ASV746,GCA_050011695.arch.0,94.118,272,16,0,1,272,504,775,1.89e-117,414
ASV245,GCA_050013835.arch.0,92.647,272,20,0,1,272,504,775,8.87e-111,392
ASV518,GCA_050013835.arch.0,91.912,272,22,0,1,272,504,775,1.92e-107,381
ASV916,GCA_050011695.arch.0,93.015,272,19,0,1,272,504,775,1.91e-112,398
ASV301,GCA_050011695.arch.0,92.647,272,20,0,1,272,504,775,8.87e-111,392
ASV378,GCA_050011695.arch.0,91.912,272,22,0,1,272,504,775,1.92e-107,381
ASV340,GCA_050013835.arch.0,92.647,272,20,0,1,272,504,775,8.87e-111,392
ASV217,GCA_050013835.arch.0,95.588,272,12,0,1,272,504,775,4.04e-124,436
ASV437,GCA_050013835.arch.0,95.588,272,12,0,1,272,504,775,4.04e-124,436
ASV132,GCA_050013835.arch.0,95.588,272,12,0,1,272,504,775,4.04e-124,436
ASV231,GCA_050013835.arch.0,95.221,272,13,0,1,272,504,775,1.88e-122,431
ASV133,GCA_050013835.arch.0,95.956,272,11,0,1,272,504,775,8.68e-126,442
ASV4186,GCA_050013835.arch.0,94.118,272,16,0,1,272,504,775,1.89e-117,414
ASV275,GCA_050013835.arch.0,92.647,272,20,0,1,272,504,775,8.87e-111,392
ASV342,GCA_050013835.arch.0,93.382,272,18,0,1,272,504,775,4.10e-114,403
ASV382,GCA_050013835.arch.0,94.485,272,15,0,1,272,504,775,4.07e-119,420
ASV713,GCA_050011695.arch.0,95.221,272,13,0,1,272,504,775,1.88e-122,431
ASV311,GCA_050011695.arch.0,95.221,272,13,0,1,272,504,775,1.88e-122,431
ASV4524,GCA_050011695.arch.0,94.161,274,16,0,1,274,502,775,1.47e-118,418
ASV840,GCA_050011695.arch.0,94.161,274,16,0,1,274,502,775,1.47e-118,418
ASV519,GCA_050011695.arch.0,93.431,274,18,0,1,274,502,775,3.19e-115,407
ASV2077,GCA_050011695.arch.0,93.066,274,19,0,1,274,502,775,1.48e-113,401
ASV3060,GCA_050011695.arch.0,92.701,274,20,0,1,274,502,775,6.91e-112,396
ASV3328,GCA_050011695.arch.0,92.701,274,20,0,1,274,502,775,6.91e-112,396
ASV1557,GCA_050011695.arch.0,92.336,274,21,0,1,274,502,775,3.21e-110,390
ASV3628,GCA_050011695.arch.0,94.161,274,16,0,1,274,502,775,1.50e-118,418
ASV645,GCA_050011695.arch.0,92.701,274,20,0,1,274,502,775,6.91e-112,396
ASV1102,GCA_050011695.arch.0,93.431,274,18,0,1,274,502,775,3.19e-115,407
ASV521,GCA_050011695.arch.0,94.526,274,15,0,1,274,502,775,3.17e-120,424
ASV604,GCA_050011695.arch.0,93.796,274,17,0,1,274,502,775,6.86e-117,412
ASV833,GCA_050011695.arch.0,94.161,274,16,0,1,274,502,775,1.47e-118,418
ASV3126,GCA_050011695.arch.0,94.853,272,14,0,1,272,504,775,8.74e-121,425
ASV3392,GCA_050011695.arch.0,92.279,272,21,0,1,272,504,775,4.13e-109,387
ASV2682,GCA_050011695.arch.0,86.182,275,33,5,2,273,503,775,9.29e-81,292
ASV2825,GCA_049513575.bact.0,84.926,272,41,0,2,273,533,804,9.35e-76,276
ASV2652,GCA_049513575.bact.0,85.294,272,40,0,2,273,533,804,2.01e-77,281
ASV866,GCA_049513575.bact.0,98.901,273,3,0,1,273,532,804,1.10e-139,488
ASV3352,GCA_049513575.bact.0,99.634,273,1,0,1,273,532,804,5.10e-143,499
ASV2086,GCA_049513575.bact.0,86.081,273,38,0,1,273,532,804,2.58e-81,294
ASV2494,GCA_049513575.bact.0,86.813,273,36,0,1,273,532,804,1.19e-84,305
ASV1177,GCA_049513575.bact.0,88.768,276,25,5,1,273,532,804,5.47e-93,333
ASV2908,GCA_049513575.bact.0,87.097,279,25,9,1,274,532,804,1.20e-84,305
ASV5022,GCA_049513575.bact.0,86.594,276,31,5,1,273,532,804,5.55e-83,300
ASV5538,GCA_049513575.bact.0,86.232,276,32,5,1,273,532,804,2.58e-81,294
ASV5139,GCA_049513575.bact.0,86.090,266,29,7,12,273,543,804,7.23e-77,279
ASV4764,GCA_049513575.bact.0,88.732,213,20,4,1,211,532,742,3.48e-70,257
ASV3265,GCA_049513575.bact.0,88.768,276,25,6,1,273,532,804,5.47e-93,333
ASV4426,GCA_049513575.bact.0,88.727,275,27,4,1,273,532,804,5.47e-93,333
ASV5473,GCA_050011695.arch.0,82.796,279,36,10,1,272,502,775,1.22e-64,239
ASV5383,GCA_050010475.bact.0,85.401,274,38,2,1,273,520,792,5.59e-78,283
ASV5429,GCA_049521295.bact.0,89.552,268,28,0,4,271,530,797,3.24e-95,340
ASV3437,GCA_049521295.bact.0,98.535,273,4,0,1,273,525,797,5.13e-138,483
ASV4399,GCA_049521295.bact.0,96.337,273,10,0,1,273,525,797,5.21e-128,449
ASV2832,GCA_049521295.bact.0,99.267,273,2,0,1,273,525,797,2.37e-141,494
ASV1080,GCA_049521295.bact.0,98.901,273,3,0,1,273,525,797,1.10e-139,488
ASV912,GCA_049508835.bact.0,97.436,273,7,0,1,273,493,765,5.31e-133,466
ASV1814,GCA_049508835.bact.0,97.436,273,7,0,1,273,493,765,5.31e-133,466
ASV2650,GCA_049521295.bact.0,98.901,273,3,0,1,273,525,797,1.10e-139,488
ASV2079,GCA_049521295.bact.0,97.802,273,6,0,1,273,525,797,1.11e-134,472
ASV3435,GCA_049521295.bact.0,98.535,273,4,0,1,273,525,797,5.13e-138,483
ASV3531,GCA_049521295.bact.0,97.802,273,6,0,1,273,525,797,1.11e-134,472
ASV3028,GCA_049521295.bact.0,98.168,273,5,0,1,273,525,797,2.39e-136,477
ASV5560,GCA_049521295.bact.0,88.258,264,29,2,11,273,535,797,2.04e-87,315
ASV5238,GCA_049523355.arch.1,85.036,274,39,2,1,273,495,767,2.67e-76,278
ASV4721,GCA_049523355.arch.0,86.245,269,32,5,5,271,545,810,4.41e-79,287
ASV5750,GCA_049523355.arch.1,86.643,277,29,7,1,273,495,767,5.55e-83,300
ASV4890,GCA_049513055.bact.0,79.273,275,53,4,1,273,546,818,1.29e-49,189
ASV1314,GCA_050012855.arch.0,81.609,261,44,4,15,273,553,811,7.44e-57,213
ASV4782,GCA_050011535.arch.0,86.081,273,38,0,1,273,510,782,2.58e-81,294
ASV5013,GCA_050011115.arch.0,80.451,266,46,4,11,273,547,809,2.08e-52,198
ASV994,GCA_050012015.bact.0,80.755,265,47,4,11,273,499,761,4.48e-54,204
ASV944,GCA_050011535.arch.0,80.292,274,52,2,1,273,510,782,1.24e-54,206
ASV3962,GCA_050011535.arch.0,79.927,274,53,2,1,273,510,782,5.79e-53,200
ASV4765,GCA_049517655.bact.0,80.657,274,51,2,1,273,548,820,2.68e-56,211
ASV4596,GCA_050011115.arch.0,82.197,264,45,2,11,273,547,809,9.55e-61,226
ASV5763,GCA_049518595.bact.0,80.297,269,50,3,6,272,529,796,5.93e-53,200
ASV5260,GCA_050011565.arch.0,81.022,274,49,3,1,272,500,772,2.06e-57,215
ASV5340,GCA_049513255.bact.0,79.853,273,54,1,1,272,520,792,2.13e-52,198
ASV3916,GCA_049510995.arch.0,79.348,276,50,7,1,272,494,766,4.49e-49,187
ASV4414,GCA_049510995.arch.0,81.159,276,45,7,1,272,494,766,2.06e-57,215
ASV1842,GCA_050011115.arch.0,96.703,273,9,0,1,273,537,809,1.12e-129,455
ASV4252,GCA_050015715.arch.0,81.366,161,20,10,118,273,652,807,1.29e-29,122
ASV4799,GCA_049513575.bact.0,78.700,277,51,4,1,273,532,804,2.71e-46,178
ASV4006,GCA_050012415.bact.0,83.214,280,32,10,2,274,500,771,9.52e-66,243
ASV5676,GCA_049513575.bact.0,76.868,281,47,12,2,273,533,804,1.02e-35,143
ASV176,GCA_049509755.bact.0,85.560,277,32,8,1,273,36,308,5.74e-78,283
ASV2683,GCA_049509755.bact.0,82.374,278,39,10,1,273,36,308,5.71e-63,233
ASV1471,GCA_049523355.arch.0,86.989,269,32,3,7,273,543,810,5.55e-83,300
ASV3025,GCA_050011635.arch.0,84.672,274,40,2,1,273,44,316,1.21e-74,272
ASV2019,GCA_049521615.bact.0,83.883,273,42,2,2,273,503,774,9.42e-71,259
ASV4050,GCA_049521175.arch.0,85.921,277,31,8,1,273,491,763,1.20e-79,289
ASV2810,GCA_049521175.arch.0,84.116,277,36,8,1,273,491,763,2.62e-71,261
ASV2512,GCA_049521615.bact.0,84.249,273,41,2,2,273,503,774,2.02e-72,265
ASV1175,GCA_049521615.bact.0,84.249,273,41,2,2,273,503,774,2.02e-72,265
ASV2491,GCA_049521615.bact.0,83.883,273,42,2,2,273,503,774,9.42e-71,259
ASV3351,GCA_049521615.bact.0,83.883,273,42,2,2,273,503,774,9.42e-71,259
ASV1176,GCA_049521615.bact.0,84.615,273,40,2,2,273,503,774,4.35e-74,270
ASV2016,GCA_049521615.bact.0,83.883,273,42,2,2,273,503,774,9.42e-71,259
ASV1701,GCA_050010875.arch.0,83.212,274,44,2,1,273,498,770,5.67e-68,250
ASV411,GCA_050008615.arch.0,83.453,278,34,11,2,273,486,757,2.04e-67,248
ASV228,GCA_050008615.arch.0,83.813,278,33,11,2,273,486,757,4.38e-69,254
ASV150,GCA_050008615.arch.0,83.813,278,33,11,2,273,486,757,4.38e-69,254
ASV194,GCA_050008615.arch.0,83.453,278,34,11,2,273,486,757,2.04e-67,248
ASV1960,GCA_050010875.arch.0,83.333,276,40,5,1,273,498,770,5.67e-68,250
ASV2248,GCA_050010875.arch.0,83.696,276,39,5,1,273,498,770,1.22e-69,255
ASV536,GCA_049521615.bact.0,84.249,273,41,2,2,273,503,774,2.02e-72,265
ASV2173,GCA_049521615.bact.0,84.982,273,39,2,2,273,503,774,9.61e-76,276
ASV3335,GCA_049521615.bact.0,85.348,273,38,2,2,273,503,774,2.01e-77,281
ASV1578,GCA_049521615.bact.0,83.883,273,42,2,2,273,503,774,9.42e-71,259
ASV759,GCA_049521615.bact.0,84.615,273,40,2,2,273,503,774,4.35e-74,270
ASV2759,GCA_050013835.arch.0,87.365,277,28,7,1,273,502,775,2.63e-86,311
ASV4980,GCA_049522195.bact.0,83.273,275,42,4,1,273,529,801,5.83e-68,250
ASV4800,GCA_049522915.arch.0,81.022,274,48,4,2,273,526,797,2.07e-57,215
ASV5346,GCA_049523355.arch.0,87.361,269,31,3,7,273,543,810,1.19e-84,305
ASV4386,GCA_050010475.bact.0,85.036,274,39,2,1,273,520,792,2.60e-76,278
ASV3342,GCA_050010475.bact.0,84.307,274,41,2,1,273,520,792,5.63e-73,267
ASV4047,GCA_049514855.bact.1,81.852,270,44,5,6,272,178,445,1.27e-59,222
ASV3749,GCA_050010475.bact.0,85.036,274,39,2,1,273,520,792,2.60e-76,278
ASV4905,GCA_050011555.bact.0,82.310,277,41,8,1,273,511,783,5.87e-63,233
ASV4352,GCA_049521175.arch.0,83.942,274,42,2,1,273,491,763,2.62e-71,261
ASV5016,GCA_049509755.bact.0,81.295,278,42,10,1,273,36,308,5.75e-58,217
ASV4095,GCA_049509755.bact.0,83.813,278,35,10,1,273,36,308,1.25e-69,255
ASV1427,GCA_049512775.bact.0,81.720,279,39,11,1,273,189,461,1.24e-59,222
ASV1138,GCA_049512775.bact.0,82.437,279,37,11,1,273,189,461,5.71e-63,233
ASV2412,GCA_049521295.bact.1,82.288,271,42,6,6,273,545,812,7.59e-62,230
ASV1921,GCA_049521295.bact.1,82.657,271,41,6,6,273,545,812,1.59e-63,235
ASV1579,GCA_049512775.bact.0,82.437,279,37,12,1,273,189,461,5.71e-63,233
ASV1875,GCA_049512775.bact.0,82.079,279,38,12,1,273,189,461,2.73e-61,228
ASV1114,GCA_049512775.bact.0,82.437,279,37,11,1,273,189,461,5.71e-63,233
ASV1877,GCA_049512775.bact.0,81.949,277,42,7,1,273,189,461,2.66e-61,228
ASV3300,GCA_049512775.bact.0,82.310,277,41,7,1,273,189,461,5.71e-63,233
ASV2994,GCA_049512775.bact.0,82.079,279,38,11,1,273,189,461,2.66e-61,228
ASV4968,GCA_050011115.arch.0,84.838,277,34,7,1,273,537,809,1.21e-74,272
ASV5639,GCA_049509755.bact.0,79.211,279,46,12,1,273,36,308,5.99e-48,183
ASV5751,GCA_049510055.bact.0,80.866,277,42,10,3,273,546,817,3.56e-55,207
ASV5259,GCA_050008735.bact.0,80.952,273,52,0,1,273,256,528,5.91e-58,217
ASV5493,GCA_050011115.arch.0,85.818,275,35,4,1,273,537,809,1.23e-79,289
ASV4230,GCA_050011535.arch.0,87.226,274,33,2,1,273,510,782,2.56e-86,311
ASV3760,GCA_050011535.arch.0,86.545,275,33,4,1,273,510,782,5.55e-83,300
ASV920,GCA_050011535.arch.0,85.818,275,35,4,1,273,510,782,1.20e-79,289
ASV5384,GCA_050011635.arch.0,86.545,275,33,4,1,273,44,316,5.55e-83,300
ASV3871,GCA_049509755.bact.0,86.643,277,29,7,1,273,36,308,5.55e-83,300
ASV4527,GCA_049509755.bact.0,86.594,276,31,6,1,273,36,308,5.70e-83,300
ASV4738,GCA_049522315.bact.0,85.455,275,36,4,1,273,254,526,5.59e-78,283
ASV4893,GCA_050011635.arch.0,84.672,274,40,2,1,273,44,316,1.21e-74,272
ASV4948,GCA_050013835.arch.0,83.453,278,37,7,1,273,502,775,5.83e-68,250
ASV5113,GCA_050011635.arch.0,84.249,273,43,0,1,273,44,316,5.78e-73,267
ASV5010,GCA_050011635.arch.0,85.766,274,37,2,1,273,44,316,1.23e-79,289
ASV5576,GCA_049516955.bact.0,84.559,272,34,7,6,273,532,799,7.48e-72,263
ASV5651,GCA_049512975.bact.0,83.696,276,39,6,1,273,472,744,1.25e-69,255
ASV5072,GCA_050011635.arch.0,84.615,273,42,0,1,273,44,316,1.21e-74,272
ASV5052,GCA_050011635.arch.0,84.420,276,37,6,1,273,44,316,5.78e-73,267
ASV4496,GCA_049509755.bact.0,85.971,278,29,8,1,273,36,308,1.23e-79,289
ASV5730,GCA_050011635.arch.0,85.401,274,36,4,2,273,45,316,2.07e-77,281
ASV5036,GCA_050011635.arch.0,87.636,275,30,4,1,273,44,316,5.51e-88,316
ASV5575,GCA_050012015.bact.0,84.672,274,40,2,1,273,489,761,1.24e-74,272
ASV4837,GCA_050011635.arch.0,89.416,274,27,2,1,273,44,316,2.53e-96,344
ASV5688,GCA_049516955.bact.0,86.617,269,34,2,6,273,532,799,7.18e-82,296
ASV4991,GCA_050011635.arch.0,90.909,275,21,4,1,273,44,316,5.54e-103,366
ASV5408,GCA_050011635.arch.0,87.500,272,32,2,1,271,46,316,7.07e-87,313
ASV5759,GCA_050013835.arch.0,87.547,265,33,0,1,265,502,766,3.40e-85,307
ASV3220,GCA_049512975.bact.0,90.476,273,26,0,1,273,472,744,2.51e-101,361
ASV4435,GCA_049512975.bact.0,89.744,273,28,0,1,273,472,744,5.58e-98,350
ASV5589,GCA_049512975.bact.0,86.861,274,34,2,1,273,472,744,1.19e-84,305
ASV4823,GCA_049509755.bact.0,86.989,269,31,4,7,273,42,308,5.55e-83,300
ASV4029,GCA_050012015.bact.0,87.636,275,30,4,1,273,489,761,5.66e-88,316
ASV5076,GCA_049509635.arch.0,92.611,203,15,0,1,203,464,666,9.29e-81,292
ASV5012,GCA_049509635.arch.0,92.537,201,13,2,1,200,464,663,4.44e-79,287
ASV5159,GCA_049517655.bact.0,83.908,261,40,2,14,273,561,820,2.04e-67,248
ASV5771,GCA_049519735.bact.0,84.307,274,41,2,1,273,546,818,5.63e-73,267
ASV4754,GCA_049522315.bact.0,87.313,268,32,2,7,273,260,526,1.23e-84,305
ASV4676,GCA_049521295.bact.0,90.942,276,19,6,1,273,525,797,5.54e-103,366
ASV4530,GCA_049522315.bact.0,86.909,275,32,4,1,273,254,526,1.19e-84,305
ASV397,GCA_050011115.arch.0,84.074,270,39,3,6,273,542,809,3.39e-70,257
ASV2852,GCA_050011115.arch.0,84.444,270,38,3,6,273,542,809,7.28e-72,263
ASV4859,GCA_050010475.bact.0,82.482,274,46,2,1,273,520,792,1.23e-64,239
ASV5073,GCA_050008365.arch.0,85.036,274,39,2,1,273,538,810,2.67e-76,278
ASV3041,GCA_050011115.arch.0,83.764,271,38,5,6,273,542,809,1.58e-68,252
ASV5293,GCA_049508735.arch.0,83.398,259,41,2,16,273,496,753,1.26e-64,239
ASV5534,GCA_049518775.arch.0,81.091,275,48,4,1,273,483,755,5.75e-58,217
ASV1572,GCA_050011115.arch.0,83.395,271,39,5,6,273,542,809,7.33e-67,246
ASV5062,GCA_050010475.bact.0,84.615,273,40,2,1,272,520,791,4.33e-74,270
ASV5462,GCA_050012015.bact.0,84.982,273,40,1,1,272,489,761,9.57e-76,276
ASV3716,GCA_049522315.bact.0,88.043,276,27,6,1,273,254,526,1.18e-89,322
ASV3913,GCA_049522315.bact.0,88.768,276,25,6,1,273,254,526,5.62e-93,333
ASV5236,GCA_049522315.bact.0,88.000,275,30,3,1,274,254,526,1.19e-89,322
ASV5318,GCA_049509755.bact.0,84.000,275,40,4,1,273,36,308,2.62e-71,261
ASV5489,GCA_049509755.bact.0,87.004,277,28,8,1,273,36,308,1.23e-84,305
ASV5081,GCA_049510425.bact.0,98.901,273,3,0,1,273,525,797,1.10e-139,488
ASV5646,GCA_049509875.arch.0,80.150,267,43,8,12,273,490,751,3.58e-50,191
ASV4902,GCA_049509875.arch.0,77.820,266,51,8,12,273,490,751,3.63e-40,158
ASV5355,GCA_049521295.bact.0,78.545,275,55,3,1,273,525,797,2.79e-46,178
ASV4895,GCA_049509755.bact.0,81.295,278,42,10,1,273,36,308,5.75e-58,217
ASV5212,GCA_049521295.bact.0,77.455,275,58,3,1,273,525,797,2.73e-41,161
ASV5128,GCA_050010475.bact.0,79.562,274,55,1,1,274,520,792,2.76e-51,195
ASV4287,GCA_049509755.bact.0,79.061,277,50,8,1,273,36,308,5.83e-48,183
ASV5315,GCA_050011695.arch.0,83.922,255,34,6,23,273,524,775,4.54e-64,237
ASV3213,GCA_049509755.bact.0,79.528,254,48,4,22,273,57,308,2.79e-46,178
ASV5453,GCA_049521295.bact.0,78.417,278,50,7,1,273,525,797,1.26e-44,172
ASV5306,GCA_049519735.bact.0,81.685,273,50,0,1,273,546,818,2.73e-61,228
ASV5505,GCA_049518775.arch.0,82.734,278,38,7,1,273,483,755,1.26e-64,239
ASV5316,GCA_049509755.bact.0,83.755,277,37,8,1,273,36,308,1.25e-69,255
ASV5448,GCA_050012455.bact.0,81.655,278,41,9,1,273,537,809,1.27e-59,222
ASV5406,GCA_050010275.bact.0,83.942,274,42,2,1,273,544,816,2.69e-71,261
ASV1766,GCA_049514855.bact.1,78.623,276,53,6,1,273,173,445,2.71e-46,178
ASV4009,GCA_049997815.bact.0,88.462,52,6,0,1,52,492,543,7.93e-12,63.9
ASV3825,GCA_049521295.bact.0,79.496,278,47,6,1,273,525,797,1.25e-49,189
ASV5426,GCA_050018335.bact.0,83.094,278,37,8,1,273,545,817,2.71e-66,244
ASV5347,GCA_050010475.bact.0,81.884,276,44,5,1,273,520,792,2.73e-61,228
ASV5129,GCA_049520575.arch.0,79.121,273,47,10,4,271,543,810,7.48e-47,180
ASV831,GCA_049521295.bact.0,77.455,275,58,3,1,273,525,797,2.73e-41,161
ASV4822,GCA_050011695.arch.0,82.545,275,45,3,1,273,502,775,1.26e-64,239
ASV4605,GCA_049522315.bact.0,75.090,277,61,5,1,273,254,526,1.33e-29,122
ASV4925,GCA_050011115.arch.0,78.986,276,52,5,1,273,537,809,5.83e-48,183
ASV5313,GCA_050012455.bact.0,80.952,273,52,0,1,273,537,809,5.75e-58,217
ASV4656,GCA_050013135.arch.0,81.522,276,45,6,1,273,466,738,1.24e-59,222
ASV4827,GCA_049522315.bact.0,81.159,276,46,6,1,273,254,526,5.75e-58,217
ASV5396,GCA_049515795.arch.0,81.818,275,46,3,1,273,537,809,2.66e-61,228
ASV5033,GCA_049509055.bact.0,84.838,277,34,8,1,273,534,806,1.21e-74,272
ASV5582,GCA_049510215.arch.0,80.224,268,41,12,12,273,532,793,3.58e-50,191
ASV4838,GCA_050013575.bact.0,80.727,275,49,4,1,273,538,810,2.68e-56,211
ASV5310,GCA_050012015.bact.0,85.091,275,37,4,1,273,489,761,2.67e-76,278
ASV3164,GCA_050012415.bact.0,84.000,275,40,4,1,273,499,771,2.69e-71,261
ASV3324,GCA_050008615.arch.0,82.182,275,43,6,2,273,486,757,2.05e-62,231
ASV2375,GCA_050011535.arch.0,98.901,273,3,0,1,273,510,782,1.10e-139,488
ASV3211,GCA_050011535.arch.0,99.267,273,2,0,1,273,510,782,2.37e-141,494
ASV5474,GCA_049519735.bact.0,85.348,273,40,0,1,273,546,818,5.74e-78,283
ASV5221,GCA_050011635.arch.0,85.818,275,35,4,1,273,44,316,1.23e-79,289
ASV4845,GCA_050012435.bact.0,82.971,276,42,5,1,273,484,757,2.64e-66,244
ASV5261,GCA_050008635.arch.0,86.545,275,33,4,1,273,468,740,5.70e-83,300
ASV1725,GCA_050018335.bact.0,88.278,273,32,0,1,273,545,817,2.62e-91,327
ASV2942,GCA_050010475.bact.0,84.672,274,40,2,1,273,520,792,1.21e-74,272
ASV4719,GCA_050013135.arch.0,83.636,275,41,4,1,273,466,738,1.25e-69,255
ASV571,GCA_050011635.arch.0,84.727,275,38,4,1,273,44,316,1.21e-74,272
ASV830,GCA_050011635.arch.0,85.091,275,37,4,1,273,44,316,2.60e-76,278
ASV160,GCA_050011635.arch.0,85.455,275,36,4,1,273,44,316,5.59e-78,283
ASV257,GCA_050010475.bact.0,85.455,275,36,4,1,273,520,792,5.59e-78,283
ASV195,GCA_050011635.arch.0,85.091,275,37,4,1,273,44,316,2.60e-76,278
ASV376,GCA_050010475.bact.0,85.091,275,37,4,1,273,520,792,2.60e-76,278
ASV2856,GCA_050010475.bact.0,84.364,275,39,4,1,273,520,792,5.63e-73,267
ASV3996,GCA_050011635.arch.0,85.091,275,37,4,1,273,44,316,2.60e-76,278
ASV4792,GCA_050018455.bact.0,89.377,273,29,0,1,273,541,813,2.53e-96,344
ASV4383,GCA_050012435.bact.0,83.942,274,43,1,1,273,484,757,2.62e-71,261
ASV4696,GCA_050012435.bact.0,86.545,275,34,3,1,273,484,757,5.70e-83,300
ASV5634,GCA_049519735.bact.0,88.278,273,32,0,1,273,546,818,2.55e-91,327
ASV4511,GCA_049519735.bact.0,84.420,276,37,6,1,273,546,818,5.63e-73,267
ASV2057,GCA_049513055.bact.0,86.545,275,33,4,1,273,546,818,5.55e-83,300
ASV3466,GCA_049513055.bact.0,86.182,275,34,4,1,273,546,818,2.58e-81,294
ASV1029,GCA_049513055.bact.0,86.909,275,32,4,1,273,546,818,1.19e-84,305
ASV5327,GCA_050010915.bact.0,82.540,252,42,2,23,273,515,765,4.57e-59,220
ASV4140,GCA_049522315.bact.0,86.545,275,33,4,1,273,254,526,5.70e-83,300
ASV5385,GCA_050010475.bact.0,86.131,274,36,2,1,273,520,792,2.65e-81,294
ASV5441,GCA_050011115.arch.0,87.023,262,34,0,12,273,548,809,7.38e-82,296
ASV5768,GCA_050010475.bact.0,82.482,274,46,2,1,273,520,792,1.23e-64,239
ASV4961,GCA_050011635.arch.0,86.545,275,33,4,1,273,44,316,5.55e-83,300
ASV4409,GCA_050008635.arch.0,86.447,273,37,0,1,273,468,740,5.55e-83,300
ASV5675,GCA_049518775.arch.0,83.273,275,42,3,1,273,483,755,5.83e-68,250
ASV5146,GCA_050011635.arch.0,86.182,275,34,4,1,273,44,316,2.58e-81,294
ASV5167,GCA_050012435.bact.0,86.545,275,32,5,2,273,485,757,2.00e-82,298
ASV5517,GCA_050014195.bact.0,86.029,272,38,0,2,273,544,815,9.54e-81,292
ASV4254,GCA_050012435.bact.0,85.766,274,38,1,1,273,484,757,1.20e-79,289
ASV4500,GCA_050012435.bact.0,86.232,276,33,5,1,273,484,757,2.58e-81,294
ASV4954,GCA_049516955.bact.0,87.912,273,33,0,1,273,527,799,1.18e-89,322
ASV5148,GCA_050011635.arch.0,86.447,273,35,2,2,273,45,316,2.00e-82,298
ASV3852,GCA_050012435.bact.0,87.546,273,33,1,2,273,485,757,2.04e-87,315
ASV5704,GCA_050012435.bact.0,88.043,276,28,4,1,273,484,757,1.18e-89,322
ASV5757,GCA_050011635.arch.0,90.146,274,25,2,1,273,44,316,1.17e-99,355
ASV5350,GCA_050011635.arch.0,85.455,275,36,4,1,273,44,316,5.74e-78,283
ASV4369,GCA_049512975.bact.0,89.455,275,25,4,1,273,472,744,2.60e-96,344
ASV4165,GCA_049509635.arch.0,96.172,209,8,0,1,209,464,672,9.34e-96,342
ASV4807,GCA_049509635.arch.0,94.737,209,11,0,1,209,464,672,9.16e-91,326
ASV4761,GCA_049509635.arch.0,96.535,202,7,0,1,202,464,665,1.52e-93,335
ASV5596,GCA_049509635.arch.0,92.683,205,13,2,6,209,469,672,2.65e-81,294
ASV5610,GCA_049509635.arch.0,92.000,200,16,0,1,200,464,663,2.06e-77,281
ASV5666,GCA_049513255.bact.0,86.594,276,31,6,1,273,520,792,5.70e-83,300
ASV2743,GCA_049512975.bact.0,88.645,273,31,0,1,273,472,744,5.47e-93,333
ASV5296,GCA_049509635.arch.0,95.694,209,9,0,1,209,464,672,4.35e-94,337
ASV4621,GCA_049512975.bact.0,86.861,274,34,2,1,273,472,744,1.19e-84,305
ASV1882,GCA_049512975.bact.0,90.876,274,22,3,1,272,472,744,1.93e-102,364
ASV5011,GCA_049512975.bact.0,88.278,273,32,0,1,273,472,744,2.55e-91,327
ASV5645,GCA_050012435.bact.0,86.131,274,37,1,1,273,484,757,2.65e-81,294
ASV4704,GCA_049512975.bact.0,88.000,275,29,4,1,273,472,744,1.22e-89,322
ASV4481,GCA_049512975.bact.0,87.956,274,31,2,1,273,472,744,1.22e-89,322
ASV5201,GCA_049512975.bact.0,89.051,274,28,2,1,273,472,744,1.18e-94,339
ASV3899,GCA_050012435.bact.0,90.580,276,21,4,1,273,484,757,2.51e-101,361
ASV5023,GCA_049518775.arch.0,87.591,274,32,2,1,273,483,755,5.51e-88,316
ASV1079,GCA_050012435.bact.0,91.667,276,18,4,1,273,484,757,2.49e-106,377
ASV665,GCA_050012435.bact.0,92.336,274,20,1,1,273,484,757,1.15e-109,388
ASV2117,GCA_050012435.bact.0,89.051,274,29,1,1,273,484,757,1.21e-94,339
ASV4449,GCA_050012435.bact.0,89.416,274,28,1,1,273,484,757,2.53e-96,344
ASV896,GCA_050012435.bact.0,91.636,275,20,3,1,273,484,757,2.49e-106,377
ASV1811,GCA_050012435.bact.0,91.636,275,20,3,1,273,484,757,2.49e-106,377
ASV1193,GCA_050012435.bact.0,90.876,274,24,1,1,273,484,757,5.40e-103,366
ASV1307,GCA_050012435.bact.0,89.781,274,27,1,1,273,484,757,5.43e-98,350
ASV1603,GCA_050012435.bact.0,89.416,274,28,1,1,273,484,757,2.53e-96,344
ASV2001,GCA_050012435.bact.0,89.781,274,27,1,1,273,484,757,5.43e-98,350
ASV1755,GCA_050012435.bact.0,90.146,274,26,1,1,273,484,757,1.17e-99,355
ASV1935,GCA_050012435.bact.0,89.781,274,27,1,1,273,484,757,5.43e-98,350
ASV789,GCA_049512975.bact.0,90.146,274,25,2,1,273,472,744,1.17e-99,355
ASV156,GCA_050012435.bact.0,90.146,274,26,1,1,273,484,757,1.17e-99,355
ASV284,GCA_050012435.bact.0,90.146,274,26,1,1,273,484,757,1.17e-99,355
ASV1968,GCA_050012435.bact.0,90.580,276,21,4,1,273,484,757,2.51e-101,361
ASV4346,GCA_050012435.bact.0,89.455,275,26,3,1,273,484,757,2.53e-96,344
ASV1087,GCA_050012435.bact.0,89.781,274,27,1,1,273,484,757,5.58e-98,350
ASV3845,GCA_050012435.bact.0,87.226,274,34,1,1,273,484,757,2.56e-86,311
ASV4312,GCA_050012435.bact.0,87.956,274,32,1,1,273,484,757,1.18e-89,322
ASV2071,GCA_050012435.bact.0,87.226,274,34,1,1,273,484,757,2.56e-86,311
ASV4868,GCA_049512975.bact.0,87.591,274,31,3,1,272,472,744,1.97e-87,315
ASV1890,GCA_050012435.bact.0,86.496,274,36,1,1,273,484,757,5.55e-83,300
ASV1695,GCA_049512975.bact.0,87.591,274,32,2,1,273,472,744,5.51e-88,316
ASV3894,GCA_049512975.bact.0,86.861,274,34,2,1,273,472,744,1.23e-84,305
ASV3113,GCA_050012435.bact.0,88.000,275,30,3,1,273,484,757,1.18e-89,322
ASV457,GCA_049512975.bact.0,92.727,275,16,4,1,273,472,744,2.54e-111,394
ASV218,GCA_049509635.arch.0,100.000,212,0,0,1,212,464,675,8.90e-111,392
ASV1290,GCA_049509635.arch.0,98.113,212,4,0,1,212,464,675,4.17e-104,370
ASV1362,GCA_049509635.arch.0,98.113,212,4,0,1,212,464,675,4.17e-104,370
ASV1039,GCA_049509635.arch.0,98.113,212,4,0,1,212,464,675,4.17e-104,370
ASV1715,GCA_049512975.bact.0,91.941,273,22,0,1,273,472,744,5.51e-108,383
ASV611,GCA_049512975.bact.0,91.241,274,22,2,1,273,472,744,1.16e-104,372
ASV497,GCA_049512975.bact.0,92.364,275,17,4,1,273,472,744,1.15e-109,388
ASV1103,GCA_049512975.bact.0,91.971,274,20,2,1,273,472,744,5.36e-108,383
ASV1488,GCA_049512975.bact.0,91.636,275,19,4,1,273,472,744,2.49e-106,377
ASV496,GCA_049512975.bact.0,91.636,275,19,4,1,273,472,744,2.49e-106,377
ASV1727,GCA_050012435.bact.0,90.146,274,26,1,1,273,484,757,1.17e-99,355
ASV2345,GCA_050012435.bact.0,90.146,274,26,1,1,273,484,757,1.20e-99,355
ASV620,GCA_049509635.arch.0,100.000,212,0,0,1,212,464,675,8.90e-111,392
ASV552,GCA_049509635.arch.0,100.000,212,0,0,1,212,464,675,9.15e-111,392
ASV1148,GCA_049509635.arch.0,100.000,212,0,0,1,212,464,675,8.90e-111,392
ASV2571,GCA_049512975.bact.0,93.066,274,17,2,1,273,472,744,5.32e-113,399
ASV3726,GCA_049509635.arch.0,99.528,212,1,0,1,212,464,675,4.26e-109,387
ASV3705,GCA_049509635.arch.0,99.528,212,1,0,1,212,464,675,4.14e-109,387
ASV1126,GCA_049509635.arch.0,99.057,212,2,0,1,212,464,675,1.93e-107,381
ASV1095,GCA_049509635.arch.0,99.057,212,2,0,1,212,464,675,1.93e-107,381
ASV3950,GCA_049509635.arch.0,99.057,212,2,0,1,212,464,675,1.93e-107,381
ASV4508,GCA_049512975.bact.0,90.909,275,21,4,1,273,472,744,5.40e-103,366
ASV5618,GCA_050012435.bact.0,90.347,259,24,1,16,273,499,757,1.18e-94,339
ASV676,GCA_049512975.bact.0,93.040,273,19,0,1,273,472,744,5.32e-113,399
ASV2000,GCA_049512975.bact.0,92.674,273,20,0,1,273,472,744,2.47e-111,394
ASV2679,GCA_049512975.bact.0,92.000,275,18,4,1,273,472,744,5.36e-108,383
ASV2379,GCA_049512975.bact.0,93.066,274,17,2,1,273,472,744,5.32e-113,399
ASV4471,GCA_049512975.bact.0,91.273,275,20,4,1,273,472,744,1.19e-104,372
ASV2246,GCA_049512975.bact.0,93.773,273,17,0,1,273,472,744,2.46e-116,411
ASV2558,GCA_049512975.bact.0,94.161,274,14,2,1,273,472,744,5.28e-118,416
ASV3411,GCA_049512975.bact.0,94.161,274,14,2,1,273,472,744,5.28e-118,416
ASV2616,GCA_049512975.bact.0,94.526,274,13,2,1,273,472,744,1.14e-119,422
ASV2712,GCA_049512975.bact.0,94.526,274,13,2,1,273,472,744,1.17e-119,422
ASV2602,GCA_049512975.bact.0,94.891,274,12,2,1,273,472,744,2.44e-121,427
ASV907,GCA_049512975.bact.0,94.161,274,14,2,1,273,472,744,5.28e-118,416
ASV919,GCA_049512975.bact.0,94.526,274,13,2,1,273,472,744,1.14e-119,422
ASV951,GCA_049512975.bact.0,94.161,274,14,2,1,273,472,744,5.28e-118,416
ASV1215,GCA_049512975.bact.0,93.796,274,15,2,1,273,472,744,2.46e-116,411
ASV1238,GCA_049512975.bact.0,94.161,274,14,2,1,273,472,744,5.28e-118,416
ASV2032,GCA_049512975.bact.0,93.796,274,15,2,1,273,472,744,2.53e-116,411
ASV2418,GCA_049512975.bact.0,93.040,273,19,0,1,273,472,744,5.32e-113,399
ASV4062,GCA_049512975.bact.0,92.308,273,21,0,1,273,472,744,1.15e-109,388
ASV3601,GCA_049512975.bact.0,92.308,273,21,0,1,273,472,744,1.15e-109,388
ASV3245,GCA_049512975.bact.0,92.674,273,20,0,1,273,472,744,2.47e-111,394
ASV3216,GCA_049512975.bact.0,92.674,273,20,0,1,273,472,744,2.47e-111,394
ASV688,GCA_049512975.bact.0,93.407,273,18,0,1,273,472,744,1.14e-114,405
ASV1547,GCA_049512975.bact.0,92.674,273,20,0,1,273,472,744,2.47e-111,394
ASV3372,GCA_049512975.bact.0,95.238,273,13,0,1,273,472,744,5.24e-123,433
ASV1299,GCA_049512975.bact.0,94.872,273,14,0,1,273,472,744,2.44e-121,427
ASV1013,GCA_049512975.bact.0,95.604,273,12,0,1,273,472,744,1.13e-124,438
ASV1891,GCA_049512975.bact.0,94.872,273,14,0,1,273,472,744,2.44e-121,427
ASV5111,GCA_049512975.bact.0,90.909,275,21,4,1,273,472,744,5.40e-103,366
ASV5292,GCA_049512975.bact.0,91.606,274,21,2,1,273,472,744,2.49e-106,377
ASV4866,GCA_050012435.bact.0,88.123,261,30,1,14,273,497,757,9.48e-86,309
ASV5312,GCA_050012435.bact.0,89.818,275,25,3,1,273,484,757,5.58e-98,350
ASV3954,GCA_049509055.bact.0,90.110,273,26,1,1,272,534,806,4.18e-99,353
ASV5511,GCA_049512975.bact.0,87.956,274,29,4,2,273,473,744,4.26e-89,320
ASV5387,GCA_050012435.bact.0,86.594,276,32,3,1,273,484,757,5.55e-83,300
ASV4483,GCA_049512975.bact.0,92.308,273,21,0,1,273,472,744,1.15e-109,388
ASV591,GCA_049512975.bact.0,89.377,273,29,0,1,273,472,744,2.53e-96,344
ASV1280,GCA_049512975.bact.0,89.377,273,29,0,1,273,472,744,2.53e-96,344
ASV1217,GCA_049512975.bact.0,89.011,273,30,0,1,273,472,744,1.18e-94,339
ASV765,GCA_049512975.bact.0,89.377,273,29,0,1,273,472,744,2.53e-96,344
ASV2936,GCA_050012435.bact.0,89.051,274,29,1,1,273,484,757,1.18e-94,339
ASV3836,GCA_050012435.bact.0,89.051,274,29,1,1,273,484,757,1.18e-94,339
ASV3721,GCA_050012435.bact.0,90.876,274,24,1,1,273,484,757,5.40e-103,366
ASV3992,GCA_050012435.bact.0,92.308,273,20,1,2,273,485,757,4.26e-109,387
ASV4017,GCA_049512975.bact.0,91.575,273,23,0,1,273,472,744,2.49e-106,377
ASV1531,GCA_050012435.bact.0,91.971,274,21,1,1,273,484,757,5.36e-108,383
ASV4192,GCA_050012435.bact.0,89.455,275,27,2,1,274,484,757,7.06e-97,346
ASV854,GCA_049512975.bact.0,99.267,273,2,0,1,273,472,744,2.37e-141,494
ASV264,GCA_049512975.bact.0,98.901,273,3,0,1,273,472,744,1.10e-139,488
ASV1925,GCA_049512975.bact.0,98.168,273,5,0,1,273,472,744,2.39e-136,477
ASV1308,GCA_049512975.bact.0,98.535,273,4,0,1,273,472,744,5.13e-138,483
ASV1454,GCA_049512975.bact.0,98.901,273,3,0,1,273,472,744,1.10e-139,488
ASV356,GCA_049512975.bact.0,99.267,273,2,0,1,273,472,744,2.37e-141,494
ASV924,GCA_049512975.bact.0,97.802,273,6,0,1,273,472,744,1.14e-134,472
ASV1311,GCA_049512975.bact.0,98.535,273,4,0,1,273,472,744,5.13e-138,483
ASV977,GCA_049512975.bact.0,98.168,273,5,0,1,273,472,744,2.45e-136,477
ASV1085,GCA_049512975.bact.0,96.703,273,9,0,1,273,472,744,1.12e-129,455
ASV5573,GCA_049512975.bact.0,88.168,262,31,0,12,273,483,744,7.13e-87,313
ASV1793,GCA_049512975.bact.0,94.505,273,15,0,1,273,472,744,1.14e-119,422
ASV3034,GCA_049512975.bact.0,94.872,273,14,0,1,273,472,744,2.44e-121,427
ASV1639,GCA_049512975.bact.0,95.238,273,13,0,1,273,472,744,5.24e-123,433
ASV2449,GCA_049512975.bact.0,95.238,273,13,0,1,273,472,744,5.24e-123,433
ASV3191,GCA_049512975.bact.0,95.238,273,13,0,1,273,472,744,5.24e-123,433
ASV877,GCA_049512975.bact.0,94.872,273,14,0,1,273,472,744,2.44e-121,427
ASV1709,GCA_049512975.bact.0,96.337,273,10,0,1,273,472,744,5.21e-128,449
ASV810,GCA_049512975.bact.0,98.901,273,3,0,1,273,472,744,1.10e-139,488
ASV4560,GCA_049512975.bact.0,95.238,273,13,0,1,273,472,744,5.39e-123,433
ASV4706,GCA_049512975.bact.0,95.604,273,12,0,1,273,472,744,1.16e-124,438
ASV4214,GCA_049512975.bact.0,95.604,273,12,0,1,273,472,744,1.16e-124,438
ASV5165,GCA_049512975.bact.0,91.985,262,21,0,12,273,483,744,1.54e-103,368
ASV5224,GCA_049512975.bact.0,90.000,260,25,1,14,272,485,744,1.52e-93,335
ASV5544,GCA_049512975.bact.0,90.769,260,24,0,14,273,485,744,2.01e-97,348
ASV5225,GCA_049512975.bact.0,88.417,259,29,1,14,271,485,743,2.54e-86,311
ASV509,GCA_049512975.bact.0,98.901,273,3,0,1,273,472,744,1.10e-139,488
ASV5447,GCA_049512975.bact.0,85.036,274,39,2,1,273,472,744,2.67e-76,278
ASV4673,GCA_049512975.bact.0,93.066,274,17,2,1,273,472,744,5.32e-113,399
ASV4946,GCA_049512975.bact.0,93.773,273,17,0,1,273,472,744,2.46e-116,411
ASV4743,GCA_049512975.bact.0,91.575,273,23,0,1,273,472,744,2.49e-106,377
ASV4167,GCA_049512975.bact.0,93.796,274,14,3,1,272,472,744,8.80e-116,409
ASV3423,GCA_049512975.bact.0,94.872,273,14,0,1,273,472,744,2.51e-121,427
ASV5614,GCA_049512975.bact.0,90.545,275,22,4,1,273,472,744,2.51e-101,361
ASV1606,GCA_049512975.bact.0,89.011,273,30,0,1,273,472,744,1.18e-94,339
ASV1785,GCA_049512975.bact.0,88.645,273,31,0,1,273,472,744,5.62e-93,333
ASV3428,GCA_049512975.bact.0,89.011,273,30,0,1,273,472,744,1.18e-94,339
ASV3486,GCA_050012435.bact.0,87.956,274,32,1,1,273,484,757,1.18e-89,322
ASV1897,GCA_050012435.bact.0,87.226,274,34,1,1,273,484,757,2.56e-86,311
ASV2823,GCA_050012435.bact.0,87.226,274,34,1,1,273,484,757,2.56e-86,311
ASV5214,GCA_049512975.bact.0,86.957,276,30,6,1,273,472,744,1.23e-84,305
ASV4229,GCA_049512975.bact.0,88.321,274,30,2,1,273,472,744,2.62e-91,327
ASV2176,GCA_049512975.bact.0,86.447,273,37,0,1,273,472,744,5.70e-83,300
ASV1978,GCA_050012435.bact.0,89.091,275,27,3,1,273,484,757,1.18e-94,339
ASV4726,GCA_050012435.bact.0,88.686,274,30,1,1,273,484,757,5.62e-93,333
ASV4529,GCA_049512975.bact.0,90.511,274,24,2,1,273,472,744,2.51e-101,361
ASV4684,GCA_049512975.bact.0,92.308,273,21,0,1,273,472,744,1.18e-109,388
ASV4640,GCA_049512975.bact.0,87.179,273,35,0,1,273,472,744,2.56e-86,311
ASV3700,GCA_049512975.bact.0,89.744,273,28,0,1,273,472,744,5.43e-98,350
ASV2402,GCA_049512975.bact.0,90.476,273,26,0,1,273,472,744,2.51e-101,361
ASV4689,GCA_049512975.bact.0,89.781,274,26,2,1,273,472,744,5.58e-98,350
ASV2822,GCA_049512975.bact.0,90.842,273,25,0,1,273,472,744,5.40e-103,366
ASV1356,GCA_049512975.bact.0,93.407,273,18,0,1,273,472,744,1.14e-114,405
ASV5791,GCA_049512975.bact.0,87.912,273,33,0,1,273,472,744,1.18e-89,322
ASV3617,GCA_049512975.bact.0,91.941,273,22,0,1,273,472,744,5.36e-108,383
ASV5733,GCA_049512975.bact.0,86.232,276,32,6,1,273,472,744,2.58e-81,294
ASV5325,GCA_049512975.bact.0,89.011,273,30,0,1,273,472,744,1.21e-94,339
ASV5077,GCA_049512975.bact.0,90.146,274,25,2,1,273,472,744,1.17e-99,355
ASV5227,GCA_050008635.arch.0,87.179,273,34,1,1,272,468,740,9.19e-86,309
ASV422,GCA_050008635.arch.0,93.407,273,18,0,1,273,468,740,1.14e-114,405
ASV5368,GCA_050008635.arch.0,91.544,272,21,2,1,271,470,740,3.20e-105,374
ASV5372,GCA_050008635.arch.0,89.354,263,28,0,11,273,478,740,1.97e-92,331
ASV5542,GCA_050008635.arch.0,88.973,263,29,0,11,273,478,740,9.16e-91,326
ASV1750,GCA_050008635.arch.0,94.139,273,16,0,1,273,468,740,5.28e-118,416
ASV2736,GCA_050008635.arch.0,94.872,273,14,0,1,273,468,740,2.44e-121,427
ASV3015,GCA_050008635.arch.0,94.139,273,16,0,1,273,468,740,5.28e-118,416
ASV2676,GCA_050008635.arch.0,93.773,273,17,0,1,273,468,740,2.46e-116,411
ASV3756,GCA_050008635.arch.0,92.308,273,21,0,1,273,468,740,1.15e-109,388
ASV608,GCA_050008635.arch.0,94.872,273,14,0,1,273,468,740,2.44e-121,427
ASV2672,GCA_050008635.arch.0,91.575,273,23,0,1,273,468,740,2.56e-106,377
ASV1168,GCA_050008635.arch.0,94.139,273,16,0,1,273,468,740,5.28e-118,416
ASV2671,GCA_050008635.arch.0,93.407,273,18,0,1,273,468,740,1.14e-114,405
ASV5476,GCA_050008635.arch.0,88.364,275,28,4,1,273,468,740,2.55e-91,327
ASV971,GCA_050008635.arch.0,95.238,273,13,0,1,273,468,740,5.24e-123,433
ASV858,GCA_050008635.arch.0,94.161,274,14,2,1,273,468,740,5.28e-118,416
ASV4109,GCA_050008635.arch.0,94.891,274,12,2,1,273,468,740,2.44e-121,427
ASV4264,GCA_050008635.arch.0,95.620,274,10,2,1,273,468,740,1.13e-124,438
ASV2519,GCA_050008635.arch.0,95.971,273,11,0,1,273,468,740,2.42e-126,444
ASV1164,GCA_050008635.arch.0,94.872,273,14,0,1,273,468,740,2.51e-121,427
ASV1735,GCA_050008635.arch.0,97.802,273,6,0,1,273,468,740,1.11e-134,472
ASV2887,GCA_050008635.arch.0,98.168,273,5,0,1,273,468,740,2.39e-136,477
ASV3413,GCA_050008635.arch.0,97.802,273,6,0,1,273,468,740,1.11e-134,472
ASV225,GCA_050008635.arch.0,97.802,273,6,0,1,273,468,740,1.11e-134,472
ASV2462,GCA_050008635.arch.0,96.703,273,9,0,1,273,468,740,1.12e-129,455
ASV2137,GCA_050008635.arch.0,93.040,273,19,0,1,273,468,740,5.32e-113,399
ASV2311,GCA_050008635.arch.0,93.040,273,19,0,1,273,468,740,5.32e-113,399
ASV3278,GCA_050008635.arch.0,93.431,274,16,2,1,273,468,740,1.14e-114,405
ASV3178,GCA_050008635.arch.0,92.674,273,20,0,1,273,468,740,2.47e-111,394
ASV820,GCA_050008635.arch.0,94.139,273,16,0,1,273,468,740,5.28e-118,416
ASV1310,GCA_050008635.arch.0,93.407,273,18,0,1,273,468,740,1.14e-114,405
ASV5185,GCA_050008635.arch.0,85.769,260,37,0,14,273,481,740,9.35e-76,276
ASV5460,GCA_050008635.arch.0,86.765,272,36,0,1,272,468,739,4.27e-84,303
ASV5314,GCA_049512975.bact.0,88.645,273,31,0,1,273,472,744,5.47e-93,333
ASV5527,GCA_050012435.bact.0,85.818,275,36,3,1,273,484,757,1.20e-79,289
ASV2083,GCA_050008635.arch.0,88.645,273,31,0,1,273,468,740,5.47e-93,333
ASV5054,GCA_050008635.arch.0,88.645,273,31,0,1,273,468,740,5.62e-93,333
ASV1622,GCA_050011635.arch.0,91.273,275,20,4,1,273,44,316,1.16e-104,372
ASV5680,GCA_049523475.arch.0,87.500,272,34,0,2,273,543,814,2.04e-87,315
ASV5498,GCA_050011635.arch.0,90.476,273,26,0,1,273,44,316,2.51e-101,361
ASV5480,GCA_050008635.arch.0,83.883,273,44,0,1,273,468,740,2.69e-71,261
ASV639,GCA_050008635.arch.0,85.818,275,35,4,1,273,468,740,1.20e-79,289
ASV2300,GCA_050008635.arch.0,85.091,275,37,4,1,273,468,740,2.67e-76,278
ASV4693,GCA_050011635.arch.0,90.476,273,26,0,1,273,44,316,2.58e-101,361
ASV4557,GCA_050008635.arch.0,84.307,274,39,4,2,273,469,740,2.02e-72,265
ASV2106,GCA_050011635.arch.0,91.575,273,23,0,1,273,44,316,2.49e-106,377
ASV3305,GCA_050011635.arch.0,91.575,273,23,0,1,273,44,316,2.49e-106,377
ASV1655,GCA_050011635.arch.0,93.407,273,18,0,1,273,44,316,1.14e-114,405
ASV708,GCA_050011635.arch.0,93.116,276,14,5,1,274,44,316,5.34e-113,399
ASV4576,GCA_050011635.arch.0,92.780,277,12,7,1,273,44,316,2.47e-111,394
ASV5183,GCA_050011635.arch.0,90.909,275,21,4,1,273,44,316,5.40e-103,366
ASV5223,GCA_050011635.arch.0,89.455,275,25,4,1,273,44,316,2.60e-96,344
ASV3193,GCA_050011635.arch.0,92.727,275,16,4,1,273,44,316,2.47e-111,394
ASV5365,GCA_050011635.arch.0,89.818,275,24,4,1,273,44,316,5.43e-98,350
ASV5351,GCA_050011635.arch.0,86.909,275,32,4,1,273,44,316,1.19e-84,305
ASV4294,GCA_050011635.arch.0,94.139,273,16,0,1,273,44,316,5.43e-118,416
ASV3046,GCA_050011635.arch.0,97.436,273,7,0,1,273,44,316,5.17e-133,466
ASV588,GCA_050011635.arch.0,96.350,274,8,2,1,273,44,316,5.21e-128,449
ASV1782,GCA_050011635.arch.0,96.350,274,8,2,1,273,44,316,5.35e-128,449
ASV2417,GCA_050011635.arch.0,96.337,273,10,0,1,273,44,316,5.21e-128,449
ASV5199,GCA_050011635.arch.0,83.636,275,41,4,1,273,44,316,1.22e-69,255
ASV5722,GCA_049511475.arch.0,84.307,274,41,2,1,273,535,807,5.78e-73,267
ASV2821,GCA_050011635.arch.0,85.145,276,35,5,1,273,44,316,2.60e-76,278
ASV4587,GCA_050011635.arch.0,85.818,275,35,4,1,273,44,316,1.20e-79,289
ASV4653,GCA_050008635.arch.0,80.952,273,52,0,1,273,468,740,5.75e-58,217
ASV5398,GCA_050011635.arch.0,84.477,277,35,7,1,273,44,316,5.63e-73,267
ASV5689,GCA_050012435.bact.0,87.319,276,30,5,1,273,484,757,2.56e-86,311
ASV5308,GCA_050011635.arch.0,90.146,274,25,2,1,273,44,316,1.17e-99,355
ASV4852,GCA_049509055.bact.0,90.110,273,27,0,1,273,534,806,1.20e-99,355
ASV5477,GCA_049522915.arch.0,85.091,275,37,4,1,273,525,797,2.60e-76,278
ASV4613,GCA_050011635.arch.0,86.813,273,36,0,1,273,44,316,1.19e-84,305
ASV2274,GCA_050011635.arch.0,86.643,277,29,5,1,273,44,316,5.55e-83,300
ASV1030,GCA_050011635.arch.0,87.365,277,27,5,1,273,44,316,2.56e-86,311
ASV3632,GCA_050011635.arch.0,87.004,277,28,5,1,273,44,316,1.19e-84,305
ASV1014,GCA_050011635.arch.0,88.364,275,28,4,1,273,44,316,2.62e-91,327
ASV996,GCA_050011635.arch.0,86.594,276,31,5,1,273,44,316,5.70e-83,300
ASV839,GCA_050011635.arch.0,88.686,274,29,2,1,273,44,316,5.47e-93,333
ASV900,GCA_050011635.arch.0,89.781,274,26,2,1,273,44,316,5.58e-98,350
ASV2739,GCA_050011635.arch.0,89.051,274,28,2,1,273,44,316,1.18e-94,339
ASV699,GCA_050011635.arch.0,86.496,274,35,2,1,273,44,316,5.55e-83,300
ASV4599,GCA_050011635.arch.0,86.617,269,34,2,6,273,49,316,7.38e-82,296
ASV3233,GCA_050011635.arch.0,86.496,274,35,2,1,273,44,316,5.55e-83,300
ASV2291,GCA_050011635.arch.0,87.956,274,31,2,1,273,44,316,1.18e-89,322
ASV1047,GCA_050011635.arch.0,87.956,274,31,2,1,273,44,316,1.18e-89,322
ASV2483,GCA_050011635.arch.0,86.545,275,33,4,1,273,44,316,5.55e-83,300
ASV3670,GCA_050011635.arch.0,86.861,274,34,2,1,273,44,316,1.19e-84,305
ASV2131,GCA_050011635.arch.0,87.591,274,32,2,1,273,44,316,5.51e-88,316
ASV3401,GCA_050011635.arch.0,86.861,274,34,2,1,273,44,316,1.19e-84,305
ASV663,GCA_050011635.arch.0,87.912,273,33,0,1,273,44,316,1.18e-89,322
ASV1991,GCA_050011635.arch.0,87.179,273,35,0,1,273,44,316,2.56e-86,311
ASV1625,GCA_050011635.arch.0,86.813,273,36,0,1,273,44,316,1.19e-84,305
ASV2958,GCA_050011635.arch.0,86.081,273,38,0,1,273,44,316,2.58e-81,294
ASV2599,GCA_050011635.arch.0,87.226,274,33,2,1,273,44,316,2.56e-86,311
ASV1408,GCA_050011635.arch.0,86.081,273,38,0,1,273,44,316,2.58e-81,294
ASV4941,GCA_050013575.bact.0,84.364,275,39,3,1,273,538,810,5.78e-73,267
ASV2338,GCA_050011635.arch.0,85.455,275,36,4,1,273,44,316,5.59e-78,283
ASV3237,GCA_050011635.arch.0,87.912,273,33,0,1,273,44,316,1.18e-89,322
ASV2365,GCA_050011635.arch.0,87.546,273,34,0,1,273,44,316,5.51e-88,316
ASV2322,GCA_050011635.arch.0,89.377,273,29,0,1,273,44,316,2.53e-96,344
ASV2390,GCA_050011635.arch.0,89.011,273,30,0,1,273,44,316,1.18e-94,339
ASV2783,GCA_050011635.arch.0,88.645,273,31,0,1,273,44,316,5.47e-93,333
ASV3124,GCA_050011635.arch.0,88.645,273,31,0,1,273,44,316,5.47e-93,333
ASV2689,GCA_050011635.arch.0,89.011,273,30,0,1,273,44,316,1.18e-94,339
ASV4212,GCA_050011635.arch.0,89.011,273,30,0,1,273,44,316,1.21e-94,339
ASV757,GCA_050011635.arch.0,88.645,273,31,0,1,273,44,316,5.47e-93,333
ASV2453,GCA_050011635.arch.0,88.645,273,31,0,1,273,44,316,5.47e-93,333
ASV3536,GCA_050011635.arch.0,90.476,273,26,0,1,273,44,316,2.58e-101,361
ASV1911,GCA_050011635.arch.0,90.476,273,26,0,1,273,44,316,2.51e-101,361
ASV522,GCA_050011635.arch.0,90.110,273,27,0,1,273,44,316,1.17e-99,355
ASV1254,GCA_050011635.arch.0,90.110,273,27,0,1,273,44,316,1.17e-99,355
ASV1479,GCA_050011635.arch.0,89.377,273,29,0,1,273,44,316,2.53e-96,344
ASV1912,GCA_050011635.arch.0,89.744,273,28,0,1,273,44,316,5.58e-98,350
ASV3752,GCA_050011635.arch.0,87.546,273,34,0,1,273,44,316,5.66e-88,316
ASV1524,GCA_050011635.arch.0,87.591,274,32,2,1,273,44,316,5.51e-88,316
ASV983,GCA_050011635.arch.0,87.591,274,32,2,1,273,44,316,5.51e-88,316
ASV2625,GCA_050011635.arch.0,89.011,273,30,0,1,273,44,316,1.21e-94,339
ASV3677,GCA_050011635.arch.0,86.813,273,36,0,1,273,44,316,1.19e-84,305
ASV2046,GCA_050011635.arch.0,86.182,275,34,4,1,273,44,316,2.65e-81,294
ASV1661,GCA_050011635.arch.0,85.455,275,36,4,1,273,44,316,5.59e-78,283
ASV3834,GCA_050011635.arch.0,85.091,275,37,4,1,273,44,316,2.60e-76,278
ASV4198,GCA_050011635.arch.0,86.131,274,36,2,1,273,44,316,2.65e-81,294
ASV3730,GCA_050011635.arch.0,85.507,276,34,6,1,273,44,316,5.59e-78,283
ASV1174,GCA_050011635.arch.0,86.131,274,36,2,1,273,44,316,2.65e-81,294
ASV1022,GCA_050011635.arch.0,86.447,273,37,0,1,273,44,316,5.70e-83,300
ASV1752,GCA_050011635.arch.0,86.496,274,35,2,1,273,44,316,5.55e-83,300
ASV1807,GCA_050011635.arch.0,87.591,274,32,2,1,273,44,316,5.51e-88,316
ASV1693,GCA_050011635.arch.0,86.496,274,35,2,1,273,44,316,5.55e-83,300
ASV1214,GCA_050011635.arch.0,86.496,274,35,2,1,273,44,316,5.55e-83,300
ASV2127,GCA_050011635.arch.0,86.861,274,34,2,1,273,44,316,1.19e-84,305
ASV2540,GCA_050011635.arch.0,86.861,274,34,2,1,273,44,316,1.23e-84,305
ASV3604,GCA_050011635.arch.0,86.861,274,34,2,1,273,44,316,1.19e-84,305
ASV3976,GCA_050011635.arch.0,86.131,274,36,2,1,273,44,316,2.58e-81,294
ASV322,GCA_050011635.arch.0,86.813,273,36,0,1,273,44,316,1.19e-84,305
ASV3268,GCA_050011635.arch.0,86.081,273,38,0,1,273,44,316,2.58e-81,294
ASV3523,GCA_050011635.arch.0,85.348,273,40,0,1,273,44,316,5.74e-78,283
ASV617,GCA_050011635.arch.0,86.447,273,37,0,1,273,44,316,5.55e-83,300
ASV904,GCA_050011635.arch.0,86.081,273,38,0,1,273,44,316,2.58e-81,294
ASV3431,GCA_050008635.arch.0,86.131,274,36,2,1,273,468,740,2.58e-81,294
ASV1088,GCA_050011635.arch.0,86.447,273,37,0,1,273,44,316,5.55e-83,300
ASV4680,GCA_050011635.arch.0,86.038,265,35,2,10,273,53,316,5.74e-78,283
ASV4742,GCA_050011635.arch.0,86.567,268,36,0,6,273,49,316,7.38e-82,296
ASV5564,GCA_049516955.bact.0,83.577,274,43,2,1,273,527,799,1.25e-69,255
ASV5536,GCA_049512415.bact.0,82.310,277,41,8,1,273,540,812,5.71e-63,233
ASV5668,GCA_050013135.arch.0,83.813,278,35,10,1,273,466,738,1.25e-69,255
ASV5051,GCA_049511475.arch.0,79.562,274,54,2,1,273,535,807,2.77e-51,195
ASV4917,GCA_049514215.bact.0,82.331,266,47,0,8,273,531,796,2.11e-62,231
ASV5723,GCA_049509755.bact.0,84.532,278,34,9,1,274,36,308,5.65e-73,267
ASV5595,GCA_050008615.arch.0,87.636,275,28,5,2,273,486,757,2.04e-87,315
ASV5673,GCA_050008615.arch.0,91.538,260,19,2,16,274,500,757,1.17e-99,355
ASV5568,GCA_050008615.arch.0,93.382,272,18,0,2,273,486,757,4.23e-114,403
ASV1063,GCA_050008615.arch.0,97.802,273,6,0,1,273,485,757,1.11e-134,472
ASV2328,GCA_050008615.arch.0,98.535,273,4,0,1,273,485,757,5.13e-138,483
ASV970,GCA_050008615.arch.0,98.901,273,3,0,1,273,485,757,1.10e-139,488
ASV5019,GCA_050008615.arch.0,89.416,274,27,2,1,273,485,757,2.53e-96,344
ASV2500,GCA_050008615.arch.0,87.636,275,30,4,1,273,485,757,5.66e-88,316
ASV4061,GCA_050008615.arch.0,89.416,274,27,2,1,273,485,757,2.53e-96,344
ASV4526,GCA_050008615.arch.0,89.781,274,26,2,1,273,485,757,5.43e-98,350
ASV5738,GCA_049514215.bact.0,84.559,272,34,8,6,273,529,796,7.28e-72,263
ASV4705,GCA_049516955.bact.0,82.657,271,41,6,6,273,532,799,1.59e-63,235
ASV5110,GCA_050008595.arch.0,85.240,271,33,7,7,273,542,809,1.24e-74,272
ASV4854,GCA_049511615.arch.0,83.883,273,40,4,1,271,504,774,3.36e-70,257
ASV5211,GCA_050012435.bact.0,84.838,277,35,6,1,273,484,757,1.21e-74,272
ASV4978,GCA_050008635.arch.0,83.513,279,34,11,1,273,468,740,5.67e-68,250
ASV637,GCA_049509755.bact.0,85.130,269,36,4,7,273,42,308,1.21e-74,272
ASV4523,GCA_050012455.bact.0,82.734,278,36,12,2,273,538,809,4.41e-64,237
ASV4787,GCA_050008615.arch.0,83.333,276,40,6,1,273,485,757,5.83e-68,250
ASV4434,GCA_050008615.arch.0,83.273,275,42,4,1,273,485,757,5.83e-68,250
ASV5107,GCA_050008615.arch.0,84.532,278,33,10,1,273,485,757,5.78e-73,267
ASV4148,GCA_049521295.bact.1,83.764,271,38,6,6,273,545,812,1.62e-68,252
ASV5109,GCA_050008615.arch.0,81.522,276,45,6,1,273,485,757,1.24e-59,222
ASV5322,GCA_049514855.bact.1,81.685,273,40,9,6,273,178,445,1.60e-58,219
ASV5459,GCA_050008615.arch.0,83.696,276,39,6,1,273,485,757,1.22e-69,255
ASV5773,GCA_049521295.bact.1,81.091,275,38,14,6,273,545,812,3.46e-55,207
ASV5369,GCA_049512975.bact.0,84.674,261,34,6,16,273,487,744,1.22e-69,255
ASV1286,GCA_050008615.arch.0,88.043,276,27,6,1,273,485,757,1.18e-89,322
ASV673,GCA_050008615.arch.0,87.681,276,28,6,1,273,485,757,5.51e-88,316
ASV1083,GCA_050008615.arch.0,88.406,276,26,6,1,273,485,757,2.55e-91,327
ASV1946,GCA_050008615.arch.0,87.681,276,28,6,1,273,485,757,5.51e-88,316
ASV669,GCA_050008615.arch.0,88.043,276,27,6,1,273,485,757,1.18e-89,322
ASV888,GCA_050008615.arch.0,88.043,276,27,6,1,273,485,757,1.18e-89,322
ASV556,GCA_050008615.arch.0,87.319,276,29,6,1,273,485,757,2.56e-86,311
ASV3968,GCA_050008615.arch.0,87.319,276,29,6,1,273,485,757,2.63e-86,311
ASV1823,GCA_050008615.arch.0,87.681,276,28,6,1,273,485,757,5.51e-88,316
ASV438,GCA_050008615.arch.0,87.226,274,33,2,1,273,485,757,2.56e-86,311
ASV1765,GCA_050008615.arch.0,86.496,274,35,2,1,273,485,757,5.55e-83,300
ASV1516,GCA_050008615.arch.0,88.727,275,27,4,1,273,485,757,5.47e-93,333
ASV2484,GCA_050008615.arch.0,87.956,274,31,2,1,273,485,757,1.18e-89,322
ASV2696,GCA_050008615.arch.0,87.226,274,33,2,1,273,485,757,2.56e-86,311
ASV1285,GCA_050008615.arch.0,87.956,274,31,2,1,273,485,757,1.18e-89,322
ASV1431,GCA_050008615.arch.0,87.591,274,32,2,1,273,485,757,5.51e-88,316
ASV1485,GCA_050008615.arch.0,88.321,274,30,2,1,273,485,757,2.55e-91,327
ASV2657,GCA_050008615.arch.0,87.956,274,31,2,1,273,485,757,1.18e-89,322
ASV2212,GCA_050008615.arch.0,87.956,274,31,2,1,273,485,757,1.18e-89,322
ASV1926,GCA_050008615.arch.0,88.321,274,30,2,1,273,485,757,2.55e-91,327
ASV317,GCA_050008615.arch.0,85.870,276,34,5,1,274,485,757,1.21e-79,289
ASV4184,GCA_050008615.arch.0,88.000,275,30,3,1,274,485,757,1.21e-89,322
ASV128,GCA_050008615.arch.0,88.686,274,29,2,1,273,485,757,5.47e-93,333
ASV5579,GCA_050008615.arch.0,83.764,271,44,0,2,272,486,756,3.37e-70,257
ASV4747,GCA_050008615.arch.0,84.074,270,39,4,6,273,490,757,3.39e-70,257
ASV5665,GCA_050011535.arch.0,81.752,274,48,2,1,273,510,782,2.66e-61,228
ASV4631,GCA_050012435.bact.0,84.815,270,37,4,6,273,490,757,1.57e-73,268
ASV4404,GCA_049518595.bact.0,88.060,268,32,0,6,273,529,796,1.53e-88,318
ASV4619,GCA_049518595.bact.0,88.321,274,30,2,1,273,524,796,2.62e-91,327
ASV407,GCA_049518595.bact.0,93.040,273,19,0,1,273,524,796,5.32e-113,399
ASV5074,GCA_049518595.bact.0,85.075,268,40,0,6,273,529,796,3.36e-75,274
ASV4331,GCA_049518595.bact.0,87.687,268,33,0,6,273,529,796,7.33e-87,313
ASV4702,GCA_049518595.bact.0,90.672,268,25,0,6,273,529,796,3.34e-100,357
ASV5378,GCA_049518595.bact.0,91.045,268,24,0,6,273,529,796,6.98e-102,363
ASV2947,GCA_049518595.bact.0,93.040,273,19,0,1,273,524,796,5.47e-113,399
ASV5531,GCA_049518595.bact.0,89.377,273,29,0,1,273,524,796,2.53e-96,344
ASV3725,GCA_049518595.bact.0,88.686,274,29,2,1,273,524,796,5.47e-93,333
ASV2891,GCA_049518595.bact.0,87.912,273,33,0,1,273,524,796,1.18e-89,322
ASV5288,GCA_049518595.bact.0,86.496,274,35,2,1,273,524,796,5.70e-83,300
ASV3766,GCA_049518595.bact.0,91.971,274,20,2,1,273,524,796,5.36e-108,383
ASV3535,GCA_049518595.bact.0,94.872,273,14,0,1,273,524,796,2.51e-121,427
ASV229,GCA_049518595.bact.0,98.535,273,4,0,1,273,524,796,5.13e-138,483
ASV772,GCA_049518595.bact.0,97.802,273,6,0,1,273,524,796,1.11e-134,472
ASV1329,GCA_049518595.bact.0,94.872,273,14,0,1,273,524,796,2.44e-121,427
ASV2013,GCA_049518595.bact.0,95.238,273,13,0,1,273,524,796,5.24e-123,433
ASV1981,GCA_049518595.bact.0,95.971,273,11,0,1,273,524,796,2.42e-126,444
ASV1594,GCA_049518595.bact.0,95.238,273,13,0,1,273,524,796,5.24e-123,433
ASV3150,GCA_049518595.bact.0,94.505,273,15,0,1,273,524,796,1.14e-119,422
ASV2092,GCA_049518595.bact.0,93.773,273,17,0,1,273,524,796,2.46e-116,411
ASV1537,GCA_049518595.bact.0,93.407,273,18,0,1,273,524,796,1.14e-114,405
ASV908,GCA_049518595.bact.0,94.872,273,14,0,1,273,524,796,2.44e-121,427
ASV1663,GCA_049518595.bact.0,96.703,273,9,0,1,273,524,796,1.12e-129,455
ASV2866,GCA_049518595.bact.0,95.604,273,12,0,1,273,524,796,1.16e-124,438
ASV1932,GCA_049518595.bact.0,94.505,273,15,0,1,273,524,796,1.14e-119,422
ASV1854,GCA_049518595.bact.0,97.802,273,6,0,1,273,524,796,1.11e-134,472
ASV5729,GCA_049518595.bact.0,84.701,268,41,0,6,273,529,796,1.61e-73,268
ASV4975,GCA_049518595.bact.0,89.552,268,28,0,4,271,529,796,3.24e-95,340
ASV4624,GCA_049518595.bact.0,93.066,274,17,2,1,273,524,796,5.32e-113,399
ASV5506,GCA_049518595.bact.0,88.321,274,30,2,1,273,524,796,2.55e-91,327
ASV4911,GCA_049518595.bact.0,88.060,268,32,0,6,273,529,796,1.57e-88,318
ASV4802,GCA_049516955.bact.0,86.861,274,34,2,1,273,527,799,1.23e-84,305
ASV1400,GCA_049511475.arch.0,86.447,273,37,0,1,273,535,807,5.55e-83,300
ASV3594,GCA_049518595.bact.0,87.037,270,31,4,6,273,529,796,1.59e-83,302
ASV4633,GCA_049514215.bact.0,86.861,274,34,2,1,273,524,796,1.19e-84,305
ASV5274,GCA_049518595.bact.0,86.194,268,37,0,6,273,529,796,3.43e-80,291
ASV3622,GCA_049518595.bact.0,87.687,268,33,0,6,273,529,796,7.13e-87,313
ASV2670,GCA_050008735.bact.0,85.507,276,34,6,1,273,256,528,5.59e-78,283
ASV1446,GCA_049518595.bact.0,85.448,268,39,0,6,273,529,796,7.23e-77,279
ASV1205,GCA_049518595.bact.0,85.874,269,36,2,6,273,529,796,1.60e-78,285
ASV5188,GCA_049514215.bact.0,86.447,273,37,0,1,273,524,796,5.70e-83,300
ASV3801,GCA_049514215.bact.0,88.278,273,32,0,1,273,524,796,2.55e-91,327
ASV3854,GCA_049514215.bact.0,87.179,273,35,0,1,273,524,796,2.63e-86,311
ASV5145,GCA_049514215.bact.0,86.447,273,36,1,1,272,524,796,1.99e-82,298
ASV5597,GCA_049514215.bact.0,84.672,274,40,2,1,273,524,796,1.24e-74,272
ASV5758,GCA_049514215.bact.0,86.131,274,36,2,1,273,524,796,2.65e-81,294
ASV3759,GCA_049516955.bact.0,88.433,268,31,0,6,273,532,799,3.29e-90,324
ASV4309,GCA_049514215.bact.0,88.278,273,32,0,1,273,524,796,2.55e-91,327
ASV5025,GCA_049514215.bact.0,86.447,273,37,0,1,273,524,796,5.55e-83,300
ASV4920,GCA_049514215.bact.0,87.085,271,31,4,3,271,528,796,4.26e-84,303
ASV4929,GCA_049514215.bact.0,88.364,275,28,4,1,273,524,796,2.55e-91,327
ASV5672,GCA_049512975.bact.0,87.226,274,33,2,1,273,472,744,2.56e-86,311
ASV5736,GCA_049512975.bact.0,86.545,275,33,4,1,273,472,744,5.55e-83,300
ASV5229,GCA_050011635.arch.0,85.145,276,35,6,1,273,44,316,2.60e-76,278
ASV5104,GCA_049523355.arch.1,84.615,273,42,0,1,273,495,767,1.24e-74,272
ASV5659,GCA_049523355.arch.1,82.836,268,43,3,8,273,501,767,4.54e-64,237
ASV3096,GCA_049523355.arch.1,90.110,273,27,0,1,273,495,767,1.20e-99,355
ASV5144,GCA_049516955.bact.0,87.546,273,34,0,1,273,527,799,5.51e-88,316
ASV5792,GCA_049514215.bact.0,88.043,276,27,6,1,273,524,796,1.18e-89,322
ASV5578,GCA_049509055.bact.0,90.146,274,23,4,2,273,535,806,4.20e-99,353
ASV5414,GCA_049512455.bact.0,92.279,272,21,0,2,273,534,805,4.26e-109,387
ASV4597,GCA_049513255.bact.0,92.937,269,17,2,6,273,525,792,3.28e-110,390
ASV4989,GCA_049513255.bact.0,88.278,273,32,0,1,273,520,792,2.62e-91,327
ASV5715,GCA_049518595.bact.0,83.333,270,41,4,6,273,529,796,7.33e-67,246
ASV2504,GCA_049514215.bact.0,86.545,275,34,3,1,274,524,796,5.57e-83,300
ASV4855,GCA_049516955.bact.0,84.615,273,42,0,1,273,527,799,1.21e-74,272
ASV3021,GCA_050013135.arch.0,85.714,273,39,0,1,273,466,738,1.23e-79,289
ASV4442,GCA_049516955.bact.0,88.645,273,30,1,1,272,527,799,1.96e-92,331
ASV3693,GCA_049516955.bact.0,86.957,276,30,6,1,273,527,799,1.19e-84,305
ASV5216,GCA_049516955.bact.0,86.594,276,31,4,1,273,527,799,5.70e-83,300
ASV4045,GCA_049516955.bact.0,89.011,273,30,0,1,273,527,799,1.18e-94,339
ASV5080,GCA_049516955.bact.0,86.182,275,34,2,1,273,527,799,2.58e-81,294
ASV5581,GCA_049516955.bact.0,87.546,273,33,1,1,272,527,799,1.97e-87,315
ASV1650,GCA_049516955.bact.0,87.546,273,34,0,1,273,527,799,5.51e-88,316
ASV2627,GCA_049516955.bact.0,94.505,273,15,0,1,273,527,799,1.14e-119,422
ASV885,GCA_049516955.bact.0,95.238,273,13,0,1,273,527,799,5.39e-123,433
ASV5417,GCA_049516955.bact.0,91.575,273,23,0,1,273,527,799,2.56e-106,377
ASV427,GCA_049516955.bact.0,98.901,273,3,0,1,273,527,799,1.10e-139,488
ASV564,GCA_049516955.bact.0,98.535,273,4,0,1,273,527,799,5.13e-138,483
ASV2199,GCA_049516955.bact.0,98.168,273,5,0,1,273,527,799,2.39e-136,477
ASV872,GCA_049516955.bact.0,97.070,273,8,0,1,273,527,799,2.41e-131,460
ASV1945,GCA_049516955.bact.0,96.703,273,9,0,1,273,527,799,1.12e-129,455
ASV731,GCA_049516955.bact.0,99.267,273,2,0,1,273,527,799,2.37e-141,494
ASV1247,GCA_049516955.bact.0,98.535,273,4,0,1,273,527,799,5.13e-138,483
ASV4417,GCA_049516955.bact.0,98.168,273,5,0,1,273,527,799,2.39e-136,477
ASV1584,GCA_049516955.bact.0,98.901,273,3,0,1,273,527,799,1.10e-139,488
ASV3353,GCA_049516955.bact.0,99.634,273,1,0,1,273,527,799,5.10e-143,499
ASV1600,GCA_049516955.bact.0,99.634,273,1,0,1,273,527,799,5.10e-143,499
ASV401,GCA_049516955.bact.0,94.139,273,16,0,1,273,527,799,5.28e-118,416
ASV4400,GCA_049516955.bact.0,92.164,268,21,0,6,273,532,799,7.12e-107,379
ASV4368,GCA_049516955.bact.0,92.727,275,16,3,1,273,527,799,2.54e-111,394
ASV4751,GCA_049516955.bact.0,87.319,276,29,6,1,273,527,799,2.56e-86,311
ASV4849,GCA_049516955.bact.0,90.146,274,25,2,1,273,527,799,1.17e-99,355
ASV5418,GCA_049516955.bact.0,90.476,273,26,0,1,273,527,799,2.51e-101,361
ASV1898,GCA_049516955.bact.0,87.591,274,32,2,1,273,527,799,5.51e-88,316
ASV5089,GCA_049516955.bact.0,84.249,273,43,0,1,273,527,799,5.63e-73,267
ASV5272,GCA_049516955.bact.0,86.447,273,37,0,1,273,527,799,5.70e-83,300
ASV4642,GCA_049516955.bact.0,87.912,273,33,0,1,273,527,799,1.18e-89,322
ASV5631,GCA_049516955.bact.0,86.081,273,38,0,1,273,527,799,2.58e-81,294
ASV5323,GCA_049516955.bact.0,87.179,273,35,0,1,273,527,799,2.56e-86,311
ASV4963,GCA_049516955.bact.0,86.131,274,36,2,1,273,527,799,2.58e-81,294
ASV5186,GCA_049516955.bact.0,85.978,271,36,2,1,270,527,796,1.20e-79,289
ASV4833,GCA_049516955.bact.0,87.546,273,34,0,1,273,527,799,5.51e-88,316
ASV5354,GCA_049518595.bact.0,86.447,273,37,0,1,273,524,796,5.70e-83,300
ASV5539,GCA_049516955.bact.0,83.636,275,41,4,1,273,527,799,1.22e-69,255
ASV5291,GCA_049516955.bact.0,84.615,273,41,1,1,272,527,799,4.33e-74,270
ASV5761,GCA_049522315.bact.0,83.774,265,37,6,12,273,265,526,7.54e-67,246
ASV5461,GCA_050012855.arch.0,83.588,262,43,0,12,273,550,811,7.33e-67,246
ASV4931,GCA_050012015.bact.0,87.319,276,29,6,1,273,489,761,2.63e-86,311
ASV5507,GCA_050012455.bact.0,85.199,277,33,7,1,273,537,809,2.67e-76,278
ASV394,GCA_049516955.bact.0,85.348,273,40,0,1,273,527,799,5.59e-78,283
ASV1511,GCA_049516955.bact.0,85.714,273,39,0,1,273,527,799,1.20e-79,289
ASV4785,GCA_049516955.bact.0,85.766,274,37,2,1,273,527,799,1.20e-79,289
ASV5471,GCA_049511475.arch.0,82.909,275,43,4,1,273,535,807,2.64e-66,244
ASV5466,GCA_049519735.bact.0,85.240,271,40,0,1,271,548,818,7.17e-77,279
ASV5423,GCA_049516955.bact.0,86.182,275,34,4,1,273,527,799,2.58e-81,294
ASV4722,GCA_049518595.bact.0,82.545,275,44,4,1,273,524,796,1.23e-64,239
ASV5366,GCA_049518595.bact.0,82.374,278,39,10,1,273,524,796,5.71e-63,233
ASV4432,GCA_049516955.bact.0,84.982,273,41,0,1,273,527,799,2.60e-76,278
ASV5121,GCA_049508565.arch.0,82.022,267,47,1,8,273,510,776,9.55e-61,226
ASV5069,GCA_049516955.bact.0,85.714,273,39,0,1,273,527,799,1.23e-79,289
ASV5099,GCA_050012295.bact.0,97.814,183,4,0,1,183,534,716,5.51e-88,316
ASV3214,GCA_050013135.arch.0,87.179,273,35,0,1,273,466,738,2.63e-86,311
ASV5456,GCA_049508835.bact.0,87.132,272,35,0,1,272,493,764,9.19e-86,309
ASV4286,GCA_049516955.bact.0,87.591,274,32,2,1,273,527,799,5.66e-88,316
ASV5605,GCA_050013135.arch.0,83.883,273,44,0,1,273,466,738,2.62e-71,261
ASV5705,GCA_049516955.bact.0,85.036,274,39,2,1,273,527,799,2.60e-76,278
ASV3518,GCA_049516955.bact.0,85.821,268,38,0,6,273,532,799,1.60e-78,285
ASV4769,GCA_049518595.bact.0,89.781,274,26,2,1,273,524,796,5.58e-98,350
ASV5583,GCA_049518595.bact.0,88.406,276,26,4,1,273,524,796,2.55e-91,327
ASV5621,GCA_049516955.bact.0,85.091,275,37,4,1,273,527,799,2.60e-76,278
ASV5739,GCA_049516955.bact.0,85.714,273,39,0,1,273,527,799,1.23e-79,289
ASV5271,GCA_049522315.bact.0,84.444,270,36,6,5,271,260,526,2.60e-71,261
ASV5741,GCA_049997875.bact.0,83.333,252,38,4,12,261,527,776,7.39e-62,230
ASV5445,GCA_050012455.bact.0,83.942,274,32,12,6,273,542,809,1.58e-68,252
ASV3937,GCA_049521775.arch.0,82.051,273,49,0,1,273,537,809,5.87e-63,233
ASV4733,GCA_049516955.bact.0,82.051,273,49,0,1,273,527,799,5.71e-63,233
ASV1637,GCA_050008735.bact.0,83.394,277,38,8,1,273,256,528,5.67e-68,250
ASV4815,GCA_049516955.bact.0,83.883,273,44,0,1,273,527,799,2.62e-71,261
ASV4965,GCA_050008735.bact.0,82.182,275,45,4,1,273,256,528,5.71e-63,233
ASV3993,GCA_049516955.bact.0,84.615,273,42,0,1,273,527,799,1.24e-74,272
ASV4225,GCA_049516955.bact.0,83.516,273,45,0,1,273,527,799,1.22e-69,255
ASV3830,GCA_049518595.bact.0,82.847,274,45,2,1,273,524,796,2.64e-66,244
ASV5571,GCA_049518595.bact.0,84.058,276,38,5,1,273,524,796,2.69e-71,261
ASV4947,GCA_049518595.bact.0,89.011,273,30,0,1,273,524,796,1.18e-94,339
ASV5309,GCA_049516955.bact.0,87.912,273,33,0,1,273,527,799,1.22e-89,322
ASV5682,GCA_049518595.bact.0,89.011,273,30,0,1,273,524,796,1.21e-94,339
ASV4611,GCA_049516955.bact.0,89.744,273,28,0,1,273,527,799,5.43e-98,350
ASV4350,GCA_049514215.bact.0,86.296,270,33,3,6,273,529,796,3.34e-80,291
ASV3563,GCA_049514215.bact.0,85.130,269,38,2,6,273,529,796,3.36e-75,274
ASV2573,GCA_049514215.bact.0,86.194,268,37,0,6,273,529,796,3.34e-80,291
ASV4562,GCA_049514215.bact.0,85.821,268,38,0,6,273,529,796,1.60e-78,285
ASV4138,GCA_049514215.bact.0,86.567,268,36,0,6,273,529,796,7.18e-82,296
ASV2869,GCA_049514215.bact.0,85.821,268,38,0,6,273,529,796,1.55e-78,285
ASV3987,GCA_049514215.bact.0,86.567,268,36,0,6,273,529,796,7.18e-82,296
ASV1255,GCA_049514215.bact.0,84.815,270,38,3,6,274,529,796,1.57e-73,268
ASV2041,GCA_049514215.bact.0,84.815,270,38,3,6,274,529,796,1.57e-73,268
ASV1036,GCA_049514215.bact.0,85.185,270,37,3,6,274,529,796,3.38e-75,274
ASV1155,GCA_049514215.bact.0,85.556,270,36,3,6,274,529,796,7.26e-77,279
ASV315,GCA_049514215.bact.0,87.732,269,31,2,6,273,529,796,7.13e-87,313
ASV188,GCA_049514215.bact.0,87.732,269,31,2,6,273,529,796,7.13e-87,313
ASV402,GCA_049514215.bact.0,88.104,269,30,2,6,273,529,796,1.53e-88,318
ASV5295,GCA_049516955.bact.0,83.516,273,45,0,1,273,527,799,1.22e-69,255
ASV3548,GCA_049515795.arch.0,86.813,273,36,0,1,273,537,809,1.19e-84,305
ASV4086,GCA_050008735.bact.0,87.226,274,33,2,1,273,256,528,2.56e-86,311
ASV4291,GCA_049514215.bact.0,87.407,270,30,3,6,273,529,796,3.32e-85,307
ASV1045,GCA_049514215.bact.0,88.476,269,29,2,6,273,529,796,3.38e-90,324
ASV2470,GCA_049514215.bact.0,89.416,274,27,2,1,273,524,796,2.60e-96,344
ASV1306,GCA_049514215.bact.0,89.051,274,28,2,1,273,524,796,1.18e-94,339
ASV3130,GCA_049514215.bact.0,90.146,274,25,2,1,273,524,796,1.17e-99,355
ASV2493,GCA_049514215.bact.0,89.781,274,26,2,1,273,524,796,5.43e-98,350
ASV1974,GCA_049514215.bact.0,89.051,274,28,2,1,273,524,796,1.18e-94,339
ASV1351,GCA_049514215.bact.0,87.226,274,33,2,1,273,524,796,2.56e-86,311
ASV4178,GCA_049514215.bact.0,86.496,274,35,2,1,273,524,796,5.55e-83,300
ASV4795,GCA_049514215.bact.0,87.179,273,33,2,2,273,525,796,9.22e-86,309
ASV4296,GCA_049516955.bact.0,89.051,274,28,2,1,273,527,799,1.18e-94,339
ASV3185,GCA_049514215.bact.0,88.321,274,30,2,1,273,524,796,2.55e-91,327
ASV2440,GCA_049514215.bact.0,88.686,274,29,2,1,273,524,796,5.47e-93,333
ASV3314,GCA_049514215.bact.0,88.686,274,29,2,1,273,524,796,5.47e-93,333
ASV423,GCA_049514215.bact.0,89.051,274,28,2,1,273,524,796,1.18e-94,339
ASV2387,GCA_049514215.bact.0,89.051,274,28,2,1,273,524,796,1.18e-94,339
ASV1019,GCA_049514215.bact.0,89.416,274,27,2,1,273,524,796,2.53e-96,344
ASV1915,GCA_049514215.bact.0,90.146,274,25,2,1,273,524,796,1.17e-99,355
ASV4334,GCA_049514215.bact.0,88.686,274,29,2,1,273,524,796,5.62e-93,333
ASV4909,GCA_049514215.bact.0,86.909,275,32,4,1,273,524,796,1.23e-84,305
ASV1081,GCA_049514215.bact.0,89.781,274,26,2,1,273,524,796,5.43e-98,350
ASV440,GCA_049514215.bact.0,89.781,274,26,2,1,273,524,796,5.43e-98,350
ASV2354,GCA_049514215.bact.0,87.226,274,33,2,1,273,524,796,2.56e-86,311
ASV1787,GCA_049514215.bact.0,87.226,274,33,2,1,273,524,796,2.56e-86,311
ASV1711,GCA_049516955.bact.0,87.636,275,30,4,1,273,527,799,5.51e-88,316
ASV472,GCA_049514215.bact.0,89.416,274,27,2,1,273,524,796,2.53e-96,344
ASV1023,GCA_049514215.bact.0,89.051,274,28,2,1,273,524,796,1.18e-94,339
ASV1187,GCA_049514215.bact.0,89.416,274,27,2,1,273,524,796,2.53e-96,344
ASV2860,GCA_049516955.bact.0,86.861,274,34,2,1,273,527,799,1.19e-84,305
ASV2987,GCA_049516955.bact.0,87.591,274,32,2,1,273,527,799,5.51e-88,316
ASV956,GCA_049516955.bact.0,87.226,274,33,2,1,273,527,799,2.56e-86,311
ASV1649,GCA_049516955.bact.0,87.591,274,32,2,1,273,527,799,5.51e-88,316
ASV584,GCA_049516955.bact.0,87.956,274,31,2,1,273,527,799,1.18e-89,322
ASV2728,GCA_049516955.bact.0,86.861,274,34,2,1,273,527,799,1.19e-84,305
ASV5658,GCA_049516955.bact.0,86.131,274,36,2,1,273,527,799,2.65e-81,294
ASV1666,GCA_049516955.bact.0,85.821,268,35,3,7,273,534,799,2.07e-77,281
ASV3225,GCA_049516955.bact.0,88.686,274,29,2,1,273,527,799,5.47e-93,333
ASV1144,GCA_049516955.bact.0,87.732,269,31,2,6,273,532,799,7.13e-87,313
ASV2048,GCA_049516955.bact.0,87.956,274,31,2,1,273,527,799,1.18e-89,322
ASV2240,GCA_049516955.bact.0,87.956,274,31,2,1,273,527,799,1.18e-89,322
ASV3769,GCA_049516955.bact.0,87.591,274,32,2,1,273,527,799,5.51e-88,316
ASV2497,GCA_049516955.bact.0,88.321,274,30,2,1,273,527,799,2.55e-91,327
ASV2249,GCA_049516955.bact.0,87.956,274,31,2,1,273,527,799,1.18e-89,322
ASV30,GCA_049516955.bact.0,88.686,274,29,2,1,273,527,799,5.47e-93,333
ASV26,GCA_049516955.bact.0,88.321,274,30,2,1,273,527,799,2.55e-91,327
ASV6,GCA_049516955.bact.0,88.321,274,30,2,1,273,527,799,2.55e-91,327
ASV11,GCA_049516955.bact.0,88.686,274,29,2,1,273,527,799,5.47e-93,333
ASV22,GCA_049516955.bact.0,88.321,274,30,2,1,273,527,799,2.55e-91,327
ASV880,GCA_049516955.bact.0,87.273,275,31,4,1,273,527,799,2.56e-86,311
ASV1734,GCA_049516955.bact.0,87.956,274,31,2,1,273,527,799,1.18e-89,322
ASV4411,GCA_049516955.bact.0,89.219,269,27,2,6,273,532,799,1.52e-93,335
ASV2899,GCA_049516955.bact.0,88.433,268,31,0,6,273,532,799,3.38e-90,324
ASV4665,GCA_049516955.bact.0,88.104,269,30,2,6,273,532,799,1.53e-88,318
ASV4679,GCA_049516955.bact.0,84.758,269,39,2,6,273,532,799,1.61e-73,268
ASV4709,GCA_049514215.bact.0,82.847,274,45,2,1,273,524,796,2.64e-66,244
ASV1607,GCA_049516955.bact.0,88.645,273,31,0,1,273,527,799,5.47e-93,333
ASV2169,GCA_049516955.bact.0,87.912,273,33,0,1,273,527,799,1.18e-89,322
ASV2472,GCA_049516955.bact.0,88.278,273,32,0,1,273,527,799,2.55e-91,327
ASV2526,GCA_049516955.bact.0,88.278,273,32,0,1,273,527,799,2.55e-91,327
ASV4,GCA_049516955.bact.0,88.686,274,29,2,1,273,527,799,5.47e-93,333
ASV3539,GCA_049516955.bact.0,88.321,274,30,2,1,273,527,799,2.55e-91,327
ASV2069,GCA_049516955.bact.0,87.956,274,31,2,1,273,527,799,1.18e-89,322
ASV3895,GCA_049516955.bact.0,88.321,274,30,2,1,273,527,799,2.62e-91,327
ASV3063,GCA_049516955.bact.0,86.131,274,36,2,1,273,527,799,2.58e-81,294
ASV4020,GCA_049516955.bact.0,86.496,274,35,2,1,273,527,799,5.55e-83,300
ASV3408,GCA_049514215.bact.0,89.630,270,24,4,6,273,529,796,3.36e-95,340
ASV4474,GCA_049518595.bact.0,87.273,275,31,4,1,273,524,796,2.56e-86,311
ASV2216,GCA_049516955.bact.0,85.401,274,38,2,1,273,527,799,5.59e-78,283
ASV4959,GCA_049516955.bact.0,84.502,271,40,2,1,270,527,796,5.61e-73,267
ASV2709,GCA_049516955.bact.0,85.036,274,39,2,1,273,527,799,2.67e-76,278
ASV2006,GCA_049516955.bact.0,85.766,274,37,2,1,273,527,799,1.20e-79,289
ASV1037,GCA_049516955.bact.0,87.591,274,32,2,1,273,527,799,5.51e-88,316
ASV5669,GCA_049511475.arch.0,84.727,275,38,4,1,273,535,807,1.21e-74,272
ASV4306,GCA_049511475.arch.0,81.884,276,44,5,1,273,535,807,2.66e-61,228
ASV5090,GCA_050018335.bact.0,80.727,275,49,4,1,273,545,817,2.68e-56,211
ASV4115,GCA_049521775.arch.0,84.559,272,42,0,2,273,538,809,4.35e-74,270
ASV5303,GCA_050013835.arch.0,83.969,262,39,3,14,273,515,775,2.04e-67,248
ASV4900,GCA_049513255.bact.0,84.000,275,40,4,1,273,520,792,2.69e-71,261
ASV5502,GCA_049519735.bact.0,82.671,277,40,8,1,273,546,818,1.23e-64,239
ASV2997,GCA_050013355.arch.0,81.159,276,46,5,1,273,533,805,5.91e-58,217
ASV4315,GCA_050013355.arch.0,82.246,276,43,5,1,273,533,805,5.71e-63,233
ASV5469,GCA_050012035.bact.0,85.036,274,39,2,1,273,211,483,2.60e-76,278
ASV813,GCA_050008365.arch.0,80.882,272,44,7,6,273,543,810,3.46e-55,207
ASV4734,GCA_049520575.arch.0,81.091,275,48,4,1,273,538,810,5.75e-58,217
ASV5248,GCA_050012035.bact.0,84.411,263,39,2,12,273,222,483,3.48e-70,257
ASV5276,GCA_049518595.bact.0,82.482,274,45,3,1,272,524,796,4.52e-64,237
ASV3384,GCA_049508735.arch.0,85.338,266,33,6,11,273,491,753,4.47e-74,270
ASV5532,GCA_049514515.bact.0,81.884,276,44,5,1,273,546,818,2.66e-61,228
ASV5407,GCA_049512975.bact.0,85.145,276,35,5,1,273,472,744,2.60e-76,278
ASV5526,GCA_049513315.arch.0,84.644,267,35,6,10,273,547,810,2.62e-71,261
ASV5020,GCA_049520575.arch.0,80.505,277,46,8,1,273,538,810,1.28e-54,206
ASV5155,GCA_050008365.arch.0,78.148,270,53,6,7,273,544,810,5.87e-43,167
ASV3491,GCA_049516955.bact.0,82.545,275,44,4,1,273,527,799,1.23e-64,239
ASV2523,GCA_050010475.bact.0,82.246,276,43,6,1,273,520,792,5.71e-63,233
ASV1653,GCA_050010475.bact.0,81.884,276,44,6,1,273,520,792,2.66e-61,228
ASV4517,GCA_050018335.bact.0,83.270,263,44,0,11,273,555,817,9.49e-66,243
ASV4616,GCA_049513055.bact.0,85.455,275,36,2,1,273,546,818,5.59e-78,283
ASV5765,GCA_050008735.bact.0,89.744,273,28,0,1,273,256,528,5.43e-98,350
ASV1430,GCA_050008735.bact.0,99.634,273,1,0,1,273,256,528,5.24e-143,499
ASV3121,GCA_050008735.bact.0,99.267,273,2,0,1,273,256,528,2.37e-141,494
ASV1185,GCA_050008735.bact.0,98.168,273,5,0,1,273,256,528,2.39e-136,477
ASV4176,GCA_049515795.arch.0,97.070,273,8,0,1,273,537,809,2.41e-131,460
ASV1845,GCA_049515795.arch.0,98.901,273,3,0,1,273,537,809,1.13e-139,488
ASV4078,GCA_049515795.arch.0,92.701,274,18,2,1,273,537,809,2.47e-111,394
ASV5433,GCA_049515795.arch.0,88.321,274,30,2,1,273,537,809,2.55e-91,327
ASV898,GCA_050013135.arch.0,92.308,273,21,0,1,273,466,738,1.15e-109,388
ASV1861,GCA_050013135.arch.0,91.575,273,23,0,1,273,466,738,2.49e-106,377
ASV2863,GCA_050013135.arch.0,90.842,273,25,0,1,273,466,738,5.40e-103,366
ASV3499,GCA_050013135.arch.0,90.476,273,26,0,1,273,466,738,2.51e-101,361
ASV2701,GCA_050013135.arch.0,89.011,273,30,0,1,273,466,738,1.21e-94,339
ASV2545,GCA_049513055.bact.0,90.476,273,26,0,1,273,546,818,2.51e-101,361
ASV2361,GCA_049513055.bact.0,88.645,273,31,0,1,273,546,818,5.47e-93,333
ASV2413,GCA_049513055.bact.0,89.011,273,30,0,1,273,546,818,1.18e-94,339
ASV1559,GCA_050013135.arch.0,93.407,273,18,0,1,273,466,738,1.14e-114,405
ASV3453,GCA_050013135.arch.0,93.407,273,18,0,1,273,466,738,1.14e-114,405
ASV1973,GCA_050013135.arch.0,95.971,273,11,0,1,273,466,738,2.42e-126,444
ASV2719,GCA_050013135.arch.0,91.209,273,24,0,1,273,466,738,1.16e-104,372
ASV3652,GCA_049513055.bact.0,90.476,273,26,0,1,273,546,818,2.58e-101,361
ASV4376,GCA_049523355.arch.0,86.496,274,35,2,1,273,538,810,5.70e-83,300
ASV4632,GCA_049513055.bact.0,89.011,273,30,0,1,273,546,818,1.21e-94,339
ASV2715,GCA_049521775.arch.0,91.575,273,21,2,2,273,538,809,8.96e-106,375
ASV5257,GCA_049521775.arch.0,87.179,273,33,2,2,273,538,809,9.22e-86,309
ASV760,GCA_049521775.arch.0,92.308,273,19,2,2,273,538,809,4.14e-109,387
ASV4387,GCA_049523475.arch.0,89.011,273,30,0,1,273,542,814,1.21e-94,339
ASV4988,GCA_049523475.arch.0,89.011,273,30,0,1,273,542,814,1.21e-94,339
ASV5508,GCA_049523475.arch.0,89.416,274,25,3,2,273,543,814,9.09e-96,342
ASV2209,GCA_049523475.arch.0,98.901,273,3,0,1,273,542,814,1.10e-139,488
ASV5239,GCA_049523475.arch.0,87.454,271,34,0,1,271,544,814,7.27e-87,313
ASV5663,GCF_050015535.bact.0,85.348,273,40,0,1,273,551,823,5.59e-78,283
ASV1447,GCA_049523475.arch.0,94.505,273,15,0,1,273,542,814,1.14e-119,422
ASV4949,GCF_050015535.bact.0,87.912,273,33,0,1,273,551,823,1.18e-89,322
ASV714,GCA_049523475.arch.0,94.505,273,15,0,1,273,542,814,1.17e-119,422
ASV870,GCA_049523475.arch.0,94.872,273,14,0,1,273,542,814,2.44e-121,427
ASV2547,GCA_049523475.arch.0,94.872,273,14,0,1,273,542,814,2.44e-121,427
ASV5349,GCA_049523355.arch.0,90.476,273,26,0,1,273,538,810,2.58e-101,361
ASV3201,GCA_049514435.bact.0,93.431,274,16,2,1,273,544,816,1.14e-114,405
ASV3498,GCA_049514435.bact.0,93.407,273,18,0,1,273,544,816,1.14e-114,405
ASV3689,GCA_049523355.arch.0,94.872,273,14,0,1,273,538,810,2.44e-121,427
ASV4877,GCA_049523355.arch.0,91.606,274,21,2,1,273,538,810,2.49e-106,377
ASV3517,GCA_049523355.arch.0,93.431,274,16,2,1,273,538,810,1.17e-114,405
ASV3619,GCA_049521775.arch.0,91.575,273,23,0,1,273,537,809,2.56e-106,377
ASV418,GCA_049523355.arch.0,92.308,273,21,0,1,273,538,810,1.18e-109,388
ASV5337,GCA_049523355.arch.0,91.209,273,24,0,1,273,538,810,1.16e-104,372
ASV5785,GCA_049517435.bact.0,95.477,199,9,0,1,199,544,742,1.53e-88,318
ASV3848,GCA_049514435.bact.0,92.674,273,20,0,1,273,544,816,2.47e-111,394
ASV2251,GCA_049514435.bact.0,99.267,273,2,0,1,273,544,816,2.37e-141,494
ASV2870,GCA_049514435.bact.0,98.535,273,4,0,1,273,544,816,5.13e-138,483
ASV3777,GCA_049514435.bact.0,98.535,273,4,0,1,273,544,816,5.28e-138,483
ASV2408,GCA_049514435.bact.0,98.901,273,3,0,1,273,544,816,1.10e-139,488
ASV3052,GCA_049514435.bact.0,98.901,273,3,0,1,273,544,816,1.10e-139,488
ASV1816,GCA_049514435.bact.0,97.436,273,7,0,1,273,544,816,5.17e-133,466
ASV1570,GCA_050008595.arch.0,96.337,273,10,0,1,273,537,809,5.21e-128,449
ASV2968,GCA_050008595.arch.0,96.337,273,10,0,1,273,537,809,5.21e-128,449
ASV2186,GCA_050008595.arch.0,96.337,273,10,0,1,273,537,809,5.21e-128,449
ASV1472,GCA_050008595.arch.0,96.703,273,9,0,1,273,537,809,1.12e-129,455
ASV1100,GCA_050018335.bact.0,98.901,273,3,0,1,273,545,817,1.10e-139,488
ASV141,GCA_049514435.bact.0,98.535,273,4,0,1,273,544,816,5.13e-138,483
ASV929,GCA_049514435.bact.0,97.802,273,6,0,1,273,544,816,1.11e-134,472
ASV2527,GCA_049523355.arch.0,98.168,273,5,0,1,273,538,810,2.39e-136,477
ASV1922,GCA_049523355.arch.0,97.070,273,8,0,1,273,538,810,2.41e-131,460
ASV1627,GCA_049523355.arch.0,99.267,273,2,0,1,273,538,810,2.44e-141,494
ASV2065,GCA_049523355.arch.0,98.901,273,3,0,1,273,538,810,1.10e-139,488
ASV473,GCA_049523355.arch.0,97.436,273,7,0,1,273,538,810,5.17e-133,466
ASV250,GCA_049523355.arch.0,97.802,273,6,0,1,273,538,810,1.11e-134,472
ASV249,GCA_049523355.arch.0,97.436,273,7,0,1,273,538,810,5.17e-133,466
ASV554,GCA_049523355.arch.0,97.436,273,7,0,1,273,538,810,5.17e-133,466
ASV2398,GCA_049514435.bact.0,97.802,273,6,0,1,273,544,816,1.11e-134,472
ASV529,GCA_049519735.bact.0,90.809,272,25,0,2,273,547,818,1.94e-102,364
ASV2559,GCA_050008735.bact.0,89.338,272,29,0,2,273,257,528,9.09e-96,342
ASV1421,GCA_050008735.bact.0,90.074,272,27,0,2,273,257,528,4.20e-99,353
ASV2304,GCA_050008735.bact.0,89.706,272,28,0,2,273,257,528,1.95e-97,348
ASV3722,GCA_050008735.bact.0,90.441,272,26,0,2,273,257,528,9.03e-101,359
ASV2231,GCA_050013355.arch.0,95.238,273,13,0,1,273,533,805,5.24e-123,433
ASV3977,GCA_049511475.arch.0,95.604,273,12,0,1,273,535,807,1.13e-124,438
ASV2492,GCA_049520575.arch.0,99.634,273,1,0,1,273,538,810,5.10e-143,499
ASV5087,GCA_049512415.bact.0,90.476,273,26,0,1,273,540,812,2.58e-101,361
ASV5182,GCA_049512415.bact.0,92.701,274,18,2,1,273,540,812,2.54e-111,394
ASV5543,GCA_049512415.bact.0,92.674,273,20,0,1,273,540,812,2.47e-111,394
ASV4588,GCA_049512415.bact.0,91.575,273,23,0,1,273,540,812,2.56e-106,377
ASV4618,GCA_049521295.bact.1,91.941,273,22,0,1,273,540,812,5.51e-108,383
ASV5550,GCA_049521295.bact.1,88.321,274,30,2,1,273,540,812,2.55e-91,327
ASV5525,GCA_049521295.bact.1,87.912,273,31,2,2,273,541,812,4.26e-89,320
ASV5529,GCA_049512415.bact.0,89.377,273,29,0,1,273,540,812,2.53e-96,344
ASV4772,GCA_049523475.arch.0,88.686,274,27,4,2,273,543,814,2.02e-92,331
ASV450,GCA_049521295.bact.1,94.139,273,16,0,1,273,540,812,5.28e-118,416
ASV4760,GCA_049521295.bact.1,89.377,273,28,1,1,272,540,812,9.06e-96,342
ASV5364,GCA_049521295.bact.1,91.450,269,21,2,6,273,545,812,1.54e-103,368
ASV5604,GCA_049521295.bact.1,91.078,269,22,2,4,271,545,812,7.12e-102,363
ASV5220,GCA_049521295.bact.1,91.822,269,20,2,6,273,545,812,3.31e-105,374
ASV5409,GCA_049521295.bact.1,89.179,268,29,0,6,273,545,812,1.52e-93,335
ASV265,GCA_049521295.bact.1,95.604,273,12,0,1,273,540,812,1.13e-124,438
ASV1248,GCA_049512415.bact.0,97.070,273,8,0,1,273,540,812,2.41e-131,460
ASV4559,GCA_049521295.bact.1,99.634,273,1,0,1,273,540,812,5.10e-143,499
ASV562,GCA_049512415.bact.0,100.000,273,0,0,1,273,540,812,1.10e-144,505
ASV736,GCA_049512415.bact.0,96.337,273,10,0,1,273,540,812,5.35e-128,449
ASV1980,GCA_049512415.bact.0,97.070,273,8,0,1,273,540,812,2.41e-131,460
ASV2369,GCA_049521295.bact.1,96.337,273,10,0,1,273,540,812,5.21e-128,449
ASV2516,GCA_049521295.bact.1,96.703,273,9,0,1,273,540,812,1.15e-129,455
ASV4883,GCA_049512415.bact.0,90.146,274,25,2,1,273,540,812,1.20e-99,355
ASV5514,GCA_049521295.bact.1,90.299,268,26,0,6,273,545,812,1.55e-98,351
ASV3368,GCA_049512415.bact.0,89.818,275,24,4,1,273,540,812,5.43e-98,350
ASV5233,GCA_049512415.bact.0,91.209,273,24,0,1,273,540,812,1.19e-104,372
ASV3887,GCA_049512415.bact.0,89.781,274,26,2,1,273,540,812,5.43e-98,350
ASV3322,GCA_049512415.bact.0,87.546,273,34,0,1,273,540,812,5.51e-88,316
ASV5175,GCA_049512415.bact.0,89.011,273,28,2,2,273,541,812,4.35e-94,337
ASV4830,GCA_049519735.bact.0,87.179,273,35,0,1,273,546,818,2.56e-86,311
ASV4440,GCA_049512415.bact.0,85.145,276,33,8,2,273,541,812,9.35e-76,276
ASV4610,GCA_049512415.bact.0,85.455,275,34,6,2,273,541,812,2.01e-77,281
ASV5519,GCA_049512415.bact.0,85.091,275,35,6,2,273,541,812,9.61e-76,276
ASV5602,GCA_049521295.bact.1,90.511,274,22,4,2,273,541,812,9.28e-101,359
ASV3598,GCA_049513055.bact.0,89.744,273,28,0,1,273,546,818,5.58e-98,350
ASV3694,GCA_049512415.bact.0,88.971,272,30,0,2,273,541,812,4.35e-94,337
ASV4060,GCA_050008365.arch.0,90.110,273,27,0,1,273,538,810,1.17e-99,355
ASV4901,GCA_050008365.arch.0,90.146,274,25,2,1,273,538,810,1.17e-99,355
ASV4779,GCA_050008365.arch.0,91.450,269,19,4,7,273,544,810,5.40e-103,366
ASV3236,GCA_050008365.arch.0,98.168,273,5,0,1,273,538,810,2.39e-136,477
ASV4729,GCA_050008365.arch.0,89.474,266,28,0,1,266,538,803,4.20e-94,337
ASV2164,GCA_050008365.arch.0,94.872,273,14,0,1,273,538,810,2.44e-121,427
ASV5653,GCA_050008365.arch.0,88.686,274,29,2,1,273,538,810,5.62e-93,333
ASV3661,GCA_050008365.arch.0,95.238,273,13,0,1,273,538,810,5.24e-123,433
ASV2665,GCA_050008365.arch.0,93.091,275,15,4,1,273,538,810,5.32e-113,399
ASV3512,GCA_050008365.arch.0,92.364,275,17,4,1,273,538,810,1.15e-109,388
ASV4926,GCA_049521775.arch.0,86.989,269,31,4,7,273,543,809,5.70e-83,300
ASV5208,GCA_049512415.bact.0,86.496,274,33,4,2,273,541,812,2.05e-82,298
ASV4775,GCA_049520575.arch.0,88.278,273,32,0,1,273,538,810,2.55e-91,327
ASV2717,GCA_050011415.bact.0,93.773,273,17,0,1,273,510,782,2.46e-116,411
ASV5435,GCA_050011415.bact.0,89.377,273,29,0,1,273,510,782,2.60e-96,344
ASV5001,GCA_050013135.arch.0,82.090,268,45,3,7,273,473,738,9.55e-61,226
ASV2528,GCA_049519735.bact.0,83.577,274,43,2,1,273,546,818,1.22e-69,255
ASV5151,GCA_050012435.bact.0,82.482,274,47,1,1,273,484,757,1.23e-64,239
ASV5152,GCA_049523355.arch.1,86.081,273,37,1,1,272,495,767,9.25e-81,292
ASV4908,GCA_049513055.bact.0,80.866,277,43,10,2,273,547,818,9.62e-56,209
ASV4942,GCA_049513895.bact.0,85.401,274,38,2,1,273,531,803,5.59e-78,283
ASV2718,GCA_049513895.bact.0,99.634,273,1,0,1,273,531,803,5.10e-143,499
ASV460,GCA_049513895.bact.0,99.634,273,1,0,1,273,531,803,5.10e-143,499
ASV1540,GCA_049513895.bact.0,99.634,273,1,0,1,273,531,803,5.10e-143,499
ASV2537,GCA_049513895.bact.0,96.337,273,10,0,1,273,531,803,5.21e-128,449
ASV4971,GCA_049513895.bact.0,92.674,273,20,0,1,273,531,803,2.54e-111,394
ASV5762,GCA_049513895.bact.0,89.416,274,27,2,1,273,531,803,2.59e-96,344
ASV5392,GCA_049513255.bact.0,84.727,275,38,4,1,273,520,792,1.21e-74,272
ASV2505,GCA_049513255.bact.0,81.227,277,44,8,1,273,520,792,5.75e-58,217
ASV1833,GCA_049513255.bact.0,80.866,277,45,8,1,273,520,792,2.75e-56,211
ASV2874,GCA_049512215.bact.0,82.734,278,38,10,1,273,520,792,1.23e-64,239
ASV3053,GCA_050011635.arch.0,81.949,277,42,8,1,273,44,316,2.66e-61,228
ASV2195,GCA_050011635.arch.0,81.588,277,43,8,1,273,44,316,1.24e-59,222
ASV5389,GCA_050013575.bact.0,78.986,276,52,6,1,273,538,810,5.99e-48,183
ASV5045,GCA_050010475.bact.0,83.273,275,42,4,1,273,520,792,5.67e-68,250
ASV4881,GCA_049511475.arch.0,84.133,271,36,7,7,273,540,807,1.22e-69,255
ASV5772,GCA_049511475.arch.0,83.577,274,41,4,2,273,536,807,4.38e-69,254
ASV5242,GCA_050011635.arch.0,84.364,275,37,6,2,273,45,316,2.02e-72,265
ASV1931,GCA_050014195.bact.0,86.861,274,34,2,1,273,543,815,1.23e-84,305
ASV4982,GCA_050011635.arch.0,86.131,274,36,2,1,273,44,316,2.65e-81,294
ASV4697,GCA_050010975.bact.0,99.320,147,1,0,127,273,590,736,5.63e-73,267
ASV3089,GCF_050010295.bact.0,97.818,275,6,0,1,275,392,666,8.80e-136,475
ASV2196,GCF_050010295.bact.0,98.540,274,4,0,1,274,392,665,1.43e-138,484
ASV2595,GCF_050010295.bact.0,98.905,274,3,0,1,274,392,665,3.08e-140,490
ASV2794,GCF_050010295.bact.0,98.175,274,5,0,1,274,392,665,6.67e-137,479
ASV2922,GCF_050010295.bact.0,98.175,274,5,0,1,274,392,665,6.67e-137,479
ASV3656,GCF_050010295.bact.0,98.540,274,4,0,1,274,392,665,1.43e-138,484
ASV4840,GCA_049518715.bact.0,91.606,274,23,0,1,274,463,736,7.09e-107,379
ASV5335,GCA_049517655.bact.0,82.979,94,16,0,181,274,727,820,1.73e-18,86.1
ASV3404,GCA_049518715.bact.0,89.051,274,30,0,1,274,463,736,3.35e-95,340
ASV4164,GCA_049518715.bact.0,95.620,274,12,0,1,274,463,736,3.21e-125,440
ASV268,GCA_049518715.bact.0,99.635,274,1,0,1,274,463,736,1.42e-143,501
ASV85,GCA_049518715.bact.0,99.270,274,2,0,1,274,463,736,6.62e-142,496
ASV135,GCA_049518715.bact.0,99.270,274,2,0,1,274,463,736,6.62e-142,496
ASV323,GCA_049518715.bact.0,99.270,274,2,0,1,274,463,736,6.62e-142,496
ASV92,GCA_049518715.bact.0,98.905,274,3,0,1,274,463,736,3.08e-140,490
ASV137,GCA_049518715.bact.0,98.905,274,3,0,1,274,463,736,3.08e-140,490
ASV29,GCA_050010975.bact.0,98.905,274,3,0,1,274,463,736,3.08e-140,490
ASV23,GCA_050010975.bact.0,98.540,274,4,0,1,274,463,736,1.43e-138,484
ASV57,GCA_050010975.bact.0,99.270,274,2,0,1,274,463,736,6.62e-142,496
ASV4373,GCA_050010975.bact.0,92.391,276,17,3,1,274,463,736,3.28e-110,390
ASV13,GCA_050010975.bact.0,98.905,274,3,0,1,274,463,736,3.08e-140,490
ASV70,GCA_050010975.bact.0,98.905,274,3,0,1,274,463,736,3.08e-140,490
ASV1580,GCA_049521675.bact.0,98.175,274,5,0,1,274,463,736,6.67e-137,479
ASV836,GCA_050014375.arch.0,98.901,273,3,0,1,273,4,276,1.10e-139,488
ASV5206,GCA_050011355.arch.0,98.529,272,4,0,1,272,469,740,1.85e-137,481
ASV2037,GCA_050010975.bact.0,83.333,276,42,4,1,274,463,736,1.61e-68,252
ASV2063,GCA_049516135.arch.0,99.270,274,2,0,1,274,469,742,6.62e-142,496
ASV2561,GCA_049516135.arch.0,96.715,274,9,0,1,274,469,742,3.12e-130,457
ASV2609,GCA_049516135.arch.0,96.715,274,9,0,1,274,469,742,3.12e-130,457
ASV4927,GCA_050014495.bact.0,97.445,274,7,0,1,274,458,731,1.48e-133,468
ASV1219,GCA_049518675.arch.0,98.905,274,3,0,1,274,493,766,3.15e-140,490
ASV3927,GCA_049518675.arch.0,85.401,274,38,2,1,273,493,765,5.59e-78,283
ASV2142,GCA_049518675.arch.0,85.401,274,38,2,1,273,493,765,5.59e-78,283
ASV1528,GCA_049518675.arch.0,93.407,273,18,0,1,273,493,765,1.14e-114,405
ASV1483,GCA_050011055.arch.0,91.241,274,24,0,1,274,497,770,3.31e-105,374
ASV958,GCA_049518675.arch.0,91.941,273,22,0,1,273,493,765,5.36e-108,383
ASV3181,GCA_049518675.arch.0,92.308,273,21,0,1,273,493,765,1.15e-109,388
ASV3274,GCA_049518675.arch.0,91.971,274,22,0,1,274,493,766,1.53e-108,385
ASV1234,GCA_050011055.arch.0,91.575,273,23,0,1,273,497,769,2.49e-106,377
ASV687,GCA_050011215.arch.0,93.407,273,18,0,1,273,497,769,1.14e-114,405
ASV1539,GCA_050010995.bact.0,98.175,274,5,0,1,274,462,735,6.83e-137,479
ASV403,GCA_050010995.bact.0,98.535,273,4,0,1,273,462,734,5.13e-138,483
ASV2640,GCA_050008435.arch.0,93.796,274,17,0,1,274,498,771,7.02e-117,412
ASV4039,GCA_050008435.arch.0,93.407,273,18,0,1,273,498,770,1.14e-114,405
ASV542,GCA_050010995.bact.0,97.802,273,6,0,1,273,462,734,1.11e-134,472
ASV289,GCA_050010995.bact.0,98.901,273,3,0,1,273,462,734,1.10e-139,488
ASV1289,GCA_050010995.bact.0,97.070,273,8,0,1,273,462,734,2.41e-131,460
ASV2608,GCA_050010995.bact.0,97.802,273,6,0,1,273,462,734,1.11e-134,472
ASV1256,GCA_050010995.bact.0,97.802,273,6,0,1,273,462,734,1.11e-134,472
ASV4844,GCA_050010995.bact.0,92.000,275,20,2,1,274,462,735,1.53e-108,385
ASV2305,GCA_050010995.bact.0,97.802,273,6,0,1,273,462,734,1.11e-134,472
ASV2002,GCA_050010995.bact.0,98.168,273,5,0,1,273,462,734,2.39e-136,477
ASV1493,GCA_050010995.bact.0,98.168,273,5,0,1,273,462,734,2.39e-136,477
ASV598,GCA_050010995.bact.0,97.802,273,6,0,1,273,462,734,1.11e-134,472
ASV764,GCA_050010995.bact.0,98.168,273,5,0,1,273,462,734,2.39e-136,477
ASV398,GCA_050010995.bact.0,98.168,273,5,0,1,273,462,734,2.39e-136,477
ASV1322,GCA_050010995.bact.0,98.535,273,4,0,1,273,462,734,5.13e-138,483
ASV1195,GCA_050010995.bact.0,98.168,273,5,0,1,273,462,734,2.39e-136,477
ASV359,GCA_050010995.bact.0,97.802,273,6,0,1,273,462,734,1.11e-134,472
ASV4687,GCA_050010975.bact.0,89.493,276,25,4,1,274,463,736,7.20e-97,346
ASV3149,GCA_049517335.arch.0,92.674,273,20,0,1,273,557,829,2.47e-111,394
ASV3963,GCA_049517335.arch.0,91.575,273,23,0,1,273,557,829,2.56e-106,377
ASV4242,GCA_049517335.arch.0,90.182,275,23,4,1,273,557,829,1.17e-99,355
ASV3458,GCA_050012075.bact.0,87.273,275,31,4,1,273,568,840,2.63e-86,311
ASV2376,GCA_050012075.bact.0,87.273,275,31,4,1,273,568,840,2.56e-86,311
ASV1738,GCA_050012075.bact.0,87.726,277,26,8,1,273,568,840,5.66e-88,316
ASV1235,GCA_050012075.bact.0,83.212,274,44,2,1,273,568,840,5.67e-68,250
ASV5700,GCA_050012015.bact.0,81.818,275,46,4,1,273,489,761,2.73e-61,228
ASV5326,GCA_050012015.bact.0,86.131,274,36,2,1,273,489,761,2.58e-81,294
ASV3513,GCA_049517655.bact.0,83.273,275,42,4,1,273,548,820,5.67e-68,250
ASV2529,GCA_050011115.arch.0,81.784,269,47,2,6,273,542,809,3.44e-60,224
ASV1522,GCA_050010475.bact.0,83.516,273,43,2,2,273,521,792,4.38e-69,254
ASV3676,GCA_050010475.bact.0,83.942,274,40,4,2,273,521,792,9.42e-71,259
ASV1886,GCA_050010475.bact.0,82.784,273,45,2,2,273,521,792,9.49e-66,243
ASV5557,GCA_049510055.bact.0,84.701,268,32,8,11,273,554,817,9.42e-71,259
ASV244,GCA_050010475.bact.0,82.784,273,47,0,1,273,520,792,2.64e-66,244
ASV499,GCA_049521175.arch.0,82.482,274,46,2,1,273,491,763,1.23e-64,239
ASV5556,GCA_050013795.arch.0,95.122,123,6,0,151,273,667,789,2.69e-51,195
ASV5635,GCA_050010475.bact.0,86.447,273,37,0,1,273,520,792,5.70e-83,300
ASV5014,GCA_049512775.bact.0,81.455,275,47,3,1,273,189,461,1.27e-59,222
ASV4967,GCA_049509395.arch.0,86.813,273,36,0,1,273,498,770,1.19e-84,305
ASV5470,GCA_049509395.arch.0,84.942,259,37,2,16,273,513,770,2.62e-71,261
ASV5667,GCA_049518595.bact.0,86.940,268,35,0,6,273,529,796,1.54e-83,302
ASV5632,GCA_049509515.arch.0,86.861,274,34,2,1,273,252,524,1.23e-84,305
ASV2229,GCA_049509515.arch.0,89.781,274,26,2,1,273,252,524,5.43e-98,350
ASV4093,GCA_049509515.arch.0,89.781,274,26,2,1,273,252,524,5.43e-98,350
ASV5348,GCA_050012815.bact.0,89.695,262,27,0,12,273,518,779,1.52e-93,335
ASV5752,GCA_049509515.arch.0,88.278,273,32,0,1,273,252,524,2.62e-91,327
ASV5786,GCA_050012815.bact.0,86.081,273,36,2,2,273,508,779,9.54e-81,292
ASV5342,GCA_049509395.arch.0,89.377,273,27,2,2,273,499,770,9.09e-96,342
ASV2877,GCA_049509395.arch.0,90.476,273,26,0,1,273,498,770,2.58e-101,361
ASV1631,GCA_050012815.bact.0,91.544,272,23,0,2,273,508,779,8.96e-106,375
ASV2103,GCA_050012815.bact.0,91.912,272,22,0,2,273,508,779,1.93e-107,381
ASV5050,GCA_049509515.arch.0,87.179,273,35,0,1,273,252,524,2.63e-86,311
ASV1291,GCA_049509515.arch.0,93.407,273,18,0,1,273,252,524,1.14e-114,405
ASV3339,GCA_049509515.arch.0,94.139,273,16,0,1,273,252,524,5.43e-118,416
ASV1354,GCA_049509515.arch.0,93.773,273,17,0,1,273,252,524,2.46e-116,411
ASV2144,GCA_049509515.arch.0,93.773,273,17,0,1,273,252,524,2.46e-116,411
ASV4260,GCA_049509515.arch.0,93.773,273,17,0,1,273,252,524,2.46e-116,411
ASV162,GCA_050012815.bact.0,93.040,273,19,0,1,273,507,779,5.32e-113,399
ASV4970,GCA_050012815.bact.0,89.535,258,27,0,16,273,522,779,2.55e-91,327
ASV5194,GCA_049509395.arch.0,89.147,258,28,0,14,271,513,770,1.21e-89,322
ASV5770,GCA_049509395.arch.0,91.935,186,15,0,88,273,585,770,2.69e-71,261
ASV2560,GCA_050012815.bact.0,92.674,273,20,0,1,273,507,779,2.47e-111,394
ASV3363,GCA_050012815.bact.0,92.308,273,21,0,1,273,507,779,1.15e-109,388
ASV3990,GCA_050012815.bact.0,93.040,273,18,1,1,272,507,779,1.96e-112,398
ASV3292,GCA_050012815.bact.0,92.674,273,20,0,1,273,507,779,2.47e-111,394
ASV3495,GCA_049509395.arch.0,93.382,272,18,0,2,273,499,770,4.11e-114,403
ASV327,GCA_050012815.bact.0,92.674,273,20,0,1,273,507,779,2.47e-111,394
ASV906,GCA_049509515.arch.0,93.773,273,17,0,1,273,252,524,2.46e-116,411
ASV993,GCA_049509515.arch.0,93.040,273,19,0,1,273,252,524,5.32e-113,399
ASV83,GCA_050012815.bact.0,92.279,272,21,0,2,273,508,779,4.14e-109,387
ASV938,GCA_050012815.bact.0,91.912,272,22,0,2,273,508,779,1.93e-107,381
ASV2578,GCA_049509515.arch.0,95.604,273,12,0,1,273,252,524,1.13e-124,438
ASV453,GCA_049509515.arch.0,96.703,273,9,0,1,273,252,524,1.15e-129,455
ASV1239,GCA_049509515.arch.0,95.971,273,11,0,1,273,252,524,2.42e-126,444
ASV222,GCA_049509515.arch.0,95.238,273,13,0,1,273,252,524,5.39e-123,433
ASV2074,GCA_049509515.arch.0,93.773,273,17,0,1,273,252,524,2.46e-116,411
ASV1345,GCA_049509515.arch.0,93.040,273,19,0,1,273,252,524,5.32e-113,399
ASV455,GCA_049509515.arch.0,95.604,273,12,0,1,273,252,524,1.13e-124,438
ASV4727,GCA_049509515.arch.0,94.872,273,14,0,1,273,252,524,2.44e-121,427
ASV1401,GCA_049509515.arch.0,92.279,272,21,0,2,273,253,524,4.14e-109,387
ASV2381,GCA_049509515.arch.0,92.647,272,20,0,2,273,253,524,8.90e-111,392
ASV2824,GCA_049509515.arch.0,93.015,272,19,0,2,273,253,524,1.91e-112,398
ASV2317,GCA_049509515.arch.0,93.015,272,19,0,2,273,253,524,1.97e-112,398
ASV4161,GCA_049509515.arch.0,93.015,272,19,0,2,273,253,524,1.91e-112,398
ASV2051,GCA_050012815.bact.0,91.912,272,22,0,2,273,508,779,1.93e-107,381
ASV1375,GCA_049509515.arch.0,93.407,273,18,0,1,273,252,524,1.14e-114,405
ASV5299,GCA_050012815.bact.0,91.603,262,22,0,12,273,518,779,6.98e-102,363
ASV1723,GCA_049509515.arch.0,91.575,273,23,0,1,273,252,524,2.49e-106,377
ASV4125,GCA_049509515.arch.0,91.941,273,22,0,1,273,252,524,5.36e-108,383
ASV3664,GCA_049509395.arch.0,90.476,273,26,0,1,273,498,770,2.58e-101,361
ASV2098,GCA_049509395.arch.0,91.912,272,22,0,2,273,499,770,1.93e-107,381
ASV2078,GCA_049509515.arch.0,89.377,273,29,0,1,273,252,524,2.53e-96,344
ASV4493,GCA_049509395.arch.0,91.575,273,23,0,1,273,498,770,2.49e-106,377
ASV5510,GCA_049509395.arch.0,88.372,258,30,0,16,273,513,770,2.63e-86,311
ASV809,GCA_049509395.arch.0,88.645,273,31,0,1,273,498,770,5.47e-93,333
ASV3048,GCA_049509395.arch.0,88.278,273,32,0,1,273,498,770,2.55e-91,327
ASV5521,GCA_049512215.bact.0,86.131,274,36,2,1,273,520,792,2.58e-81,294
ASV539,GCA_049509515.arch.0,86.029,272,38,0,2,273,253,524,9.29e-81,292
ASV4894,GCA_049509515.arch.0,83.456,272,45,0,2,273,253,524,4.38e-69,254
ASV5361,GCA_049509515.arch.0,82.418,273,46,2,2,273,253,524,4.54e-64,237
ASV2551,GCA_049509515.arch.0,84.926,272,41,0,2,273,253,524,9.35e-76,276
ASV5184,GCA_049509515.arch.0,86.029,272,38,0,2,273,253,524,9.54e-81,292
ASV4112,GCA_049510055.bact.0,79.856,278,43,12,3,273,546,817,3.49e-50,191
ASV4492,GCA_050010835.arch.0,98.168,273,5,0,1,273,539,811,2.45e-136,477
ASV4999,GCA_050010835.arch.0,90.476,273,26,0,1,273,539,811,2.51e-101,361
ASV1866,GCA_049517655.bact.0,81.923,260,43,4,16,273,563,820,5.91e-58,217
ASV5718,GCA_050013835.arch.0,82.784,273,40,7,3,271,506,775,4.38e-64,237
ASV5250,GCA_049514555.arch.0,82.759,261,39,6,16,273,531,788,2.73e-61,228
ASV4728,GCA_049509755.bact.0,82.374,278,40,9,1,274,36,308,5.73e-63,233
ASV4962,GCA_050013835.arch.0,82.090,268,40,8,11,274,512,775,1.24e-59,222
ASV4494,GCA_049509515.arch.0,80.144,277,48,7,1,274,252,524,5.81e-53,200
ASV5664,GCA_050012455.bact.0,79.273,275,41,15,7,274,544,809,2.78e-46,178
ASV5114,GCA_049512415.bact.0,81.413,269,43,7,9,274,548,812,7.47e-57,213
ASV5421,GCA_049516955.bact.0,82.528,269,46,1,6,274,532,799,1.59e-63,235
ASV4870,GCA_049518775.arch.0,81.538,260,45,3,16,274,498,755,2.69e-56,211
ASV5039,GCA_050012855.arch.0,95.105,143,4,3,133,274,671,811,1.27e-59,222
ASV5520,GCA_050010915.bact.0,82.528,269,41,6,9,274,500,765,2.06e-62,231
ASV3611,GCA_049509395.arch.0,77.857,280,49,11,1,274,498,770,2.74e-41,161
ASV3182,GCA_049509515.arch.0,79.570,279,46,10,1,274,252,524,1.28e-49,189
ASV3192,GCA_049509515.arch.0,78.853,279,48,10,1,274,252,524,2.72e-46,178
ASV2567,GCA_050014015.arch.0,80.000,270,46,8,9,274,492,757,9.73e-51,193
ASV111,GCA_049509515.arch.0,80.216,278,46,9,1,274,252,524,5.81e-53,200
ASV1868,GCA_049509515.arch.0,79.856,278,47,9,1,274,252,524,2.70e-51,195
ASV2281,GCA_049509515.arch.0,79.643,280,44,12,1,274,252,524,1.26e-49,189
ASV1517,GCA_049509515.arch.0,80.576,278,45,9,1,274,252,524,1.25e-54,206
ASV2681,GCA_049509515.arch.0,80.935,278,44,9,1,274,252,524,2.69e-56,211
ASV1470,GCA_049509515.arch.0,80.216,278,46,9,1,274,252,524,5.93e-53,200
ASV1414,GCA_049509515.arch.0,81.295,278,43,9,1,274,252,524,5.77e-58,217
ASV3262,GCA_049509515.arch.0,82.500,280,36,12,1,274,252,524,5.84e-63,233
ASV4577,GCA_049509395.arch.0,77.567,263,50,8,16,274,513,770,6.05e-38,150
ASV5187,GCA_050014015.arch.0,82.182,275,43,6,2,273,486,757,2.11e-62,231
ASV5190,GCA_049516955.bact.0,79.554,269,53,2,6,273,532,799,3.49e-50,191
ASV4951,GCA_050010555.bact.0,78.261,276,51,9,1,271,509,780,1.67e-43,169
ASV5049,GCA_050013575.bact.0,78.700,277,51,8,1,273,538,810,2.71e-46,178
ASV474,GCA_049509515.arch.0,80.357,280,42,12,1,274,252,524,5.81e-53,200
ASV1250,GCA_049509515.arch.0,80.357,280,42,12,1,274,252,524,5.93e-53,200
ASV151,GCA_049509515.arch.0,80.357,280,42,12,1,274,252,524,5.81e-53,200
ASV716,GCA_049509515.arch.0,80.000,280,43,12,1,274,252,524,2.70e-51,195
ASV466,GCA_049509515.arch.0,80.714,280,41,11,1,274,252,524,1.25e-54,206
ASV1251,GCA_049509515.arch.0,80.000,280,43,11,1,274,252,524,2.70e-51,195
ASV3057,GCA_049509515.arch.0,80.576,278,45,9,1,274,252,524,1.25e-54,206
ASV3786,GCA_049509515.arch.0,79.422,277,50,7,1,274,252,524,1.26e-49,189
ASV180,GCA_049509515.arch.0,81.227,277,45,7,1,274,252,524,5.77e-58,217
ASV1382,GCA_049509395.arch.0,76.534,277,58,6,1,274,498,770,2.76e-36,145
ASV634,GCA_049509515.arch.0,80.144,277,48,7,1,274,252,524,5.81e-53,200
ASV597,GCA_049509515.arch.0,80.505,277,47,7,1,274,252,524,1.25e-54,206
ASV911,GCA_049509515.arch.0,80.866,277,46,7,1,274,252,524,2.69e-56,211
ASV5622,GCA_049514855.bact.1,79.636,275,53,3,1,274,173,445,2.70e-51,195
ASV2800,GCA_050010835.arch.0,80.228,263,52,0,11,273,549,811,2.08e-52,198
ASV4790,GCA_049517655.bact.0,79.630,270,43,12,12,275,559,822,5.97e-48,183
ASV2467,GCA_049517655.bact.0,80.608,263,41,9,16,273,563,820,2.69e-51,195
ASV4950,GCA_049517655.bact.0,82.375,261,40,6,16,273,563,820,1.24e-59,222
ASV4521,GCA_049510055.bact.0,81.884,276,41,7,3,273,546,817,3.44e-60,224
ASV1259,GCA_049509395.arch.0,81.949,277,42,8,1,273,498,770,2.66e-61,228
ASV1927,GCA_049509395.arch.0,83.032,277,39,8,1,273,498,770,2.64e-66,244
ASV531,GCA_049517655.bact.0,80.077,261,46,6,16,273,563,820,1.29e-49,189
ASV4964,GCA_049517655.bact.0,81.992,261,41,6,16,273,563,820,5.91e-58,217
ASV4867,GCA_049517655.bact.0,82.824,262,37,8,16,273,563,820,2.71e-61,228
ASV2765,GCA_049517655.bact.0,80.608,263,41,10,16,273,563,820,2.69e-51,195
ASV5601,GCA_049517655.bact.0,82.022,267,38,10,12,273,559,820,1.60e-58,219
ASV4465,GCA_049510055.bact.0,81.298,262,42,5,16,273,559,817,1.24e-54,206
ASV5278,GCA_050015715.arch.0,79.699,266,48,6,11,273,545,807,4.51e-49,187
ASV1101,GCA_049517655.bact.0,80.812,271,41,10,9,273,555,820,1.65e-53,202
ASV4641,GCA_049509395.arch.0,78.909,275,54,4,1,273,498,770,5.95e-48,183
ASV4317,GCA_050010835.arch.0,78.358,268,48,10,11,273,549,811,2.11e-42,165
ASV819,GCA_049509395.arch.0,79.061,277,50,7,1,273,498,770,5.83e-48,183
ASV1333,GCA_049509395.arch.0,80.435,276,48,5,1,273,498,770,1.24e-54,206
ASV5691,GCA_049518595.bact.0,81.685,273,50,0,1,273,524,796,2.73e-61,228
ASV3240,GCA_049509515.arch.0,80.952,273,52,0,1,273,252,524,5.75e-58,217
ASV3011,GCA_049517655.bact.0,82.197,264,35,12,16,273,563,820,5.91e-58,217
ASV4129,GCA_049517655.bact.0,81.749,263,38,10,16,273,563,820,2.68e-56,211
ASV954,GCA_050010895.bact.0,80.385,260,47,4,16,273,530,787,2.69e-51,195
ASV3478,GCA_049509755.bact.0,81.648,267,41,8,11,273,46,308,2.07e-57,215
ASV5160,GCA_049509755.bact.0,84.291,261,35,6,16,273,51,308,5.83e-68,250
ASV686,GCA_049510055.bact.0,81.609,261,43,5,16,273,559,817,2.68e-56,211
ASV3261,GCA_049510055.bact.0,81.538,260,45,3,16,273,559,817,2.68e-56,211
ASV3729,GCA_050011115.arch.0,81.579,266,43,5,11,273,547,809,2.07e-57,215
ASV4464,GCA_049509755.bact.0,79.401,267,47,8,11,273,46,308,2.16e-47,182
ASV2514,GCA_049509515.arch.0,82.051,273,49,0,1,273,252,524,5.71e-63,233
ASV4396,GCA_049522315.bact.0,78.986,276,52,6,1,273,254,526,5.83e-48,183
ASV4914,GCA_049509395.arch.0,79.061,277,50,7,1,273,498,770,5.99e-48,183
ASV4850,GCA_049510055.bact.0,81.853,259,46,1,16,273,559,817,5.91e-58,217
ASV4891,GCA_050015635.arch.0,80.534,262,43,8,16,273,553,810,2.69e-51,195
ASV5694,GCA_049523255.bact.0,83.942,274,38,6,1,271,304,574,3.45e-70,257
ASV5270,GCA_049509635.arch.0,87.560,209,26,0,1,209,464,672,9.49e-66,243
ASV2148,GCA_049514855.bact.1,81.154,260,45,4,16,273,188,445,1.24e-54,206
ASV3641,GCA_049514855.bact.1,82.061,262,39,8,16,273,188,445,5.75e-58,217
ASV1510,GCA_049514855.bact.1,81.154,260,45,4,16,273,188,445,1.24e-54,206
ASV2283,GCA_049514855.bact.1,82.061,262,39,8,16,273,188,445,5.75e-58,217
ASV5134,GCA_049514855.bact.1,82.308,260,42,4,16,273,188,445,1.24e-59,222
ASV3519,GCA_050012375.arch.0,90.110,273,27,0,1,273,485,757,1.20e-99,355
ASV4715,GCA_050010915.bact.0,87.179,273,35,0,1,273,493,765,2.63e-86,311
ASV5311,GCA_050018415.bact.0,89.744,273,28,0,1,273,493,765,5.43e-98,350
ASV4495,GCA_050010915.bact.0,84.982,273,39,2,2,273,494,765,9.61e-76,276
ASV4913,GCA_050018415.bact.0,82.671,277,38,8,2,273,494,765,4.54e-64,237
ASV4831,GCA_050018415.bact.0,87.226,274,31,4,2,273,494,765,9.22e-86,309
ASV652,GCA_050010915.bact.0,91.941,273,20,2,2,273,494,765,1.93e-107,381
ASV3279,GCA_050018415.bact.0,90.876,274,21,4,2,273,494,765,1.99e-102,364
ASV2285,GCA_050010915.bact.0,91.575,273,21,2,2,273,494,765,8.96e-106,375
ASV1180,GCA_050010915.bact.0,91.176,272,24,0,2,273,494,765,4.17e-104,370
ASV3750,GCA_050018415.bact.0,93.407,273,18,0,1,273,493,765,1.14e-114,405
ASV5209,GCA_050018415.bact.0,91.923,260,21,0,14,273,506,765,1.94e-102,364
ASV4272,GCA_050018415.bact.0,96.703,273,9,0,1,273,493,765,1.12e-129,455
ASV792,GCA_050012375.arch.0,93.382,272,18,0,2,273,486,757,4.11e-114,403
ASV1128,GCA_050012375.arch.0,94.505,273,15,0,1,273,485,757,1.14e-119,422
ASV197,GCA_050014015.arch.0,97.070,273,8,0,1,273,485,757,2.41e-131,460
ASV4786,GCA_050010915.bact.0,95.238,273,13,0,1,273,493,765,5.24e-123,433
ASV855,GCA_050014015.arch.0,97.436,273,7,0,1,273,485,757,5.17e-133,466
ASV661,GCA_050012375.arch.0,97.802,273,6,0,1,273,485,757,1.11e-134,472
ASV3967,GCA_050012375.arch.0,98.535,273,4,0,1,273,485,757,5.13e-138,483
ASV1806,GCA_050012375.arch.0,98.535,273,4,0,1,273,485,757,5.13e-138,483
ASV913,GCA_050012375.arch.0,97.802,273,6,0,1,273,485,757,1.11e-134,472
ASV4371,GCA_050018415.bact.0,90.842,273,25,0,1,273,493,765,5.40e-103,366
ASV1658,GCA_050012375.arch.0,89.744,273,28,0,1,273,485,757,5.43e-98,350
ASV4345,GCA_050018415.bact.0,88.043,276,27,6,1,273,493,765,1.18e-89,322
ASV1963,GCA_050010915.bact.0,88.727,275,27,4,1,273,493,765,5.62e-93,333
ASV2450,GCA_050018415.bact.0,89.855,276,22,6,1,273,493,765,5.58e-98,350
ASV4316,GCA_050010915.bact.0,89.818,275,24,4,1,273,493,765,5.43e-98,350
ASV1146,GCA_050010915.bact.0,88.727,275,27,4,1,273,493,765,5.47e-93,333
ASV2770,GCA_050018415.bact.0,87.319,276,29,6,1,273,493,765,2.63e-86,311
ASV4421,GCA_050018415.bact.0,87.912,273,33,0,1,273,493,765,1.18e-89,322
ASV4342,GCA_050018415.bact.0,88.686,274,27,4,2,273,494,765,1.97e-92,331
ASV4569,GCA_050018415.bact.0,91.176,272,24,0,2,273,494,765,4.29e-104,370
ASV3390,GCA_050018415.bact.0,91.209,273,24,0,1,273,493,765,1.16e-104,372
ASV4460,GCA_050010915.bact.0,90.842,273,25,0,1,273,493,765,5.40e-103,366
ASV5112,GCA_050012375.arch.0,89.377,273,29,0,1,273,485,757,2.53e-96,344
ASV4643,GCA_050018415.bact.0,87.591,274,30,4,2,273,494,765,2.04e-87,315
ASV4918,GCA_050018415.bact.0,87.179,273,33,2,2,273,494,765,9.48e-86,309
ASV5143,GCA_050018415.bact.0,83.696,276,39,6,1,273,493,765,1.22e-69,255
ASV5158,GCA_050018415.bact.0,84.783,276,36,6,1,273,493,765,1.21e-74,272
ASV5219,GCA_050018415.bact.0,83.333,276,40,6,1,273,493,765,5.67e-68,250
ASV5619,GCA_049522315.bact.0,84.151,265,38,4,11,273,264,526,4.38e-69,254
ASV5774,GCA_050012815.bact.0,83.636,275,41,4,1,273,507,779,1.22e-69,255
ASV4595,GCA_049510055.bact.0,88.104,269,31,1,6,273,549,817,1.53e-88,318
ASV5766,GCA_049510055.bact.0,86.296,270,32,4,7,273,550,817,1.20e-79,289
ASV3946,GCA_049510055.bact.0,95.167,269,12,1,6,273,549,817,3.16e-120,424
ASV3781,GCA_049510055.bact.0,91.078,269,23,1,6,273,549,817,6.98e-102,363
ASV4196,GCA_049510055.bact.0,92.647,272,19,1,3,273,546,817,3.20e-110,390
ASV4253,GCA_049510055.bact.0,91.544,272,22,1,3,273,546,817,3.31e-105,374
ASV4585,GCA_049510055.bact.0,92.279,272,20,1,3,273,546,817,1.53e-108,385
ASV4794,GCA_049510055.bact.0,90.809,272,24,1,3,273,546,817,6.98e-102,363
ASV2252,GCA_049510055.bact.0,89.744,273,25,3,3,273,546,817,7.03e-97,346
ASV2995,GCA_049510055.bact.0,90.511,274,21,5,3,273,546,817,3.25e-100,357
ASV3847,GCA_049510055.bact.0,91.606,274,18,5,3,273,546,817,3.22e-105,374
ASV2399,GCA_049510055.bact.0,90.441,272,25,1,3,273,546,817,3.25e-100,357
ASV3709,GCA_049510055.bact.0,89.706,272,27,1,3,273,546,817,7.22e-97,346
ASV2008,GCA_049510055.bact.0,86.813,273,33,3,3,273,546,817,1.54e-83,302
ASV2836,GCA_049510055.bact.0,87.500,272,33,1,3,273,546,817,7.33e-87,313
ASV3031,GCA_049510055.bact.0,86.029,272,37,1,3,273,546,817,3.34e-80,291
ASV3457,GCA_049510055.bact.0,87.179,273,32,3,3,273,546,817,3.32e-85,307
ASV3762,GCA_049510055.bact.0,89.338,272,29,0,3,274,546,817,9.31e-96,342
ASV5263,GCA_049510055.bact.0,89.051,274,25,5,3,273,546,817,1.56e-93,335
ASV2476,GCA_049510055.bact.0,87.546,273,31,3,3,273,546,817,7.33e-87,313
ASV4755,GCA_049508795.arch.0,87.500,272,34,0,2,273,517,788,2.04e-87,315
ASV3708,GCA_049510055.bact.0,88.971,272,29,1,3,273,546,817,1.52e-93,335
ASV4880,GCA_049510055.bact.0,87.912,273,30,3,3,273,546,817,1.53e-88,318
ASV1834,GCA_049510055.bact.0,87.500,272,33,1,3,273,546,817,7.13e-87,313
ASV4325,GCA_049508795.arch.0,85.348,273,40,0,1,273,516,788,5.59e-78,283
ASV4126,GCA_050015775.arch.0,86.567,268,36,0,6,273,514,781,7.18e-82,296
ASV5740,GCA_049510055.bact.0,84.674,261,35,5,16,273,559,817,1.25e-69,255
ASV3294,GCA_049510055.bact.0,88.971,272,29,1,3,273,546,817,1.52e-93,335
ASV4128,GCA_049510055.bact.0,93.750,272,17,0,3,274,546,817,8.87e-116,409
ASV5030,GCA_049510055.bact.0,87.500,272,33,1,3,273,546,817,7.13e-87,313
ASV5300,GCA_049510055.bact.0,88.971,272,29,1,3,273,546,817,1.52e-93,335
ASV5341,GCA_049510055.bact.0,84.982,273,39,2,3,274,546,817,9.57e-76,276
ASV1167,GCA_049510055.bact.0,88.971,272,30,0,3,274,546,817,4.25e-94,337
ASV4354,GCA_049510055.bact.0,89.706,272,28,0,3,274,546,817,1.96e-97,348
ASV3585,GCA_049510055.bact.0,92.647,272,19,1,3,273,546,817,3.20e-110,390
ASV4051,GCA_049510055.bact.0,94.891,274,13,1,1,273,544,817,2.44e-121,427
ASV4231,GCA_049510055.bact.0,94.161,274,15,1,1,273,544,817,5.28e-118,416
ASV1671,GCA_049518795.bact.0,91.941,273,22,0,1,273,523,795,5.36e-108,383
ASV5563,GCA_049518795.bact.0,85.075,268,40,0,6,273,528,795,3.46e-75,274
ASV4907,GCA_049508795.arch.0,88.645,273,31,0,1,273,516,788,5.62e-93,333
ASV1266,GCA_049516395.bact.0,99.621,264,1,0,1,264,542,805,5.13e-138,483
ASV3090,GCA_050015775.arch.0,98.168,273,5,0,1,273,509,781,2.39e-136,477
ASV3323,GCA_050013675.arch.0,97.436,273,7,0,1,273,533,805,5.17e-133,466
ASV930,GCA_050013675.arch.0,97.802,273,6,0,1,273,533,805,1.11e-134,472
ASV3981,GCA_049508795.arch.0,91.209,273,24,0,1,273,516,788,1.16e-104,372
ASV4956,GCA_049508795.arch.0,91.575,273,23,0,1,273,516,788,2.56e-106,377
ASV4670,GCA_049508795.arch.0,87.546,273,32,2,2,273,517,788,2.04e-87,315
ASV5153,GCA_049508795.arch.0,86.447,273,35,2,2,273,517,788,2.00e-82,298
ASV4488,GCA_049518795.bact.0,82.182,275,45,4,1,273,523,795,5.71e-63,233
ASV5083,GCA_049510055.bact.0,82.375,261,41,5,16,273,559,817,1.24e-59,222
ASV4767,GCA_049518795.bact.0,77.947,263,58,0,11,273,533,795,2.17e-42,165
ASV4630,GCA_049512315.arch.0,76.894,264,53,8,14,273,486,745,9.90e-36,143
ASV3358,GCA_049518795.bact.0,78.545,275,55,3,1,273,523,795,2.71e-46,178
ASV5606,GCA_049508735.arch.0,82.857,245,40,2,30,273,510,753,1.64e-58,219
ASV1994,GCA_049510055.bact.0,83.456,272,38,7,6,273,549,817,7.33e-67,246
ASV2165,GCA_049510055.bact.0,83.456,272,38,7,6,273,549,817,7.54e-67,246
ASV4720,GCA_049508795.arch.0,79.061,277,51,5,1,274,516,788,5.86e-48,183
ASV4717,GCA_049509395.arch.0,76.894,264,49,11,16,273,513,770,1.32e-34,139
ASV5427,GCA_050012855.arch.0,85.283,265,33,6,12,273,550,811,1.61e-73,268
ASV5742,GCA_049517655.bact.0,82.890,263,39,6,14,273,561,820,2.11e-62,231
ASV3823,GCA_050011115.arch.0,79.636,275,50,5,2,273,538,809,9.69e-51,193
ASV4659,GCA_050011115.arch.0,78.102,274,56,4,2,273,538,809,4.67e-44,171
ASV4972,GCA_050011115.arch.0,79.197,274,53,4,2,273,538,809,4.51e-49,187
ASV5386,GCA_049517655.bact.0,82.890,263,43,2,12,273,559,820,1.59e-63,235
ASV3338,GCA_049510055.bact.0,85.145,276,32,9,3,273,546,817,3.36e-75,274
ASV5256,GCA_049512775.bact.0,86.220,254,35,0,11,264,199,452,9.32e-76,276
ASV5483,GCA_050010475.bact.0,79.061,277,51,6,1,274,520,792,5.86e-48,183
ASV969,GCA_049523355.arch.0,79.259,270,50,6,8,274,544,810,5.86e-48,183
ASV2579,GCA_050011115.arch.0,79.851,268,50,4,8,273,544,809,9.69e-51,193
ASV4622,GCA_049516955.bact.0,81.935,155,28,0,118,272,645,799,2.19e-32,132
ASV4353,GCA_049513315.arch.0,90.000,60,6,0,218,277,751,810,2.88e-16,78.7
ASV3828,GCA_050012455.bact.0,93.220,59,4,0,185,243,751,809,4.17e-19,87.9
ASV155,GCA_050012455.bact.0,91.525,59,5,0,184,242,751,809,1.93e-17,82.4
ASV5082,GCA_050010875.arch.0,92.000,50,4,0,1,50,500,549,4.70e-14,71.3
ASV4647,GCA_050011495.bact.0,78.723,141,18,10,140,274,630,764,6.23e-18,84.2
ASV4977,GCA_049512775.bact.0,91.941,273,22,0,1,273,189,461,5.36e-108,383
ASV391,GCA_049508685.bact.0,91.241,274,22,2,1,273,487,759,1.16e-104,372
ASV3479,GCA_049512775.bact.0,88.645,273,31,0,1,273,189,461,5.47e-93,333
ASV2738,GCA_049508735.arch.0,89.818,275,24,4,1,273,481,753,5.58e-98,350
ASV3552,GCA_049508735.arch.0,89.855,276,22,6,1,273,481,753,5.43e-98,350
ASV226,GCA_049508735.arch.0,89.781,274,26,2,1,273,481,753,5.58e-98,350
ASV447,GCA_049508735.arch.0,89.051,274,28,2,1,273,481,753,1.18e-94,339
ASV4357,GCA_049508735.arch.0,90.182,275,23,4,1,273,481,753,1.17e-99,355
ASV1487,GCA_049512775.bact.0,91.575,273,23,0,1,273,189,461,2.49e-106,377
ASV1110,GCA_050013535.bact.1,93.133,233,16,0,1,233,194,426,9.09e-96,342
ASV1390,GCA_049508735.arch.0,90.182,275,23,4,1,273,481,753,1.17e-99,355
ASV1404,GCA_049508735.arch.0,90.146,274,25,2,1,273,481,753,1.17e-99,355
ASV589,GCA_049512775.bact.0,93.407,273,18,0,1,273,189,461,1.14e-114,405
ASV221,GCA_049512775.bact.0,93.040,273,19,0,1,273,189,461,5.32e-113,399
ASV3576,GCA_049512775.bact.0,93.040,273,19,0,1,273,189,461,5.47e-113,399
ASV2224,GCA_049512775.bact.0,92.308,273,21,0,1,273,189,461,1.15e-109,388
ASV2327,GCA_049512775.bact.0,93.773,273,17,0,1,273,189,461,2.46e-116,411
ASV1057,GCA_049512775.bact.0,93.407,273,18,0,1,273,189,461,1.14e-114,405
ASV2043,GCA_049512775.bact.0,93.773,273,17,0,1,273,189,461,2.46e-116,411
ASV4748,GCA_049508685.bact.0,91.209,273,24,0,1,273,487,759,1.16e-104,372
ASV1520,GCA_049512775.bact.0,94.545,275,11,4,1,273,189,461,1.14e-119,422
ASV5003,GCA_049512775.bact.0,93.431,274,16,2,1,273,189,461,1.14e-114,405
ASV3054,GCA_049512775.bact.0,92.364,275,17,4,1,273,189,461,1.15e-109,388
ASV3900,GCA_049512775.bact.0,96.337,273,10,0,1,273,189,461,5.21e-128,449
ASV4144,GCA_049508685.bact.0,95.604,273,12,0,1,273,487,759,1.16e-124,438
ASV1681,GCA_049512775.bact.0,94.139,273,16,0,1,273,189,461,5.28e-118,416
ASV2779,GCA_049508685.bact.0,93.455,275,14,4,1,273,487,759,1.14e-114,405
ASV4403,GCA_049508685.bact.0,93.040,273,19,0,1,273,487,759,5.47e-113,399
ASV4531,GCA_049508685.bact.0,93.773,273,17,0,1,273,487,759,2.46e-116,411
ASV2699,GCA_049508685.bact.0,94.182,275,12,4,1,273,487,759,5.28e-118,416
ASV3293,GCA_049512775.bact.0,94.139,273,16,0,1,273,189,461,5.28e-118,416
ASV1211,GCA_049512775.bact.0,91.336,277,18,6,1,275,189,461,3.31e-105,374
ASV3176,GCA_049512775.bact.0,93.773,273,17,0,1,273,189,461,2.46e-116,411
ASV943,GCA_049512775.bact.0,93.407,273,18,0,1,273,189,461,1.17e-114,405
ASV3085,GCA_049512775.bact.0,92.308,273,21,0,1,273,189,461,1.15e-109,388
ASV1760,GCA_049512775.bact.0,92.308,273,21,0,1,273,189,461,1.15e-109,388
ASV2583,GCA_049508735.arch.0,92.336,274,19,2,1,273,481,753,1.15e-109,388
ASV1948,GCA_049508735.arch.0,91.941,273,22,0,1,273,481,753,5.51e-108,383
ASV1894,GCA_049508735.arch.0,91.575,273,23,0,1,273,481,753,2.56e-106,377
ASV1220,GCA_049512775.bact.0,91.941,273,22,0,1,273,189,461,5.36e-108,383
ASV976,GCA_049508735.arch.0,91.606,274,21,2,1,273,481,753,2.49e-106,377
ASV1468,GCA_049508735.arch.0,90.876,274,23,2,1,273,481,753,5.54e-103,366
ASV2628,GCA_049508735.arch.0,94.139,273,16,0,1,273,481,753,5.28e-118,416
ASV2047,GCA_049508735.arch.0,93.773,273,17,0,1,273,481,753,2.46e-116,411
ASV605,GCA_049508735.arch.0,93.407,273,18,0,1,273,481,753,1.14e-114,405
ASV1394,GCA_049508735.arch.0,95.620,274,11,1,1,274,481,753,1.15e-124,438
ASV1907,GCA_049508735.arch.0,95.620,274,11,1,1,274,481,753,1.13e-124,438
ASV1660,GCA_049508735.arch.0,95.985,274,10,1,1,274,481,753,2.43e-126,444
ASV2687,GCA_049508735.arch.0,95.620,274,11,1,1,274,481,753,1.13e-124,438
ASV1706,GCA_049508735.arch.0,95.620,274,11,1,1,274,481,753,1.13e-124,438
ASV2337,GCA_049508735.arch.0,95.620,274,11,1,1,274,481,753,1.13e-124,438
ASV583,GCA_049508735.arch.0,96.703,273,9,0,1,273,481,753,1.12e-129,455
ASV1610,GCA_049508735.arch.0,96.703,273,9,0,1,273,481,753,1.12e-129,455
ASV1789,GCA_049508735.arch.0,95.604,273,12,0,1,273,481,753,1.13e-124,438
ASV3072,GCA_049508735.arch.0,95.604,273,12,0,1,273,481,753,1.13e-124,438
ASV3406,GCA_049508735.arch.0,95.238,273,13,0,1,273,481,753,5.24e-123,433
ASV2424,GCA_049508735.arch.0,94.872,273,14,0,1,273,481,753,2.51e-121,427
ASV3673,GCA_049508735.arch.0,94.139,273,16,0,1,273,481,753,5.28e-118,416
ASV3087,GCA_049508735.arch.0,95.971,273,11,0,1,273,481,753,2.42e-126,444
ASV1724,GCA_049508735.arch.0,97.802,273,6,0,1,273,481,753,1.11e-134,472
ASV3674,GCA_049508735.arch.0,96.703,273,9,0,1,273,481,753,1.12e-129,455
ASV1743,GCA_049508735.arch.0,98.901,273,3,0,1,273,481,753,1.10e-139,488
ASV2227,GCA_049508735.arch.0,98.535,273,4,0,1,273,481,753,5.13e-138,483
ASV1800,GCA_049508735.arch.0,98.168,273,5,0,1,273,481,753,2.39e-136,477
ASV2099,GCA_049508735.arch.0,96.703,273,9,0,1,273,481,753,1.12e-129,455
ASV1843,GCA_049508735.arch.0,95.604,273,12,0,1,273,481,753,1.13e-124,438
ASV1371,GCA_049508735.arch.0,95.604,273,12,0,1,273,481,753,1.13e-124,438
ASV2697,GCA_049508735.arch.0,95.604,273,12,0,1,273,481,753,1.13e-124,438
ASV2761,GCA_049508735.arch.0,94.505,273,15,0,1,273,481,753,1.14e-119,422
ASV2929,GCA_049508735.arch.0,94.872,273,14,0,1,273,481,753,2.44e-121,427
ASV3280,GCA_049508735.arch.0,94.872,273,14,0,1,273,481,753,2.44e-121,427
ASV2247,GCA_049508735.arch.0,95.604,273,12,0,1,273,481,753,1.13e-124,438
ASV1207,GCA_049508735.arch.0,94.505,273,15,0,1,273,481,753,1.14e-119,422
ASV2481,GCA_049508735.arch.0,93.407,273,18,0,1,273,481,753,1.14e-114,405
ASV2799,GCA_049508735.arch.0,94.139,273,16,0,1,273,481,753,5.28e-118,416
ASV4099,GCA_049508735.arch.0,95.238,273,13,0,1,273,481,753,5.24e-123,433
ASV1109,GCA_049508735.arch.0,95.238,273,13,0,1,273,481,753,5.24e-123,433
ASV2485,GCA_049508735.arch.0,94.505,273,15,0,1,273,481,753,1.14e-119,422
ASV566,GCA_049508735.arch.0,94.182,275,12,4,1,273,481,753,5.28e-118,416
ASV4407,GCA_049508735.arch.0,93.407,273,18,0,1,273,481,753,1.14e-114,405
ASV1732,GCA_049508735.arch.0,91.575,273,23,0,1,273,481,753,2.56e-106,377
ASV4462,GCA_049508735.arch.0,94.139,273,16,0,1,273,481,753,5.28e-118,416
ASV1596,GCA_049508735.arch.0,95.238,273,13,0,1,273,481,753,5.24e-123,433
ASV986,GCA_049508735.arch.0,94.872,273,14,0,1,273,481,753,2.44e-121,427
ASV1672,GCA_049508735.arch.0,95.238,273,13,0,1,273,481,753,5.24e-123,433
ASV2837,GCA_049508735.arch.0,94.505,273,15,0,1,273,481,753,1.14e-119,422
ASV1387,GCA_049508735.arch.0,94.872,273,14,0,1,273,481,753,2.44e-121,427
ASV1113,GCA_049508735.arch.0,94.139,273,16,0,1,273,481,753,5.28e-118,416
ASV1985,GCA_049508735.arch.0,94.505,273,15,0,1,273,481,753,1.14e-119,422
ASV2473,GCA_049508735.arch.0,94.505,273,15,0,1,273,481,753,1.14e-119,422
ASV2618,GCA_049508735.arch.0,95.238,273,13,0,1,273,481,753,5.24e-123,433
ASV1379,GCA_049508735.arch.0,96.715,274,7,2,1,273,481,753,1.15e-129,455
ASV1545,GCA_049508735.arch.0,96.350,274,8,2,1,273,481,753,5.21e-128,449
ASV4454,GCA_049518775.arch.0,86.909,275,32,4,1,273,483,755,1.19e-84,305
ASV4886,GCA_049518775.arch.0,88.686,274,29,2,1,273,483,755,5.47e-93,333
ASV4209,GCA_049512775.bact.0,87.546,273,34,0,1,273,189,461,5.51e-88,316
ASV5516,GCA_049512775.bact.0,87.319,276,29,3,1,273,189,461,2.56e-86,311
ASV5093,GCA_049512775.bact.0,85.348,273,40,0,1,273,189,461,5.59e-78,283
ASV3014,GCA_049512775.bact.0,90.146,274,25,2,1,273,189,461,1.17e-99,355
ASV1837,GCA_049512775.bact.0,89.744,273,28,0,1,273,189,461,5.43e-98,350
ASV4024,GCA_049512775.bact.0,86.813,273,36,0,1,273,189,461,1.23e-84,305
ASV4746,GCA_049512775.bact.0,85.252,278,33,8,1,275,189,461,7.29e-77,279
ASV5479,GCA_049508735.arch.0,87.179,273,31,4,1,271,483,753,3.38e-85,307
ASV5079,GCA_049512775.bact.0,89.416,274,27,2,1,273,189,461,2.53e-96,344
ASV4816,GCA_049512975.bact.0,86.232,276,32,6,1,273,472,744,2.65e-81,294
ASV4933,GCA_049512975.bact.0,86.282,277,30,8,1,273,472,744,2.58e-81,294
ASV4477,GCA_049521175.arch.0,88.000,275,30,3,1,274,491,763,1.19e-89,322
ASV5486,GCA_049508735.arch.0,86.447,273,37,0,1,273,481,753,5.55e-83,300
ASV4798,GCA_049508735.arch.0,89.744,273,28,0,1,273,481,753,5.43e-98,350
ASV5551,GCA_049508735.arch.0,90.146,274,25,2,1,273,481,753,1.17e-99,355
ASV532,GCA_049508735.arch.0,92.674,273,20,0,1,273,481,753,2.54e-111,394
ASV5481,GCA_049508735.arch.0,89.416,274,27,2,1,273,481,753,2.53e-96,344
ASV3221,GCA_049508685.bact.0,88.645,273,31,0,1,273,487,759,5.47e-93,333
ASV5561,GCA_049508685.bact.0,91.188,261,21,2,14,273,500,759,4.20e-99,353
ASV129,GCA_049508685.bact.0,90.476,273,26,0,1,273,487,759,2.51e-101,361
ASV4809,GCA_049508685.bact.0,87.912,273,33,0,1,273,487,759,1.18e-89,322
ASV2544,GCA_049508685.bact.0,89.781,274,26,2,1,273,487,759,5.43e-98,350
ASV5046,GCA_049508735.arch.0,88.278,273,32,0,1,273,481,753,2.55e-91,327
ASV5357,GCA_049509875.arch.0,86.081,273,38,0,1,273,479,751,2.65e-81,294
ASV5289,GCA_049508735.arch.0,85.714,273,37,2,1,271,481,753,4.29e-79,287
ASV4737,GCA_049508735.arch.0,87.912,273,33,0,1,273,481,753,1.22e-89,322
ASV5591,GCA_049508735.arch.0,87.226,274,33,2,1,273,481,753,2.56e-86,311
ASV5681,GCA_049512775.bact.0,86.813,273,36,0,1,273,189,461,1.19e-84,305
ASV5468,GCA_049508685.bact.0,86.447,273,37,0,1,273,487,759,5.55e-83,300
ASV5699,GCA_049512775.bact.0,85.227,264,37,2,11,273,199,461,4.35e-74,270
ASV5178,GCA_049508735.arch.0,92.424,264,18,2,11,273,491,753,8.96e-106,375
ASV4848,GCA_049508735.arch.0,91.255,263,23,0,11,273,491,753,9.03e-101,359
ASV4990,GCA_049508735.arch.0,91.255,263,23,0,11,273,491,753,9.03e-101,359
ASV4912,GCA_049512775.bact.0,85.985,264,35,2,11,273,199,461,2.07e-77,281
ASV5661,GCA_050015635.arch.0,80.916,262,46,4,14,273,551,810,4.48e-54,204
ASV5353,GCA_049512775.bact.0,85.818,275,35,4,1,273,189,461,1.23e-79,289
ASV5693,GCA_049512455.bact.0,85.091,275,37,4,1,273,533,805,2.60e-76,278
ASV4607,GCA_049521615.bact.0,85.401,274,36,4,2,273,503,774,2.07e-77,281
ASV4752,GCA_049521615.bact.0,82.900,269,42,4,7,273,508,774,1.26e-64,239
ASV2168,GCA_049521615.bact.0,86.861,274,32,4,2,273,503,774,4.29e-84,303
ASV3846,GCA_049521615.bact.0,84.672,274,38,4,2,273,503,774,4.47e-74,270
ASV1334,GCA_049521615.bact.0,85.455,275,34,6,2,273,503,774,2.01e-77,281
ASV1439,GCA_049521615.bact.0,85.091,275,35,6,2,273,503,774,9.35e-76,276
ASV2901,GCA_049521615.bact.0,84.672,274,37,5,2,272,503,774,1.56e-73,268
ASV4637,GCA_049521615.bact.0,86.545,275,31,6,2,273,503,774,2.00e-82,298
ASV4762,GCA_049521615.bact.0,87.546,273,32,2,2,273,503,774,2.04e-87,315
ASV4774,GCA_049521615.bact.0,88.686,274,27,4,2,273,503,774,1.97e-92,331
ASV3524,GCA_049521615.bact.0,87.132,272,35,0,2,273,503,774,9.22e-86,309
ASV3004,GCA_049521615.bact.0,85.294,272,40,0,2,273,503,774,2.07e-77,281
ASV2161,GCA_049521615.bact.0,85.662,272,39,0,2,273,503,774,4.32e-79,287
ASV3397,GCA_049521615.bact.0,86.397,272,37,0,2,273,503,774,2.00e-82,298
ASV1560,GCA_049521615.bact.0,86.765,272,36,0,2,273,503,774,4.41e-84,303
ASV4381,GCA_049521615.bact.0,87.132,272,35,0,2,273,503,774,9.48e-86,309
ASV640,GCA_049521615.bact.0,86.765,272,36,0,2,273,503,774,4.29e-84,303
ASV1966,GCA_050011695.arch.0,85.818,275,36,3,1,273,502,775,1.20e-79,289
ASV4707,GCA_049522915.arch.0,83.883,273,37,7,1,269,525,794,4.33e-69,254
ASV2469,GCA_049521615.bact.0,87.868,272,33,0,2,273,503,774,4.26e-89,320
ASV1748,GCA_049521615.bact.0,87.868,272,33,0,2,273,503,774,4.26e-89,320
ASV3704,GCA_049521615.bact.0,87.956,274,29,4,2,273,503,774,4.26e-89,320
ASV2182,GCA_049512455.bact.0,87.636,275,30,4,1,273,533,805,5.66e-88,316
ASV4502,GCA_049512455.bact.0,87.956,274,31,2,1,273,533,805,1.18e-89,322
ASV1451,GCA_049512455.bact.0,86.909,275,32,4,1,273,533,805,1.19e-84,305
ASV4470,GCA_049512455.bact.0,86.232,276,33,5,1,274,533,805,2.59e-81,294
ASV4120,GCA_049521615.bact.0,87.546,273,32,2,2,273,503,774,1.98e-87,315
ASV1857,GCA_049521615.bact.0,86.447,273,35,2,2,273,503,774,2.00e-82,298
ASV66,GCA_049521615.bact.0,85.036,274,37,4,2,273,503,774,9.35e-76,276
ASV93,GCA_049521615.bact.0,85.401,274,36,4,2,273,503,774,2.01e-77,281
ASV91,GCA_049521615.bact.0,85.036,274,37,4,2,273,503,774,9.35e-76,276
ASV67,GCA_049521615.bact.0,84.672,274,38,4,2,273,503,774,4.35e-74,270
ASV112,GCA_049521615.bact.0,84.672,274,38,4,2,273,503,774,4.35e-74,270
ASV4565,GCA_049521615.bact.0,88.645,273,29,2,2,273,503,774,2.02e-92,331
ASV1518,GCA_049521615.bact.0,87.226,274,31,4,2,273,503,774,9.22e-86,309
ASV1840,GCA_049521615.bact.0,87.226,274,31,4,2,273,503,774,9.22e-86,309
ASV2184,GCA_050012415.bact.0,80.866,277,41,10,1,271,501,771,3.43e-55,207
ASV1244,GCA_049521615.bact.0,84.502,271,42,0,1,271,504,774,1.55e-73,268
ASV3209,GCA_049521615.bact.0,87.823,271,33,0,1,271,504,774,1.52e-88,318
ASV2170,GCA_049521615.bact.0,87.085,271,35,0,1,271,504,774,3.29e-85,307
ASV117,GCA_049521615.bact.0,87.085,271,35,0,1,271,504,774,3.29e-85,307
ASV431,GCA_049521615.bact.0,87.085,271,35,0,1,271,504,774,3.29e-85,307
ASV108,GCA_049521615.bact.0,86.716,271,36,0,1,271,504,774,1.53e-83,302
ASV659,GCA_049521615.bact.0,86.347,271,37,0,1,271,504,774,7.12e-82,296
ASV277,GCA_049521615.bact.0,86.347,271,37,0,1,271,504,774,7.12e-82,296
ASV2509,GCA_049521615.bact.0,86.716,271,36,0,1,271,504,774,1.53e-83,302
ASV4018,GCA_049521615.bact.0,86.347,271,37,0,1,271,504,774,7.12e-82,296
ASV4276,GCA_049521615.bact.0,86.347,271,37,0,1,271,504,774,7.12e-82,296
ASV5118,GCA_049521615.bact.0,87.085,271,35,0,1,271,504,774,3.29e-85,307
ASV5684,GCA_049514855.bact.1,83.456,272,45,0,2,273,174,445,4.38e-69,254
ASV3062,GCA_049521615.bact.0,87.132,272,35,0,2,273,503,774,9.22e-86,309
ASV4114,GCA_049521615.bact.0,86.131,274,34,4,2,273,503,774,9.29e-81,292
ASV3770,GCA_049521615.bact.0,87.591,274,30,4,2,273,503,774,2.04e-87,315
ASV5142,GCA_049521615.bact.0,85.294,272,40,0,2,273,503,774,2.07e-77,281
ASV96,GCA_049521615.bact.0,91.912,272,22,0,2,273,503,774,1.98e-107,381
ASV738,GCA_049521615.bact.0,91.912,272,22,0,2,273,503,774,1.93e-107,381
ASV984,GCA_049521615.bact.0,91.176,272,24,0,2,273,503,774,4.17e-104,370
ASV428,GCA_049521615.bact.0,91.176,272,24,0,2,273,503,774,4.29e-104,370
ASV3146,GCA_049521615.bact.0,89.011,273,28,2,2,273,503,774,4.23e-94,337
ASV5163,GCA_049521615.bact.0,84.672,274,38,4,2,273,503,774,4.47e-74,270
ASV5246,GCA_049521615.bact.0,84.982,273,39,2,2,273,503,774,9.61e-76,276
ASV5594,GCA_049521615.bact.0,86.245,269,35,2,6,273,507,774,3.34e-80,291
ASV5397,GCA_049521615.bact.0,87.687,268,33,0,6,273,507,774,7.33e-87,313
ASV5724,GCA_050011695.arch.0,86.594,276,32,5,1,273,502,775,5.70e-83,300
ASV354,GCA_049521615.bact.0,94.161,274,14,2,1,273,502,774,5.28e-118,416
ASV800,GCA_049521615.bact.0,93.040,273,19,0,1,273,502,774,5.32e-113,399
ASV2391,GCA_049521615.bact.0,94.139,273,16,0,1,273,502,774,5.28e-118,416
ASV3389,GCA_049521615.bact.0,94.139,273,16,0,1,273,502,774,5.28e-118,416
ASV750,GCA_049521615.bact.0,95.604,273,12,0,1,273,502,774,1.13e-124,438
ASV1016,GCA_049521615.bact.0,97.070,273,8,0,1,273,502,774,2.41e-131,460
ASV290,GCA_049521615.bact.0,96.703,273,9,0,1,273,502,774,1.12e-129,455
ASV4295,GCA_049521615.bact.0,94.505,273,15,0,1,273,502,774,1.14e-119,422
ASV2202,GCA_049521615.bact.0,94.505,273,15,0,1,273,502,774,1.14e-119,422
ASV3154,GCA_049521615.bact.0,94.139,273,16,0,1,273,502,774,5.28e-118,416
ASV3998,GCA_049521615.bact.0,95.238,273,13,0,1,273,502,774,5.39e-123,433
ASV2755,GCA_049521615.bact.0,94.505,273,15,0,1,273,502,774,1.14e-119,422
ASV2539,GCA_049521615.bact.0,97.436,273,7,0,1,273,502,774,5.17e-133,466
ASV200,GCA_049521615.bact.0,95.604,273,12,0,1,273,502,774,1.13e-124,438
ASV1122,GCA_049521615.bact.0,95.238,273,13,0,1,273,502,774,5.24e-123,433
ASV1879,GCA_049521615.bact.0,95.238,273,13,0,1,273,502,774,5.24e-123,433
ASV1870,GCA_049521615.bact.0,95.971,273,11,0,1,273,502,774,2.42e-126,444
ASV1094,GCA_049521615.bact.0,94.505,273,15,0,1,273,502,774,1.14e-119,422
ASV357,GCA_049521615.bact.0,93.773,273,17,0,1,273,502,774,2.46e-116,411
ASV5035,GCA_049521615.bact.0,87.546,273,34,0,1,273,502,774,5.62e-88,316
ASV5241,GCA_049521615.bact.0,88.278,273,32,0,1,273,502,774,2.55e-91,327
ASV4851,GCA_049521615.bact.0,86.667,270,34,2,3,271,506,774,2.04e-82,298
ASV5282,GCA_049521615.bact.0,87.313,268,34,0,6,273,507,774,3.32e-85,307
ASV703,GCA_049521615.bact.0,89.416,274,27,2,1,273,502,774,2.53e-96,344
ASV914,GCA_049521615.bact.0,91.575,273,23,0,1,273,502,774,2.56e-106,377
ASV4248,GCA_049521615.bact.0,87.454,271,34,0,1,271,504,774,7.07e-87,313
ASV4116,GCA_049521615.bact.0,88.364,275,28,4,1,273,502,774,2.55e-91,327
ASV3142,GCA_049521615.bact.0,88.278,273,32,0,1,273,502,774,2.62e-91,327
ASV4703,GCA_049521615.bact.0,88.278,273,32,0,1,273,502,774,2.55e-91,327
ASV5132,GCA_050013395.bact.0,84.411,263,41,0,11,273,541,803,9.42e-71,259
ASV5603,GCA_049521615.bact.0,86.182,275,34,4,1,273,502,774,2.58e-81,294
ASV4657,GCA_049521615.bact.0,87.179,273,33,2,2,273,503,774,9.22e-86,309
ASV5356,GCA_049521615.bact.0,85.036,274,39,2,1,273,502,774,2.67e-76,278
ASV87,GCA_049521615.bact.0,93.407,273,18,0,1,273,502,774,1.14e-114,405
ASV641,GCA_049521615.bact.0,94.139,273,16,0,1,273,502,774,5.28e-118,416
ASV1783,GCA_049521615.bact.0,93.773,273,17,0,1,273,502,774,2.53e-116,411
ASV796,GCA_049521615.bact.0,94.505,273,15,0,1,273,502,774,1.14e-119,422
ASV1707,GCA_049521615.bact.0,94.505,273,15,0,1,273,502,774,1.14e-119,422
ASV1056,GCA_049521615.bact.0,94.505,273,15,0,1,273,502,774,1.14e-119,422
ASV1616,GCA_049521615.bact.0,89.011,273,28,2,2,273,503,774,4.23e-94,337
ASV4716,GCA_049521615.bact.0,86.909,275,30,6,2,273,503,774,4.29e-84,303
ASV934,GCA_049521615.bact.0,86.131,274,35,3,2,274,503,774,9.32e-81,292
ASV5598,GCA_049521615.bact.0,83.150,273,45,1,1,273,502,773,2.04e-67,248
ASV4299,GCA_049521615.bact.0,87.273,275,29,5,2,273,503,774,9.22e-86,309
ASV1801,GCA_049521615.bact.0,88.645,273,29,2,2,273,503,774,1.97e-92,331
ASV2747,GCA_049521615.bact.0,89.011,273,28,2,2,273,503,774,4.23e-94,337
ASV2289,GCA_049521615.bact.0,89.011,273,28,2,2,273,503,774,4.23e-94,337
ASV1615,GCA_049521615.bact.0,89.744,273,26,2,2,273,503,774,1.95e-97,348
ASV2990,GCA_049521615.bact.0,86.447,273,35,2,2,273,503,774,2.00e-82,298
ASV4362,GCA_049521615.bact.0,86.447,273,35,2,2,273,503,774,2.00e-82,298
ASV4826,GCA_050013135.arch.0,82.310,277,41,8,1,273,466,738,5.71e-63,233
ASV2631,GCA_050011695.arch.0,83.094,278,38,8,1,273,502,775,2.64e-66,244
ASV3985,GCA_050011695.arch.0,82.734,278,39,8,1,273,502,775,1.23e-64,239
ASV2988,GCA_050013835.arch.0,83.333,276,42,4,1,274,502,775,1.58e-68,252
ASV632,GCA_049512455.bact.0,84.116,277,37,7,1,274,533,805,2.63e-71,261
ASV1731,GCA_049512455.bact.0,83.032,277,40,7,1,274,533,805,2.65e-66,244
ASV2513,GCA_049512455.bact.0,84.058,276,39,5,1,274,533,805,2.63e-71,261
ASV3924,GCA_050011315.bact.0,81.884,276,44,6,1,273,531,803,2.66e-61,228
ASV3329,GCA_049512455.bact.0,84.420,276,37,6,1,273,533,805,5.63e-73,267
ASV3684,GCA_049512455.bact.0,84.420,276,37,6,1,273,533,805,5.63e-73,267
ASV3740,GCA_049512455.bact.0,84.420,276,37,6,1,273,533,805,5.63e-73,267
ASV1802,GCA_050013835.arch.0,83.394,277,40,6,1,274,502,775,1.58e-68,252
ASV1418,GCA_049512455.bact.0,81.949,277,43,7,1,274,533,805,2.67e-61,228
ASV4549,GCA_049512455.bact.0,81.588,277,44,7,1,274,533,805,1.24e-59,222
ASV4668,GCA_049512455.bact.0,81.949,277,43,7,1,274,533,805,2.67e-61,228
ASV2288,GCA_049512455.bact.0,83.696,276,39,6,1,273,533,805,1.22e-69,255
ASV3131,GCA_049512455.bact.0,82.971,276,41,6,1,273,533,805,2.64e-66,244
ASV2895,GCA_049522915.arch.0,83.273,275,42,4,1,273,525,797,5.83e-68,250
ASV2302,GCA_049522915.arch.0,83.273,275,42,4,1,273,525,797,5.67e-68,250
ASV2017,GCA_049522915.arch.0,84.000,275,40,4,1,273,525,797,2.62e-71,261
ASV2226,GCA_049522915.arch.0,83.636,275,41,4,1,273,525,797,1.22e-69,255
ASV1072,GCA_049522915.arch.0,83.636,275,41,4,1,273,525,797,1.22e-69,255
ASV368,GCA_049512455.bact.0,82.246,276,44,5,1,274,533,805,5.73e-63,233
ASV255,GCA_049512455.bact.0,82.609,276,43,5,1,274,533,805,1.23e-64,239
ASV822,GCA_049512455.bact.0,82.971,276,42,5,1,274,533,805,2.65e-66,244
ASV475,GCA_049512455.bact.0,81.884,276,45,5,1,274,533,805,2.67e-61,228
ASV1140,GCA_049512455.bact.0,82.609,276,43,5,1,274,533,805,1.23e-64,239
ASV1319,GCA_049512455.bact.0,82.609,276,43,5,1,274,533,805,1.23e-64,239
ASV1044,GCA_049512455.bact.0,82.971,276,42,5,1,274,533,805,2.65e-66,244
ASV2275,GCA_049512455.bact.0,82.609,276,43,5,1,274,533,805,1.23e-64,239
ASV2457,GCA_049512455.bact.0,82.609,276,43,5,1,274,533,805,1.23e-64,239
ASV721,GCA_049521615.bact.0,86.131,274,34,4,2,273,503,774,9.29e-81,292
ASV1713,GCA_049521615.bact.0,86.131,274,34,4,2,273,503,774,9.29e-81,292
ASV387,GCA_049521615.bact.0,86.496,274,33,4,2,273,503,774,2.00e-82,298
ASV4700,GCA_049512455.bact.0,82.734,278,38,10,1,273,533,805,1.23e-64,239
ASV2880,GCA_049512455.bact.0,86.643,277,29,8,1,273,533,805,5.70e-83,300
ASV2934,GCA_049521615.bact.0,84.672,274,38,4,2,273,503,774,4.35e-74,270
ASV1272,GCA_049521615.bact.0,84.982,273,39,2,2,273,503,774,9.35e-76,276
ASV801,GCA_049521615.bact.0,84.249,273,41,2,2,273,503,774,2.02e-72,265
ASV5577,GCA_049512775.bact.0,84.982,273,39,2,2,273,190,461,9.35e-76,276
ASV5686,GCA_049512775.bact.0,84.982,273,36,5,1,270,191,461,1.23e-74,272
ASV5725,GCA_050012455.bact.0,87.179,273,35,0,1,273,537,809,2.56e-86,311
ASV4216,GCA_050013575.bact.0,85.455,275,36,4,1,273,538,810,5.74e-78,283
ASV5600,GCA_050013575.bact.0,85.019,267,32,8,11,273,548,810,2.02e-72,265
ASV696,GCA_050013575.bact.0,93.407,273,18,0,1,273,538,810,1.14e-114,405
ASV1008,GCA_050013575.bact.0,93.407,273,18,0,1,273,538,810,1.14e-114,405
ASV4110,GCA_050013575.bact.0,91.941,273,22,0,1,273,538,810,5.36e-108,383
ASV3685,GCA_050013575.bact.0,93.773,273,17,0,1,273,538,810,2.46e-116,411
ASV4293,GCA_050013575.bact.0,93.773,273,17,0,1,273,538,810,2.46e-116,411
ASV4545,GCA_050013575.bact.0,90.217,276,21,3,1,273,538,810,1.20e-99,355
ASV4688,GCA_050013575.bact.0,91.304,276,18,3,1,273,538,810,1.19e-104,372
ASV4359,GCA_050013575.bact.0,92.308,273,21,0,1,273,538,810,1.18e-109,388
ASV2651,GCA_050013575.bact.0,94.872,273,14,0,1,273,538,810,2.44e-121,427
ASV650,GCA_050013575.bact.0,95.604,273,12,0,1,273,538,810,1.13e-124,438
ASV4326,GCA_050013575.bact.0,93.773,273,17,0,1,273,538,810,2.46e-116,411
ASV3091,GCA_050013575.bact.0,95.238,273,13,0,1,273,538,810,5.24e-123,433
ASV2792,GCA_050013575.bact.0,95.238,273,13,0,1,273,538,810,5.24e-123,433
ASV2803,GCA_050013575.bact.0,95.604,273,12,0,1,273,538,810,1.13e-124,438
ASV328,GCA_050013575.bact.0,95.971,273,11,0,1,273,538,810,2.42e-126,444
ASV735,GCA_050013575.bact.0,96.337,273,10,0,1,273,538,810,5.21e-128,449
ASV1803,GCA_050013575.bact.0,96.337,273,10,0,1,273,538,810,5.21e-128,449
ASV3681,GCA_050013575.bact.0,97.070,273,8,0,1,273,538,810,2.41e-131,460
ASV2352,GCA_050013575.bact.0,95.604,273,12,0,1,273,538,810,1.13e-124,438
ASV2446,GCA_050013575.bact.0,96.337,273,10,0,1,273,538,810,5.21e-128,449
ASV2979,GCA_050013575.bact.0,99.267,273,2,0,1,273,538,810,2.37e-141,494
ASV1745,GCA_050013575.bact.0,99.267,273,2,0,1,273,538,810,2.37e-141,494
ASV1411,GCA_050013575.bact.0,99.267,273,2,0,1,273,538,810,2.37e-141,494
ASV722,GCA_050013575.bact.0,95.604,273,12,0,1,273,538,810,1.16e-124,438
ASV4874,GCA_050013575.bact.0,95.255,274,11,2,1,273,538,810,5.24e-123,433
ASV3521,GCA_050013575.bact.0,95.604,273,12,0,1,273,538,810,1.13e-124,438
ASV4311,GCA_050013575.bact.0,93.040,273,19,0,1,273,538,810,5.47e-113,399
ASV5380,GCA_049514555.arch.0,92.509,267,20,0,7,273,522,788,5.51e-108,383
ASV3575,GCA_050012455.bact.0,87.273,275,19,5,1,261,537,809,5.31e-83,300
ASV5541,GCA_049518595.bact.0,84.307,274,41,2,1,273,524,796,5.63e-73,267
ASV5717,GCA_050012455.bact.0,86.496,274,33,4,2,273,538,809,2.05e-82,298
ASV5192,GCA_049512975.bact.0,84.615,273,42,0,1,273,472,744,1.21e-74,272
ASV5401,GCA_050011635.arch.0,85.448,268,39,0,6,273,49,316,7.23e-77,279
ASV5580,GCA_050011635.arch.0,87.912,273,33,0,1,273,44,316,1.21e-89,322
ASV5504,GCA_049523255.bact.0,84.307,274,40,3,2,274,303,574,2.07e-72,265
ASV5690,GCA_050012455.bact.0,86.496,274,35,2,1,273,537,809,5.55e-83,300
ASV5247,GCA_050012455.bact.0,85.019,267,39,1,7,273,544,809,4.35e-74,270
ASV5251,GCA_050012455.bact.0,90.805,261,22,2,14,273,550,809,1.95e-97,348
ASV5210,GCA_050012455.bact.0,91.154,260,23,0,14,273,550,809,4.20e-99,353
ASV5161,GCA_050012455.bact.0,91.923,260,21,0,14,273,550,809,1.94e-102,364
ASV4436,GCA_049523255.bact.0,97.426,272,7,0,2,273,303,574,1.86e-132,464
ASV1346,GCA_050012455.bact.0,97.436,273,7,0,1,273,537,809,5.17e-133,466
ASV1407,GCA_050012455.bact.0,98.901,273,3,0,1,273,537,809,1.10e-139,488
ASV1869,GCA_050012455.bact.0,97.426,272,7,0,2,273,538,809,1.91e-132,464
ASV762,GCA_050012455.bact.0,97.426,272,7,0,2,273,538,809,1.91e-132,464
ASV3529,GCA_050012455.bact.0,94.139,273,16,0,1,273,537,809,5.28e-118,416
ASV4447,GCA_050012455.bact.0,95.971,273,11,0,1,273,537,809,2.42e-126,444
ASV3425,GCA_050012455.bact.0,95.604,273,12,0,1,273,537,809,1.13e-124,438
ASV1282,GCA_050012455.bact.0,95.604,273,12,0,1,273,537,809,1.13e-124,438
ASV3443,GCA_050012455.bact.0,95.238,273,13,0,1,273,537,809,5.24e-123,433
ASV2329,GCA_050012455.bact.0,94.872,273,14,0,1,273,537,809,2.44e-121,427
ASV624,GCA_050012455.bact.0,95.604,273,12,0,1,273,537,809,1.13e-124,438
ASV1078,GCA_050012455.bact.0,95.971,273,11,0,1,273,537,809,2.42e-126,444
ASV470,GCA_050012455.bact.0,95.971,273,11,0,1,273,537,809,2.42e-126,444
ASV425,GCA_050012455.bact.0,96.337,273,10,0,1,273,537,809,5.21e-128,449
ASV270,GCA_050012455.bact.0,97.059,272,8,0,2,273,538,809,8.65e-131,459
ASV1497,GCA_050012455.bact.0,96.324,272,10,0,2,273,538,809,1.87e-127,448
ASV251,GCA_050012455.bact.0,95.588,272,12,0,2,273,538,809,4.17e-124,436
ASV1433,GCA_050012455.bact.0,91.912,272,22,0,2,273,538,809,1.93e-107,381
ASV2622,GCA_050012455.bact.0,91.544,272,23,0,2,273,538,809,8.96e-106,375
ASV2055,GCA_050012455.bact.0,91.912,272,22,0,2,273,538,809,1.93e-107,381
ASV1347,GCA_050012455.bact.0,95.221,272,13,0,2,273,538,809,1.89e-122,431
ASV5696,GCA_050012455.bact.0,87.591,274,32,2,1,273,537,809,5.51e-88,316
ASV5727,GCA_050014395.arch.0,91.791,268,22,0,6,273,525,792,3.22e-105,374
ASV395,GCA_050014395.arch.0,98.529,272,4,0,2,273,521,792,1.90e-137,481
ASV609,GCA_050014395.arch.0,97.794,272,6,0,2,273,521,792,4.00e-134,470
ASV832,GCA_050014395.arch.0,96.703,273,9,0,1,273,520,792,1.12e-129,455
ASV4976,GCA_050014395.arch.0,96.691,272,9,0,2,273,521,792,4.03e-129,453
ASV1317,GCA_050014395.arch.0,99.634,273,1,0,1,273,520,792,5.24e-143,499
ASV3106,GCA_050014395.arch.0,96.703,273,9,0,1,273,520,792,1.12e-129,455
ASV3217,GCA_050014395.arch.0,96.703,273,9,0,1,273,520,792,1.15e-129,455
ASV3144,GCA_050014395.arch.0,92.647,272,19,1,2,272,521,792,3.19e-110,390
ASV5265,GCA_050014395.arch.0,90.511,274,24,2,1,273,520,792,2.51e-101,361
ASV5590,GCA_050014395.arch.0,88.686,274,29,2,1,273,520,792,5.62e-93,333
ASV567,GCA_049514555.arch.0,96.337,273,10,0,1,273,516,788,5.21e-128,449
ASV1129,GCA_049514555.arch.0,98.127,267,5,0,7,273,522,788,5.17e-133,466
ASV4832,GCA_049514555.arch.0,94.485,272,15,0,2,273,517,788,4.08e-119,420
ASV232,GCA_049514555.arch.0,97.070,273,8,0,1,273,516,788,2.41e-131,460
ASV1899,GCA_049514555.arch.0,98.168,273,5,0,1,273,516,788,2.39e-136,477
ASV1075,GCA_049514555.arch.0,98.535,273,4,0,1,273,516,788,5.13e-138,483
ASV1484,GCA_049514555.arch.0,98.168,273,5,0,1,273,516,788,2.39e-136,477
ASV886,GCA_049514555.arch.0,98.535,273,4,0,1,273,516,788,5.13e-138,483
ASV2377,GCA_049514555.arch.0,99.634,273,1,0,1,273,516,788,5.10e-143,499
ASV2388,GCA_049514555.arch.0,99.634,273,1,0,1,273,516,788,5.24e-143,499
ASV3588,GCA_049514555.arch.0,98.901,273,3,0,1,273,516,788,1.13e-139,488
ASV2879,GCA_049514555.arch.0,98.901,273,3,0,1,273,516,788,1.10e-139,488
ASV1260,GCA_049514555.arch.0,98.901,273,3,0,1,273,516,788,1.10e-139,488
ASV5780,GCA_049514555.arch.0,90.476,273,26,0,1,273,516,788,2.51e-101,361
ASV997,GCA_049514555.arch.0,96.337,273,10,0,1,273,516,788,5.21e-128,449
ASV2844,GCA_049514555.arch.0,93.407,273,18,0,1,273,516,788,1.14e-114,405
ASV4744,GCA_049514555.arch.0,91.241,274,22,2,1,273,516,788,1.16e-104,372
ASV5218,GCA_049514555.arch.0,88.971,272,30,0,2,273,517,788,4.23e-94,337
ASV4422,GCA_049514555.arch.0,94.139,273,16,0,1,273,516,788,5.43e-118,416
ASV5328,GCA_050014395.arch.0,88.235,272,32,0,2,273,521,792,9.41e-91,326
ASV4796,GCA_049518775.arch.0,88.809,277,23,7,1,273,483,755,5.47e-93,333
ASV5475,GCA_050012455.bact.0,87.956,274,31,2,1,273,537,809,1.22e-89,322
ASV5189,GCA_050014395.arch.0,90.146,274,25,2,1,273,520,792,1.17e-99,355
ASV5005,GCA_050012455.bact.0,86.496,274,35,2,1,273,537,809,5.55e-83,300
ASV5047,GCA_050014395.arch.0,86.447,273,35,2,2,273,521,792,2.00e-82,298
ASV5213,GCA_049523255.bact.0,82.418,273,46,2,2,273,303,574,4.41e-64,237
ASV3202,GCA_050012455.bact.0,90.146,274,25,2,1,273,537,809,1.20e-99,355
ASV4899,GCA_050012455.bact.0,88.645,273,31,0,1,273,537,809,5.62e-93,333
ASV4542,GCA_050012455.bact.0,88.364,275,28,4,1,273,537,809,2.55e-91,327
ASV1188,GCA_050012455.bact.0,90.110,273,27,0,1,273,537,809,1.20e-99,355
ASV5522,GCA_050012455.bact.0,85.401,274,38,2,1,273,537,809,5.59e-78,283
ASV5092,GCA_049514555.arch.0,89.139,267,29,0,7,273,522,788,5.47e-93,333
ASV4932,GCA_050014395.arch.0,91.209,273,24,0,1,273,520,792,1.16e-104,372
ASV5402,GCA_049523255.bact.0,85.714,273,39,0,1,273,302,574,1.20e-79,289
ASV4694,GCA_049522315.bact.0,86.182,275,34,4,1,273,254,526,2.65e-81,294
ASV4450,GCA_049509755.bact.0,89.493,276,23,6,1,273,36,308,2.53e-96,344
ASV5744,GCA_050013615.bact.0,89.773,264,25,2,11,273,515,777,4.35e-94,337
ASV1495,GCA_050011695.arch.0,87.956,274,33,0,1,274,502,775,3.37e-90,324
ASV3441,GCA_050011695.arch.0,86.496,274,37,0,1,274,502,775,1.55e-83,302
ASV5709,GCA_049509875.arch.0,86.973,261,32,2,12,271,492,751,9.21e-81,292
ASV4745,GCA_050014955.arch.0,88.936,235,24,2,1,234,501,734,1.20e-79,289
ASV4358,GCA_050014955.arch.0,93.162,234,16,0,1,234,501,734,2.52e-96,344
ASV4903,GCA_050014955.arch.0,90.638,235,20,2,1,234,501,734,2.55e-86,311
ASV3862,GCA_050014955.arch.0,90.638,235,20,2,1,234,501,734,2.60e-86,311
ASV4664,GCA_050014955.arch.0,89.286,224,24,0,3,226,503,726,2.04e-77,281
ASV4770,GCA_050014955.arch.0,88.462,234,27,0,1,234,501,734,5.57e-78,283
ASV103,GCA_050014955.arch.0,96.581,234,8,0,1,234,501,734,1.15e-109,388
ASV175,GCA_050014955.arch.0,96.581,234,8,0,1,234,501,734,1.15e-109,388
ASV240,GCA_050014955.arch.0,96.581,234,8,0,1,234,501,734,1.15e-109,388
ASV636,GCA_050014955.arch.0,95.726,234,10,0,1,234,501,734,2.48e-106,377
ASV2044,GCA_050014955.arch.0,95.726,234,10,0,1,234,501,734,2.48e-106,377
ASV183,GCA_050014955.arch.0,96.581,234,8,0,1,234,501,734,1.15e-109,388
ASV121,GCA_050014955.arch.0,96.581,234,8,0,1,234,501,734,1.15e-109,388
ASV1696,GCA_050014955.arch.0,98.718,234,3,0,1,234,501,734,5.26e-118,416
ASV3972,GCA_050014955.arch.0,98.718,234,3,0,1,234,501,734,5.26e-118,416
ASV320,GCA_050014955.arch.0,96.581,234,8,0,1,234,501,734,1.15e-109,388
ASV204,GCA_050014955.arch.0,96.581,234,8,0,1,234,501,734,1.15e-109,388
ASV498,GCA_050014955.arch.0,96.581,234,8,0,1,234,501,734,1.15e-109,388
ASV991,GCA_050014955.arch.0,99.145,234,2,0,1,234,501,734,1.13e-119,422
ASV2532,GCA_050014955.arch.0,99.145,234,2,0,1,234,501,734,1.13e-119,422
ASV851,GCA_050014955.arch.0,100.000,234,0,0,1,234,501,734,5.33e-123,433
ASV683,GCA_050014955.arch.0,100.000,234,0,0,1,234,501,734,5.22e-123,433
ASV237,GCA_050014955.arch.0,100.000,234,0,0,1,234,501,734,5.22e-123,433
ASV616,GCA_050014955.arch.0,100.000,234,0,0,1,234,501,734,5.22e-123,433
ASV272,GCA_050014955.arch.0,100.000,234,0,0,1,234,501,734,5.22e-123,433
ASV1159,GCA_050014955.arch.0,99.145,234,2,0,1,234,501,734,1.13e-119,422
ASV1767,GCA_050014955.arch.0,99.145,234,2,0,1,234,501,734,1.13e-119,422
ASV2026,GCA_050014955.arch.0,99.145,234,2,0,1,234,501,734,1.13e-119,422
ASV2234,GCA_050014955.arch.0,91.489,235,18,2,1,234,501,734,1.20e-89,322
ASV3717,GCA_050014955.arch.0,92.308,234,18,0,1,234,501,734,5.45e-93,333
ASV5168,GCA_050014955.arch.0,92.381,210,16,0,1,210,499,708,5.68e-83,300
ASV5320,GCA_049509755.bact.0,86.447,273,26,10,5,272,42,308,1.20e-79,289
ASV2362,GCA_049509755.bact.0,90.114,263,26,0,11,273,46,308,9.09e-96,342
ASV4397,GCA_049514855.bact.1,89.015,264,27,2,11,273,183,445,9.16e-91,326
ASV4856,GCA_049522315.bact.0,88.213,263,31,0,11,273,264,526,2.04e-87,315
ASV4818,GCA_049522315.bact.0,89.615,260,27,0,14,273,267,526,2.02e-92,331
ASV5059,GCA_050012015.bact.0,93.050,259,16,2,16,273,504,761,2.49e-106,377
ASV1316,GCA_050012015.bact.0,97.070,273,8,0,1,273,489,761,2.41e-131,460
ASV1629,GCA_050012015.bact.0,96.337,273,10,0,1,273,489,761,5.35e-128,449
ASV2434,GCA_050012015.bact.0,96.703,273,9,0,1,273,489,761,1.12e-129,455
ASV1233,GCA_050012015.bact.0,95.971,273,11,0,1,273,489,761,2.49e-126,444
ASV937,GCA_050012015.bact.0,90.511,274,24,2,1,273,489,761,2.58e-101,361
ASV2963,GCA_050012015.bact.0,90.511,274,24,2,1,273,489,761,2.58e-101,361
ASV5702,GCA_049522315.bact.0,86.813,273,36,0,1,273,254,526,1.23e-84,305
ASV5336,GCA_050012015.bact.0,88.645,273,31,0,1,273,489,761,5.47e-93,333
ASV1884,GCA_050012015.bact.0,92.674,273,20,0,1,273,489,761,2.47e-111,394
ASV274,GCA_050012015.bact.0,92.674,273,20,0,1,273,489,761,2.47e-111,394
ASV2264,GCA_050012015.bact.0,91.241,274,22,2,1,273,489,761,1.16e-104,372
ASV3880,GCA_050012015.bact.0,90.842,273,25,0,1,273,489,761,5.40e-103,366
ASV2301,GCA_050012015.bact.0,92.308,273,21,0,1,273,489,761,1.18e-109,388
ASV4992,GCA_050012015.bact.0,88.645,273,31,0,1,273,489,761,5.62e-93,333
ASV4884,GCA_049509515.arch.0,80.882,272,52,0,2,273,253,524,2.07e-57,215
ASV5754,GCA_050010555.bact.0,79.636,275,49,7,1,271,509,780,3.55e-50,191
ASV5643,GCA_049522315.bact.0,90.476,273,26,0,1,273,254,526,2.58e-101,361
ASV5042,GCA_050010435.arch.0,90.476,273,26,0,1,273,538,810,2.58e-101,361
ASV5411,GCA_050012015.bact.0,91.154,260,23,0,14,273,502,761,4.32e-99,353
ASV4812,GCA_049514855.bact.1,86.545,275,33,4,1,273,173,445,5.55e-83,300
ASV5217,GCA_050012015.bact.0,87.591,274,32,2,1,273,489,761,5.66e-88,316
ASV5404,GCA_050012015.bact.0,90.476,273,26,0,1,273,489,761,2.58e-101,361
ASV5671,GCA_049522315.bact.0,85.036,274,39,2,1,273,254,526,2.60e-76,278
ASV4871,GCA_050012015.bact.0,85.714,273,39,0,1,273,489,761,1.20e-79,289
ASV5683,GCA_050012375.arch.0,99.200,125,1,0,149,273,633,757,9.55e-61,226
ASV5137,GCA_050011695.arch.0,88.645,273,29,2,1,272,504,775,1.96e-92,331
ASV5458,GCA_050014015.arch.0,90.038,261,24,2,14,273,498,757,4.23e-94,337
ASV5034,GCA_050012375.arch.0,95.769,260,11,0,14,273,498,757,4.20e-119,420
ASV5379,GCA_050012375.arch.0,89.723,253,22,4,23,273,507,757,4.26e-89,320
ASV5450,GCA_050010915.bact.0,90.079,252,23,2,23,273,515,765,9.41e-91,326
ASV5503,GCA_050012375.arch.0,82.182,275,43,6,2,273,486,757,2.05e-62,231
ASV5363,GCA_050015275.arch.0,78.058,278,51,10,1,273,507,779,5.87e-43,167
ASV5449,GCA_050010915.bact.0,87.864,206,21,4,68,271,562,765,1.22e-64,239
ASV1905,GCA_050012015.bact.0,89.377,273,29,0,1,273,489,761,2.53e-96,344
ASV4433,GCA_049522315.bact.0,90.476,273,26,0,1,273,254,526,2.58e-101,361
ASV5358,GCA_049513055.bact.0,86.496,274,35,2,1,273,546,818,5.70e-83,300
ASV646,GCA_050012015.bact.0,89.781,274,26,2,1,273,489,761,5.43e-98,350
ASV5599,GCA_050008615.arch.0,86.131,274,32,6,1,271,487,757,3.41e-80,291
ASV4482,GCA_050012015.bact.0,90.511,274,24,2,1,273,489,761,2.51e-101,361
ASV5193,GCA_050012015.bact.0,86.496,274,35,2,1,273,489,761,5.55e-83,300
ASV5403,GCA_050012015.bact.0,87.273,275,31,4,1,273,489,761,2.56e-86,311
ASV4789,GCA_050012015.bact.0,86.545,275,33,4,1,273,489,761,5.55e-83,300
ASV5253,GCA_050012015.bact.0,85.348,273,40,0,1,273,489,761,5.59e-78,283
ASV2830,GCA_050012015.bact.0,89.377,273,29,0,1,273,489,761,2.60e-96,344
ASV3407,GCA_050012015.bact.0,89.011,273,30,0,1,273,489,761,1.21e-94,339
ASV2569,GCA_050012015.bact.0,87.546,273,34,0,1,273,489,761,5.66e-88,316
ASV3835,GCA_050012015.bact.0,87.912,273,33,0,1,273,489,761,1.18e-89,322
ASV2669,GCA_050012015.bact.0,93.040,273,19,0,1,273,489,761,5.32e-113,399
ASV3112,GCA_050012015.bact.0,93.407,273,18,0,1,273,489,761,1.14e-114,405
ASV2546,GCA_050012015.bact.0,93.407,273,18,0,1,273,489,761,1.14e-114,405
ASV1445,GCA_050012015.bact.0,93.773,273,17,0,1,273,489,761,2.46e-116,411
ASV1740,GCA_050012015.bact.0,93.040,273,19,0,1,273,489,761,5.32e-113,399
ASV1467,GCA_050012015.bact.0,94.139,273,16,0,1,273,489,761,5.28e-118,416
ASV2455,GCA_050012015.bact.0,93.407,273,18,0,1,273,489,761,1.14e-114,405
ASV1199,GCA_050012015.bact.0,93.773,273,17,0,1,273,489,761,2.46e-116,411
ASV1626,GCA_050012015.bact.0,94.139,273,16,0,1,273,489,761,5.28e-118,416
ASV3244,GCA_050012015.bact.0,93.773,273,17,0,1,273,489,761,2.46e-116,411
ASV3260,GCA_050012015.bact.0,87.546,273,34,0,1,273,489,761,5.51e-88,316
ASV1947,GCA_050012015.bact.0,89.377,273,29,0,1,273,489,761,2.53e-96,344
ASV5670,GCA_050012435.bact.0,86.131,274,37,1,1,273,484,757,2.58e-81,294
ASV5623,GCA_049512975.bact.0,96.748,123,4,0,151,273,622,744,1.24e-54,206
ASV5701,GCA_049512975.bact.0,86.131,274,34,4,2,273,473,744,9.29e-81,292
ASV5585,GCA_050011635.arch.0,85.818,275,34,5,1,272,44,316,4.30e-79,287
ASV5642,GCA_050012435.bact.0,82.671,277,41,7,1,273,484,757,1.23e-64,239
ASV5360,GCA_049516955.bact.0,89.818,275,24,4,1,273,527,799,5.43e-98,350
ASV5359,GCA_049514855.bact.1,89.179,268,29,0,6,273,178,445,1.52e-93,335
ASV4732,GCA_049514855.bact.1,89.377,273,29,0,1,273,173,445,2.60e-96,344
ASV3903,GCA_049514855.bact.1,91.575,273,23,0,1,273,173,445,2.49e-106,377
ASV5287,GCA_049514855.bact.1,90.476,273,26,0,1,273,173,445,2.58e-101,361
ASV779,GCA_050012015.bact.0,87.179,273,35,0,1,273,489,761,2.56e-86,311
ASV1906,GCA_050012015.bact.0,86.447,273,37,0,1,273,489,761,5.55e-83,300
ASV3995,GCA_050012015.bact.0,87.546,273,34,0,1,273,489,761,5.51e-88,316
ASV4274,GCA_050012015.bact.0,89.011,273,30,0,1,273,489,761,1.18e-94,339
ASV5119,GCA_050008635.arch.0,86.182,275,34,4,1,273,468,740,2.65e-81,294
ASV3356,GCA_050012015.bact.0,87.226,274,33,2,1,273,489,761,2.63e-86,311
ASV5329,GCA_050012015.bact.0,87.179,273,35,0,1,273,489,761,2.63e-86,311
ASV4185,GCA_050012015.bact.0,85.348,273,40,0,1,273,489,761,5.74e-78,283
ASV5215,GCA_050012015.bact.0,85.714,273,39,0,1,273,489,761,1.20e-79,289
ASV1503,GCA_050012015.bact.0,88.645,273,31,0,1,273,489,761,5.47e-93,333
ASV5512,GCA_050012015.bact.0,89.354,263,28,0,11,273,499,761,1.97e-92,331
ASV3951,GCA_050012015.bact.0,86.861,274,34,2,1,273,489,761,1.19e-84,305
ASV2884,GCA_050012015.bact.0,87.912,273,33,0,1,273,489,761,1.18e-89,322
ASV5789,GCA_049514215.bact.0,85.091,275,37,4,1,273,524,796,2.67e-76,278
ASV5428,GCA_049514215.bact.0,89.051,274,28,2,1,273,524,796,1.21e-94,339
ASV1406,GCA_049514215.bact.0,99.634,273,1,0,1,273,524,796,5.10e-143,499
ASV2787,GCA_049514215.bact.0,94.505,273,15,0,1,273,524,796,1.14e-119,422
ASV1349,GCA_049514215.bact.0,93.040,273,19,0,1,273,524,796,5.32e-113,399
ASV1977,GCA_049514215.bact.0,93.818,275,13,3,1,273,524,796,2.46e-116,411
ASV2601,GCA_049514215.bact.0,94.505,273,15,0,1,273,524,796,1.17e-119,422
ASV3433,GCA_049514215.bact.0,91.273,275,20,3,1,273,524,796,1.19e-104,372
ASV4543,GCA_049514215.bact.0,93.773,273,17,0,1,273,524,796,2.46e-116,411
ASV1804,GCA_049514215.bact.0,91.575,273,23,0,1,273,524,796,2.49e-106,377
ASV4038,GCA_049514215.bact.0,91.273,275,20,4,1,273,524,796,1.16e-104,372
ASV2068,GCA_049514215.bact.0,95.238,273,13,0,1,273,524,796,5.24e-123,433
ASV3243,GCA_049514215.bact.0,95.238,273,13,0,1,273,524,796,5.24e-123,433
ASV2128,GCA_049514215.bact.0,95.238,273,13,0,1,273,524,796,5.24e-123,433
ASV2059,GCA_049514215.bact.0,94.872,273,14,0,1,273,524,796,2.44e-121,427
ASV655,GCA_049514215.bact.0,94.139,273,16,0,1,273,524,796,5.28e-118,416
ASV358,GCA_049514215.bact.0,93.407,273,18,0,1,273,524,796,1.14e-114,405
ASV421,GCA_049514215.bact.0,93.040,273,19,0,1,273,524,796,5.32e-113,399
ASV561,GCA_049514215.bact.0,93.040,273,19,0,1,273,524,796,5.32e-113,399
ASV189,GCA_049514215.bact.0,93.407,273,18,0,1,273,524,796,1.14e-114,405
ASV201,GCA_049514215.bact.0,93.773,273,17,0,1,273,524,796,2.46e-116,411
ASV3465,GCA_049514215.bact.0,94.139,273,16,0,1,273,524,796,5.28e-118,416
ASV3460,GCA_049514215.bact.0,93.773,273,17,0,1,273,524,796,2.46e-116,411
ASV3267,GCA_049514215.bact.0,93.773,273,17,0,1,273,524,796,2.46e-116,411
ASV260,GCA_049514215.bact.0,93.407,273,18,0,1,273,524,796,1.14e-114,405
ASV444,GCA_049514215.bact.0,93.407,273,18,0,1,273,524,796,1.14e-114,405
ASV2542,GCA_049514215.bact.0,92.308,273,21,0,1,273,524,796,1.18e-109,388
ASV2471,GCA_049514215.bact.0,94.161,274,14,2,1,273,524,796,5.28e-118,416
ASV1153,GCA_049514215.bact.0,94.182,275,12,4,1,273,524,796,5.28e-118,416
ASV1729,GCA_049514215.bact.0,93.455,275,14,4,1,273,524,796,1.14e-114,405
ASV3459,GCA_049514215.bact.0,93.818,275,13,4,1,273,524,796,2.46e-116,411
ASV1791,GCA_049514215.bact.0,93.818,275,13,4,1,273,524,796,2.46e-116,411
ASV1261,GCA_049514215.bact.0,93.818,275,13,4,1,273,524,796,2.46e-116,411
ASV1659,GCA_049514215.bact.0,94.545,275,11,4,1,273,524,796,1.14e-119,422
ASV1776,GCA_049514215.bact.0,94.182,275,12,4,1,273,524,796,5.28e-118,416
ASV2350,GCA_049514215.bact.0,94.545,275,11,4,1,273,524,796,1.14e-119,422
ASV2596,GCA_049514215.bact.0,94.545,275,11,4,1,273,524,796,1.14e-119,422
ASV1542,GCA_049514215.bact.0,94.909,275,10,4,1,273,524,796,2.44e-121,427
ASV2070,GCA_049514215.bact.0,94.182,275,12,4,1,273,524,796,5.28e-118,416
ASV1957,GCA_049514215.bact.0,93.066,274,17,2,1,273,524,796,5.47e-113,399
ASV4281,GCA_049514215.bact.0,91.575,273,23,0,1,273,524,796,2.49e-106,377
ASV5394,GCA_049514215.bact.0,90.476,273,26,0,1,273,524,796,2.51e-101,361
ASV1384,GCA_049514215.bact.0,92.308,273,21,0,1,273,524,796,1.15e-109,388
ASV3788,GCA_049514215.bact.0,91.575,273,23,0,1,273,524,796,2.56e-106,377
ASV4678,GCA_049514215.bact.0,88.278,273,32,0,1,273,524,796,2.55e-91,327
ASV86,GCA_049514215.bact.0,92.308,273,21,0,1,273,524,796,1.15e-109,388
ASV76,GCA_049514215.bact.0,92.674,273,20,0,1,273,524,796,2.47e-111,394
ASV166,GCA_049514215.bact.0,92.308,273,21,0,1,273,524,796,1.15e-109,388
ASV88,GCA_049514215.bact.0,92.308,273,21,0,1,273,524,796,1.15e-109,388
ASV3522,GCA_049514215.bact.0,92.308,273,21,0,1,273,524,796,1.15e-109,388
ASV445,GCA_049514215.bact.0,91.941,273,22,0,1,273,524,796,5.36e-108,383
ASV105,GCA_049514215.bact.0,91.941,273,22,0,1,273,524,796,5.36e-108,383
ASV2130,GCA_049514215.bact.0,90.476,273,26,0,1,273,524,796,2.58e-101,361
ASV2038,GCA_049514215.bact.0,91.575,273,23,0,1,273,524,796,2.49e-106,377
ASV2522,GCA_049514215.bact.0,93.040,273,19,0,1,273,524,796,5.47e-113,399
ASV4075,GCA_049514215.bact.0,92.674,273,20,0,1,273,524,796,2.54e-111,394
ASV1950,GCA_049514215.bact.0,93.407,273,18,0,1,273,524,796,1.17e-114,405
ASV2021,GCA_049514215.bact.0,92.674,273,20,0,1,273,524,796,2.47e-111,394
ASV1323,GCA_049514215.bact.0,92.674,273,20,0,1,273,524,796,2.47e-111,394
ASV576,GCA_049514215.bact.0,93.773,273,17,0,1,273,524,796,2.46e-116,411
ASV4626,GCA_049514215.bact.0,92.308,273,21,0,1,273,524,796,1.18e-109,388
ASV968,GCA_049514215.bact.0,91.273,275,21,2,1,274,524,796,1.16e-104,372
ASV2646,GCA_049514215.bact.0,90.545,275,23,2,1,274,524,796,2.52e-101,361
ASV3592,GCA_049514215.bact.0,87.179,273,35,0,1,273,524,796,2.63e-86,311
ASV4032,GCA_049514215.bact.0,87.912,273,33,0,1,273,524,796,1.18e-89,322
ASV3050,GCA_049514215.bact.0,87.912,273,33,0,1,273,524,796,1.18e-89,322
ASV1589,GCA_049514215.bact.0,88.278,273,32,0,1,273,524,796,2.55e-91,327
ASV1705,GCA_049514215.bact.0,88.278,273,32,0,1,273,524,796,2.62e-91,327
ASV1300,GCA_049514215.bact.0,89.416,274,27,2,1,273,524,796,2.60e-96,344
ASV2347,GCA_049514215.bact.0,88.278,273,32,0,1,273,524,796,2.62e-91,327
ASV3559,GCA_049514215.bact.0,87.546,273,34,0,1,273,524,796,5.51e-88,316
ASV4455,GCA_049514215.bact.0,83.942,274,42,2,1,273,524,796,2.62e-71,261
ASV3449,GCA_049514215.bact.0,86.567,268,36,0,6,273,529,796,7.38e-82,296
ASV4513,GCA_049516955.bact.0,85.818,275,35,4,1,273,527,799,1.23e-79,289
ASV4936,GCA_049514215.bact.0,87.313,268,34,0,6,273,529,796,3.32e-85,307
ASV1992,GCA_049514215.bact.0,88.278,273,32,0,1,273,524,796,2.55e-91,327
ASV4268,GCA_049514215.bact.0,87.912,273,33,0,1,273,524,796,1.18e-89,322
ASV2061,GCA_049514215.bact.0,87.912,273,33,0,1,273,524,796,1.18e-89,322
ASV3257,GCA_049514215.bact.0,89.051,274,28,2,1,273,524,796,1.18e-94,339
ASV965,GCA_049514215.bact.0,90.110,273,27,0,1,273,524,796,1.17e-99,355
ASV2585,GCA_049514215.bact.0,91.209,273,24,0,1,273,524,796,1.16e-104,372
ASV3018,GCA_049514215.bact.0,91.606,274,21,2,1,273,524,796,2.56e-106,377
ASV3957,GCA_049514215.bact.0,91.971,274,20,2,1,273,524,796,5.36e-108,383
ASV3489,GCA_049514215.bact.0,91.606,274,21,2,1,273,524,796,2.49e-106,377
ASV2584,GCA_049514215.bact.0,91.971,274,20,2,1,273,524,796,5.36e-108,383
ASV4398,GCA_049514215.bact.0,90.842,273,25,0,1,273,524,796,5.54e-103,366
ASV4973,GCA_049514215.bact.0,92.308,273,21,0,1,273,524,796,1.18e-109,388
ASV1315,GCA_049514215.bact.0,94.872,273,14,0,1,273,524,796,2.44e-121,427
ASV1,GCA_049514215.bact.0,95.238,273,13,0,1,273,524,796,5.24e-123,433
ASV101,GCA_049514215.bact.0,94.139,273,16,0,1,273,524,796,5.28e-118,416
ASV113,GCA_049514215.bact.0,94.505,273,15,0,1,273,524,796,1.14e-119,422
ASV153,GCA_049514215.bact.0,94.139,273,16,0,1,273,524,796,5.28e-118,416
ASV266,GCA_049514215.bact.0,93.773,273,17,0,1,273,524,796,2.46e-116,411
ASV2,GCA_049514215.bact.0,94.872,273,14,0,1,273,524,796,2.44e-121,427
ASV3,GCA_049514215.bact.0,94.505,273,15,0,1,273,524,796,1.14e-119,422
ASV17,GCA_049514215.bact.0,94.505,273,15,0,1,273,524,796,1.14e-119,422
ASV5,GCA_049514215.bact.0,94.872,273,14,0,1,273,524,796,2.44e-121,427
ASV3299,GCA_049514215.bact.0,86.447,273,37,0,1,273,524,796,5.70e-83,300
ASV3915,GCA_049514215.bact.0,86.131,274,36,2,1,273,524,796,2.58e-81,294
ASV3167,GCA_049514215.bact.0,88.686,274,29,2,1,273,524,796,5.47e-93,333
ASV5283,GCA_049514215.bact.0,90.842,273,25,0,1,273,524,796,5.40e-103,366
ASV2119,GCA_049514215.bact.0,95.971,273,11,0,1,273,524,796,2.49e-126,444
ASV4008,GCA_049514215.bact.0,95.238,273,13,0,1,273,524,796,5.24e-123,433
ASV3988,GCA_049514215.bact.0,92.308,273,21,0,1,273,524,796,1.15e-109,388
ASV5040,GCA_049514215.bact.0,91.575,273,23,0,1,273,524,796,2.49e-106,377
ASV4418,GCA_049514215.bact.0,87.912,273,33,0,1,273,524,796,1.18e-89,322
ASV4298,GCA_049514215.bact.0,92.336,274,19,2,1,273,524,796,1.15e-109,388
ASV4708,GCA_049523355.arch.1,91.209,273,24,0,1,273,495,767,1.16e-104,372
ASV5317,GCA_049514215.bact.0,90.458,262,25,0,12,273,535,796,7.03e-97,346
ASV4960,GCA_049522315.bact.0,90.476,273,26,0,1,273,254,526,2.51e-101,361
ASV1477,GCA_050012015.bact.0,87.956,274,31,2,1,273,489,761,1.18e-89,322
ASV595,GCA_050012015.bact.0,90.476,273,26,0,1,273,489,761,2.51e-101,361
ASV3787,GCA_050012015.bact.0,91.971,274,20,2,1,273,489,761,5.51e-108,383
ASV2570,GCA_049522315.bact.0,90.110,273,27,0,1,273,254,526,1.20e-99,355
ASV5141,GCA_049522315.bact.0,87.546,273,34,0,1,273,254,526,5.51e-88,316
ASV4146,GCA_049523355.arch.0,93.040,273,19,0,1,273,538,810,5.32e-113,399
ASV4578,GCA_049523355.arch.0,90.545,275,22,2,1,273,538,810,2.51e-101,361
ASV4218,GCA_050012015.bact.0,91.209,273,24,0,1,273,489,761,1.16e-104,372
ASV5509,GCA_049512775.bact.0,85.145,276,35,6,1,273,189,461,2.60e-76,278
ASV5558,GCA_049508735.arch.0,85.455,275,36,4,1,273,481,753,5.59e-78,283
ASV5559,GCA_049508735.arch.0,88.506,261,28,2,14,273,494,753,1.98e-87,315
ASV5376,GCA_049508735.arch.0,85.171,263,39,0,11,273,491,753,4.35e-74,270
ASV4069,GCA_049514555.arch.0,90.809,272,25,0,2,273,517,788,1.99e-102,364
ASV4835,GCA_050012455.bact.0,90.476,273,26,0,1,273,537,809,2.58e-101,361
ASV5088,GCA_049514555.arch.0,87.500,272,34,0,2,273,517,788,2.04e-87,315
ASV1104,GCA_050012015.bact.0,95.971,273,11,0,1,273,489,761,2.42e-126,444
ASV1455,GCA_050012015.bact.0,95.971,273,11,0,1,273,489,761,2.42e-126,444
ASV1042,GCA_050012015.bact.0,95.604,273,12,0,1,273,489,761,1.13e-124,438
ASV1270,GCA_050012015.bact.0,94.872,273,14,0,1,273,489,761,2.44e-121,427
ASV828,GCA_050012015.bact.0,94.872,273,14,0,1,273,489,761,2.51e-121,427
ASV841,GCA_050012015.bact.0,96.703,273,9,0,1,273,489,761,1.12e-129,455
ASV3785,GCA_050012015.bact.0,91.941,273,22,0,1,273,489,761,5.51e-108,383
ASV4475,GCA_050012015.bact.0,91.575,273,23,0,1,273,489,761,2.56e-106,377
ASV2674,GCA_050012015.bact.0,94.139,273,16,0,1,273,489,761,5.43e-118,416
ASV1052,GCA_049522315.bact.0,93.407,273,18,0,1,273,254,526,1.14e-114,405
ASV2568,GCA_049522315.bact.0,93.407,273,18,0,1,273,254,526,1.14e-114,405
ASV1380,GCA_049522315.bact.0,93.773,273,17,0,1,273,254,526,2.46e-116,411
ASV1780,GCA_049522315.bact.0,93.040,273,19,0,1,273,254,526,5.32e-113,399
ASV799,GCA_050012015.bact.0,93.407,273,18,0,1,273,489,761,1.14e-114,405
ASV1555,GCA_050012015.bact.0,93.773,273,17,0,1,273,489,761,2.46e-116,411
ASV1026,GCA_050012015.bact.0,94.139,273,16,0,1,273,489,761,5.28e-118,416
ASV1197,GCA_050012015.bact.0,93.773,273,17,0,1,273,489,761,2.46e-116,411
ASV543,GCA_050012015.bact.0,95.238,273,13,0,1,273,489,761,5.24e-123,433
ASV1967,GCA_050012015.bact.0,95.620,274,10,2,1,273,489,761,1.13e-124,438
ASV2930,GCA_050012015.bact.0,95.255,274,11,2,1,273,489,761,5.24e-123,433
ASV1883,GCA_050012015.bact.0,95.604,273,12,0,1,273,489,761,1.13e-124,438
ASV3160,GCA_050012015.bact.0,95.604,273,12,0,1,273,489,761,1.13e-124,438
ASV3255,GCA_050012015.bact.0,96.337,273,10,0,1,273,489,761,5.21e-128,449
ASV2691,GCA_050012015.bact.0,95.971,273,11,0,1,273,489,761,2.42e-126,444
ASV3259,GCA_050012015.bact.0,96.337,273,10,0,1,273,489,761,5.21e-128,449
ASV1388,GCA_050012015.bact.0,95.604,273,12,0,1,273,489,761,1.13e-124,438
ASV491,GCA_050012015.bact.0,95.971,273,11,0,1,273,489,761,2.42e-126,444
ASV715,GCA_050012015.bact.0,96.703,273,9,0,1,273,489,761,1.12e-129,455
ASV2392,GCA_050012015.bact.0,95.971,273,11,0,1,273,489,761,2.42e-126,444
ASV1149,GCA_050012015.bact.0,95.971,273,11,0,1,273,489,761,2.42e-126,444
ASV953,GCA_050012015.bact.0,95.604,273,12,0,1,273,489,761,1.13e-124,438
ASV1565,GCA_050012015.bact.0,95.604,273,12,0,1,273,489,761,1.16e-124,438
ASV1033,GCA_049522315.bact.0,94.505,273,15,0,1,273,254,526,1.14e-119,422
ASV3264,GCA_049522315.bact.0,94.505,273,15,0,1,273,254,526,1.14e-119,422
ASV1512,GCA_049522315.bact.0,94.872,273,14,0,1,273,254,526,2.44e-121,427
ASV1458,GCA_050012015.bact.0,93.407,273,18,0,1,273,489,761,1.14e-114,405
ASV910,GCA_050012015.bact.0,94.139,273,16,0,1,273,489,761,5.28e-118,416
ASV363,GCA_050012015.bact.0,93.407,273,18,0,1,273,489,761,1.14e-114,405
ASV573,GCA_050012015.bact.0,93.407,273,18,0,1,273,489,761,1.14e-114,405
ASV544,GCA_050012015.bact.0,93.040,273,19,0,1,273,489,761,5.32e-113,399
ASV1544,GCA_049522315.bact.0,92.674,273,20,0,1,273,254,526,2.47e-111,394
ASV2737,GCA_049522315.bact.0,93.040,273,19,0,1,273,254,526,5.32e-113,399
ASV3464,GCA_049522315.bact.0,93.040,273,19,0,1,273,254,526,5.32e-113,399
ASV3890,GCA_049522315.bact.0,89.377,273,29,0,1,273,254,526,2.53e-96,344
ASV4853,GCA_050012015.bact.0,91.760,267,22,0,5,271,495,761,1.18e-104,372
ASV1004,GCA_050012015.bact.0,93.407,273,18,0,1,273,489,761,1.14e-114,405
ASV287,GCA_050012015.bact.0,93.773,273,17,0,1,273,489,761,2.46e-116,411
ASV555,GCA_050012015.bact.0,93.407,273,18,0,1,273,489,761,1.14e-114,405
ASV730,GCA_050012015.bact.0,93.040,273,19,0,1,273,489,761,5.32e-113,399
ASV430,GCA_050012015.bact.0,94.872,273,14,0,1,273,489,761,2.44e-121,427
ASV1389,GCA_050012015.bact.0,94.872,273,14,0,1,273,489,761,2.51e-121,427
ASV1526,GCA_050012015.bact.0,92.308,273,21,0,1,273,489,761,1.18e-109,388
ASV2076,GCA_049522315.bact.0,91.273,275,20,4,1,273,254,526,1.16e-104,372
ASV964,GCA_050012015.bact.0,91.575,273,23,0,1,273,489,761,2.49e-106,377
ASV2675,GCA_050012015.bact.0,91.941,273,22,0,1,273,489,761,5.36e-108,383
ASV4639,GCA_050012015.bact.0,91.575,273,23,0,1,273,489,761,2.49e-106,377
ASV172,GCA_050012015.bact.0,96.337,273,10,0,1,273,489,761,5.21e-128,449
ASV2367,GCA_050012015.bact.0,93.040,273,19,0,1,273,489,761,5.32e-113,399
ASV4817,GCA_050012455.bact.0,90.110,273,27,0,1,273,537,809,1.20e-99,355
ASV4869,GCA_050012015.bact.0,91.941,273,22,0,1,273,489,761,5.36e-108,383
ASV2993,GCA_050012015.bact.0,96.703,273,9,0,1,273,489,761,1.12e-129,455
ASV2859,GCA_050012015.bact.0,97.070,273,8,0,1,273,489,761,2.47e-131,460
ASV1183,GCA_050012015.bact.0,96.703,273,9,0,1,273,489,761,1.12e-129,455
ASV2397,GCA_050012015.bact.0,96.337,273,10,0,1,273,489,761,5.21e-128,449
ASV452,GCA_050012015.bact.0,95.604,273,12,0,1,273,489,761,1.13e-124,438
ASV535,GCA_050012015.bact.0,95.971,273,11,0,1,273,489,761,2.49e-126,444
ASV1972,GCA_050012015.bact.0,95.604,273,12,0,1,273,489,761,1.13e-124,438
ASV823,GCA_050012015.bact.0,95.971,273,11,0,1,273,489,761,2.42e-126,444
ASV2713,GCA_050012015.bact.0,95.604,273,12,0,1,273,489,761,1.13e-124,438
ASV3286,GCA_050012015.bact.0,95.971,273,11,0,1,273,489,761,2.42e-126,444
ASV3430,GCA_050012015.bact.0,96.337,273,10,0,1,273,489,761,5.35e-128,449
ASV3809,GCA_050012015.bact.0,95.238,273,13,0,1,273,489,761,5.24e-123,433
ASV2900,GCA_050012015.bact.0,95.604,273,12,0,1,273,489,761,1.13e-124,438
ASV1200,GCA_050012015.bact.0,95.604,273,12,0,1,273,489,761,1.13e-124,438
ASV1839,GCA_050012015.bact.0,95.238,273,13,0,1,273,489,761,5.24e-123,433
ASV1826,GCA_050012015.bact.0,97.802,273,6,0,1,273,489,761,1.11e-134,472
ASV2298,GCA_050012015.bact.0,96.703,273,9,0,1,273,489,761,1.12e-129,455
ASV3184,GCA_050012015.bact.0,95.604,273,12,0,1,273,489,761,1.16e-124,438
ASV1501,GCA_050012015.bact.0,97.070,273,8,0,1,273,489,761,2.41e-131,460
ASV3105,GCA_050012015.bact.0,97.070,273,8,0,1,273,489,761,2.41e-131,460
ASV4847,GCA_049511835.bact.0,91.463,246,21,0,28,273,574,819,1.18e-94,339
ASV4049,GCA_050012015.bact.0,97.802,273,6,0,1,273,489,761,1.11e-134,472
ASV2396,GCA_050012015.bact.0,97.802,273,6,0,1,273,489,761,1.11e-134,472
ASV859,GCA_050012015.bact.0,96.703,273,9,0,1,273,489,761,1.12e-129,455
ASV600,GCA_050012015.bact.0,96.703,273,9,0,1,273,489,761,1.12e-129,455
ASV443,GCA_050012015.bact.0,96.703,273,9,0,1,273,489,761,1.12e-129,455
ASV985,GCA_050012015.bact.0,96.337,273,10,0,1,273,489,761,5.21e-128,449
ASV720,GCA_050012015.bact.0,96.337,273,10,0,1,273,489,761,5.21e-128,449
ASV465,GCA_050012015.bact.0,97.070,273,8,0,1,273,489,761,2.41e-131,460
